,invivo_lfc,invitro_lfc,invivo_pval,invitro_pval,concordant,lfc_diff,lfc_mean
ENSRNOG00000000000,-2.7547712559446382,-0.5868249261875056,0.006469576140471889,0.5233060377607651,True,2.1679463297571324,-1.670798091066072
ENSRNOG00000000001,-2.779691534474969,-2.590698282899768,0.03143618268651215,0.021107942935797513,True,0.18899325157520108,-2.685194908687368
ENSRNOG00000000002,-3.017995947503268,-2.754254494622087,0.00162643713957999,0.033502928924297695,True,0.263741452881181,-2.8861252210626773
ENSRNOG00000000003,-2.3429102428065,-1.1948520994579521,0.030058312632998796,0.017664725663767467,True,1.148058143348548,-1.768881171132226
ENSRNOG00000000004,-2.4592122873771447,-0.0683556874213409,0.005455789597513689,0.24936462636303422,True,2.3908565999558036,-1.263783987399243
ENSRNOG00000000005,-3.554389818961651,-1.2136952531657348,0.005062133368434278,0.013186987258198522,True,2.340694565795916,-2.384042536063693
ENSRNOG00000000006,-3.5909155971436144,-3.756267428846565,0.005791372052885532,0.03456241209059421,True,-0.16535183170295076,-3.67359151299509
ENSRNOG00000000007,-2.3451893280765477,-1.8720085115835077,0.0043112001664762116,0.056147093856899526,True,0.47318081649304,-2.108598919830028
ENSRNOG00000000008,-3.089171857276721,-3.0777705953721584,0.007055436391640593,0.023066466674615305,True,0.011401261904562698,-3.0834712263244395
ENSRNOG00000000009,-2.4187753069398057,-1.9256553567300891,0.013378477621593343,0.078460553864441,True,0.49311995020971655,-2.1722153318349475
ENSRNOG00000000010,-2.131441053134487,0.23525057970567076,0.006218759631579393,0.04107841485315091,False,2.366691632840158,-0.9480952367144082
ENSRNOG00000000011,-3.3625717024433355,-3.7802794388836363,0.028577856781479366,0.07970507860179268,True,-0.4177077364403008,-3.571425570663486
ENSRNOG00000000012,-3.446922352745711,-4.043715757811283,0.004506554683216056,0.03330899611532241,True,-0.5967934050655717,-3.7453190552784967
ENSRNOG00000000013,-1.595340990562823,-1.9548137346880023,0.008435931327294196,0.000249185041252381,True,-0.35947274412517927,-1.7750773626254128
ENSRNOG00000000014,-2.3890575302225248,-1.3228829878465245,0.0009182523348496034,0.022012570315378156,True,1.0661745423760003,-1.8559702590345246
ENSRNOG00000000015,-2.8515443940039624,-1.2872576262499,0.01796843638522661,0.0023075003647998584,True,1.5642867677540624,-2.0694010101269313
ENSRNOG00000000016,-3.160364271587758,-1.6897268480750656,0.0115748034564401,0.0030712593027825666,True,1.4706374235126924,-2.425045559831412
ENSRNOG00000000017,-2.9062645093443678,-0.7417901929616029,0.02136308100805398,0.013531752933177777,True,2.1644743163827647,-1.8240273511529854
ENSRNOG00000000018,-3.314343401667986,-4.1049933870798565,0.0023471255498568417,0.04174173523358475,True,-0.7906499854118705,-3.7096683943739213
ENSRNOG00000000019,-2.0699526955456458,-0.1598144676941553,0.0016243299912040883,0.298598153896101,True,1.9101382278514905,-1.1148835816199005
ENSRNOG00000000020,-3.0660506921637927,-2.4126145567199853,0.023798858897894692,0.014525972604531312,True,0.6534361354438074,-2.739332624441889
ENSRNOG00000000021,-1.9438792470702397,-0.553768862712652,0.007010976379731644,0.10634988407610307,True,1.3901103843575877,-1.248824054891446
ENSRNOG00000000022,-2.840377351862007,-3.3210532973675297,0.040756652192201245,0.04125208937508782,True,-0.48067594550552295,-3.0807153246147685
ENSRNOG00000000023,-3.226010110170389,-2.188482343056341,0.020520514882936384,0.00639938058629027,True,1.0375277671140477,-2.707246226613365
ENSRNOG00000000024,-2.855780952808281,-1.6938467387911669,0.0024073493405436163,0.0012147952102527465,True,1.161934214017114,-2.274813845799724
ENSRNOG00000000025,-4.17450006650085,-1.6251214558472393,0.0019640254097853843,0.007697852807189856,True,2.549378610653611,-2.8998107611740447
ENSRNOG00000000026,-2.6724611460044043,-3.4817909330211485,0.019980097419666682,0.052942148982183836,True,-0.8093297870167442,-3.0771260395127764
ENSRNOG00000000027,-2.7020715146780954,-1.8051184540194556,0.022113420977002043,0.013868677346008681,True,0.8969530606586398,-2.2535949843487755
ENSRNOG00000000028,-2.1051543520712195,-2.5710020151076796,0.01897768386190419,0.04459878773216116,True,-0.4658476630364601,-2.3380781835894497
ENSRNOG00000000029,-3.7317829567900276,-2.00684156419853,0.01816555234681646,0.08544350304820147,True,1.7249413925914974,-2.869312260494279
ENSRNOG00000000030,-1.9028801834818716,-0.47788116148874027,0.03661694904542587,0.006190226227003755,True,1.4249990219931314,-1.1903806724853059
ENSRNOG00000000031,-2.1076404230014063,-0.0816667330074643,0.032115466519189874,0.1655308405297136,True,2.025973689993942,-1.0946535780044353
ENSRNOG00000000032,-1.8487738617808025,-1.818947153034739,0.009420729219175533,0.03978291337638259,True,0.029826708746063524,-1.8338605074077707
ENSRNOG00000000033,-2.6316328256024826,-0.8159225114364584,0.021638089311422953,0.03391380422227953,True,1.815710314166024,-1.7237776685194706
ENSRNOG00000000034,-1.9916618995383468,0.07461657516483,0.011954647100142348,0.19546131563429034,False,2.066278474703177,-0.9585226621867584
ENSRNOG00000000035,-3.482746420944143,-4.093676884590257,0.002103539875590259,0.010112077490677801,True,-0.6109304636461141,-3.7882116527672003
ENSRNOG00000000036,-2.1721714608772804,-0.8341144272931778,0.037345721812295674,0.18667478340705215,True,1.3380570335841027,-1.503142944085229
ENSRNOG00000000037,-3.0626976572599673,-1.0761975904676668,0.0021971335977638952,0.0069727452315973435,True,1.9865000667923005,-2.069447623863817
ENSRNOG00000000038,-3.590841099453762,-2.7134346533353675,0.02488758294260324,0.0639129407153849,True,0.8774064461183944,-3.1521378763945647
ENSRNOG00000000039,-3.2744843108986164,-3.497961587812423,0.0019296242678864123,0.07775928936244679,True,-0.22347727691380648,-3.3862229493555196
ENSRNOG00000000040,-2.596681316822438,-0.7756397515241114,0.003939559099039286,0.022807605361090433,True,1.8210415652983265,-1.6861605341732746
ENSRNOG00000000041,-3.094579524930562,-3.3637983458884273,0.024757879444579092,0.06015297799196224,True,-0.2692188209578652,-3.2291889354094945
ENSRNOG00000000042,-2.3743558809825203,-1.8018310053045614,0.005556206886141145,0.019055516758677712,True,0.5725248756779588,-2.0880934431435407
ENSRNOG00000000043,-3.6849425330024106,-2.547891183135135,0.008755100410420368,0.004505959787676641,True,1.1370513498672756,-3.1164168580687726
ENSRNOG00000000044,-3.876258526169517,-1.884540843506072,0.012938736576936524,0.007017099485509369,True,1.9917176826634448,-2.880399684837794
ENSRNOG00000000045,-1.7765675395138545,-1.8660290643575803,0.05830075440132426,0.06434441837491847,True,-0.08946152484372583,-1.8212983019357174
ENSRNOG00000000046,-2.0577199223591394,-2.1180624204734624,0.00254429928838682,0.027918024601034798,True,-0.06034249811432302,-2.0878911714163007
ENSRNOG00000000047,-3.2295781015482845,-2.092251856351567,0.0035158667682007178,0.002835625315971727,True,1.1373262451967174,-2.6609149789499256
ENSRNOG00000000048,-2.601799786082324,-0.7125138530352437,0.011212678297457977,0.14541986528890385,True,1.8892859330470801,-1.6571568195587838
ENSRNOG00000000049,-1.9882957638792058,1.0497813812479444,0.0037145594036989502,0.03781487143766534,False,3.03807714512715,-0.4692571913156307
ENSRNOG00000000050,-2.3484796350256367,-3.1798214115851464,0.006146904485301563,0.018019615843579015,True,-0.8313417765595097,-2.764150523305392
ENSRNOG00000000051,-2.511066142289913,-1.3764158580812342,0.0012274024855409447,0.00903428305150055,True,1.134650284208679,-1.9437410001855737
ENSRNOG00000000052,-1.9429075512124419,-2.462038912370467,0.0027387670290085838,0.06780478690699271,True,-0.519131361158025,-2.2024732317914544
ENSRNOG00000000053,-3.0384274851207325,-0.9963788845150185,0.016458288417671007,0.7157732923828453,True,2.042048600605714,-2.0174031848178755
ENSRNOG00000000054,-2.5812929308012227,-2.740750967619526,0.02042050080391672,0.0186167138096295,True,-0.1594580368183034,-2.661021949210374
ENSRNOG00000000055,-2.610709182975435,-2.483662873514736,0.006852652057502793,0.021417281598036974,True,0.12704630946069928,-2.5471860282450853
ENSRNOG00000000056,-2.7636572286026255,-2.4980213174669816,0.007667787495739468,0.006610475869842001,True,0.2656359111356439,-2.6308392730348036
ENSRNOG00000000057,-2.833883306852451,-2.007049534315461,0.000696591612835068,0.03947703886150992,True,0.8268337725369901,-2.4204664205839563
ENSRNOG00000000058,-2.5562790573029055,-1.398912282264333,0.0271961432424164,0.02470257475377205,True,1.1573667750385725,-1.9775956697836192
ENSRNOG00000000059,-2.5793555024086836,-1.2460752783489657,0.02290893574025786,0.0037204427386945092,True,1.333280224059718,-1.9127153903788248
ENSRNOG00000000060,-3.2290565855207154,-2.201814401646009,0.03834321903222063,0.022209885827484583,True,1.0272421838747063,-2.715435493583362
ENSRNOG00000000061,-2.1189224540597316,-2.8372528423232284,0.02111563000888763,0.01084473602442492,True,-0.7183303882634968,-2.47808764819148
ENSRNOG00000000062,-3.185831124659755,-1.4021897069429345,0.00242740941279528,0.009134343953095697,True,1.7836414177168203,-2.2940104158013446
ENSRNOG00000000063,-2.7309400667283046,-1.9126458422214268,0.03480032134676757,0.021610186922986815,True,0.8182942245068778,-2.3217929544748657
ENSRNOG00000000064,-2.777168283632031,-0.6686529033543473,0.014172017310164306,0.03712245154508548,True,2.1085153802776837,-1.722910593493189
ENSRNOG00000000065,-2.3851378324044705,-2.365019444488974,0.04090537824069295,0.05565117968949855,True,0.020118387915496694,-2.3750786384467224
ENSRNOG00000000066,-3.8714623641304,-4.314982871327216,0.009284207893822916,0.007104546530229844,True,-0.44352050719681646,-4.093222617728808
ENSRNOG00000000067,-2.0654541110423255,-1.4402360983260105,0.002089789591073516,0.0400132411821931,True,0.6252180127163149,-1.752845104684168
ENSRNOG00000000068,-3.0061942085672984,-0.6834617391272848,0.009339844693921507,0.016994766805113682,True,2.3227324694400133,-1.8448279738472917
ENSRNOG00000000069,-1.8680220231337676,-1.1012657322841086,0.015393442391129324,0.03755152890627368,True,0.766756290849659,-1.4846438777089381
ENSRNOG00000000070,-2.8868989547096926,-2.1727445783340906,0.009220350993647514,0.014865513343319883,True,0.714154376375602,-2.5298217665218914
ENSRNOG00000000071,-2.6293061514404066,-2.7017925515197816,0.008791884906771191,0.005828698433669734,True,-0.07248640007937501,-2.6655493514800943
ENSRNOG00000000072,-1.4517283759589459,0.8584794943627804,0.02352181457245054,0.5952997288725687,False,2.3102078703217264,-0.29662444079808276
ENSRNOG00000000073,-2.7664029252762012,-2.9622367138168357,0.05078027011762094,0.013170072429508793,True,-0.1958337885406345,-2.8643198195465187
ENSRNOG00000000074,-1.856690069195925,-2.024213217562881,0.009755053895812951,0.010908769300257446,True,-0.16752314836695614,-1.940451643379403
ENSRNOG00000000075,-2.576572948661264,-1.1535336992014356,0.04128203720864716,0.033482981591533074,True,1.4230392494598283,-1.8650533239313498
ENSRNOG00000000076,-2.3507487018239064,-3.5473308416213856,0.015680459023201785,0.026557181683224435,True,-1.1965821397974792,-2.9490397717226458
ENSRNOG00000000077,-2.558024846353175,-0.4011366968697525,0.01669695612063739,0.16354042689551218,True,2.1568881494834224,-1.479580771611464
ENSRNOG00000000078,-2.091289024219926,-0.7666737665413262,0.0036311629533463457,0.37368966432686956,True,1.3246152576785994,-1.428981395380626
ENSRNOG00000000079,-3.011318967711831,-1.1035042726423798,0.010130908156773364,0.02984233510792644,True,1.907814695069451,-2.0574116201771053
ENSRNOG00000000080,-3.1904291138115113,-1.583468934844691,0.005345603679220465,0.014160576860874149,True,1.6069601789668202,-2.3869490243281013
ENSRNOG00000000081,-2.983145714226213,-2.1977187790030137,0.007644048449711611,0.02193588294738682,True,0.7854269352231995,-2.5904322466146135
ENSRNOG00000000082,-2.5401737742055452,-2.843624312122965,0.0008816418444160532,0.005440696283561455,True,-0.3034505379174197,-2.691899043164255
ENSRNOG00000000083,-2.732491271330198,-2.0051732777907434,0.010089066051182254,0.03211931879066543,True,0.7273179935394545,-2.3688322745604706
ENSRNOG00000000084,-2.173835074117294,-2.5022059777400267,0.007163763480148781,0.01821775956635229,True,-0.3283709036227327,-2.3380205259286604
ENSRNOG00000000085,-1.8171609801070883,-0.7252063908926173,0.008767943119763616,0.0859488372160362,True,1.0919545892144709,-1.2711836854998528
ENSRNOG00000000086,-3.1855030023410054,-1.3190232195163771,0.003430104722302109,0.037091185756571166,True,1.8664797828246282,-2.2522631109286912
ENSRNOG00000000087,-3.0403692749683597,-0.5168020442203669,0.0006572809080012467,0.5693121346867452,True,2.523567230747993,-1.7785856595943632
ENSRNOG00000000088,-3.4617436509877124,-1.9636296600911383,0.013652487359645776,0.0318755727342209,True,1.4981139908965742,-2.712686655539425
ENSRNOG00000000089,-1.3817762055445377,0.031196304654659834,0.0013663732262604105,0.06271600347128733,False,1.4129725101991975,-0.675289950444939
ENSRNOG00000000090,-2.4171983005269038,-1.955696818449944,0.0021784274728825002,0.0137534713799982,True,0.46150148207695985,-2.186447559488424
ENSRNOG00000000091,-2.3121186079690537,-2.074431648327561,0.007137627739028346,0.05332180589483611,True,0.23768695964149256,-2.1932751281483074
ENSRNOG00000000092,-3.404125031018629,-1.8174495357350264,0.011902974690890793,0.010480489574609706,True,1.5866754952836026,-2.610787283376828
ENSRNOG00000000093,-2.6007019934041247,-2.1742738718675594,0.0034989270640823065,0.026982849625578256,True,0.4264281215365653,-2.387487932635842
ENSRNOG00000000094,-2.294451209352149,-1.2775817440904207,0.001350395610783179,0.015386561528172542,True,1.0168694652617283,-1.7860164767212847
ENSRNOG00000000095,-2.751654614320655,-2.985376936540238,0.009195014472981534,0.002977227616262218,True,-0.23372232221958278,-2.8685157754304464
ENSRNOG00000000096,-1.9545766251041634,-2.2548211716709474,0.03806395682585447,0.015641521134098314,True,-0.300244546566784,-2.1046988983875554
ENSRNOG00000000097,-1.2129013246143023,-0.15759313466852098,0.012640890721430539,0.05563923556210017,True,1.0553081899457815,-0.6852472296414116
ENSRNOG00000000098,-3.168237696256371,-1.2233770542779316,0.009601674267601395,0.016446749312142243,True,1.9448606419784396,-2.1958073752671514
ENSRNOG00000000099,-3.213252347586018,-3.219950573773507,0.0032623631397793494,0.041008500482420364,True,-0.006698226187488832,-3.2166014606797626
ENSRNOG00000000100,-3.126653639317146,-1.421979448703918,0.014828850865387943,0.020631254361694197,True,1.7046741906132281,-2.274316544010532
ENSRNOG00000000101,-1.6362805039901058,-1.6720431994003104,0.0010895185496721234,0.010477340445298161,True,-0.035762695410204604,-1.6541618516952081
ENSRNOG00000000102,-1.9745868097821895,-1.3253885956415636,0.026262576996995572,0.001074937051015918,True,0.6491982141406258,-1.6499877027118766
ENSRNOG00000000103,-2.6813166906761894,-0.3355037130796297,0.05218252301761935,0.25046950679597874,True,2.3458129775965597,-1.5084102018779095
ENSRNOG00000000104,-2.5780642013594757,-0.9052220612003476,0.027169835846155198,0.3366813395098272,True,1.672842140159128,-1.7416431312799117
ENSRNOG00000000105,-3.0899261757180327,-1.2654842120649596,0.00013595115191846236,0.0025488548141208538,True,1.824441963653073,-2.177705193891496
ENSRNOG00000000106,-2.06598370535409,0.5993609567390337,0.011881421394090251,0.20634694226872966,False,2.6653446620931236,-0.7333113743075281
ENSRNOG00000000107,-2.827941094465132,-2.6620732523385775,0.02843808256853144,0.010417674515922156,True,0.1658678421265547,-2.745007173401855
ENSRNOG00000000108,-2.7560459236729997,-2.909279951839813,0.02685848861591809,0.003465411866706929,True,-0.1532340281668132,-2.8326629377564063
ENSRNOG00000000109,-2.234726137082446,-2.277842156956084,0.00011295070879405894,0.0003487663637179476,True,-0.04311601987363778,-2.256284147019265
ENSRNOG00000000110,-2.7127969628499327,-2.1119280408149,0.013417432798614822,0.05310353509081068,True,0.6008689220350325,-2.4123625018324164
ENSRNOG00000000111,-2.740979596098708,-4.33614427035361,0.035551361916535004,0.0007571151337490556,True,-1.5951646742549017,-3.538561933226159
ENSRNOG00000000112,-2.593654876682555,-1.9814849646757884,0.01655140072202981,0.009081493983169455,True,0.6121699120067665,-2.2875699206791715
ENSRNOG00000000113,-2.122786751724154,-2.0152942596620824,0.04300221405030238,0.08316396685425535,True,0.10749249206207168,-2.0690405056931183
ENSRNOG00000000114,-1.6121041547097001,-0.2732830694349071,0.01909691800383083,0.011570495503927743,True,1.338821085274793,-0.9426936120723036
ENSRNOG00000000115,-2.248708260652351,-1.1590812692830568,0.02277250218019719,0.0013952310907092535,True,1.0896269913692942,-1.7038947649677039
ENSRNOG00000000116,-2.11801146582544,-2.070979255919103,0.007943555524659907,0.006365263392801391,True,0.04703220990633694,-2.094495360872272
ENSRNOG00000000117,-2.7199124372606747,-1.2300815697062097,0.048244189896380706,0.0869809072322735,True,1.489830867554465,-1.974997003483442
ENSRNOG00000000118,-3.02467871790123,-1.2973553153578785,0.01559745022175369,0.03184851534528009,True,1.7273234025433517,-2.1610170166295544
ENSRNOG00000000119,-2.207608260658931,-2.3081466965290547,0.02965068793855776,0.020670302622710413,True,-0.10053843587012379,-2.2578774785939926
ENSRNOG00000000120,2.4198685772203996,1.1278351643583324,0.00042402035278569806,0.058097476714271595,True,-1.2920334128620672,1.773851870789366
ENSRNOG00000000121,1.3041599458751754,-1.4498025832577628,0.03643229186425928,0.007058386954584236,False,-2.753962529132938,-0.07282131869129371
ENSRNOG00000000122,2.070351263602081,0.26264588616166606,0.006098518261494809,0.19978942355188475,True,-1.807705377440415,1.1664985748818735
ENSRNOG00000000123,2.241972083562912,0.7449479783780231,0.001767216360245655,0.10280618036609886,True,-1.4970241051848892,1.4934600309704678
ENSRNOG00000000124,1.9426794930800648,1.3988965407307672,0.007072342115050518,0.006881952128490259,True,-0.5437829523492976,1.6707880169054161
ENSRNOG00000000125,3.337214916179489,1.2766543296742467,0.0088923929557759,0.021510822309193944,True,-2.0605605865052423,2.306934622926868
ENSRNOG00000000126,2.6358873258315514,1.2532787951638906,0.009582789946344858,0.03993977472190204,True,-1.3826085306676608,1.944583060497721
ENSRNOG00000000127,3.2612224425220533,0.931034045253267,0.003144099023621067,0.12281731685149538,True,-2.3301883972687865,2.09612824388766
ENSRNOG00000000128,2.4843976831565113,1.8690600180042618,0.002204238753899624,0.011695506027308674,True,-0.6153376651522495,2.1767288505803863
ENSRNOG00000000129,2.3569714854975543,2.04974093445249,0.011423946008153815,0.0028202269752302927,True,-0.30723055104506436,2.203356209975022
ENSRNOG00000000130,1.6443815276728255,1.540663054658335,0.0017276165824445307,0.024063308056428565,True,-0.10371847301449044,1.5925222911655803
ENSRNOG00000000131,2.3083506732375967,1.5826576463020883,0.026231502378427585,0.00960478240958094,True,-0.7256930269355084,1.9455041597698424
ENSRNOG00000000132,2.309137747972808,-0.04791297770495451,0.02225901978935533,0.07885735050776566,False,-2.3570507256777624,1.1306123851339267
ENSRNOG00000000133,1.3430202811760368,0.2623024441122116,0.016228858185957807,0.07972482199006276,True,-1.0807178370638253,0.8026613626441241
ENSRNOG00000000134,1.9223307711607234,0.8795129184548831,0.007817982525346661,0.11519681949514783,True,-1.0428178527058403,1.4009218448078031
ENSRNOG00000000135,2.0737021810385463,0.986657404539555,0.0006514793089618937,0.10241424775477846,True,-1.0870447764989914,1.5301797927890506
ENSRNOG00000000136,2.5894356808390047,1.8395465418598516,0.003714657539527771,0.05194564406276693,True,-0.7498891389791531,2.214491111349428
ENSRNOG00000000137,2.622945078389994,3.2804210942947662,0.0009231271891473932,0.020612380599302413,True,0.6574760159047721,2.9516830863423804
ENSRNOG00000000138,1.8930770626243565,2.139993425903392,0.005131929595240542,0.03184860627740852,True,0.24691636327903566,2.016535244263874
ENSRNOG00000000139,2.6282087217793193,0.7502882619688078,0.028294166254916032,0.1538105264796584,True,-1.8779204598105115,1.6892484918740636
ENSRNOG00000000140,2.172544749456038,2.1896534486915713,0.0022353556447669257,0.000948271428278852,True,0.017108699235533376,2.181099099073805
ENSRNOG00000000141,0.29126598260153047,0.8703783542180639,0.36996580386151384,0.05611472746489185,True,0.5791123716165334,0.5808221684097972
ENSRNOG00000000142,1.9607085776339201,0.48691098619192263,0.007371709811091275,0.034008027785555596,True,-1.4737975914419974,1.2238097819129214
ENSRNOG00000000143,3.055292048099665,2.9689078114749834,0.0013596858390894472,0.021773744558478535,True,-0.08638423662468142,3.012099929787324
ENSRNOG00000000144,1.1227359703606241,0.5950649921026979,0.0014221242226824596,0.5086456515703127,True,-0.5276709782579262,0.858900481231661
ENSRNOG00000000145,2.378883840290878,0.13718984688263003,0.01283388313493003,0.025597383390719645,True,-2.241693993408248,1.258036843586754
ENSRNOG00000000146,3.409682849929701,2.796547198821196,0.012543892035377726,0.014451000591480034,True,-0.6131356511085051,3.103115024375448
ENSRNOG00000000147,1.7675709328926632,1.4297581491622617,0.007249944007421814,0.020939230837670464,True,-0.33781278373040147,1.5986645410274625
ENSRNOG00000000148,2.3015043562993798,1.3259614516384592,0.0010781880652489502,0.010687591314937345,True,-0.9755429046609205,1.8137329039689196
ENSRNOG00000000149,1.387188619940455,0.903962522327045,0.016024779016416864,0.17196630021946888,True,-0.48322609761341007,1.14557557113375
ENSRNOG00000000150,3.4390617991645005,1.5835222705989755,0.008248484564597,0.01209921718743616,True,-1.855539528565525,2.511292034881738
ENSRNOG00000000151,2.2416671611023697,2.1649706985365764,0.0025043236476716556,0.014841604729976969,True,-0.07669646256579332,2.2033189298194733
ENSRNOG00000000152,2.3326387899558125,1.5405712109355805,0.0023140804367750957,0.03952451003272081,True,-0.7920675790202321,1.9366050004456965
ENSRNOG00000000153,3.2480103258539352,2.3834183077263154,0.006141867100485078,0.018180319703238187,True,-0.8645920181276199,2.8157143167901255
ENSRNOG00000000154,2.7630348762518366,2.2538627365015653,0.002756293096281414,0.0333696383786559,True,-0.5091721397502713,2.508448806376701
ENSRNOG00000000155,1.687059887252282,-0.06511417181608947,0.022229316118806203,0.1373333306089544,False,-1.7521740590683714,0.8109728577180962
ENSRNOG00000000156,1.8469054531388787,0.3168985351582829,0.011846270407299108,0.04480699118661659,True,-1.5300069179805957,1.0819019941485808
ENSRNOG00000000157,2.6464519131663087,-0.5208543816439299,0.021279114297047895,0.07464601937054574,False,-3.1673062948102384,1.0627987657611895
ENSRNOG00000000158,1.8631152614559419,1.859897749204968,0.019259673281830824,0.023760591917602047,True,-0.0032175122509738863,1.861506505330455
ENSRNOG00000000159,0.817929681515631,-0.7166283415034757,0.3867874561800773,0.09738929323337758,False,-1.5345580230191067,0.05065067000607765
ENSRNOG00000000160,2.2627314409526456,1.677855575238234,0.006365798220418088,0.0020238895635911205,True,-0.5848758657144115,1.9702935080954398
ENSRNOG00000000161,1.2638511372126333,1.2489564094911212,0.006517492498737576,0.024855058346327383,True,-0.014894727721512124,1.2564037733518774
ENSRNOG00000000162,3.4313972274946076,2.9658205955334793,0.008554767518378654,0.030282754363130892,True,-0.4655766319611283,3.1986089115140435
ENSRNOG00000000163,2.423751346434207,0.3839331560473984,0.004805265458524062,0.04209327855412065,True,-2.0398181903868084,1.4038422512408026
ENSRNOG00000000164,1.666377460279497,1.0647169739423323,0.0103441609020427,0.06270997385230596,True,-0.6016604863371646,1.3655472171109146
ENSRNOG00000000165,1.810957309736282,2.9852454124478083,0.016241699739473103,0.017969819989023937,True,1.1742881027115262,2.398101361092045
ENSRNOG00000000166,0.9774216884882556,2.464677162155546,0.07889432151267237,0.0030515396118956577,True,1.4872554736672903,1.7210494253219006
ENSRNOG00000000167,1.5303766792536473,2.0773453906207786,0.024393101856366305,0.006118499021189822,True,0.5469687113671313,1.803861034937213
ENSRNOG00000000168,3.011426241778489,2.4021376401691543,0.005417094440608175,0.019582295427754796,True,-0.6092886016093346,2.706781940973822
ENSRNOG00000000169,3.862250301844674,1.5709684969667321,0.0006892527590804837,0.003265036669050188,True,-2.2912818048779418,2.7166093994057032
ENSRNOG00000000170,2.808477559239271,2.66431744694331,0.038838285263428814,0.015697237977307765,True,-0.14416011229596082,2.7363975030912906
ENSRNOG00000000171,2.235570222965279,1.354265461432207,0.025406637891200325,0.05606311644502173,True,-0.8813047615330722,1.794917842198743
ENSRNOG00000000172,1.9976284370422581,1.9469420262252224,0.01292792291775174,0.08024623598535903,True,-0.05068641081703573,1.9722852316337403
ENSRNOG00000000173,1.6304529304965463,0.444222365142929,0.0030241673947379684,0.3235208741428764,True,-1.1862305653536174,1.0373376478197376
ENSRNOG00000000174,3.741836129537818,2.362868799603791,0.003517996745437997,0.015105504171468075,True,-1.378967329934027,3.0523524645708044
ENSRNOG00000000175,2.1678759086949375,1.6465103459928037,0.019690262244048636,0.04567122027824284,True,-0.5213655627021339,1.9071931273438705
ENSRNOG00000000176,3.780940881043753,2.829631795178303,0.06288506668369193,0.03169733019995518,True,-0.9513090858654496,3.305286338111028
ENSRNOG00000000177,3.2754636567270423,2.7457241367576497,0.01789584147167815,0.037703286095533715,True,-0.5297395199693926,3.0105938967423462
ENSRNOG00000000178,1.0814424980576083,0.1272261649280293,0.023177517828010568,0.1851553789917041,True,-0.954216333129579,0.6043343314928188
ENSRNOG00000000179,1.8338333229684955,-0.16344201509713585,0.004252009995258336,0.04207277914885531,False,-1.9972753380656314,0.8351956539356798
ENSRNOG00000000180,1.8316684130783243,2.951558812788045,0.02002865797377775,0.03203449961100453,True,1.119890399709721,2.3916136129331846
ENSRNOG00000000181,2.244107545125982,4.139710008160193,0.006657835984793736,0.02785388027924753,True,1.8956024630342112,3.191908776643088
ENSRNOG00000000182,2.2577800228203726,2.005082162280351,0.02973359370830938,0.03610621597114199,True,-0.2526978605400214,2.131431092550362
ENSRNOG00000000183,4.3973673667787,1.6000181099428998,0.016141923440868136,0.004022210546684687,True,-2.7973492568358003,2.9986927383607997
ENSRNOG00000000184,1.5459404878676688,0.2393846590649943,0.007078758193063389,0.09878692648516457,True,-1.3065558288026744,0.8926625734663316
ENSRNOG00000000185,2.460278954965073,2.2075631368797675,0.014663889906661525,0.004066082594447419,True,-0.2527158180853055,2.3339210459224202
ENSRNOG00000000186,2.731555419727462,3.2656290776800247,0.005588239785584187,0.0023797050449898605,True,0.5340736579525629,2.9985922487037433
ENSRNOG00000000187,2.2988995968715624,0.28971655960371345,0.0023041425613616407,0.009200194921721892,True,-2.009183037267849,1.294308078237638
ENSRNOG00000000188,2.3771264044469502,1.48589649313258,0.029604518496420523,0.054879306902127084,True,-0.8912299113143702,1.931511448789765
ENSRNOG00000000189,1.5686337739853888,1.272399633976232,0.014779784272249546,0.02439348043794783,True,-0.2962341400091568,1.4205167039808104
ENSRNOG00000000190,2.374540336221877,2.522494802481045,0.004270931552470499,0.024220262353032648,True,0.14795446625916808,2.448517569351461
ENSRNOG00000000191,2.65797929732206,1.4466447730586027,0.0027532415735845184,0.14364038708542906,True,-1.2113345242634572,2.0523120351903312
ENSRNOG00000000192,2.52932040898979,0.0779324522250362,0.011970098066877275,0.03863840251957319,True,-2.4513879567647536,1.303626430607413
ENSRNOG00000000193,2.6991406327384637,2.4876730676877026,0.0008167852739151742,0.01736124877014372,True,-0.21146756505076114,2.593406850213083
ENSRNOG00000000194,3.2888255304453624,3.4174371241326464,0.0033413309534701292,0.02122987882928575,True,0.12861159368728403,3.353131327289004
ENSRNOG00000000195,2.955876579340039,1.9232750391188078,0.006349643483236711,0.03811556012577089,True,-1.0326015402212312,2.4395758092294235
ENSRNOG00000000196,2.3499062294482056,2.023438331896533,0.02476697234291957,0.012983084627214567,True,-0.3264678975516726,2.1866722806723695
ENSRNOG00000000197,1.4797691536817053,0.5080272336051355,0.005923392372574522,0.14402086757698687,True,-0.9717419200765698,0.9938981936434204
ENSRNOG00000000198,1.8799963077022164,0.3903360547753182,0.025206634051732006,0.07770989059454508,True,-1.4896602529268983,1.1351661812387672
ENSRNOG00000000199,2.146258193657809,2.5372025362618897,0.027623816251580547,0.058857124021660816,True,0.39094434260408084,2.341730364959849
ENSRNOG00000000200,2.476642081939013,2.090987255923713,0.03941703084422776,0.023957519674736635,True,-0.3856548260152999,2.283814668931363
ENSRNOG00000000201,1.9651670669504233,1.8512006348982646,0.007459654022910788,0.06640412231537733,True,-0.11396643205215873,1.908183850924344
ENSRNOG00000000202,1.6449867605709536,2.6958119025825926,0.0016972061719864088,0.02649994329218449,True,1.050825142011639,2.170399331576773
ENSRNOG00000000203,1.468260917615764,-0.1091670270557823,0.007012515561891135,0.28364524000545843,False,-1.5774279446715462,0.6795469452799908
ENSRNOG00000000204,1.1441755686611281,0.19841180512217393,0.012831962168773298,0.2200814648355897,True,-0.9457637635389542,0.671293686891651
ENSRNOG00000000205,2.135534507357802,1.6179934812797356,0.013974698272732266,0.0055461796139481025,True,-0.5175410260780662,1.8767639943187686
ENSRNOG00000000206,1.2712341905507865,0.2719103499252309,0.002961157646538301,0.05151422887004535,True,-0.9993238406255556,0.7715722702380087
ENSRNOG00000000207,1.5996320210898254,1.910043136377154,0.006765234944030335,0.010271474235824361,True,0.31041111528732857,1.7548375787334898
ENSRNOG00000000208,2.0242686890089883,1.1797335265769289,0.0045976550078189625,0.024998278283926083,True,-0.8445351624320594,1.6020011077929586
ENSRNOG00000000209,1.3648578834259961,-0.11405608714237159,0.013214140211057088,0.3418095372962279,False,-1.4789139705683678,0.6254008981418122
ENSRNOG00000000210,2.565826531949088,1.8138223006724243,0.005123640451244833,0.027352166332635267,True,-0.7520042312766635,2.1898244163107563
ENSRNOG00000000211,2.818156144523981,2.0952018876234346,0.0037776750897918236,0.016657573030990847,True,-0.7229542569005463,2.456679016073708
ENSRNOG00000000212,1.9154010861572208,2.283888904628057,0.01039792482390616,0.005735988602419167,True,0.3684878184708362,2.099644995392639
ENSRNOG00000000213,1.9940808846729987,1.7687729498824347,0.00513209361293989,0.017119704408226046,True,-0.225307934790564,1.8814269172777167
ENSRNOG00000000214,2.676200839097354,2.3040202815140285,0.0010147149841605787,0.07403172823895544,True,-0.37218055758332547,2.4901105603056912
ENSRNOG00000000215,1.8002034319357245,1.560444601923879,0.02255973486800251,0.027826668877821575,True,-0.23975883001184561,1.6803240169298017
ENSRNOG00000000216,1.7520862618818933,0.9937850107231605,0.0025131126167037953,0.06396737102800333,True,-0.7583012511587328,1.372935636302527
ENSRNOG00000000217,3.137548934730403,1.3815032047498463,0.0005520319356204505,0.03533754689616774,True,-1.7560457299805567,2.259526069740125
ENSRNOG00000000218,2.9189314170989507,2.2881536328696312,0.009773138228103023,0.00358660987551334,True,-0.6307777842293194,2.6035425249842907
ENSRNOG00000000219,2.7210850016407435,1.500556796937883,0.003637836228846452,0.03109462842240842,True,-1.2205282047028605,2.110820899289313
ENSRNOG00000000220,2.9479512349758648,3.7789205912466546,0.0008605152441167864,0.005823671261699015,True,0.8309693562707898,3.3634359131112594
ENSRNOG00000000221,0.9159048922428459,2.032106736237015,0.06589797359325762,0.00030436889658095895,True,1.1162018439941692,1.4740058142399306
ENSRNOG00000000222,3.2476848827551748,2.872906809242708,0.005485631935047939,0.020162456005983185,True,-0.37477807351246684,3.060295845998941
ENSRNOG00000000223,2.5744434816086192,2.148011853751496,0.053229747022955,0.03665776797455145,True,-0.4264316278571232,2.3612276676800574
ENSRNOG00000000224,3.0075469688040144,1.9527749352564938,0.029294424376042353,0.037344432287665145,True,-1.0547720335475206,2.4801609520302543
ENSRNOG00000000225,2.5710132453814536,0.42410908894489663,0.014580847040616893,0.32672295104710064,True,-2.146904156436557,1.497561167163175
ENSRNOG00000000226,2.334247377276109,1.3603073820596903,0.01084796993141454,0.018114209942810735,True,-0.9739399952164187,1.8472773796678996
ENSRNOG00000000227,2.1072835513465615,1.5394228499911813,0.025132511557026165,0.013696140023279211,True,-0.5678607013553802,1.8233532006688713
ENSRNOG00000000228,2.5570010638203438,1.9796900215647293,0.021260204056483652,0.02982326214309158,True,-0.5773110422556145,2.2683455426925363
ENSRNOG00000000229,2.0817764637668135,1.9086211807280509,0.00798547872756955,0.051338582879531365,True,-0.1731552830387626,1.9951988222474322
ENSRNOG00000000230,2.9075132700455786,2.944505731402563,0.02693263816144707,0.005310569213707927,True,0.03699246135698431,2.9260095007240707
ENSRNOG00000000231,1.1894803488134595,0.08208486191564202,0.01527872245294885,0.27440462336275306,True,-1.1073954868978175,0.6357826053645508
ENSRNOG00000000232,1.9208968967440054,0.5889805022164619,0.04877652602509115,0.4284956188460969,True,-1.3319163945275436,1.2549386994802336
ENSRNOG00000000233,3.7313762739336522,4.0607353800052,0.01261779452238218,0.044654392569379385,True,0.3293591060715477,3.896055826969426
ENSRNOG00000000234,1.861743675499325,2.075516367992347,0.02580637345216017,0.011936794809665354,True,0.2137726924930221,1.9686300217458361
ENSRNOG00000000235,2.132921393855565,1.040077058581797,0.04702733217184354,0.03979732456738159,True,-1.092844335273768,1.586499226218681
ENSRNOG00000000236,1.6821933466549464,1.031319748325515,0.03640429801243984,0.012623431686270102,True,-0.6508735983294314,1.3567565474902308
ENSRNOG00000000237,2.5350919710200763,1.6160128962850087,0.023738807974049255,0.00977433776361292,True,-0.9190790747350677,2.0755524336525424
ENSRNOG00000000238,1.7846145769004633,1.2466907406877672,0.02068859779561632,0.084808698297511,True,-0.5379238362126961,1.5156526587941153
ENSRNOG00000000239,2.170072345635065,1.9719664418823881,0.01366687836442759,0.0232700799268667,True,-0.19810590375267667,2.0710193937587267
ENSRNOG00000000240,2.8942065752245494,4.629802854557516,0.01345549543912602,0.04664065541060463,True,1.7355962793329667,3.7620047148910327
ENSRNOG00000000241,1.8108656068296287,1.4306330018649327,0.0031692706306703025,0.018464761749239136,True,-0.380232604964696,1.6207493043472807
ENSRNOG00000000242,2.8520277834856547,2.6351069507167586,0.011610251495725251,0.016213675205894534,True,-0.21692083276889607,2.743567367101207
ENSRNOG00000000243,2.8755605208922494,0.18458061270707993,0.00968939529350484,0.1984546244629361,True,-2.6909799081851693,1.5300705667996648
ENSRNOG00000000244,3.0384692663035056,1.5570141086686071,0.00947851084803261,0.04193747370736105,True,-1.4814551576348984,2.2977416874860563
ENSRNOG00000000245,2.398378696442628,2.9211532664334228,0.0005607624296991055,0.029496426675481285,True,0.5227745699907946,2.6597659814380252
ENSRNOG00000000246,4.56888135388375,3.529270481565397,0.00622791968129558,0.018805577697006786,True,-1.0396108723183533,4.049075917724574
ENSRNOG00000000247,3.038173587579457,-2.5426122745540476,0.017536609904472485,0.013700364922997046,False,-5.580785862133505,0.24778065651270476
ENSRNOG00000000248,2.5274143370847786,2.426366111649656,0.007597516454710209,0.0116778971920746,True,-0.1010482254351226,2.4768902243672173
ENSRNOG00000000249,1.6868529101427852,3.1611325932573013,0.01175005621897205,0.0017029717422513027,True,1.4742796831145162,2.4239927517000432
ENSRNOG00000000250,2.232058611888101,-0.5779031093418743,0.004405109361979199,0.2072211443675383,False,-2.8099617212299752,0.8270777512731133
ENSRNOG00000000251,3.2984288838300238,3.838288700432204,0.004670847004435561,0.025533720538340392,True,0.5398598166021804,3.568358792131114
ENSRNOG00000000252,3.496674230938388,-0.5328149351191205,0.0013857122958560303,0.054308967774856956,False,-4.029489166057509,1.4819296479096338
ENSRNOG00000000253,3.3348303703081603,3.252583544115633,0.017711104774513507,0.019011929712544742,True,-0.08224682619252732,3.2937069572118967
ENSRNOG00000000254,2.8496346147107334,1.9286704806904467,0.00037644263317465637,0.03580762987018936,True,-0.9209641340202868,2.38915254770059
ENSRNOG00000000255,1.4210378555930996,-1.5011640342035393,0.0035387589203131333,0.013821658849219128,False,-2.922201889796639,-0.040063089305219846
ENSRNOG00000000256,2.6410132724779687,2.2643337438867945,0.0028470203604998114,0.07692688459101624,True,-0.37667952859117415,2.4526735081823814
ENSRNOG00000000257,1.4310183353629014,2.1814742046564346,0.008870678225651196,0.005010024391914092,True,0.7504558692935333,1.806246270009668
ENSRNOG00000000258,1.258770164633469,1.2380450659634108,0.003904106125054639,0.009205589685208317,True,-0.02072509867005823,1.24840761529844
ENSRNOG00000000259,2.4674110792040667,2.291908552771359,0.028339000785282002,0.04097719316759294,True,-0.17550252643270747,2.379659815987713
ENSRNOG00000000260,2.666239613088825,1.3807830189443864,0.007523175079672165,0.039956532303802306,True,-1.2854565941444387,2.023511316016606
ENSRNOG00000000261,2.932363968936563,0.03954825589478994,0.006898186158437796,0.17726744019297713,True,-2.892815713041773,1.4859561124156766
ENSRNOG00000000262,2.6479953682702657,2.5270940738776986,0.011529355948046138,0.022281423635264284,True,-0.12090129439256714,2.587544721073982
ENSRNOG00000000263,2.672110190019924,3.654276544632159,0.010193242334675235,0.005898343872486737,True,0.982166354612235,3.1631933673260413
ENSRNOG00000000264,1.6107431905053364,2.281365266482461,0.0015532385895639842,0.0071628335473034365,True,0.6706220759771246,1.9460542284938986
ENSRNOG00000000265,2.2265163207207332,-0.5732385229913148,0.029364250586915618,0.1220891135647113,False,-2.799754843712048,0.8266388988647092
ENSRNOG00000000266,1.2450182500558584,-0.7440267175334968,0.008415888889059423,0.05787396309822334,False,-1.9890449675893551,0.2504957662611808
ENSRNOG00000000267,0.8976416094198629,-0.2778698344817008,0.26619306342056576,0.01816773043868373,False,-1.1755114439015637,0.3098858874690811
ENSRNOG00000000268,2.8184498968901517,0.24392170604115293,0.024145619966831507,0.21771818163972784,True,-2.5745281908489988,1.5311858014656523
ENSRNOG00000000269,1.7728129243463289,1.2519122040893447,0.008794899560588123,0.0925990999355271,True,-0.5209007202569842,1.5123625642178369
ENSRNOG00000000270,2.9107489515001372,2.3923958824596423,0.013736942345734882,0.01486493936686214,True,-0.5183530690404949,2.6515724169798895
ENSRNOG00000000271,3.075843304516027,0.5898074996664124,0.0007065465342435218,0.09398126817410388,True,-2.4860358048496147,1.8328254020912196
ENSRNOG00000000272,1.8664778727637614,2.0851898357186625,0.0009355868973413887,0.01855297732727444,True,0.21871196295490103,1.975833854241212
ENSRNOG00000000273,2.713217766188709,2.4761472222293373,0.0034446586937609477,0.005400511056619032,True,-0.23707054395937188,2.594682494209023
ENSRNOG00000000274,1.8371902899704509,0.6737223160940183,0.01492676458320974,0.14342384459673035,True,-1.1634679738764326,1.2554563030322345
ENSRNOG00000000275,1.0078847877612231,0.5042135703944484,0.009781633317647106,0.18356538481990786,True,-0.5036712173667748,0.7560491790778358
ENSRNOG00000000276,2.386316583109721,-0.42459595792107296,0.02838417980420777,0.03584614043058841,False,-2.8109125410307936,0.9808603125943239
ENSRNOG00000000277,1.9703882841989673,0.9909887691538699,0.009615504144338455,0.11157766683875205,True,-0.9793995150450974,1.4806885266764187
ENSRNOG00000000278,1.9919376925890075,1.3622718537973673,0.004782750390722946,0.04508859951195634,True,-0.6296658387916403,1.6771047731931874
ENSRNOG00000000279,3.6827401824918677,2.681448299084069,0.014290623151638024,0.005564039083520587,True,-1.0012918834077986,3.1820942407879684
ENSRNOG00000000280,1.2319001120871296,1.2355128338404309,0.0039013411359016203,0.030934065958972762,True,0.0036127217533012956,1.2337064729637803
ENSRNOG00000000281,2.5680097947600293,2.002700490828921,0.00914240210836794,0.02040044360239704,True,-0.5653093039311083,2.285355142794475
ENSRNOG00000000282,1.603634933998674,0.8129108729901442,0.02597442049240592,0.022428806160117453,True,-0.7907240610085298,1.208272903494409
ENSRNOG00000000283,2.9357829864871268,2.296837120493279,0.03429924604403243,0.012237311095139567,True,-0.6389458659938478,2.616310053490203
ENSRNOG00000000284,2.508901865322546,2.7581868613950915,0.0006389511563598425,0.012427164949824107,True,0.24928499607254562,2.6335443633588187
ENSRNOG00000000285,2.5655410444264293,1.6442949332348455,0.01562694529561975,0.006977943243212137,True,-0.9212461111915837,2.1049179888306373
ENSRNOG00000000286,1.6385772676784178,1.4477071773945847,0.027664237436494776,0.021278069241609247,True,-0.19087009028383317,1.5431422225365012
ENSRNOG00000000287,1.7640884606981735,1.0041005374774337,0.0011050418624830346,0.0011439597973480066,True,-0.7599879232207398,1.3840944990878037
ENSRNOG00000000288,2.94907535514212,1.3262743791930918,0.00876476087866635,0.0739341794895055,True,-1.622800975949028,2.137674867167606
ENSRNOG00000000289,3.5395584052092937,2.955923365805804,0.002440986755741521,0.013570334802277997,True,-0.5836350394034895,3.247740885507549
ENSRNOG00000000290,2.636215472056931,1.2096392796199975,0.007937821033981149,0.015960457335564907,True,-1.4265761924369333,1.9229273758384642
ENSRNOG00000000291,1.671805495459997,1.5422819829545982,0.03931296881864961,0.009655844377550491,True,-0.12952351250539884,1.6070437392072976
ENSRNOG00000000292,2.5372569657234476,1.7550028767774923,0.003714424017393248,0.005631640430858088,True,-0.7822540889459553,2.14612992125047
ENSRNOG00000000293,3.9992304310363265,2.400345282758552,0.008723724897732384,0.03916535259333961,True,-1.5988851482777746,3.199787856897439
ENSRNOG00000000294,2.371695967503238,1.2682032841482083,0.023292978104846547,0.017232538697802557,True,-1.1034926833550296,1.819949625825723
ENSRNOG00000000295,3.3232886015755194,1.726309207034882,0.005902932543482028,0.009904424526188947,True,-1.5969793945406374,2.5247989043052006
ENSRNOG00000000296,1.7817694439129015,-0.5164880088326915,0.00322675623336564,0.46536893510396043,False,-2.298257452745593,0.632640717540105
ENSRNOG00000000297,2.2705397638545293,1.9460068893408566,0.015491478232439054,0.03329508021991969,True,-0.32453287451367263,2.108273326597693
ENSRNOG00000000298,2.7336956442878795,2.1020372046579947,0.0074437453470426905,0.013872443086539909,True,-0.6316584396298848,2.417866424472937
ENSRNOG00000000299,2.5781298157840045,2.6452820398040418,0.012009222533176597,0.0498523176686011,True,0.06715222402003729,2.611705927794023
ENSRNOG00000000300,1.2868890559110713,0.31705481059739393,0.010670070736729258,0.21998271262827876,True,-0.9698342453136773,0.8019719332542325
ENSRNOG00000000301,1.2523860342955202,2.8417753100714545,0.0015543430214922296,0.019503842418138254,True,1.5893892757759343,2.0470806721834873
ENSRNOG00000000302,2.690627522482127,1.4309039700457318,0.04225392157537019,0.048712052492455256,True,-1.2597235524363952,2.0607657462639293
ENSRNOG00000000303,2.853240650120116,1.0213385177772483,0.008720520933782477,0.017903836691109534,True,-1.8319021323428677,1.9372895839486821
ENSRNOG00000000304,3.109714846497536,1.0712369297835265,0.00464364084717542,0.010572650825607316,True,-2.0384779167140095,2.0904758881405314
ENSRNOG00000000305,3.3431443866022943,0.45271965949841486,0.008491090183559306,0.26030573836076953,True,-2.8904247271038797,1.8979320230503545
ENSRNOG00000000306,2.0076955490580772,2.9744922603722768,0.004714497398722914,0.01225282852200055,True,0.9667967113141995,2.4910939047151768
ENSRNOG00000000307,1.6510406046147252,2.5623283714451084,0.00913762083220019,0.028061001535582962,True,0.9112877668303832,2.106684488029917
ENSRNOG00000000308,2.9807927510227747,2.657721491724483,0.012693205550299184,0.03427058317759306,True,-0.32307125929829184,2.819257121373629
ENSRNOG00000000309,2.470455425481269,0.7390164411626943,0.0013077691830808314,0.9567479761918847,True,-1.731438984318575,1.6047359333219817
ENSRNOG00000000310,1.1140357930659266,2.659375404921906,0.03272764601636725,0.056143342994145494,True,1.5453396118559795,1.8867055989939163
ENSRNOG00000000311,1.0730914675848706,0.3603970783599733,0.001422292932393241,0.024374409363626753,True,-0.7126943892248974,0.7167442729724219
ENSRNOG00000000312,2.2935441610850473,1.2771329067498474,0.0022488064978962202,0.0026093345508340395,True,-1.0164112543352,1.7853385339174475
ENSRNOG00000000313,1.7581802708128003,2.7046846186105844,0.04038177084671651,0.04500417957635873,True,0.9465043477977841,2.231432444711692
ENSRNOG00000000314,1.8788560362074418,1.9694782183259765,0.008175505988688119,0.01269636502804185,True,0.09062218211853468,1.9241671272667091
ENSRNOG00000000315,2.7580266917681557,4.1866164460946695,0.044228232870742755,0.000464186647653308,True,1.4285897543265138,3.4723215689314126
ENSRNOG00000000316,2.5072297159880286,1.96607458020683,0.0034456364581787933,0.02986846626602755,True,-0.5411551357811986,2.2366521480974293
ENSRNOG00000000317,2.9638985987347453,1.598568707581966,0.010387866170047748,0.04001436740575792,True,-1.3653298911527794,2.2812336531583557
ENSRNOG00000000318,0.35477111490130664,-0.4011507694998971,0.06964687394508763,0.03359670012661167,False,-0.7559218844012037,-0.023189827299295224
ENSRNOG00000000319,2.1027183337769606,-0.509497519081825,0.00668540386519699,0.14957400894338443,False,-2.6122158528587853,0.7966104073475678
ENSRNOG00000000320,2.4557508179177656,1.377384994737566,0.03180631851607722,0.03836383534314661,True,-1.0783658231801996,1.916567906327666
ENSRNOG00000000321,0.6787313146498526,1.6633602997306494,0.03386660014574755,0.005945549614960833,True,0.9846289850807968,1.171045807190251
ENSRNOG00000000322,1.3760834869520222,1.5645126524162478,0.006306421565752449,0.003331459919912947,True,0.1884291654642256,1.470298069684135
ENSRNOG00000000323,1.2276118701368648,0.8560994785814943,0.0012267965214716675,0.04475002561005727,True,-0.3715123915553705,1.0418556743591796
ENSRNOG00000000324,1.917358536847933,0.25912263904944877,0.024250146152738572,0.21208413840051435,True,-1.6582358977984841,1.088240587948691
ENSRNOG00000000325,3.202283174955251,2.415769227882945,0.0015623446060302024,0.0007269995111430486,True,-0.7865139470723062,2.809026201419098
ENSRNOG00000000326,3.5180715237319204,3.455743026592848,0.001492896502559619,0.020987627956499114,True,-0.062328497139072514,3.486907275162384
ENSRNOG00000000327,1.248569957541374,1.3012827904216182,0.003477207393351677,0.013399557580469327,True,0.0527128328802442,1.2749263739814962
ENSRNOG00000000328,2.321245800394859,1.7535190723835312,0.017895047919463936,0.018259439780015565,True,-0.5677267280113278,2.037382436389195
ENSRNOG00000000329,2.347038281713852,0.7591804956201531,0.017080497275726563,0.031470588717676225,True,-1.587857786093699,1.5531093886670027
ENSRNOG00000000330,2.2101006172117983,2.4134093245216364,0.014164357102518668,0.011841654480560652,True,0.20330870730983808,2.3117549708667173
ENSRNOG00000000331,2.2191837077913874,-1.7794551383832464,0.05492219647390518,0.016839508990696757,False,-3.998638846174634,0.2198642847040705
ENSRNOG00000000332,2.1429940019610623,1.8592239156419246,0.02201073757416768,0.0010703661811554395,True,-0.2837700863191377,2.0011089588014936
ENSRNOG00000000333,3.2500560966451357,4.908876225710522,0.006721534414196997,0.0022784353810992746,True,1.658820129065386,4.0794661611778285
ENSRNOG00000000334,2.781973211494446,0.30794972711778423,0.009053034419725235,0.5335847045127686,True,-2.474023484376662,1.544961469306115
ENSRNOG00000000335,1.0518768819213862,0.4618383522701083,0.005258522606124457,0.004284149294659664,True,-0.5900385296512779,0.7568576170957473
ENSRNOG00000000336,2.5365768647044393,1.7165657283680562,0.030308619509516292,0.047480604258815576,True,-0.8200111363363831,2.1265712965362478
ENSRNOG00000000337,2.6138986996091615,1.2917391609748239,0.021697179434091825,0.02620844097752422,True,-1.3221595386343377,1.9528189302919927
ENSRNOG00000000338,2.151973829721431,2.5515351588975017,0.005317175686723998,0.0002726627176993782,True,0.3995613291760707,2.3517544943094664
ENSRNOG00000000339,2.8051394964021834,2.403568422626551,0.00904440012009776,0.006732418951507115,True,-0.4015710737756324,2.604353959514367
ENSRNOG00000000340,2.0504592274392297,1.5542276658333616,0.00459148652581461,0.0669018151066561,True,-0.4962315616058681,1.8023434466362955
ENSRNOG00000000341,2.0603741768610004,2.2381906294932246,0.010828330368073047,0.0006191697428198522,True,0.17781645263222412,2.1492824031771125
ENSRNOG00000000342,1.9969924357416347,1.3755431008296408,0.004920235906023032,0.026893463797975022,True,-0.6214493349119938,1.6862677682856377
ENSRNOG00000000343,0.2854047313602648,3.53293293058967,0.2501934598129923,0.02621469052767802,True,3.2475281992294054,1.9091688309749673
ENSRNOG00000000344,1.8356812848753008,1.4071775540547828,0.023838591127875945,0.04523498895893441,True,-0.42850373082051796,1.6214294194650418
ENSRNOG00000000345,1.3653995404363433,1.1335178909109032,0.021722008303219697,0.030979615449481357,True,-0.2318816495254401,1.2494587156736232
ENSRNOG00000000346,0.9508416174459541,-1.1494191521886903,0.19569345936294288,0.03537662363147588,False,-2.1002607696346445,-0.0992887673713681
ENSRNOG00000000347,3.047214627791618,1.5014831032297051,0.001961378560205455,0.016417331054528632,True,-1.545731524561913,2.2743488655106616
ENSRNOG00000000348,2.3033660148275663,2.7710354559725454,0.0016630013567158655,0.01373693442519109,True,0.4676694411449791,2.537200735400056
ENSRNOG00000000349,1.8761351352443616,-0.1264578009117001,0.040019470701128795,0.17353663411927892,False,-2.002592936156062,0.8748386671663307
ENSRNOG00000000350,1.4481573191180588,-1.2806880560167726,0.033111623473136044,0.011921491416975292,False,-2.7288453751348314,0.08373463155064309
ENSRNOG00000000351,2.1369356677029923,1.4870474987849884,0.013799175904987911,0.016604119361173415,True,-0.6498881689180038,1.8119915832439903
ENSRNOG00000000352,2.6931488746540104,3.2706229676134546,0.008860342900531285,0.022411161149811214,True,0.5774740929594442,2.9818859211337325
ENSRNOG00000000353,1.2384273251624474,0.8866308712413962,0.010953896910403068,0.05967459138701961,True,-0.3517964539210512,1.0625290982019218
ENSRNOG00000000354,1.896137302178712,0.9364425327238635,0.02438714096120349,0.14066395804970933,True,-0.9596947694548486,1.4162899174512877
ENSRNOG00000000355,2.594453199080938,-0.18718415925299103,0.019675090674720945,0.046582793895841135,False,-2.781637358333929,1.2036345199139735
ENSRNOG00000000356,0.3511990967326959,0.7136822146155363,0.08911468260342567,0.018932359883997805,True,0.3624831178828404,0.5324406556741161
ENSRNOG00000000357,1.8539441900756768,1.9550209135786574,0.0061845992577782855,0.009702156731361867,True,0.10107672350298058,1.904482551827167
ENSRNOG00000000358,1.556566903561969,-0.8123536296340164,0.002807553731974645,0.018591070624318994,False,-2.3689205331959853,0.3721066369639763
ENSRNOG00000000359,1.7929361137959727,2.4104556285133416,0.020773597805591276,0.004725929876800588,True,0.6175195147173689,2.101695871154657
ENSRNOG00000000360,1.4986971549024775,1.8230943675203992,0.0010537804535337503,0.04663824999695588,True,0.32439721261792176,1.6608957612114383
ENSRNOG00000000361,2.0100996841658363,2.5557995249074814,0.00273209269102114,0.018742281531215634,True,0.5456998407416451,2.282949604536659
ENSRNOG00000000362,3.4389017763381746,2.951154554334968,0.02085916135633806,0.0010703028165197422,True,-0.48774722200320664,3.1950281653365713
ENSRNOG00000000363,1.6408620208571592,1.8021530184347527,0.011089658628986913,0.10935524028457105,True,0.16129099757759358,1.721507519645956
ENSRNOG00000000364,2.133368807275285,1.9974477325840199,0.0032198208992405045,0.004263163336549871,True,-0.13592107469126535,2.0654082699296525
ENSRNOG00000000365,3.4957971347272903,3.2890379891908132,0.0017754814195492126,0.01220287055864939,True,-0.206759145536477,3.3924175619590518
ENSRNOG00000000366,1.4599875373019557,-0.9169041322147845,0.04694558789164656,0.024397579139236424,False,-2.3768916695167404,0.2715417025435856
ENSRNOG00000000367,3.351740279143175,0.7030709845147691,0.0020109151687257012,0.17422743758455986,True,-2.648669294628406,2.027405631828972
ENSRNOG00000000368,1.9042584053016858,0.5220874204058861,0.0020918010157461443,0.1435574081166308,True,-1.3821709848957997,1.213172912853786
ENSRNOG00000000369,3.325516980691941,2.125040366614339,0.0036849102914276893,0.02732049780754124,True,-1.2004766140776018,2.72527867365314
ENSRNOG00000000370,2.5001608999570553,2.107653181444386,0.01675670913102728,0.013419178158784543,True,-0.3925077185126691,2.3039070407007207
ENSRNOG00000000371,2.1456866900659373,1.79998268513513,0.01606141430411942,0.10832856205977402,True,-0.34570400493080733,1.9728346876005336
ENSRNOG00000000372,1.8474954544907307,2.42925801108253,0.004528087801579478,0.06962923420494685,True,0.5817625565917992,2.1383767327866305
ENSRNOG00000000373,1.4007668480966315,2.158441520215078,0.004420661940466374,0.05272648761872022,True,0.7576746721184464,1.7796041841558548
ENSRNOG00000000374,1.960633239971482,0.4172262394721252,0.00777789100021911,0.017214896382806544,True,-1.5434070004993568,1.1889297397218037
ENSRNOG00000000375,2.617889167216019,2.030669549259888,0.02052919342012238,0.030824110397004625,True,-0.5872196179561313,2.3242793582379537
ENSRNOG00000000376,1.8895108552026634,0.394644256429881,0.01250953961210568,0.48630800028222865,True,-1.4948665987727825,1.1420775558162721
ENSRNOG00000000377,1.6467017559505137,0.9220978037751043,0.016654932018948382,0.2755123073876993,True,-0.7246039521754094,1.284399779862809
ENSRNOG00000000378,1.6993739726577815,1.493455238908211,0.009197297123074936,0.0005286086516440004,True,-0.20591873374957048,1.5964146057829962
ENSRNOG00000000379,2.6939812908664424,-1.7472404025060946,0.01030209792166034,0.038692291228147845,False,-4.441221693372537,0.47337044418017393
ENSRNOG00000000380,0.19418479981745948,2.663851905497541,0.012022921127738902,0.011734861487079076,True,2.469667105680082,1.4290183526575002
ENSRNOG00000000381,2.3571912327489484,2.197619149536634,0.012527490358931007,0.022998725943567364,True,-0.1595720832123142,2.2774051911427913
ENSRNOG00000000382,-2.8840671739060655,-2.586654117440201,0.0016677368242597028,0.006301996089116328,True,0.2974130564658646,-2.735360645673133
ENSRNOG00000000383,-2.252964985391051,0.4917220529258246,0.04469409086686456,0.0037146024167970188,False,2.7446870383168758,-0.8806214662326132
ENSRNOG00000000384,-2.882300286813937,-2.324766924043981,0.009620100489263789,0.00031726356939641893,True,0.5575333627699557,-2.603533605428959
ENSRNOG00000000385,-1.429445322045763,-0.8328774638716583,0.010607904795272514,0.11968940939306612,True,0.5965678581741047,-1.1311613929587105
ENSRNOG00000000386,0.7913458908305884,0.026643604847291447,0.3715194319557383,0.008703482900598369,True,-0.7647022859832969,0.4089947478389399
ENSRNOG00000000387,0.9435381170629877,2.376197348918338,0.28129518529415865,0.01053013468809121,True,1.4326592318553504,1.659867732990663
ENSRNOG00000000388,0.49729352279139677,0.22792565387697544,0.13992039663146466,0.19764308904625227,True,-0.2693678689144213,0.3626095883341861
ENSRNOG00000000389,-2.5429785910062597,-1.572267136107772,0.01469666329810763,0.03552048671493849,True,0.9707114548984876,-2.057622863557016
ENSRNOG00000000390,-4.158186185938759,-1.5635953457616378,0.00500795847082154,0.07800310428700262,True,2.5945908401771214,-2.8608907658501987
ENSRNOG00000000391,0.09783645370268808,0.6809252188519583,0.07864111825942025,0.294272039123334,True,0.5830887651492702,0.38938083627732323
ENSRNOG00000000392,-0.8491968605490043,-0.6345193335640985,0.007480564749371436,0.047178493064665705,True,0.21467752698490583,-0.7418580970565514
ENSRNOG00000000393,0.8268943890899012,1.7281987055564692,0.0628653525653607,0.032312359754294175,True,0.901304316466568,1.277546547323185
ENSRNOG00000000394,1.2635165271982862,3.5245986293941844,0.0031335855089117534,0.02386822508067453,True,2.261082102195898,2.3940575782962354
ENSRNOG00000000395,0.24883457770562745,0.5024884840792191,0.1265341495885207,0.09177649891531081,True,0.25365390637359164,0.37566153089242327
ENSRNOG00000000396,1.3682395536765368,1.05300098876624,0.00031580719600103846,0.04673739547614773,True,-0.3152385649102969,1.2106202712213885
ENSRNOG00000000397,0.41258047340712317,0.4597131597168794,0.1583828383381958,0.09105282965728828,True,0.047132686309756255,0.43614681656200127
ENSRNOG00000000398,0.95411647008264,2.024750175529289,0.1403375003455952,0.028472686180499987,True,1.070633705446649,1.4894333228059644
ENSRNOG00000000399,-1.2684118731657883,-1.4916776955373048,0.026328061350168575,0.007174099466837572,True,-0.2232658223715165,-1.3800447843515466
ENSRNOG00000000400,-0.32330054489662535,-0.5120778082269494,0.10024363988254925,0.19495353439010085,True,-0.18877726333032402,-0.4176891765617874
ENSRNOG00000000401,0.35419697398252303,-1.3734611542748576,0.21727007233548454,0.0163863892284499,False,-1.7276581282573806,-0.5096320901461673
ENSRNOG00000000402,1.4769512557513538,-0.23873440186105177,0.019815403047703,0.08772327839658964,False,-1.7156856576124055,0.619108426945151
ENSRNOG00000000403,-0.7087341100042298,-1.0256291976357452,0.0423954372711165,0.016420494410886846,True,-0.3168950876315154,-0.8671816538199875
ENSRNOG00000000404,0.9381010603178028,0.5791748772526621,0.1211471558640624,0.14980596277082725,True,-0.3589261830651407,0.7586379687852325
ENSRNOG00000000405,-0.4785098254476822,1.5321508107542017,0.31387679324557854,0.05836692231663113,False,2.0106606362018837,0.5268204926532597
ENSRNOG00000000406,-0.21157590119063466,0.41892083236185407,0.11636257605620187,0.17522958762696875,False,0.6304967335524887,0.1036724655856097
ENSRNOG00000000407,1.4931342756433315,0.057648871738181895,0.006774266392813894,0.1811979029384779,True,-1.4354854039051497,0.7753915736907566
ENSRNOG00000000408,-3.5875086678974806,-3.2038854038026083,0.026532209464628653,0.00288701608505732,True,0.38362326409487224,-3.3956970358500445
ENSRNOG00000000409,-2.33365019053457,-0.14339601217132047,0.0020161475252777382,0.3077122378603314,True,2.1902541783632494,-1.2385231013529452
ENSRNOG00000000410,-2.6679337153970772,-0.6312540604093606,0.0035490536049264864,0.24343913089462701,True,2.036679654987717,-1.6495938879032188
ENSRNOG00000000411,-4.200509015726949,-2.826788724958912,0.000994389657277958,0.0010671735647442878,True,1.3737202907680368,-3.5136488703429305
ENSRNOG00000000412,-1.2208759922793182,-1.2948484635657103,0.0004105865228481652,0.07453551305553358,True,-0.07397247128639206,-1.2578622279225142
ENSRNOG00000000413,1.3489810195099328,2.0984865707566294,0.004772544012159433,0.010448062038037869,True,0.7495055512466966,1.7237337951332812
ENSRNOG00000000414,-0.5127913194886345,-1.3916915803131924,0.07188427381974542,0.0016268903524437408,True,-0.8789002608245579,-0.9522414499009135
ENSRNOG00000000415,0.35602214749533384,0.6537269782572263,0.2584355115288523,0.5261075517736777,True,0.2977048307618924,0.5048745628762801
ENSRNOG00000000416,1.9605914940794267,3.7194941564120083,0.05331318225828132,0.007051510622259852,True,1.7589026623325816,2.8400428252457175
ENSRNOG00000000417,2.389835038081845,1.840711292259685,0.02223570828820716,0.022191211576973367,True,-0.5491237458221598,2.1152731651707652
ENSRNOG00000000418,-0.12444828250705119,-0.8990147853294793,0.04149968444524048,0.20517448967703114,True,-0.7745665028224281,-0.5117315339182652
ENSRNOG00000000419,2.436454601224915,2.087676266638057,0.0008241359510717588,0.009153550730030774,True,-0.34877833458685803,2.262065433931486
ENSRNOG00000000420,0.16582798518139658,-0.3807461250427653,0.469726918170752,0.32846276978454986,False,-0.5465741102241619,-0.10745906993068435
ENSRNOG00000000421,-1.5073168028894317,-2.488797061905899,0.011204867513510968,0.028369570233169328,True,-0.9814802590164673,-1.9980569323976654
ENSRNOG00000000422,-1.0699206339577234,0.008541797124460238,0.012338947029900576,0.17836799538355633,False,1.0784624310821838,-0.5306894184166315
ENSRNOG00000000423,-2.6649657226170294,-0.6384505708023716,0.04661500862900028,0.17360520051323952,True,2.0265151518146576,-1.6517081467097006
ENSRNOG00000000424,-1.5986409367205743,-1.413527842646192,0.030120944484222433,0.021160626059673966,True,0.18511309407438237,-1.506084389683383
ENSRNOG00000000425,-0.6444300385339725,-0.8343098840041884,0.08971085255877442,0.27387326885807345,True,-0.18987984547021586,-0.7393699612690805
ENSRNOG00000000426,1.446453034881483,-0.02605559695851256,0.038191645511288695,0.0357309236606762,False,-1.4725086318399956,0.7101987189614852
ENSRNOG00000000427,3.097385696098771,1.9487898928562197,0.0014831607487665003,0.016259367772923423,True,-1.1485958032425514,2.5230877944774956
ENSRNOG00000000428,-2.4879267276786723,-2.2822769768908477,0.0013446719650607826,0.014894103591898371,True,0.20564975078782455,-2.38510185228476
ENSRNOG00000000429,0.7070894428678541,-0.5807634998882776,0.002763072173396504,0.11205916873608861,False,-1.2878529427561318,0.06316297148978828
ENSRNOG00000000430,-1.872979090483562,0.7131514903907643,0.0027259728127089294,0.2436750019217067,False,2.5861305808743262,-0.5799138000463988
ENSRNOG00000000431,0.8544547592337636,1.070846693865942,0.17152411787841373,0.028983368242610184,True,0.21639193463217843,0.9626507265498527
ENSRNOG00000000432,-0.23595597123790787,0.44056480298904266,0.2084756075019288,0.12221782673353329,False,0.6765207742269506,0.10230441587556739
ENSRNOG00000000433,-3.2956304865255546,-1.313459183458329,0.000237378071029586,0.022364952420314492,True,1.9821713030672257,-2.3045448349919417
ENSRNOG00000000434,1.6709345848232717,1.9458235452776207,0.015391300342378683,0.03897678262880471,True,0.27488896045434896,1.8083790650504463
ENSRNOG00000000435,-1.0890012830557159,-1.1742863229144374,0.012141713927192616,0.06633291661966158,True,-0.08528503985872149,-1.1316438029850766
ENSRNOG00000000436,-0.9610204290723983,-0.36731363764919034,0.07325524263998942,0.05188776755721114,True,0.5937067914232079,-0.6641670333607943
ENSRNOG00000000437,-1.925554340321442,-1.5918589598922739,0.005091322592669616,0.04518797864219951,True,0.333695380429168,-1.7587066501068578
ENSRNOG00000000438,-1.1777098980376,-0.34045592465007496,0.007845595895163116,0.08267413105339011,True,0.837253973387525,-0.7590829113438374
ENSRNOG00000000439,0.7702027932508511,0.8825133296666512,0.25522581751871565,0.35620813870190615,True,0.11231053641580013,0.8263580614587511
ENSRNOG00000000440,-0.3406398136855299,-0.6334283472135724,0.028011240286715772,0.18520390786228738,True,-0.2927885335280425,-0.4870340804495512
ENSRNOG00000000441,0.5915916041084659,-0.9934813682741324,0.17358265420637256,0.053502659592841104,False,-1.5850729723825983,-0.20094488208283323
ENSRNOG00000000442,0.6514593370719186,0.5965412590226877,0.000666071411683968,0.1996183660937866,True,-0.05491807804923088,0.6240002980473032
ENSRNOG00000000443,2.3771909799507007,1.4020069041688128,0.027236679359010963,0.014118371321805566,True,-0.9751840757818879,1.8895989420597568
ENSRNOG00000000444,-0.6170150715558828,-2.4044611087521965,0.047999230967279184,0.009945463083743994,True,-1.7874460371963137,-1.5107380901540397
ENSRNOG00000000445,-2.6583440703223173,-1.2746291104860226,0.0037785802729370706,0.02571832098070985,True,1.3837149598362948,-1.96648659040417
ENSRNOG00000000446,1.9210003498295696,2.3198894557390215,0.0013115383567137678,0.015456399998620828,True,0.3988891059094519,2.1204449027842953
ENSRNOG00000000447,-0.5966787097750584,2.2490327763223585,0.10796123516216381,0.0036673922379282897,False,2.845711486097417,0.82617703327365
ENSRNOG00000000448,2.0062664002392787,0.9535037736760156,0.02052291162968493,0.41359383406741035,True,-1.052762626563263,1.4798850869576472
ENSRNOG00000000449,0.6900788037284468,-0.09639390484117732,0.08804854348850007,0.11436123077906048,False,-0.7864727085696241,0.2968424494436347
ENSRNOG00000000450,-0.23604755436602087,-1.3254044189300975,0.003619035580918205,0.006660108339795526,True,-1.0893568645640768,-0.7807259866480591
ENSRNOG00000000451,0.6277966092833313,0.6459756961240227,0.2836446189787843,0.05236864953329292,True,0.018179086840691472,0.636886152703677
ENSRNOG00000000452,3.511822608227339,2.6004734631808635,0.011164882112410004,0.016015516837948503,True,-0.9113491450464757,3.0561480357041013
ENSRNOG00000000453,3.7385649522967555,1.690363016035707,0.00015660304968854996,0.0792021497027966,True,-2.0482019362610484,2.7144639841662315
ENSRNOG00000000454,0.12488604323900167,-0.09875386670151098,0.11019560241212707,0.15939234100970695,False,-0.22363990994051264,0.013066088268745342
ENSRNOG00000000455,0.28834306797073556,-1.8815256640137243,0.003842830213502912,0.0008228614791673628,False,-2.16986873198446,-0.7965912980214944
ENSRNOG00000000456,1.9372322834394942,2.290013537963765,0.054289191881044085,0.0022640262703908912,True,0.352781254524271,2.1136229107016296
ENSRNOG00000000457,-1.5221898589812248,-1.844302326763008,0.015256923654285512,0.04045654356242242,True,-0.32211246778178326,-1.6832460928721165
ENSRNOG00000000458,0.5995266707128593,0.3712889671011161,0.01524217786349443,0.0569463733933789,True,-0.22823770361174317,0.4854078189069877
ENSRNOG00000000459,-0.04655312631694152,-1.5296842182581882,0.2918641527849466,0.045136993428824455,True,-1.4831310919412468,-0.7881186722875648
ENSRNOG00000000460,0.5650347806235965,-0.22724762861060643,0.03752895350643068,0.046482412988371025,False,-0.7922824092342029,0.16889357600649502
ENSRNOG00000000461,-1.5000638507089303,-1.3136141296754764,0.00983769189391617,0.040144071808241324,True,0.18644972103345392,-1.4068389901922034
ENSRNOG00000000462,-2.8612214879561444,-1.9574860011190498,0.0051582124921721794,0.009926246763075883,True,0.9037354868370946,-2.409353744537597
ENSRNOG00000000463,-3.7313701847843253,-2.033612584354704,0.0007716694032274645,0.018767254777240745,True,1.6977576004296213,-2.882491384569515
ENSRNOG00000000464,-2.011291403381294,0.14335068336125145,0.00038334458972811224,0.1242644814898745,False,2.1546420867425455,-0.9339703600100213
ENSRNOG00000000465,-0.8256155128907995,0.20792794114208035,0.1715065809161153,0.12250112662720675,False,1.0335434540328798,-0.30884378587435957
ENSRNOG00000000466,-0.5277448559677713,0.6514062682454727,0.03937822962916715,0.19702568160023734,False,1.179151124213244,0.061830706138850666
ENSRNOG00000000467,3.4870160923731306,3.889580258254024,0.005879592281741206,0.0015447855224435814,True,0.4025641658808934,3.6882981753135775
ENSRNOG00000000468,1.9907880658331367,1.9519291603653655,0.020613667973098018,0.00991761533919469,True,-0.038858905467771265,1.971358613099251
ENSRNOG00000000469,-1.7317640094149291,-1.2161420818020972,0.005679620336928073,0.0018376969997595852,True,0.515621927612832,-1.4739530456085133
ENSRNOG00000000470,0.6258752144117226,1.4851626473677795,0.14437159719483492,0.06414136727276339,True,0.8592874329560569,1.055518930889751
ENSRNOG00000000471,-0.7327408254305852,0.6283959889669416,0.39804045454137865,0.1085982570003213,False,1.3611368143975269,-0.05217241823182178
ENSRNOG00000000472,-0.5118549084721713,0.33293279210326054,0.17070793652971053,0.24984032988016772,False,0.8447877005754318,-0.08946105818445538
ENSRNOG00000000473,0.3335861689476876,-1.3005203820034805,0.031727878595601,0.00499579191843725,False,-1.634106550951168,-0.4834671065278965
ENSRNOG00000000474,1.114508010555708,-0.12566771357149853,0.0038206201261064164,0.01594116376305099,False,-1.2401757241272064,0.4944201484921047
ENSRNOG00000000475,-0.6106652709912277,-0.7038491935060431,0.14927948849084846,0.12106796031020406,True,-0.09318392251481544,-0.6572572322486354
ENSRNOG00000000476,1.9149327589218454,2.1207563478395492,0.002489252397033965,0.01803265672591459,True,0.2058235889177038,2.0178445533806975
ENSRNOG00000000477,-2.0554888070563275,-1.4201461288223907,0.019193495055020642,0.01221919494299505,True,0.6353426782339369,-1.737817467939359
ENSRNOG00000000478,0.011410312252083197,1.201471077454508,0.7687111271301147,0.022376972321115088,True,1.1900607652024249,0.6064406948532957
ENSRNOG00000000479,4.675812707872498,4.560551101534794,0.006007293073870763,0.007621721890903463,True,-0.11526160633770388,4.618181904703646
ENSRNOG00000000480,0.4015435367254952,1.5321785970844033,0.09422193506624307,0.06487139869850385,True,1.1306350603589082,0.9668610669049492
ENSRNOG00000000481,2.579786111891111,3.0200721487902564,0.02398046527018185,0.006192690772867845,True,0.44028603689914547,2.7999291303406837
ENSRNOG00000000482,0.16473632071177471,-0.9768229018076473,0.016669935217854415,0.19050152299770903,False,-1.141559222519422,-0.4060432905479363
ENSRNOG00000000483,1.0453987715936341,1.217638439112236,0.028890606674949807,0.07035711076520515,True,0.17223966751860176,1.1315186053529351
ENSRNOG00000000484,-0.10220974990684477,-0.7074081229398416,0.18260228417291893,0.06147707859648977,True,-0.6051983730329968,-0.40480893642334315
ENSRNOG00000000485,-0.30673364609556797,-1.9400985272721447,0.03800974119807558,0.028601761503370585,True,-1.6333648811765769,-1.1234160866838563
ENSRNOG00000000486,-1.4030683141057554,-1.2559311422505417,0.011944568897685885,0.0068235897313238605,True,0.1471371718552137,-1.3294997281781487
ENSRNOG00000000487,0.7745424461235958,1.9176626772726593,0.1163303393909073,0.047743813130980965,True,1.1431202311490636,1.3461025616981275
ENSRNOG00000000488,-1.5327669405343822,-0.5585024089389932,0.0061885199568235605,0.029188771443214787,True,0.9742645315953891,-1.0456346747366876
ENSRNOG00000000489,1.1980534253641726,2.9333761694338243,0.08479722417695255,0.021745706630902046,True,1.7353227440696517,2.065714797398998
ENSRNOG00000000490,1.953516608002638,1.5144829459733111,0.022142149058854792,0.03996032658140269,True,-0.4390336620293269,1.7339997769879747
ENSRNOG00000000491,0.6597565330270139,3.018827333730923,0.2263652312955046,0.013279477908705069,True,2.359070800703909,1.8392919333789683
ENSRNOG00000000492,-0.5152477204002454,-0.16397116307926304,0.09755649957144936,0.22858761731483687,True,0.3512765573209823,-0.3396094417397542
ENSRNOG00000000493,0.8171380427556529,0.5792581800352673,0.19980679635877097,0.6276416065985556,True,-0.23787986272038564,0.6981981113954601
ENSRNOG00000000494,-0.5556114999835428,-1.7211754123063803,0.22888040504576893,0.006674949932010504,True,-1.1655639123228374,-1.1383934561449616
ENSRNOG00000000495,1.6839848258372687,2.3112005588767492,0.002699376713421462,0.041766313153156084,True,0.6272157330394805,1.997592692357009
ENSRNOG00000000496,-3.2965309515872225,-2.7688724324668144,0.005114441347844374,0.09645656724026515,True,0.5276585191204082,-3.0327016920270182
ENSRNOG00000000497,-0.6040932626135632,-1.0901834399563863,0.0524815326526772,0.01732496943025319,True,-0.4860901773428231,-0.8471383512849748
ENSRNOG00000000498,-3.583461591223196,-1.0914617900810726,0.010835262587373874,0.002839037276843177,True,2.491999801142123,-2.3374616906521344
ENSRNOG00000000499,-2.6911094944089693,-0.6138206539623441,0.019933362011197543,0.0928683751528369,True,2.0772888404466254,-1.6524650741856566
ENSRNOG00000000500,2.454952013665037,2.8580213048634384,0.002464792886982072,0.002218618704366909,True,0.4030692911984013,2.656486659264238
ENSRNOG00000000501,1.6113329675490347,0.7154057271756133,0.02841610327003286,0.2984563238246912,True,-0.8959272403734213,1.1633693473623241
ENSRNOG00000000502,-1.2950644199126227,-0.9341684641110978,0.011995793276130573,0.2172054487244628,True,0.3608959558015249,-1.1146164420118603
ENSRNOG00000000503,-2.704506220873615,-1.9019113477747023,0.013835008464922065,0.01165937292935242,True,0.8025948730989125,-2.3032087843241587
ENSRNOG00000000504,-5.336151908114973,-2.8069392078121638,0.02715255115463729,0.004557711711620606,True,2.529212700302809,-4.071545557963568
ENSRNOG00000000505,-0.9782919142787423,0.9660044002093966,0.16203443157763708,0.5090209782741361,False,1.9442963144881389,-0.006143757034672848
ENSRNOG00000000506,4.356747022045324,3.349141857949148,0.0022509218333000357,0.010268966094996154,True,-1.007605164096176,3.852944439997236
ENSRNOG00000000507,0.7827916886345653,2.605933987896731,0.12001096286773201,0.04605000268616227,True,1.8231422992621655,1.6943628382656482
ENSRNOG00000000508,-1.0072301148890812,0.25713766081013933,0.005910600808459979,0.2348417711720259,False,1.2643677756992204,-0.37504622703947094
ENSRNOG00000000509,0.8371443771005513,0.32271881260823576,0.3013544915069256,0.3620363555465514,True,-0.5144255644923156,0.5799315948543935
ENSRNOG00000000510,-2.8097250353899974,-1.0404660476297747,0.014765108439895282,0.02242841051400994,True,1.7692589877602227,-1.925095541509886
ENSRNOG00000000511,-0.5351820528557438,1.4273134967023062,0.2739892117235542,0.034766536877974936,False,1.96249554955805,0.4460657219232812
ENSRNOG00000000512,0.1790594514283293,2.219963859479665,0.045952948546933645,0.011974696571227727,True,2.0409044080513357,1.1995116554539973
ENSRNOG00000000513,-0.15498117327788732,1.1408487140000716,0.12528827711411397,0.02901552434417423,False,1.295829887277959,0.49293377036109215
ENSRNOG00000000514,1.423451019042145,0.9949048692895578,0.014498490783865767,0.4825208696609518,True,-0.4285461497525872,1.2091779441658514
ENSRNOG00000000515,0.6203614072248943,0.19431784015421164,0.343631136459474,0.08458685589031573,True,-0.4260435670706827,0.40733962368955295
ENSRNOG00000000516,1.2029868325943947,1.4229040249036489,0.012444030870975908,0.003336620949755255,True,0.21991719230925422,1.3129454287490216
ENSRNOG00000000517,-1.239070108015367,0.915105546584149,0.017067715567719972,0.01396136169405334,False,2.154175654599516,-0.161982280715609
ENSRNOG00000000518,1.6160677351389865,1.5543836382196852,0.011620325688358168,0.058489687407752,True,-0.06168409691930132,1.585225686679336
ENSRNOG00000000519,2.9320865057231846,2.4710772893540174,0.008755544989122448,0.09257556161808911,True,-0.46100921636916725,2.701581897538601
ENSRNOG00000000520,-1.7462691353725428,-1.1334952650203822,0.0026098849644372035,0.05017829963324922,True,0.6127738703521606,-1.4398822001964624
ENSRNOG00000000521,-1.5978521802862076,-1.4308250983573942,0.00609158570444612,0.012499320460888088,True,0.16702708192881333,-1.5143386393218008
ENSRNOG00000000522,2.4044118053764194,1.4647587956798516,0.007022703889238626,0.012928723261282424,True,-0.9396530096965678,1.9345853005281355
ENSRNOG00000000523,-0.3444191760511085,-0.09200775520694726,0.38164390325393527,0.0907324371955875,True,0.25241142084416124,-0.21821346562902788
ENSRNOG00000000524,2.5268785057198024,3.522282379941279,0.011931401768481573,0.055372217653321454,True,0.9954038742214766,3.0245804428305405
ENSRNOG00000000525,-0.796564281405931,-0.793363178813375,0.08517756583946819,0.26425757051556514,True,0.0032011025925560155,-0.794963730109653
ENSRNOG00000000526,2.6190820372872805,1.8362184650623006,0.003769628481738718,0.022056770981810976,True,-0.7828635722249799,2.2276502511747904
ENSRNOG00000000527,0.23667447024981395,-0.7477079036569607,0.11050288940127469,0.05199912946911838,False,-0.9843823739067746,-0.2555167167035734
ENSRNOG00000000528,0.4648118819808514,1.068534699543792,0.045032102583224806,0.00675204675451422,True,0.6037228175629408,0.7666732907623217
ENSRNOG00000000529,2.816492439005828,3.35022799617816,0.018701899200674263,0.050373134542752995,True,0.5337355571723319,3.083360217591994
ENSRNOG00000000530,-0.6511868593995083,1.262915673862928,0.07593688708864589,0.0038329950425649395,False,1.9141025332624362,0.3058644072317098
ENSRNOG00000000531,-1.694019772664925,-0.9384006944816531,0.03655962533284993,0.06946169013003098,True,0.755619078183272,-1.316210233573289
ENSRNOG00000000532,-0.8074155744510378,0.0540294068164916,0.022691486707902917,0.11770513688697577,False,0.8614449812675294,-0.3766930838172731
ENSRNOG00000000533,0.8142011111576497,0.3924289173086619,0.21584776419601898,0.10886680364063236,True,-0.4217721938489878,0.6033150142331558
ENSRNOG00000000534,-2.8183663299249258,-1.3620694906697008,0.02254166610404564,0.05082921059180645,True,1.456296839255225,-2.090217910297313
ENSRNOG00000000535,1.1474476247720187,1.109927794969148,0.0016845607251449915,0.0014385465802335155,True,-0.03751982980287072,1.1286877098705834
ENSRNOG00000000536,-0.9697883717119378,-0.5982784861500561,0.08067946132758176,0.3657547831275138,True,0.3715098855618817,-0.7840334289309969
ENSRNOG00000000537,2.0660627893204144,1.5495640736288678,0.011579475645109366,0.010630572186731546,True,-0.5164987156915466,1.8078134314746412
ENSRNOG00000000538,-4.309668548820849,-2.4560562156348458,0.000963393857448256,0.03130760479267972,True,1.8536123331860028,-3.382862382227847
ENSRNOG00000000539,-1.4158183951875036,-1.271616565315345,0.00021743982146092645,0.045651665744169,True,0.14420182987215857,-1.3437174802514242
ENSRNOG00000000540,-3.0356426722213836,-2.318858648792476,0.0018811058913703292,0.0035809063175732724,True,0.7167840234289078,-2.67725066050693
ENSRNOG00000000541,-1.4872130394551146,0.7814252475256533,0.0005006669671151165,0.026951736478585234,False,2.268638286980768,-0.35289389596473064
ENSRNOG00000000542,0.44579862199609765,3.1492171702460485,0.041567909138951496,0.06848097123000049,True,2.703418548249951,1.797507896121073
ENSRNOG00000000543,-0.3226079258095588,-1.4839586855112459,0.5046089942919297,0.023551358406344678,True,-1.161350759701687,-0.9032833056604024
ENSRNOG00000000544,-0.4560796241064269,-1.6325789089872322,0.1191155393081255,0.019502263340746662,True,-1.1764992848808054,-1.0443292665468296
ENSRNOG00000000545,-0.2865327684841094,-1.1998527517677517,0.1392683656667906,0.00614472635025071,True,-0.9133199832836423,-0.7431927601259306
ENSRNOG00000000546,0.3660988331158982,0.14049437072832793,0.01562357900026793,0.031056509312633544,True,-0.22560446238757026,0.25329660192211306
ENSRNOG00000000547,-1.815364875497594,-0.29387857874924406,0.016657208760433837,0.0933898903488894,True,1.5214862967483498,-1.054621727123419
ENSRNOG00000000548,1.2723293536182914,1.4859995496111238,0.007148881120939847,0.049168730932026096,True,0.21367019599283243,1.3791644516147077
ENSRNOG00000000549,1.192798746693871,0.9917358413713241,0.09084887363454833,0.2432672269813555,True,-0.2010629053225469,1.0922672940325975
ENSRNOG00000000550,0.6930682877809818,1.0266687599968616,0.09529704357831838,0.0050303682063351975,True,0.33360047221587974,0.8598685238889217
ENSRNOG00000000551,1.0017601969522738,-0.04549353053224181,0.029943575350920387,0.17925777597980008,False,-1.0472537274845157,0.478133333210016
ENSRNOG00000000552,0.5335524014555871,0.10648672264954945,0.04200194477225263,0.011568495922175697,True,-0.4270656788060377,0.3200195620525683
ENSRNOG00000000553,3.6631319449159214,2.46983044674824,0.02218756913673527,0.050326623229134976,True,-1.1933014981676813,3.066481195832081
ENSRNOG00000000554,-0.15676950789451782,-1.7700304211837175,0.10267730648236878,0.019277511695138916,True,-1.6132609132891997,-0.9633999645391176
ENSRNOG00000000555,-0.5527497930022381,-1.5952455742002478,0.025760271902481695,0.004028146031058701,True,-1.0424957811980096,-1.073997683601243
ENSRNOG00000000556,-1.3563496446432801,-2.0999621226989724,0.013155843988312918,0.023845252230966913,True,-0.7436124780556923,-1.7281558836711262
ENSRNOG00000000557,-1.8580728070401062,-0.46117587391930936,0.0033042162333733645,0.08867024869546257,True,1.396896933120797,-1.1596243404797077
ENSRNOG00000000558,-2.2400492176819355,-1.265610772022679,0.003587527644976807,0.02169218025235899,True,0.9744384456592565,-1.7528299948523074
ENSRNOG00000000559,-1.5998351638156534,-0.44627365131700425,0.06586966230246262,0.39152819128048255,True,1.1535615124986491,-1.0230544075663288
ENSRNOG00000000560,-0.12722468697372838,-2.018150526434723,0.07653742222489238,0.04753647898060038,True,-1.8909258394609945,-1.0726876067042257
ENSRNOG00000000561,0.6017312312958861,-1.1485677830729808,0.16561091070269748,0.04595563665031089,False,-1.750299014368867,-0.27341827588854734
ENSRNOG00000000562,0.09205570539389121,0.7589740919371661,0.05196860466942353,0.3468684658910172,True,0.666918386543275,0.42551489866552866
ENSRNOG00000000563,-1.3779634993734833,-3.8546183033233223,0.030260803189758198,0.012270189618482212,True,-2.476654803949839,-2.616290901348403
ENSRNOG00000000564,1.6203322152359338,2.38768673184023,0.0049222131046474365,0.10773967647623142,True,0.7673545166042963,2.004009473538082
ENSRNOG00000000565,1.3309428101417056,-1.0094418898025697,0.030458729079239116,0.01493632239574009,False,-2.3403846999442752,0.16075046016956795
ENSRNOG00000000566,-0.2873669533596306,0.6901026082366786,0.5041850766342478,0.8923539178989944,False,0.9774695615963092,0.201367827438524
ENSRNOG00000000567,-1.1752490603964818,-1.7321832170644185,0.021838742342627986,0.011883972249956574,True,-0.5569341566679367,-1.4537161387304502
ENSRNOG00000000568,0.9871702574936392,1.7726246760258366,0.20504937560714556,0.006363731523408109,True,0.7854544185321974,1.379897466759738
ENSRNOG00000000569,0.33835245747498804,3.5986486306953114,0.2614029745024407,0.019598637494800387,True,3.2602961732203233,1.9685005440851497
ENSRNOG00000000570,-2.606629066947086,-4.159344277151201,0.0022210612469517315,3.825398096157434e-05,True,-1.5527152102041146,-3.3829866720491433
ENSRNOG00000000571,-0.1223644607719288,0.6469381719287693,0.2676994052992385,0.15510462714729328,False,0.7693026327006982,0.26228685557842024
ENSRNOG00000000572,0.4716644617338859,-1.5778390152943844,0.08381520868800019,0.05173123054591179,False,-2.0495034770282703,-0.5530872767802493
ENSRNOG00000000573,-1.619450615677957,-0.6531190503326314,0.011864254014439694,0.008636530243192423,True,0.9663315653453255,-1.1362848330052941
ENSRNOG00000000574,0.3417181071073974,0.015257541103541605,0.09033308077266075,0.33617866329064877,True,-0.3264605660038558,0.1784878241054695
ENSRNOG00000000575,-2.6186804734640203,-1.6444312833705985,0.034754634873164145,0.022787685519732776,True,0.9742491900934218,-2.131555878417309
ENSRNOG00000000576,2.4051349800219075,0.6782211962702483,0.00616354210492064,0.08323074689730371,True,-1.7269137837516593,1.5416780881460779
ENSRNOG00000000577,2.2463099731069773,2.3470589466840703,0.007100296510261506,0.07205143128612691,True,0.100748973577093,2.296684459895524
ENSRNOG00000000578,-0.45453120174533657,-1.829856947055729,0.3446407843247615,0.0007516508860793671,True,-1.3753257453103926,-1.1421940744005328
ENSRNOG00000000579,0.6542178081103317,1.7485872355587029,0.03615549349627697,0.026144375054036148,True,1.0943694274483713,1.2014025218345172
ENSRNOG00000000580,-4.337859538439775,-3.3794573080797394,0.015761794865515707,0.017142588302536555,True,0.9584022303600359,-3.858658423259757
ENSRNOG00000000581,-2.081425788477599,-2.8881947474380114,0.00783960414579546,0.026886909126473978,True,-0.8067689589604123,-2.4848102679578052
ENSRNOG00000000582,-0.5288020562738337,1.3150982662415263,0.12972944407031278,0.0559553359760758,False,1.8439003225153598,0.3931481049838463
ENSRNOG00000000583,-1.9298394385683466,-1.3830006036760867,0.006097307876764475,0.03533506106139982,True,0.5468388348922599,-1.6564200211222166
ENSRNOG00000000584,1.285913668735186,2.8774390637040543,0.01984102824026538,0.006203139691715796,True,1.5915253949688684,2.0816763662196203
ENSRNOG00000000585,3.595133755346389,3.727114889414554,0.0017888966100672438,0.0064226598453636175,True,0.1319811340681647,3.6611243223804717
ENSRNOG00000000586,-2.1179064949727437,-2.2782294066072226,0.024064125099060554,0.02970305510027057,True,-0.16032291163447887,-2.198067950789983
ENSRNOG00000000587,-1.507434127353347,-1.1142944975838625,0.003761056765900742,0.026639815117969395,True,0.39313962976948447,-1.3108643124686048
ENSRNOG00000000588,0.42380706295787457,0.4152786394581078,0.16433274716155788,0.04076618172354503,True,-0.00852842349976679,0.4195428512079912
ENSRNOG00000000589,2.9000090672993175,3.5746245257492975,0.007607175731697343,0.06956078054111263,True,0.6746154584499799,3.2373167965243077
ENSRNOG00000000590,-2.200273762571826,-1.036792559513371,0.01629027037766125,0.060563414507552094,True,1.163481203058455,-1.6185331610425984
ENSRNOG00000000591,0.44826502015249553,0.48992746585497926,0.4639379254194202,0.001888775665688047,True,0.04166244570248373,0.4690962430037374
ENSRNOG00000000592,3.2783379314635956,2.019396226942022,0.015093525055635437,0.006112176400904891,True,-1.2589417045215736,2.648867079202809
ENSRNOG00000000593,-2.9731664667226814,-2.0748380850187944,0.0306644884920111,0.011445894832962699,True,0.898328381703887,-2.524002275870738
ENSRNOG00000000594,-2.305924572322498,-0.19820701921705797,0.005858253602413591,0.11163780534520093,True,2.1077175531054397,-1.252065795769778
ENSRNOG00000000595,-0.7624918916295089,-0.514603867970718,0.2389725038854214,0.07288528274711437,True,0.24788802365879092,-0.6385478798001134
ENSRNOG00000000596,-0.9370591431397398,-1.0519473521981064,0.03977081895803463,0.007069110777096517,True,-0.11488820905836661,-0.9945032476689231
ENSRNOG00000000597,1.4626823179565602,0.4018914523160898,0.0150411774182349,0.030918052593092868,True,-1.0607908656404703,0.9322868851363251
ENSRNOG00000000598,0.4349874956775085,-0.28566191446726436,0.2338077998313366,0.1782462282127855,False,-0.7206494101447729,0.07466279060512207
ENSRNOG00000000599,-3.1949317073558308,-3.6447543568468683,6.476521058676223e-05,0.037784284809727946,True,-0.44982264949103756,-3.4198430321013493
ENSRNOG00000000600,0.9277387252214596,-0.15703174059221048,0.08363428112238601,0.15859401295520573,False,-1.08477046581367,0.38535349231462457
ENSRNOG00000000601,-1.0395699972401709,0.8664336913095231,0.007316543502928291,0.036200579800138674,False,1.9060036885496938,-0.08656815296532389
ENSRNOG00000000602,2.2940049904942303,1.3429941699402055,0.016663722208430893,0.031931678250955525,True,-0.9510108205540249,1.818499580217218
ENSRNOG00000000603,-1.1296575655864554,-0.028534892614886287,0.008445043111010147,0.0036719280624085537,True,1.101122672971569,-0.5790962291006708
ENSRNOG00000000604,-1.1459075095840243,-3.3819114503130128,0.026991790742097926,0.11410131203335222,True,-2.2360039407289882,-2.2639094799485187
ENSRNOG00000000605,0.9740368994481566,1.2590719660389196,0.1850267695683638,0.049715250140629434,True,0.28503506659076294,1.1165544327435382
ENSRNOG00000000606,1.373267668206486,0.764401674792841,0.025926891558226566,0.049203239895966255,True,-0.6088659934136449,1.0688346714996635
ENSRNOG00000000607,0.8065788550851665,0.04296159742287897,0.08510877460794848,0.012517315764485294,True,-0.7636172576622875,0.4247702262540227
ENSRNOG00000000608,-3.034075171292655,-1.873163161186817,0.02149316248099733,0.010995709630908596,True,1.1609120101058379,-2.453619166239736
ENSRNOG00000000609,0.9684619918708519,0.13793763796955016,0.041093400772769254,0.17612127426384339,True,-0.8305243539013017,0.5531998149202011
ENSRNOG00000000610,-1.8617544930139183,-3.4960617211322385,0.08178856612983063,0.03215659754466427,True,-1.6343072281183202,-2.6789081070730782
ENSRNOG00000000611,0.4234970008588743,1.2563382988145688,0.043060761201292506,0.0077643759962331155,True,0.8328412979556945,0.8399176498367216
ENSRNOG00000000612,-2.5627219837183084,-1.4874825095128472,0.01110271506047636,0.02414837076188421,True,1.0752394742054612,-2.0251022466155777
ENSRNOG00000000613,0.8033798655775146,0.21665873110746559,0.2967473287958319,0.01570098952450197,True,-0.586721134470049,0.51001929834249
ENSRNOG00000000614,-1.4518780277532706,-2.0017716995482835,0.01210079648929981,0.04008751793090867,True,-0.5498936717950129,-1.726824863650777
ENSRNOG00000000615,-2.308742370468939,-3.1132952038313704,0.007013059199352777,0.020945386846029142,True,-0.8045528333624312,-2.711018787150155
ENSRNOG00000000616,1.2848762456683192,1.1088031894759176,0.021041698695191277,0.019866184465698364,True,-0.17607305619240154,1.1968397175721184
ENSRNOG00000000617,0.43496013901815234,1.9898859027689706,0.026564042151604798,0.014874397583055587,True,1.5549257637508183,1.2124230208935614
ENSRNOG00000000618,-1.1051582425072148,-0.538182804326816,0.0022057410975586575,0.31113808646934066,True,0.5669754381803989,-0.8216705234170154
ENSRNOG00000000619,2.6121219282379156,0.32434322480431543,0.008097565713375846,0.40732947136688635,True,-2.2877787034336,1.4682325765211155
ENSRNOG00000000620,-0.7931743588255364,-0.30298600061104214,0.2841595786856925,0.02735031172206272,True,0.4901883582144943,-0.5480801797182893
ENSRNOG00000000621,0.057793813147682394,-0.01671031741864029,0.1875812755340131,0.07464892008057553,False,-0.07450413056632268,0.02054174786452105
ENSRNOG00000000622,0.48404420582148167,1.2363958673365496,0.12514432150645388,0.0003427814513723545,True,0.7523516615150679,0.8602200365790156
ENSRNOG00000000623,-1.1153986814315044,-0.12140126709111021,0.003572401314037541,0.06558326528927644,True,0.9939974143403942,-0.6183999742613073
ENSRNOG00000000624,0.8480453281198729,-2.558442837693906,0.11452805316300177,0.007817000944625304,False,-3.406488165813779,-0.8551987547870166
ENSRNOG00000000625,-0.960214224896504,-0.08044135827974308,0.12170253264571457,0.01383218936583628,True,0.8797728666167609,-0.5203277915881235
ENSRNOG00000000626,-0.7409489799891766,-1.557498686371928,0.0923806411752064,0.0021460201710893317,True,-0.8165497063827514,-1.1492238331805522
ENSRNOG00000000627,2.4527567516460143,0.17505941259815572,0.005987065109511766,0.23150377871097796,True,-2.2776973390478585,1.313908082122085
ENSRNOG00000000628,-1.8730548945223795,-1.47157440916746,0.00611391140984995,0.012892005879295003,True,0.4014804853549194,-1.67231465184492
ENSRNOG00000000629,-4.343004595673082,-2.5217234605761836,0.0005755932653638009,0.03222306936965387,True,1.8212811350968985,-3.432364028124633
ENSRNOG00000000630,2.89968659102141,0.2490155410933934,0.006765283717243385,0.09297698868882842,True,-2.6506710499280164,1.5743510660574018
ENSRNOG00000000631,4.588790314692606,3.8601826519014013,0.016848891202501163,0.015414059465543343,True,-0.7286076627912044,4.224486483297003
ENSRNOG00000000632,-0.7294846778087973,0.30545620899819764,0.03501054976032252,0.15315126231726017,False,1.034940886806995,-0.21201423440529985
ENSRNOG00000000633,-3.4863084731163334,-2.3213647556046344,0.0017601839403346936,0.002120114699457895,True,1.164943717511699,-2.903836614360484
ENSRNOG00000000634,-0.5588711571526987,-1.2910371986022362,0.12018416351344717,0.032613976000973724,True,-0.7321660414495375,-0.9249541778774675
ENSRNOG00000000635,-0.5152013097132045,-1.3786837950037356,0.23996169634989692,0.0025088833181924138,True,-0.8634824852905311,-0.94694255235847
ENSRNOG00000000636,-0.3418629138400627,0.8447619567479963,0.007220610696101564,0.022039025488082967,False,1.1866248705880589,0.2514495214539668
ENSRNOG00000000637,-2.004098475459327,-2.9495707841330425,0.0027676359346460585,0.002970238002626104,True,-0.9454723086737156,-2.4768346297961847
ENSRNOG00000000638,1.0432100564576594,1.8270768222513458,0.012524287373680037,0.02453908110289595,True,0.7838667657936864,1.4351434393545026
ENSRNOG00000000639,0.944113275514955,0.46853791026321095,0.36603079526482657,0.048329678972953316,True,-0.4755753652517441,0.706325592889083
ENSRNOG00000000640,-2.689930115674752,-1.9297787032838314,0.012811076826474754,0.02103973954888015,True,0.7601514123909205,-2.309854409479292
ENSRNOG00000000641,1.2585541170507981,-0.9376752910894485,0.010953956530773353,0.1214292199266477,False,-2.1962294081402467,0.16043941298067482
ENSRNOG00000000642,3.6948329675026037,2.3584339562667544,0.06985882536622051,0.014428586033738314,True,-1.3363990112358493,3.0266334618846793
ENSRNOG00000000643,0.30952859838670777,0.854744238714906,0.33132370455288734,0.03031033574528288,True,0.5452156403281982,0.5821364185508069
ENSRNOG00000000644,-0.6071852917233109,-1.8161165906164318,0.08066326239348286,0.000843740676546853,True,-1.208931298893121,-1.2116509411698715
ENSRNOG00000000645,-0.2556057859335384,0.3497557261796317,0.437462816595716,0.09599132068363894,False,0.6053615121131701,0.04707497012304665
ENSRNOG00000000646,1.1074621805434102,0.8465371491324928,0.02050020450239695,0.2306424734235179,True,-0.2609250314109174,0.9769996648379515
ENSRNOG00000000647,-3.115208889912993,-2.7942854396647574,0.005826071727555917,0.009532127883746074,True,0.32092345024823565,-2.9547471647888752
ENSRNOG00000000648,0.295903265359144,1.0986209612600875,0.025997081749605643,0.010938020851013999,True,0.8027176959009434,0.6972621133096157
ENSRNOG00000000649,-0.7028351090330582,-2.7902974815699637,0.03443032047596019,0.014442213909678737,True,-2.0874623725369057,-1.7465662953015109
ENSRNOG00000000650,3.3260850233208816,2.6257526020390944,0.008365838687607588,0.015494672715652906,True,-0.7003324212817872,2.9759188126799883
ENSRNOG00000000651,-0.3135109208489242,1.4872194897996884,0.024284067261038683,0.00681833980268362,False,1.8007304106486126,0.5868542844753821
ENSRNOG00000000652,3.002197700015136,3.553434732065987,0.04626713658700058,0.015378895898531418,True,0.5512370320508513,3.2778162160405615
ENSRNOG00000000653,-1.986733256007613,-0.9416815575197284,0.004466618491761869,0.35526806861384674,True,1.0450516984878846,-1.4642074067636708
ENSRNOG00000000654,1.0570665002450261,0.4020404052292297,0.038239746597141355,0.03156838452813363,True,-0.6550260950157965,0.7295534527371279
ENSRNOG00000000655,0.5749204748242119,-0.27664676149454825,0.15975046280163105,0.140683401917783,False,-0.8515672363187602,0.14913685666483184
ENSRNOG00000000656,-1.5642850461566082,-1.3817859149874179,0.036813104660183046,0.05199049534181311,True,0.18249913116919037,-1.4730354805720132
ENSRNOG00000000657,0.3193130063464928,0.7881304546294166,0.014932607275459184,0.6083817971754305,True,0.46881744828292377,0.5537217304879547
ENSRNOG00000000658,2.182533906296881,0.6365170605494922,0.01191841520618881,0.19034310066650478,True,-1.5460168457473888,1.4095254834231865
ENSRNOG00000000659,-0.5828250677158813,0.39897396290610077,0.037130118544881525,0.09528119312371064,False,0.981799030621982,-0.09192555240489025
ENSRNOG00000000660,-3.045532768505574,0.1688562613197,0.06237059164166363,0.01075701178078681,False,3.214389029825274,-1.438338253592937
ENSRNOG00000000661,-0.031613087659402635,-0.08647429649215858,0.3185587300220326,0.0007874050024586935,True,-0.05486120883275595,-0.05904369207578061
ENSRNOG00000000662,-1.6243615706265226,-2.5161804114735062,0.004858011962119713,0.007001009626768461,True,-0.8918188408469836,-2.0702709910500143
ENSRNOG00000000663,-0.6162136895949883,-1.8310072925568257,0.4793892249054571,0.012347937300082453,True,-1.2147936029618374,-1.223610491075907
ENSRNOG00000000664,-0.14685798543321776,0.7155303992025662,0.20344442474736227,0.48103510159125934,False,0.862388384635784,0.2843362068846742
ENSRNOG00000000665,-3.070173988827931,-2.150451800311459,0.01436331541794906,0.01812704457244506,True,0.9197221885164719,-2.610312894569695
ENSRNOG00000000666,-2.9081850107772205,-1.0568933664612543,0.028829249760293444,0.02166622393823852,True,1.8512916443159662,-1.9825391886192374
ENSRNOG00000000667,0.8677203039459455,0.029733845065925912,0.13183142773178133,0.1657780862423785,True,-0.8379864588800195,0.4487270745059357
ENSRNOG00000000668,-0.9408936531054247,0.23234704080513435,0.27577954672567717,0.03972213790969933,False,1.173240693910559,-0.3542733061501452
ENSRNOG00000000669,-4.6165398152770205,-3.305461206510586,0.0161896465335263,0.002332174134013487,True,1.3110786087664343,-3.961000510893803
ENSRNOG00000000670,1.4127192658946433,0.19151984271821088,0.0010153170739427625,0.0534015242010236,True,-1.2211994231764325,0.802119554306427
ENSRNOG00000000671,0.4902655594936317,-0.08766782228683412,0.07825478973348034,0.42327716891039635,False,-0.5779333817804658,0.2012988686033988
ENSRNOG00000000672,-1.2849746832656712,-2.130689857815055,0.013014437689037059,0.003127780654247247,True,-0.8457151745493836,-1.707832270540363
ENSRNOG00000000673,-2.3702943799048346,0.47702735817540454,0.016567004845924747,0.056849689962954385,False,2.847321738080239,-0.946633510864715
ENSRNOG00000000674,1.504454213365807,0.9218279608523375,0.0029984191669146596,0.06783661870336545,True,-0.5826262525134694,1.2131410871090722
ENSRNOG00000000675,0.6288311206087733,1.1043449551302718,0.20882672102122576,0.028504243932929132,True,0.4755138345214984,0.8665880378695225
ENSRNOG00000000676,4.288684108831332,2.352592604490967,0.014427647816527564,0.02228158100503025,True,-1.9360915043403653,3.3206383566611497
ENSRNOG00000000677,0.7563394777048873,-0.590213368239491,0.2572902660266604,0.18970285776456702,False,-1.3465528459443783,0.08306305473269815
ENSRNOG00000000678,0.6978656542716267,0.22897410844087426,0.29397566574114853,0.1810713597683158,True,-0.46889154583075243,0.4634198813562505
ENSRNOG00000000679,-0.3004702741954172,0.9519323735952748,0.363442112214383,0.18000870143535744,False,1.252402647790692,0.32573104969992883
ENSRNOG00000000680,1.4701965609614238,0.4529652804855705,0.0075579154488131985,0.023582943876476886,True,-1.0172312804758534,0.9615809207234971
ENSRNOG00000000681,1.1251533622466767,-0.148954285038146,0.0077382222987271085,0.6927024806824087,False,-1.2741076472848227,0.48809953860426536
ENSRNOG00000000682,2.253105015417351,1.6953488670713996,0.02683848630718965,0.03647100438078987,True,-0.5577561483459514,1.9742269412443754
ENSRNOG00000000683,-0.9383812535471125,-0.11412552165840517,0.017553328834557343,0.06260269412266695,True,0.8242557318887074,-0.5262533876027589
ENSRNOG00000000684,-0.7837334512991322,1.1920518304124323,0.1250427687860833,0.04024012042450764,False,1.9757852817115644,0.20415918955665008
ENSRNOG00000000685,-0.8623857076415642,-0.2149842789051441,0.028396078177193283,0.41745132366095367,True,0.64740142873642,-0.5386849932733542
ENSRNOG00000000686,1.4234430981221806,1.6441336191808795,0.0062271595482510465,0.07093314293901062,True,0.2206905210586989,1.5337883586515302
ENSRNOG00000000687,2.6970739925341176,2.589249313689538,0.05504301505971101,0.054711035169661706,True,-0.10782467884457958,2.643161653111828
ENSRNOG00000000688,-0.8259128876687412,-1.7722869146440057,0.03125245621808269,0.017363870812545354,True,-0.9463740269752645,-1.2990999011563735
ENSRNOG00000000689,-0.7645927100275642,-1.5314217168117654,0.030159079011332652,0.008590254498478627,True,-0.7668290067842012,-1.1480072134196648
ENSRNOG00000000690,0.5653390029656385,-0.7536605820692988,0.1711911365739673,0.06010081214149454,False,-1.3189995850349372,-0.0941607895518301
ENSRNOG00000000691,-0.4423707000232226,-1.6995651194920192,0.004044084939060508,0.07679151091362771,True,-1.2571944194687965,-1.0709679097576208
ENSRNOG00000000692,1.7136965756518021,2.000546540057149,0.001658542766933352,0.052250654171249085,True,0.28684996440534705,1.8571215578544757
ENSRNOG00000000693,-4.053199123114284,-2.4516228074707707,0.023099722825631337,0.01621873744756447,True,1.6015763156435137,-3.2524109652925275
ENSRNOG00000000694,-1.4880690844504103,-0.9284161111802571,0.022786889615413808,0.09041391465029566,True,0.5596529732701532,-1.2082425978153337
ENSRNOG00000000695,-1.4083494011306026,-3.680029933941192,0.00497680214671521,0.012998922363822073,True,-2.2716805328105893,-2.5441896675358975
ENSRNOG00000000696,-4.176640822295061,-0.6818650576110925,0.020709121808318874,0.17363022930203081,True,3.4947757646839688,-2.429252939953077
ENSRNOG00000000697,-1.7345491998638474,-2.11847906026865,0.013153982157802318,0.07398345844079722,True,-0.3839298604048025,-1.9265141300662485
ENSRNOG00000000698,-1.647281008522667,1.034252307940492,0.00017464227484066062,0.008603324660579517,False,2.6815333164631587,-0.30651435029108753
ENSRNOG00000000699,-0.3619883781338946,-1.7678556518149304,0.0006286341427870979,0.035087706290092766,True,-1.4058672736810358,-1.0649220149744125
ENSRNOG00000000700,2.0033386049884747,0.5092490349077992,0.017913067604957027,0.14329917340787074,True,-1.4940895700806756,1.2562938199481368
ENSRNOG00000000701,-0.4411091721432643,-2.6129460886925315,0.0538504916438804,0.020969719910180026,True,-2.1718369165492675,-1.5270276304178978
ENSRNOG00000000702,-1.855464696488077,-0.8814847688720601,0.009466397594479517,0.46965506058786555,True,0.9739799276160169,-1.3684747326800686
ENSRNOG00000000703,-0.10251817418435218,-1.2260320202971533,0.0033342915547280405,0.057682993934209725,True,-1.1235138461128011,-0.6642750972407527
ENSRNOG00000000704,1.888512518594429,0.1575383508409398,0.014408562049323448,0.21714595474810122,True,-1.7309741677534891,1.0230254347176844
ENSRNOG00000000705,-1.7567258690068288,-2.635713518957761,0.01056161722294854,0.01325255316291726,True,-0.8789876499509324,-2.196219693982295
ENSRNOG00000000706,-1.6390347910586074,-0.2983208420450969,0.014057007197167572,0.13809463960644155,True,1.3407139490135105,-0.9686778165518521
ENSRNOG00000000707,1.0053881266936022,1.430700760297574,0.004115468653540827,0.0005438277617825509,True,0.42531263360397187,1.2180444434955882
ENSRNOG00000000708,-0.398765008315441,1.631475379978225,0.005378521729978622,0.03112175480182235,False,2.0302403882936657,0.6163551858313919
ENSRNOG00000000709,1.1654724432770538,0.07252930930177459,0.0022158346603688324,0.3899273629880315,True,-1.0929431339752793,0.6190008762894141
ENSRNOG00000000710,-0.02456422523153417,0.21305666644169716,0.21303174349252954,0.1038114311615773,False,0.23762089167323133,0.09424622060508149
ENSRNOG00000000711,1.2629945665612208,-0.494965652010419,0.041373514144401345,0.3040899884775793,False,-1.7579602185716396,0.3840144572754009
ENSRNOG00000000712,-1.8631406052731536,-1.6187265854578285,0.002804703352043877,0.003095179667217271,True,0.24441401981532507,-1.7409335953654912
ENSRNOG00000000713,-0.02175237141888139,-0.5595791915100757,0.34310811919910883,0.2208671391003076,True,-0.5378268200911943,-0.2906657814644786
ENSRNOG00000000714,-0.3792420258536823,0.2297878777896879,0.15322187641793714,0.03819285789205713,False,0.6090299036433702,-0.07472707403199719
ENSRNOG00000000715,-2.1886036633874353,-0.4203775943643555,0.049452994707455566,0.008536158197114575,True,1.7682260690230798,-1.3044906288758953
ENSRNOG00000000716,-2.8142603061636393,-0.8730769828182001,0.0012410626924265382,0.07701104472824276,True,1.9411833233454392,-1.8436686444909198
ENSRNOG00000000717,1.2343482634943912,-0.04559606665230531,0.016023308304793295,0.12313279435900103,False,-1.2799443301466966,0.5943760984210429
ENSRNOG00000000718,-0.6317142879923606,0.6188255840193444,0.19886442281596164,0.11763156639759026,False,1.250539872011705,-0.006444351986508112
ENSRNOG00000000719,-1.8401045069651931,-1.2975604586995184,0.002000561239436435,0.0685689334615305,True,0.5425440482656747,-1.5688324828323559
ENSRNOG00000000720,-0.17312208646199806,-0.45854975948602444,0.021930302488197512,0.10590486005375105,True,-0.2854276730240264,-0.31583592297401125
ENSRNOG00000000721,2.030433943228745,0.6367580202356822,0.007173594004091094,0.03227374891984779,True,-1.3936759229930626,1.3335959817322136
ENSRNOG00000000722,-4.105328121669461,-3.3795557068148634,0.010258665896865195,0.008729578250891991,True,0.7257724148545979,-3.7424419142421623
ENSRNOG00000000723,-2.6939496418259874,-0.002456217935626448,0.020012039406810903,0.1451119777897571,True,2.691493423890361,-1.348202929880807
ENSRNOG00000000724,-1.6611955954114817,-0.806831700061083,0.01840696126911745,0.17096313182102965,True,0.8543638953503987,-1.2340136477362824
ENSRNOG00000000725,2.630121960096592,1.9718253727419477,0.023088757015416524,0.003954325264785785,True,-0.6582965873546442,2.30097366641927
ENSRNOG00000000726,0.5086565692547338,0.0705272656294249,0.20564549628934606,0.1439892922379653,True,-0.4381293036253089,0.28959191744207935
ENSRNOG00000000727,1.3811710328302083,3.5074738443344717,0.003604111593768672,0.012406719353221702,True,2.1263028115042637,2.44432243858234
ENSRNOG00000000728,-2.052289654427215,-0.025295951721760357,0.059427753155046725,0.04005886752140391,True,2.0269937027054548,-1.0387928030744877
ENSRNOG00000000729,-2.0151645754869474,-2.1274271318698568,0.004665462849265766,0.02868194385832904,True,-0.11226255638290938,-2.071295853678402
ENSRNOG00000000730,0.8060646901008788,0.2608281818287422,0.1318487991783839,0.08734768635878616,True,-0.5452365082721367,0.5334464359648105
ENSRNOG00000000731,0.1048937956838038,-0.1536289894744693,0.14654587804856867,0.19127550687036127,False,-0.2585227851582731,-0.024367596895332744
ENSRNOG00000000732,0.9877298739554279,0.8248218914864204,0.2830887532359837,0.4961151945659169,True,-0.1629079824690075,0.9062758827209241
ENSRNOG00000000733,-0.33780778367121383,-0.9659965851594324,0.28818071063659195,0.0609154064283282,True,-0.6281888014882187,-0.6519021844153231
ENSRNOG00000000734,0.5006587076183285,0.8012052707102448,0.08756492163864374,0.0033894444036801814,True,0.3005465630919163,0.6509319891642866
ENSRNOG00000000735,0.2846143528291965,1.7182302985651339,0.17058295947769872,0.06349756371437236,True,1.4336159457359374,1.0014223256971653
ENSRNOG00000000736,1.3999813003528656,-0.4273222302144227,0.0011391050449684277,0.1791560562386249,False,-1.8273035305672884,0.48632953506922144
ENSRNOG00000000737,1.4526149075000472,-0.1967759368466383,0.003418758384508276,0.0556077500484544,False,-1.6493908443466854,0.6279194853267045
ENSRNOG00000000738,-2.9157695899051856,-2.490039804197699,0.001397124513739644,0.0044372254970213255,True,0.42572978570748665,-2.7029046970514425
ENSRNOG00000000739,-4.0450833996135405,-3.2092920498504287,0.009497498303283773,0.028265496177809737,True,0.8357913497631118,-3.627187724731985
ENSRNOG00000000740,1.803141715772713,3.3245255352086724,0.02422075181107416,0.00563954056647141,True,1.5213838194359595,2.563833625490693
ENSRNOG00000000741,2.137905167871486,2.5055701951681915,0.006103186230766726,0.014026840712231009,True,0.36766502729670547,2.3217376815198385
ENSRNOG00000000742,-1.8371214351240075,-0.2577041061601477,0.01563727266211082,0.09628113123316995,True,1.5794173289638598,-1.0474127706420777
ENSRNOG00000000743,-3.3477037317821314,-2.55402251580092,0.0070896369178801,0.08427516415116532,True,0.7936812159812114,-2.9508631237915255
ENSRNOG00000000744,0.17826267781296165,-0.1794104562133409,0.2897805569664549,0.08439841430378811,False,-0.3576731340263025,-0.0005738892001896229
ENSRNOG00000000745,1.675508807430953,-0.3849446954006204,0.024286876127384855,0.15940684719441964,False,-2.0604535028315736,0.6452820560151663
ENSRNOG00000000746,3.2356701403817665,3.0210829349098094,0.033386828665177726,0.029967588587781157,True,-0.2145872054719571,3.1283765376457877
ENSRNOG00000000747,0.9293356297826119,1.1475555633014007,0.0344077839619371,0.04319538968312336,True,0.21821993351878888,1.0384455965420063
ENSRNOG00000000748,-0.6690900538542509,0.8953159962913072,0.04791887425331065,0.07910814461222877,False,1.5644060501455581,0.11311297121852815
ENSRNOG00000000749,-1.607635118852753,-1.3145630798438477,0.0008182951901461799,0.003687515175103329,True,0.2930720390089052,-1.4610990993483002
ENSRNOG00000000750,0.02061232500717795,-0.13485172250553573,0.02029885436549903,0.06408862624199851,False,-0.15546404751271367,-0.05711969874917889
ENSRNOG00000000751,-0.5386764669934615,-0.18775219256688633,0.04231796422314017,0.502909766290157,True,0.35092427442657514,-0.36321432978017393
ENSRNOG00000000752,-1.827122230311869,-0.30595066232962076,0.02860576860334384,0.028472115970541962,True,1.5211715679822482,-1.066536446320745
ENSRNOG00000000753,3.6877601715539163,0.9639505134543105,0.02055860093918245,0.27711541375504617,True,-2.723809658099606,2.3258553425041133
ENSRNOG00000000754,3.213303123729836,2.957905064561582,0.009806819540179626,0.000695367034649368,True,-0.25539805916825387,3.085604094145709
ENSRNOG00000000755,2.044887630399771,1.3690032483903725,0.018483046205316524,0.11001490665495733,True,-0.6758843820093987,1.7069454393950718
ENSRNOG00000000756,-1.6575307160564297,-2.238690018269754,0.01914713431820264,0.0213829697667144,True,-0.5811593022133241,-1.9481103671630917
ENSRNOG00000000757,1.539034783735102,-1.1422923873469004,0.02583810456003957,0.03184232813091179,False,-2.6813271710820024,0.19837119819410076
ENSRNOG00000000758,1.1513275370962233,0.6396053277531608,0.005090049447003222,0.05917788437737969,True,-0.5117222093430625,0.895466432424692
ENSRNOG00000000759,0.7965821235672954,2.0617744764635346,0.006577521959403217,0.08685964609700395,True,1.2651923528962392,1.429178300015415
ENSRNOG00000000760,2.249397480678799,3.288009186940048,0.012451258256071253,0.0020458843074922977,True,1.038611706261249,2.7687033338094236
ENSRNOG00000000761,1.1436680571502993,1.1508393000658048,0.009079443607836597,0.0020870007545092423,True,0.007171242915505527,1.147253678608052
ENSRNOG00000000762,1.332025625347804,2.965883372270867,0.005279971725305601,0.08688275060820656,True,1.6338577469230628,2.1489544988093354
ENSRNOG00000000763,1.1464313100699783,0.7344851537430032,0.015163122667907458,0.00866169182896312,True,-0.4119461563269752,0.9404582319064907
ENSRNOG00000000764,0.6134245344037906,1.418097412619498,0.09596214081293132,0.0005273177684624494,True,0.8046728782157074,1.0157609735116444
ENSRNOG00000000765,-3.2105000334855305,-2.6569324561219094,0.025054502875097518,0.009524846240529544,True,0.553567577363621,-2.93371624480372
ENSRNOG00000000766,0.150517939339003,-0.437976582497834,0.07914201458766144,0.11977371424588698,False,-0.588494521836837,-0.14372932157941548
ENSRNOG00000000767,-1.0011455259284254,-1.3921635303559974,0.0018975623000985354,0.019161232878967253,True,-0.39101800442757195,-1.1966545281422114
ENSRNOG00000000768,-2.303713723752037,-3.730080726631914,0.00031255259705129416,0.07669627007916965,True,-1.4263670028798767,-3.0168972251919755
ENSRNOG00000000769,3.027269914741483,3.4099904149684654,0.004886344826301934,0.0012859500877085688,True,0.38272050022698245,3.218630164854974
ENSRNOG00000000770,3.112191613594266,1.442576236149184,0.007516318504754555,0.06906002168761179,True,-1.6696153774450821,2.2773839248717254
ENSRNOG00000000771,2.4465970805321016,0.8221752960188728,0.02806412151570667,0.14635292770444505,True,-1.6244217845132287,1.6343861882754873
ENSRNOG00000000772,0.45938415034057434,-0.9265890434617187,0.08783582909882248,0.05172430053303483,False,-1.385973193802293,-0.23360244656057216
ENSRNOG00000000773,2.4311252177147824,1.438587739682955,0.010050528728373849,0.0896308666581399,True,-0.9925374780318275,1.9348564786988687
ENSRNOG00000000774,0.021695725083285978,1.8664200191443643,0.03392069959565265,0.0609339656921643,True,1.8447242940610784,0.9440578721138251
ENSRNOG00000000775,0.3650350984160029,2.4466916602867355,0.2590134351138515,0.009807548563750287,True,2.081656561870733,1.405863379351369
ENSRNOG00000000776,-1.9682484668315694,-3.082319177037655,0.022843661357546754,0.004438132082388911,True,-1.1140707102060854,-2.525283821934612
ENSRNOG00000000777,0.714584348097912,0.11374696093148373,0.614377218315503,0.11712669617813579,True,-0.6008373871664283,0.4141656545146979
ENSRNOG00000000778,0.10869467116395078,-1.0121632822068969,0.2886389175422277,0.01914100666817079,False,-1.1208579533708476,-0.45173430552147303
ENSRNOG00000000779,-2.344773810302036,-0.5566915627332889,0.04132073197101241,0.20647316060399298,True,1.7880822475687472,-1.4507326865176626
ENSRNOG00000000780,-0.09215480126987444,0.23825795979510847,0.016902466175069335,0.015116740293966126,False,0.3304127610649829,0.07305157926261702
ENSRNOG00000000781,-0.14351321494225525,-0.7659867799095602,0.2701549713099999,0.017048929999436867,True,-0.622473564967305,-0.4547499974259077
ENSRNOG00000000782,3.2356100999603523,2.2764166025936095,0.0005527176577972471,0.03979572407935929,True,-0.9591934973667429,2.756013351276981
ENSRNOG00000000783,1.6095839913241372,0.5932275616223194,0.09055918629574965,0.6686598903260176,True,-1.0163564297018177,1.1014057764732283
ENSRNOG00000000784,0.020601790364638828,1.708967616541596,0.09002674093240257,0.01416927943337434,True,1.6883658261769572,0.8647847034531173
ENSRNOG00000000785,0.4478171576419494,0.8788231579633659,0.02490110876515601,0.44928949869374685,True,0.43100600032141645,0.6633201578026576
ENSRNOG00000000786,0.07958228058755651,0.7574305427617983,0.02094372003385117,0.007811461661664604,True,0.6778482621742419,0.4185064116746774
ENSRNOG00000000787,-0.3652451726319859,-3.048630069324293,0.3959122078191489,0.025323175232218196,True,-2.6833848966923073,-1.7069376209781395
ENSRNOG00000000788,-1.9483689552989163,-1.3950190023735145,0.012248316818962967,0.00876574709206196,True,0.5533499529254018,-1.6716939788362155
ENSRNOG00000000789,-0.2718933796924727,2.0024840088211047,0.0007989755544837629,0.054677756752925424,False,2.274377388513577,0.865295314564316
ENSRNOG00000000790,-1.3429768619745241,0.47921125739584214,0.02218660104478604,0.27578672163893103,False,1.8221881193703662,-0.431882802289341
ENSRNOG00000000791,-2.2505679700616636,-3.46983028485825,0.021896887453649247,0.010816786591031139,True,-1.2192623147965862,-2.860199127459957
ENSRNOG00000000792,0.9201992661855625,0.29663837668840864,0.11163325742816821,0.07245410005894734,True,-0.6235608894971538,0.6084188214369856
ENSRNOG00000000793,0.7042763878798229,-0.782687495456378,0.03198505601001879,0.21203148104633246,False,-1.4869638833362009,-0.0392055537882775
ENSRNOG00000000794,-3.2160735204625404,-0.39027335553351383,0.003321701568467085,0.03582018485305031,True,2.8258001649290265,-1.803173437998027
ENSRNOG00000000795,-0.220832347491229,0.10632620009566823,0.07025170335020743,0.08550553562171243,False,0.3271585475868972,-0.05725307369778038
ENSRNOG00000000796,1.7922624946198624,0.4125531586234986,0.011694866454806406,0.4928425804560449,True,-1.3797093359963637,1.1024078266216806
ENSRNOG00000000797,1.9066027300133774,1.3323556971269253,0.05789986301801775,0.08678969801916182,True,-0.5742470328864522,1.6194792135701515
ENSRNOG00000000798,1.8465063171934297,-1.482109509830376,0.015175607467882057,0.03160235597618854,False,-3.328615827023806,0.18219840368152684
ENSRNOG00000000799,0.07004377242262765,-1.0915796033820189,0.036122377594027234,0.030582843107267946,False,-1.1616233758046466,-0.5107679154796956
ENSRNOG00000000800,-1.521081590344472,-0.996069569316616,0.014291083289706446,0.0924239149790242,True,0.525012021027856,-1.258575579830544
ENSRNOG00000000801,-1.950657889244509,-0.43848822781027774,0.04965661607961645,0.2048465129840017,True,1.5121696614342313,-1.1945730585273933
ENSRNOG00000000802,0.6202888285506435,-1.6165834232127705,0.036116257327738564,0.0005276573126256255,False,-2.236872251763414,-0.4981472973310635
ENSRNOG00000000803,0.6827040618572934,0.06402568897540872,0.03253418503234329,0.04994053330494778,True,-0.6186783728818847,0.37336487541635105
ENSRNOG00000000804,2.3171960008891177,2.6358633060493633,0.0004982698641189718,0.11287511103915293,True,0.31866730516024555,2.4765296534692407
ENSRNOG00000000805,1.9799633706157505,-0.17765089857322547,0.013127952651042302,0.004604967606975788,False,-2.1576142691889757,0.9011562360212625
ENSRNOG00000000806,-0.23801158175610979,0.07879410092922709,0.007083344214935989,0.09917012471116221,False,0.3168056826853369,-0.07960874041344135
ENSRNOG00000000807,-2.239570581949565,-1.4536347674644008,0.07812555878528697,0.025244609852635744,True,0.7859358144851643,-1.846602674706983
ENSRNOG00000000808,-0.5743918746196162,1.4095128616330936,0.3409017023532436,0.014365572678530633,False,1.9839047362527098,0.41756049350673874
ENSRNOG00000000809,0.3910161506589444,0.024247979680862675,0.02259963159488531,0.010130620465295928,True,-0.36676817097808173,0.20763206516990354
ENSRNOG00000000810,-0.3637498417009274,-0.42753052065045444,0.04103366494238082,0.1488309824955584,True,-0.06378067894952705,-0.3956401811756909
ENSRNOG00000000811,-1.0402093945397806,0.19036535253587217,0.004496118171134052,0.7510178804964045,False,1.2305747470756527,-0.4249220210019542
ENSRNOG00000000812,0.455192666945818,-1.0831350879286554,0.016481534354884746,0.021002344971001216,False,-1.5383277548744734,-0.31397121049141874
ENSRNOG00000000813,-0.9071239345390988,-0.8487716423649888,0.2452938289602694,0.21567238720798454,True,0.058352292174109976,-0.8779477884520438
ENSRNOG00000000814,-1.1305189507056732,-1.2472641478623938,0.02261911837084415,0.009165425899533296,True,-0.1167451971567206,-1.1888915492840335
ENSRNOG00000000815,0.5606151017461912,0.23536086584705485,0.04673264105617807,0.16682346375323678,True,-0.3252542358991364,0.39798798379662303
ENSRNOG00000000816,-0.7235866442325687,0.39878785333283323,0.2241479330710423,0.8324303137043648,False,1.122374497565402,-0.16239939544986773
ENSRNOG00000000817,0.43938790016103385,0.8806533314457848,0.16416133330622765,0.7192656952486824,True,0.441265431284751,0.6600206158034093
ENSRNOG00000000818,0.49176724113382086,-0.45171469998411184,0.05920928806937068,0.1325850136322447,False,-0.9434819411179327,0.02002627057485451
ENSRNOG00000000819,-2.0509722019648344,-1.2511269338425146,0.009218159102736736,0.026067659213931997,True,0.7998452681223198,-1.6510495679036745
ENSRNOG00000000820,-0.866234022957742,0.9759245591942857,0.48886228827957373,0.14685059695879327,False,1.8421585821520277,0.05484526811827184
ENSRNOG00000000821,2.5879984918496324,0.8869049907205795,0.04802025018789767,0.11814689379096288,True,-1.7010935011290529,1.7374517412851058
ENSRNOG00000000822,-2.091743122921717,-1.2699602041699043,0.02812179557259925,0.0043044366061617744,True,0.8217829187518126,-1.6808516635458106
ENSRNOG00000000823,-3.809978008146956,-2.7936037563254903,0.00465532494798173,0.004467961001258809,True,1.0163742518214658,-3.301790882236223
ENSRNOG00000000824,-3.3513212758365207,-2.34505373419745,0.013657297376889992,0.0731589096525894,True,1.0062675416390707,-2.8481875050169854
ENSRNOG00000000825,0.052397903838004564,-1.6765599287520276,0.38814087966437155,0.03242081968429757,False,-1.728957832590032,-0.8120810124570116
ENSRNOG00000000826,0.05565110045885804,1.519143745339838,0.04551198948312976,0.00049623334859232,True,1.46349264488098,0.787397422899348
ENSRNOG00000000827,-0.2116995397652177,-0.9570251829729405,0.17118588046758756,0.1435628321801867,True,-0.7453256432077228,-0.584362361369079
ENSRNOG00000000828,2.185541692071303,2.5635439192696956,0.002591262171361148,0.01047915821746785,True,0.3780022271983925,2.374542805670499
ENSRNOG00000000829,-4.811101979585288,-3.923994784567883,0.012772604748487803,0.030172362172148335,True,0.8871071950174052,-4.367548382076586
ENSRNOG00000000830,0.7126809739754826,-0.17215682218722006,0.22354957634962577,0.27647873175125487,False,-0.8848377961627026,0.27026207589413126
ENSRNOG00000000831,2.810588763246432,3.184979771996314,0.10368805282977522,0.03457885298664736,True,0.3743910087498823,2.9977842676213733
ENSRNOG00000000832,-2.0300053768050854,-0.3368248225756376,0.010582045437604515,0.0699167179798966,True,1.6931805542294478,-1.1834150996903614
ENSRNOG00000000833,-0.6836517212218112,-0.24578397651864958,0.4994070310910888,0.2419507508917267,True,0.4378677447031616,-0.4647178488702304
ENSRNOG00000000834,-1.3552054510115177,-0.12233162939119635,0.02967445141693274,0.671164531778303,True,1.2328738216203212,-0.7387685402013571
ENSRNOG00000000835,-1.6098228829395518,-1.3976599796681153,0.01844055700633918,0.0922167048351026,True,0.2121629032714365,-1.5037414313038335
ENSRNOG00000000836,-0.587271609041472,-0.4081307032530354,0.08604106365138962,0.03342262026706442,True,0.1791409057884366,-0.49770115614725374
ENSRNOG00000000837,2.5694735106321085,1.0525363751428238,0.029766399227998425,0.04651462833094382,True,-1.5169371354892847,1.8110049428874662
ENSRNOG00000000838,3.3072960158775366,3.1982294875619974,0.03855858042902254,0.020637401847453832,True,-0.1090665283155392,3.252762751719767
ENSRNOG00000000839,-0.6046906050722659,-1.139273609174861,0.07395883887942302,6.720298535421552e-05,True,-0.5345830041025951,-0.8719821071235634
ENSRNOG00000000840,3.4291083853160464,3.8912078641996573,0.0128234473072442,0.025670133640286495,True,0.4620994788836108,3.660158124757852
ENSRNOG00000000841,0.06403765857232475,-0.2880802689066348,0.1544876099786809,0.2005638615606515,False,-0.35211792747895954,-0.11202130516715503
ENSRNOG00000000842,3.156643848061946,2.1680518088992744,0.04647705295437457,0.022176915888935247,True,-0.9885920391626715,2.66234782848061
ENSRNOG00000000843,-0.1679375693762852,0.6824668745111772,0.10435227059231003,0.39191540843104217,False,0.8504044438874624,0.25726465256744596
ENSRNOG00000000844,0.23590408688305975,0.18547242132954175,0.1633390191649023,0.010064000037276555,True,-0.050431665553517996,0.21068825410630077
ENSRNOG00000000845,0.6578540507571022,0.13453702451525384,0.6296038264457252,0.094054835055547,True,-0.5233170262418484,0.39619553763617804
ENSRNOG00000000846,5.721936622861564,3.8593922833469687,0.034630322408755694,0.010418178977613895,True,-1.8625443395145949,4.790664453104267
ENSRNOG00000000847,1.5323140347206203,1.9804828148454852,0.0025809961743959334,0.0036747820541944867,True,0.44816878012486483,1.7563984247830526
ENSRNOG00000000848,-1.2730761539126345,-1.5616866179041322,0.01604111543615156,0.0026479516960644686,True,-0.2886104639914977,-1.4173813859083833
ENSRNOG00000000849,1.7441961664965444,1.0535045355807222,0.04416287807937148,0.002325648080145497,True,-0.6906916309158222,1.3988503510386332
ENSRNOG00000000850,-0.6512985667518147,-0.4320819616868849,0.10195204471681339,0.4665470306892024,True,0.21921660506492985,-0.5416902642193498
ENSRNOG00000000851,-0.8815503292221765,0.3083602314329591,0.17405028103063397,0.17891607441542007,False,1.1899105606551355,-0.2865950488946087
ENSRNOG00000000852,1.6354824478058003,1.007290421942936,0.044941686879161453,0.006461604715564728,True,-0.6281920258628644,1.321386434874368
ENSRNOG00000000853,0.05595405798807501,1.9367628086502993,0.13028001437183695,0.009123755503681911,True,1.8808087506622242,0.9963584333191872
ENSRNOG00000000854,0.5014366461212509,0.1766114127616008,0.24904215824128176,0.2143152788825302,True,-0.32482523335965013,0.33902402944142584
ENSRNOG00000000855,0.02517339935752643,-0.23244990876242594,0.018777456410800492,0.8776850330629278,False,-0.2576233081199524,-0.10363825470244975
ENSRNOG00000000856,0.6058496278897825,0.2323940192664338,0.15740658158311246,0.04651494888990887,True,-0.3734556086233487,0.4191218235781081
ENSRNOG00000000857,0.7649386153850686,-0.862315241629064,0.03718360762248678,0.22465901734615087,False,-1.6272538570141326,-0.04868831312199773
ENSRNOG00000000858,-3.4865404788697476,-3.4594107147280475,0.018600119549945244,0.004709053929777923,True,0.027129764141700097,-3.4729755967988973
ENSRNOG00000000859,1.1998308034971605,0.25868471215202127,0.005464862446749907,0.0016050146814397,True,-0.9411460913451393,0.7292577578245909
ENSRNOG00000000860,-1.7676349556945412,-0.009370428579651868,0.003458109647910134,0.12911045612285688,True,1.7582645271148893,-0.8885026921370965
ENSRNOG00000000861,-2.5961384440069404,-1.8001565042548302,0.01178043147086387,0.006231996818623251,True,0.7959819397521102,-2.1981474741308853
ENSRNOG00000000862,-0.10514023894562839,-0.5803717615795192,0.23720068715927436,0.2756023726511357,True,-0.4752315226338908,-0.3427560002625738
ENSRNOG00000000863,0.1511658059660177,1.3906542309438172,0.36211291485113944,0.0012365674566265244,True,1.2394884249777995,0.7709100184549175
ENSRNOG00000000864,-1.2483110962301054,0.7798844441004021,0.0038776945351333397,0.17148398150898392,False,2.0281955403305076,-0.23421332606485162
ENSRNOG00000000865,1.495857343802354,2.3353345777387493,0.004164982802365721,0.0647749678976924,True,0.8394772339363954,1.9155959607705517
ENSRNOG00000000866,-2.4159152994676325,-2.5385669007349057,0.14342012660504233,0.0037814277634229095,True,-0.12265160126727315,-2.477241100101269
ENSRNOG00000000867,-0.7324987477906061,-1.0181101997009507,0.12936792353117438,0.010342537265300402,True,-0.28561145191034465,-0.8753044737457785
ENSRNOG00000000868,-1.0527734428794013,1.188536932672462,0.007547574349978467,0.029183601067134576,False,2.2413103755518633,0.06788174489653032
ENSRNOG00000000869,-0.08385708661081087,0.19617385770467174,0.037484487833994225,0.08199768772375408,False,0.2800309443154826,0.05615838554693044
ENSRNOG00000000870,0.5019557123650298,0.06032146626733775,0.20515823570234462,0.4198750033339764,True,-0.44163424609769203,0.28113858931618374
ENSRNOG00000000871,-1.8142073093223805,-0.4793956109418396,0.007134436885716576,0.01853188429406088,True,1.334811698380541,-1.1468014601321102
ENSRNOG00000000872,1.3037088194212108,1.9441860179324413,0.012811005790103181,0.016344494995190816,True,0.6404771985112305,1.623947418676826
ENSRNOG00000000873,0.11340426300245951,-0.5229071506330052,0.0017046879330278111,0.009253884157176468,False,-0.6363114136354647,-0.20475144381527283
ENSRNOG00000000874,-3.405503255961439,-2.085330257502851,0.002662763347540084,0.03326451296807494,True,1.3201729984585882,-2.745416756732145
ENSRNOG00000000875,-3.525464592714656,-1.4244278503680547,0.0020768918863804716,0.012213876043200726,True,2.101036742346601,-2.474946221541355
ENSRNOG00000000876,-0.022174727272760222,-1.233380317803323,0.08982812932714547,0.04311041433131916,True,-1.2112055905305628,-0.6277775225380415
ENSRNOG00000000877,-0.39774117201543735,-0.2575012666730506,0.14364818239061192,0.1294915891949792,True,0.14023990534238673,-0.327621219344244
ENSRNOG00000000878,-0.1861562044343403,-1.2966953547186026,0.0655563002435847,0.01917255755722754,True,-1.1105391502842623,-0.7414257795764715
ENSRNOG00000000879,-0.050368421754392365,-1.0670100485661385,0.03758059972140107,0.010436377778547308,True,-1.0166416268117462,-0.5586892351602654
ENSRNOG00000000880,0.4060077111183253,-0.31516983779385815,0.10372357505559002,0.05357531128951291,False,-0.7211775489121834,0.04541893666223357
ENSRNOG00000000881,1.7057692977269394,1.660898637227763,0.041024102450229506,0.002692535251088515,True,-0.04487066049917643,1.6833339674773513
ENSRNOG00000000882,-1.9999888216516049,-1.6981161587931326,0.01085000951814184,0.012444524788141856,True,0.30187266285847225,-1.8490524902223688
ENSRNOG00000000883,-2.109548867221431,-2.1153322609273992,0.004100080856311391,0.00737838007405053,True,-0.005783393705968365,-2.112440564074415
ENSRNOG00000000884,-1.9679829441972885,-1.284096110562949,0.005274679056711698,0.05288055318523835,True,0.6838868336343396,-1.6260395273801187
ENSRNOG00000000885,0.5200500009036725,-0.8506768640652538,0.07780828329469018,0.39558440032221764,False,-1.3707268649689262,-0.16531343158079065
ENSRNOG00000000886,2.240905281563602,1.9740589701888551,0.0008129391158458302,0.04744310494268867,True,-0.2668463113747468,2.1074821258762286
ENSRNOG00000000887,-0.7764109888311189,0.6599966276510646,0.0697937724662509,0.17416605748616792,False,1.4364076164821835,-0.05820718059002716
ENSRNOG00000000888,-4.5030597194873785,-3.1452448522888297,0.009263940018229631,0.029778787105227442,True,1.3578148671985488,-3.824152285888104
ENSRNOG00000000889,-3.067187152698676,-2.298468706800319,0.04593705036674523,0.0241317193433049,True,0.7687184458983571,-2.6828279297494975
ENSRNOG00000000890,-1.499466101032821,-0.6275245778259704,0.037488771898251415,0.07965343532770872,True,0.8719415232068506,-1.0634953394293958
ENSRNOG00000000891,-1.0039119974913866,-2.812553048067265,0.012921148085648348,0.005293658184552366,True,-1.8086410505758785,-1.908232522779326
ENSRNOG00000000892,-0.7350995290585075,0.06379064966797571,0.08545342484662631,0.30245313883324915,False,0.7988901787264833,-0.33565443969526587
ENSRNOG00000000893,0.06944602136565071,3.304203388460749,0.045512915851199084,0.033515305846418895,True,3.2347573670950984,1.6868247049132
ENSRNOG00000000894,-0.5611433954804048,-0.5103875410971317,0.08328044677379841,0.06187889965147819,True,0.050755854383273125,-0.5357654682887683
ENSRNOG00000000895,1.888811298978133,1.1593103979029833,0.0013882795431497065,0.012928593570177841,True,-0.7295009010751496,1.5240608484405582
ENSRNOG00000000896,-1.2168311502264637,-0.04665783204932783,0.004009164353346314,0.36602829702473205,True,1.1701733181771359,-0.6317444911378958
ENSRNOG00000000897,-1.5521723270559775,0.6721221192097955,0.012902747484785902,0.06965461856503377,False,2.224294446265773,-0.440025103923091
ENSRNOG00000000898,0.861975969336831,1.6098598958048869,0.5828564843875969,0.016922137815405962,True,0.7478839264680559,1.235917932570859
ENSRNOG00000000899,-2.7641557258670146,-4.143013116102298,0.03135578235279236,0.024259201550549,True,-1.3788573902352836,-3.4535844209846562
ENSRNOG00000000900,0.7014450695760039,1.0685514268575669,0.30487148928208563,0.016418275641542125,True,0.36710635728156293,0.8849982482167854
ENSRNOG00000000901,0.18459573070728036,2.826051749384709,0.17260930263357943,0.014721352669741353,True,2.6414560186774287,1.5053237400459947
ENSRNOG00000000902,-0.26539648185270137,0.47309349143760143,0.608724959451843,0.16198543554366412,False,0.7384899732903027,0.10384850479245003
ENSRNOG00000000903,2.8588969928686723,0.7317179462153602,0.006860068128342131,0.25364714320112897,True,-2.1271790466533123,1.7953074695420161
ENSRNOG00000000904,-1.1199734015304923,-0.46566080740119015,0.0020545950168848037,0.18664344332418503,True,0.6543125941293022,-0.7928171044658412
ENSRNOG00000000905,3.7085367069433413,1.1770833468133517,0.0030618102898813298,0.07247133820716739,True,-2.53145336012999,2.4428100268783464
ENSRNOG00000000906,-0.40577660861057874,1.0185157798771092,0.0061564405949381005,0.12055932856184087,False,1.424292388487688,0.3063695856332652
ENSRNOG00000000907,-2.298629600946411,-2.566744846072881,0.009992400278879904,0.0008904619710343841,True,-0.2681152451264701,-2.432687223509646
ENSRNOG00000000908,0.12585524579068555,0.16353738356429037,0.25765277743803405,0.2119626776018316,True,0.037682137773604824,0.14469631467748795
ENSRNOG00000000909,-1.9372413605737826,-2.2179931272816122,0.007999685041473982,0.008964510381127822,True,-0.28075176670782964,-2.0776172439276976
ENSRNOG00000000910,-1.3531605260643005,-1.493919618149115,0.025294925212101742,0.020053604026950344,True,-0.14075909208481452,-1.4235400721067077
ENSRNOG00000000911,0.714659940027884,2.046426937372481,0.1241827499328727,0.004132843983211843,True,1.3317669973445967,1.3805434387001825
ENSRNOG00000000912,1.0000477595702246,0.788662499646135,0.004155692444354024,0.09530275123348146,True,-0.21138525992408963,0.8943551296081798
ENSRNOG00000000913,-1.1199018604576647,-1.3486958625232182,0.009200230267031886,0.010360486522246968,True,-0.22879400206555345,-1.2342988614904415
ENSRNOG00000000914,1.7773292610835212,0.006094528105735408,0.00063237722239924,0.18256889426934825,True,-1.7712347329777858,0.8917118945946283
ENSRNOG00000000915,2.083513964438041,-0.5484970649015404,0.0032857974113589617,0.29173528439639307,False,-2.6320110293395813,0.7675084497682503
ENSRNOG00000000916,2.585343161813924,0.44418868483464724,0.030722473355221373,0.007440914249987528,True,-2.1411544769792767,1.5147659233242856
ENSRNOG00000000917,0.9529441328262999,0.7655592138384808,0.24909022041879764,0.0040541311616317365,True,-0.18738491898781906,0.8592516733323903
ENSRNOG00000000918,2.4541716817542576,2.698082200751692,0.03651611870091143,0.04871375544761167,True,0.24391051899743443,2.5761269412529746
ENSRNOG00000000919,-3.385437170353304,-2.890466342883558,0.017777258124017762,0.012596035696643457,True,0.49497082746974597,-3.137951756618431
ENSRNOG00000000920,-0.5722317875312326,1.2599531652337272,0.03378592271168404,0.024178366907359257,False,1.8321849527649599,0.3438606888512473
ENSRNOG00000000921,-1.5606094613821673,-1.8145898770795121,0.06112352937309756,0.0078038747357525775,True,-0.25398041569734486,-1.6875996692308397
ENSRNOG00000000922,0.21460655002930576,-0.10397985500394533,0.020598701253418384,0.14645056984967275,False,-0.3185864050332511,0.05531334751268022
ENSRNOG00000000923,-1.0286085945541272,-1.8330094006509212,0.00773144160482706,0.010472347979914727,True,-0.804400806096794,-1.4308089976025242
ENSRNOG00000000924,-0.2990841155095183,0.8369226227497761,0.010405244049239022,0.07711054449983293,False,1.1360067382592944,0.2689192536201289
ENSRNOG00000000925,3.387914784367289,4.506168198116553,0.009928780283130833,0.008724843071571502,True,1.118253413749264,3.9470414912419214
ENSRNOG00000000926,-0.3054956335566809,-2.0576448398015508,0.017463005351273316,0.03344173983816808,True,-1.7521492062448698,-1.1815702366791159
ENSRNOG00000000927,0.7448261709423851,0.14301162417438867,0.04342905873329624,0.020467932635532596,True,-0.6018145467679965,0.44391889755838687
ENSRNOG00000000928,-0.4180847938636234,1.043721179575273,0.23552729946272832,0.05202338921190075,False,1.4618059734388964,0.3128181928558248
ENSRNOG00000000929,0.1362839183223006,-1.426619733037717,0.05220184409310461,0.011960080028884669,False,-1.5629036513600176,-0.6451679073577082
ENSRNOG00000000930,0.010830024784928626,0.6023825191733921,0.0031735757425973856,0.053881464328395585,True,0.5915524943884635,0.3066062719791604
ENSRNOG00000000931,0.806983318751687,1.8312944669690965,0.18102152278122,0.0341982840664689,True,1.0243111482174094,1.3191388928603918
ENSRNOG00000000932,2.0975535639849183,1.5084766785844237,0.007851726973121555,0.10828733874482596,True,-0.5890768854004946,1.803015121284671
ENSRNOG00000000933,2.965309195685993,2.5941864775536145,0.00394091309602511,0.00047482779609364347,True,-0.3711227181323786,2.779747836619804
ENSRNOG00000000934,0.5573161474365004,2.227922485690808,0.11073291868996092,0.05093407736589456,True,1.6706063382543075,1.3926193165636542
ENSRNOG00000000935,1.0611843948640838,2.767453270313781,0.008191272691719884,0.048542009121287415,True,1.706268875449697,1.9143188325889322
ENSRNOG00000000936,-2.0715561165340204,-1.4737237329293411,0.025466247184819442,0.02529365539688088,True,0.5978323836046793,-1.7726399247316809
ENSRNOG00000000937,-0.15817813634811703,-0.6665578744809144,0.15132144285898566,0.3742238207310333,True,-0.5083797381327974,-0.41236800541451574
ENSRNOG00000000938,1.6925210367904602,0.18493518839013168,0.007497628234660811,0.1859217168256654,True,-1.5075858484003284,0.938728112590296
ENSRNOG00000000939,1.5587435491508759,2.085757971372744,0.0019073054884708146,0.07870342735388963,True,0.5270144222218682,1.8222507602618099
ENSRNOG00000000940,0.38089751903109037,-1.1813540227393753,0.039321372951499976,0.008374790473951654,False,-1.5622515417704657,-0.40022825185414246
ENSRNOG00000000941,1.5955091272223143,0.8197434666204114,0.011520999891556425,0.2823512556340348,True,-0.7757656606019029,1.207626296921363
ENSRNOG00000000942,0.8833800761888739,0.7085227113106235,0.22568351207769685,0.1981842726824655,True,-0.17485736487825043,0.7959513937497487
ENSRNOG00000000943,2.160551264866779,0.9410222217547176,0.019002565072153064,0.8388418961246374,True,-1.2195290431120616,1.5507867433107483
ENSRNOG00000000944,0.5208464825228001,0.6479868863855842,0.09201668536674379,0.028599894884260624,True,0.12714040386278413,0.5844166844541921
ENSRNOG00000000945,-0.6402569680278624,2.25736424594845,0.25750639031342,0.015040409562646373,False,2.8976212139763122,0.8085536389602939
ENSRNOG00000000946,0.6045142624794425,0.28339117862215135,0.05160194937680023,0.194446233585411,True,-0.32112308385729116,0.44395272055079693
ENSRNOG00000000947,-5.275069876534997,-4.044223424842557,0.0012490827896176893,0.01807131569108256,True,1.2308464516924396,-4.659646650688777
ENSRNOG00000000948,0.689194325493089,1.534750556936246,0.24379158139081472,0.0016469681589315246,True,0.8455562314431571,1.1119724412146677
ENSRNOG00000000949,-6.56714308538661,-4.214094471710098,0.021761985908953355,0.010889696495771933,True,2.3530486136765125,-5.390618778548355
ENSRNOG00000000950,-3.1022341333297527,-0.5982166508922868,0.0033103868914101955,0.12063955611159012,True,2.504017482437466,-1.8502253921110197
ENSRNOG00000000951,0.8131834816937715,0.725886768362469,0.040131893319640545,0.0668778013668895,True,-0.08729671333130251,0.7695351250281203
ENSRNOG00000000952,0.8595528070802315,0.3236515404449725,0.4130838887707791,0.1454692360692006,True,-0.5359012666352589,0.591602173762602
ENSRNOG00000000953,-2.092371804251875,-3.295723959390558,0.021873464822273227,0.029354178974384672,True,-1.203352155138683,-2.6940478818212164
ENSRNOG00000000954,-1.28178367538209,-2.572334327762148,0.0051431515249755295,0.020296444117278347,True,-1.2905506523800583,-1.9270590015721192
ENSRNOG00000000955,2.466973779505438,-0.24994145488476005,0.003910104019048345,0.09016976216825653,False,-2.716915234390198,1.1085161623103388
ENSRNOG00000000956,-0.8712542368308172,-0.1941467564465041,0.43087062004581295,0.11069255503079567,True,0.6771074803843131,-0.5327004966386606
ENSRNOG00000000957,4.037256562325373,1.3149725085204214,0.019868596296231517,0.05222723707374203,True,-2.7222840538049518,2.6761145354228972
ENSRNOG00000000958,-0.0034557357174230686,1.3160063339275043,0.017260672187876417,0.057157531043252885,False,1.3194620696449273,0.6562752991050407
ENSRNOG00000000959,0.7344651183862803,0.5311951736014221,0.014751828017926325,0.04129283983514086,True,-0.20326994478485816,0.6328301459938512
ENSRNOG00000000960,2.910373917297494,1.7226579987055435,0.009193804484247005,0.03316571794564499,True,-1.1877159185919504,2.316515958001519
ENSRNOG00000000961,0.2358488091481552,-0.7256706387438094,0.20289026356303205,0.006074757631998711,False,-0.9615194478919646,-0.24491091479782712
ENSRNOG00000000962,-1.8042191652434423,-0.5734973466818244,0.012852716896178711,0.19980097938342656,True,1.230721818561618,-1.1888582559626333
ENSRNOG00000000963,-0.19750941304972222,-0.9790291113933431,0.07627210512123833,0.059923502728821264,True,-0.7815196983436209,-0.5882692622215326
ENSRNOG00000000964,-0.06409932514216368,-1.078234445370046,0.2696093994756209,0.014717166691554972,True,-1.0141351202278823,-0.5711668852561049
ENSRNOG00000000965,-2.456534973962818,-0.42267636565909994,0.013247841546272964,0.0024780059418083185,True,2.033858608303718,-1.439605669810959
ENSRNOG00000000966,-0.4604977284134821,0.059213763492605875,0.21039708468879836,0.05999028881322861,False,0.5197114919060879,-0.2006419824604381
ENSRNOG00000000967,-1.335945769195386,-1.1551190227135484,0.0005671113735299992,0.015184722520261354,True,0.1808267464818376,-1.2455323959544673
ENSRNOG00000000968,1.6638439629373813,1.8049185287678218,0.020640068461174797,0.001259954404930087,True,0.14107456583044042,1.7343812458526016
ENSRNOG00000000969,0.06230137353346011,0.05174340076898642,0.27799961117808486,0.11962768581917331,True,-0.010557972764473691,0.057022387151223264
ENSRNOG00000000970,-0.5090323484656261,0.05602181101764214,0.38410587408436986,0.17818079474746257,False,0.5650541594832682,-0.22650526872399196
ENSRNOG00000000971,-0.19112747512063727,-0.9876569805762612,0.08147749429995853,0.06606024564785143,True,-0.7965295054556238,-0.5893922278484492
ENSRNOG00000000972,0.40161963313109905,2.447019889885301,0.2502201626368623,0.0038378629274101986,True,2.045400256754202,1.4243197615082002
ENSRNOG00000000973,1.1102655594416038,0.14637961436025426,0.0025335230488238744,0.023348431784226492,True,-0.9638859450813495,0.628322586900929
ENSRNOG00000000974,-1.7994820116048864,0.4101693754061533,0.02344855801168131,0.061885492402224185,False,2.2096513870110397,-0.6946563180993666
ENSRNOG00000000975,-1.8748577387182894,-1.473215554098137,0.0015733732201153286,0.027968085757768508,True,0.40164218462015233,-1.6740366464082133
ENSRNOG00000000976,1.988422587724554,2.1995793310904075,0.03400347158287017,0.03035724034191508,True,0.21115674336585344,2.094000959407481
ENSRNOG00000000977,-0.7422063699685151,0.2662343423988529,0.2440000368407879,0.5134463169885466,False,1.008440712367368,-0.23798601378483109
ENSRNOG00000000978,-2.5503157666743737,-0.5300203784310262,0.00209544103099385,0.2644264816729094,True,2.0202953882433476,-1.5401680725526998
ENSRNOG00000000979,0.7988628768895883,-0.33942813623743195,0.045574956077292596,0.0554460668332234,False,-1.1382910131270203,0.2297173703260782
ENSRNOG00000000980,0.8340656508588364,1.696581813926814,0.008742037130016823,0.050063942869419176,True,0.8625161630679776,1.2653237323928253
ENSRNOG00000000981,-2.755287463062072,0.0651663685748034,0.01855878738819242,0.04523128950729261,False,2.8204538316368755,-1.345060547243634
ENSRNOG00000000982,0.41306708783449136,0.009257991523504205,0.34679034714434775,0.19843743093531382,True,-0.40380909631098716,0.21116253967899778
ENSRNOG00000000983,1.3240495663710725,0.936795075631558,0.016170150201011032,0.12373237203682719,True,-0.38725449073951457,1.1304223210013151
ENSRNOG00000000984,0.6738956130712735,-0.09136995771569584,0.05010776890447898,0.06198675689420725,False,-0.7652655707869693,0.2912628276777889
ENSRNOG00000000985,1.1375666707705117,0.409787271329593,0.00939728220943065,0.4274819681108127,True,-0.7277793994409187,0.7736769710500523
ENSRNOG00000000986,-2.5276843765633483,0.07816856281603801,0.044467218091723514,0.05384621925337185,False,2.6058529393793863,-1.2247579068736552
ENSRNOG00000000987,0.5958722789931521,-0.649253102721371,0.3078620266490665,0.06570668779187856,False,-1.2451253817145231,-0.026690411864109476
ENSRNOG00000000988,-0.5447155670468038,-1.3596313485351372,0.23972200049608808,0.02530424103725357,True,-0.8149157814883334,-0.9521734577909705
ENSRNOG00000000989,-0.8690222857043607,1.1005108289561307,0.2400892069807504,0.06316621618135347,False,1.9695331146604915,0.11574427162588502
ENSRNOG00000000990,1.5670000969555078,1.7213359131125259,0.10231318406747696,0.027939862626614798,True,0.15433581615701808,1.6441680050340168
ENSRNOG00000000991,2.662694119213614,4.037020762559909,0.00525564334338361,0.00016096898134316604,True,1.3743266433462944,3.3498574408867614
ENSRNOG00000000992,3.229866098280646,1.7233483771136937,0.025349207383295554,0.0032742067755983442,True,-1.5065177211669525,2.47660723769717
ENSRNOG00000000993,2.366654168710629,1.7419200288226757,0.0022962451353824485,0.06977182828047288,True,-0.6247341398879533,2.054287098766652
ENSRNOG00000000994,-0.19752152693433064,-0.8280254292757395,0.07094086103115135,0.07956548457972953,True,-0.6305039023414089,-0.512773478105035
ENSRNOG00000000995,0.6348962934474175,0.5821957066243246,0.08954610999890408,0.00839522442973017,True,-0.052700586823092865,0.6085460000358711
ENSRNOG00000000996,1.3802811692116386,-0.9242103370846046,0.002901233494228062,0.03867698881579429,False,-2.304491506296243,0.22803541606351696
ENSRNOG00000000997,0.21812030873903154,0.8675240944303,0.12605169030680013,0.04496860421296113,True,0.6494037856912684,0.5428222015846658
ENSRNOG00000000998,0.23537553824077986,0.49970315367068535,0.1745466904774471,0.11403934668745855,True,0.26432761542990546,0.3675393459557326
ENSRNOG00000000999,1.4827556373771278,0.9478414378272321,0.02011847350966428,0.0705248611352481,True,-0.5349141995498957,1.2152985376021799
ENSRNOG00000001000,-0.10670876284667799,-0.48244449956538904,0.26240177064644904,0.4177247656311552,True,-0.3757357367187111,-0.2945766312060335
ENSRNOG00000001001,-1.3127164854725908,-1.8321388968578662,0.011084050278364939,0.10030010154110172,True,-0.5194224113852755,-1.5724276911652284
ENSRNOG00000001002,-0.7460515185045453,0.2567835250513083,0.12448773140375557,0.12215405809870417,False,1.0028350435558537,-0.2446339967266185
ENSRNOG00000001003,1.1410386799207364,-0.453738182642476,0.0038588371798110744,0.05638376166800073,False,-1.5947768625632124,0.3436502486391302
ENSRNOG00000001004,0.005387924159920318,0.5411544960804511,0.40703595560613587,0.00609072916134819,True,0.5357665719205308,0.2732712101201857
ENSRNOG00000001005,0.6123779583630082,2.594590976236776,0.06697308066073522,0.002934219544575488,True,1.9822130178737678,1.603484467299892
ENSRNOG00000001006,1.2061426359639418,2.3799745555319936,0.0012252872543325015,0.020918866037874382,True,1.1738319195680518,1.7930585957479677
ENSRNOG00000001007,-0.6747146332156974,-2.0391902903908603,0.08952385652269605,0.02783349965006112,True,-1.3644756571751628,-1.3569524618032789
ENSRNOG00000001008,1.361246694533651,0.3620727889224148,0.013297119331533372,0.0037057802282025073,True,-0.9991739056112362,0.861659741728033
ENSRNOG00000001009,0.68191668622511,0.9062266242161794,0.43541467694092445,0.2647575273422359,True,0.22430993799106935,0.7940716552206447
ENSRNOG00000001010,-2.2226635564406614,-1.5852072364947174,0.003530999107240367,0.016234121617399348,True,0.637456319945944,-1.9039353964676895
ENSRNOG00000001011,2.59614862413524,0.29600506021542095,0.014638214455097042,0.5725599751770769,True,-2.3001435639198187,1.4460768421753305
ENSRNOG00000001012,-0.901340538762449,-0.20832981731129957,0.09045918683436945,0.14741466783233223,True,0.6930107214511494,-0.5548351780368743
ENSRNOG00000001013,-2.9791716177333307,-2.0363544399307796,0.0017214000478371048,0.05493349606230183,True,0.9428171778025511,-2.507763028832055
ENSRNOG00000001014,-1.8810786772553443,0.7309081785003368,0.010242014559219375,0.10062232698946719,False,2.6119868557556813,-0.5750852493775037
ENSRNOG00000001015,-1.8378812892209795,-1.515649414418585,0.0008993975517237547,0.034004896800733285,True,0.32223187480239446,-1.6767653518197823
ENSRNOG00000001016,0.09391197358356025,1.2902636966297416,0.20263334184854118,0.007134777943510135,True,1.1963517230461813,0.692087835106651
ENSRNOG00000001017,-0.492930909983227,-1.6656358420750688,0.01505949980044454,0.07218493134412987,True,-1.172704932091842,-1.0792833760291478
ENSRNOG00000001018,-0.6062975417530672,-1.4916920911834195,0.09991598256784563,0.0001825021717944446,True,-0.8853945494303523,-1.0489948164682432
ENSRNOG00000001019,1.115463537868462,1.5162602635505187,0.008320036184927626,0.01198907195569017,True,0.4007967256820566,1.3158619007094905
ENSRNOG00000001020,0.6117756501468669,1.5539247617376128,0.47876327492046933,0.0035666904984264875,True,0.942149111590746,1.0828502059422398
ENSRNOG00000001021,0.5688861671597153,-0.6184197687095057,0.09858116682288058,0.24799723518173467,False,-1.187305935869221,-0.02476680077489518
ENSRNOG00000001022,0.7376912231916468,0.5269113085784272,0.04888437364412292,0.05403163166502193,True,-0.21077991461321965,0.632301265885037
ENSRNOG00000001023,1.1090424024040288,-0.6965092985707921,0.017092316957811472,0.012018497359721485,False,-1.805551700974821,0.20626655191661836
ENSRNOG00000001024,-3.7943160151993975,-2.7704157079563436,0.0017926541943506097,0.01875583549228435,True,1.023900307243054,-3.282365861577871
ENSRNOG00000001025,-0.6559888540760301,0.4326965041336317,0.07898630189248287,0.1350256893782721,False,1.0886853582096618,-0.11164617497119922
ENSRNOG00000001026,-3.924378116081053,-3.1252835430280683,0.005198510742861297,0.01930219043864108,True,0.7990945730529848,-3.5248308295545607
ENSRNOG00000001027,0.06490786823603174,-0.21734909084049137,0.9337433766509137,0.034228378457349926,False,-0.2822569590765231,-0.07622061130222982
ENSRNOG00000001028,-0.008339350003821576,-1.1919559262134531,0.03221970374624004,0.030223659696994497,True,-1.1836165762096316,-0.6001476381086374
ENSRNOG00000001029,1.8819580946214245,0.5989551700363968,0.045818023092661586,0.17510567258587986,True,-1.2830029245850278,1.2404566323289106
ENSRNOG00000001030,2.1377419068980177,3.2996809587157077,0.002402575800186446,0.055475539867010114,True,1.16193905181769,2.7187114328068627
ENSRNOG00000001031,0.3649950868542612,0.32476779536388717,0.07409466002393576,0.3176200110199321,True,-0.04022729149037402,0.34488144110907415
ENSRNOG00000001032,-0.9006499393144197,-1.6648651137169337,0.03008790699741703,0.08620144089608481,True,-0.764215174402514,-1.2827575265156768
ENSRNOG00000001033,0.8732900025823281,0.26332665434209196,0.19154513984254937,0.2706262997512621,True,-0.6099633482402362,0.56830832846221
ENSRNOG00000001034,-0.9502517471837644,-2.32347019030985,0.25945275050197375,0.010662570267513325,True,-1.3732184431260857,-1.6368609687468072
ENSRNOG00000001035,-0.002506772598028018,-1.0665722821138819,0.04034195722000387,0.015501921692926692,True,-1.0640655095158538,-0.534539527355955
ENSRNOG00000001036,1.775045370529382,2.635387577958756,0.015986345864740743,0.002264190713092712,True,0.8603422074293741,2.205216474244069
ENSRNOG00000001037,-1.0039884227809626,-0.8323186730969899,0.018025025584751247,0.5127420768427835,True,0.17166974968397264,-0.9181535479389762
ENSRNOG00000001038,1.4502215506365017,2.9714173393390877,0.008534378912108087,0.010939260787938129,True,1.521195788702586,2.210819444987795
ENSRNOG00000001039,1.2193224636461444,0.7290240448585196,0.014546929932345187,0.411081331861349,True,-0.4902984187876248,0.974173254252332
ENSRNOG00000001040,-1.7186252708354788,-1.2064428151691964,0.009574695499071164,0.054934990508526814,True,0.5121824556662824,-1.4625340430023375
ENSRNOG00000001041,1.7530094307913218,1.8649852794073287,0.034052173899158475,0.01782393924057533,True,0.11197584861600696,1.8089973550993252
ENSRNOG00000001042,1.2574194216687091,-1.951171754595649,0.00497219106159329,0.022589296464592606,False,-3.208591176264358,-0.34687616646346997
ENSRNOG00000001043,0.1834665972707834,0.3399435759803863,0.024399169049024897,0.09951964442252717,True,0.15647697870960292,0.2617050866255849
ENSRNOG00000001044,-1.3721822244497741,-0.9845197250898458,0.017912746357562504,0.004963142800462011,True,0.38766249935992836,-1.17835097476981
ENSRNOG00000001045,-1.546570833436026,0.508672671454407,0.010691512119058904,0.31986737753870714,False,2.055243504890433,-0.5189490809908095
ENSRNOG00000001046,-0.9677926384254404,0.3548143697424987,0.20063256903791016,0.1522382478008771,False,1.322607008167939,-0.30648913434147085
ENSRNOG00000001047,0.9766700339255281,-0.5262406467547815,0.026749648228543994,0.09978905142888853,False,-1.5029106806803096,0.22521469358537327
ENSRNOG00000001048,-1.7201253013225162,0.1345603446596484,0.010864059507577245,0.04388512313323305,False,1.8546856459821646,-0.7927824783314339
ENSRNOG00000001049,0.7875220475157659,0.2600847404506759,0.004105447938158567,0.05978203551531387,True,-0.52743730706509,0.523803393983221
ENSRNOG00000001050,-2.2351599519811067,-2.469584654958,0.007540708275192848,0.004327572960651501,True,-0.23442470297689333,-2.3523723034695534
ENSRNOG00000001051,-0.3673234519899281,-0.042821533938388695,0.0797065928222905,0.33270495193646693,True,0.3245019180515394,-0.20507249296415841
ENSRNOG00000001052,0.19736595823321554,-0.07869897184842253,0.09438917225221137,0.004755705901294074,False,-0.27606493008163807,0.0593334931923965
ENSRNOG00000001053,4.40123426110605,4.608227877282065,0.017674589688906256,0.001919938400343102,True,0.20699361617601486,4.504731069194058
ENSRNOG00000001054,-2.479168179936661,-1.3281812324411593,9.061972769570219e-05,0.004499986629664173,True,1.150986947495502,-1.90367470618891
ENSRNOG00000001055,2.64962621968224,2.0176876963142294,0.06375886248017551,0.019216122918352466,True,-0.6319385233680106,2.333656957998235
ENSRNOG00000001056,0.2697163451771041,1.1290865517186426,0.12209620693380359,0.019123057414303746,True,0.8593702065415385,0.6994014484478733
ENSRNOG00000001057,0.7401094524287337,1.6507896266488866,0.39757730131346486,0.01984520292492039,True,0.9106801742201529,1.19544953953881
ENSRNOG00000001058,0.2130262440987681,0.9676431949993265,0.05919088840415234,0.008898045763111548,True,0.7546169509005584,0.5903347195490473
ENSRNOG00000001059,0.8005082727514194,2.0347822719266664,0.03197296316426071,0.013329877405037004,True,1.234273999175247,1.417645272339043
ENSRNOG00000001060,-0.27663318785163193,0.4510059658203681,0.03215916863615829,0.5506380448889131,False,0.727639153672,0.08718638898436809
ENSRNOG00000001061,2.617290326623425,1.955791460066966,0.021532323517852576,0.01032954737942846,True,-0.661498866556459,2.2865408933451956
ENSRNOG00000001062,-0.8216480596045004,0.7424099846613705,0.0267939587641999,0.14458523842751106,False,1.564058044265871,-0.03961903747156492
ENSRNOG00000001063,2.038022229922646,1.2904141692611537,0.02207569107136985,0.017169157309466564,True,-0.7476080606614923,1.6642181995918999
ENSRNOG00000001064,-1.1598608163834412,-0.7537965129788454,0.0005151476484970389,0.3573074872617876,True,0.40606430340459576,-0.9568286646811432
ENSRNOG00000001065,-0.10845332352231651,1.7339075031665852,0.17464118804716455,0.03205093862659732,False,1.8423608266889016,0.8127270898221344
ENSRNOG00000001066,-1.9295325941223946,0.3909381703497643,0.00156423172298342,0.051142288880522024,False,2.3204707644721587,-0.7692972118863152
ENSRNOG00000001067,0.8190426966255359,0.5483644364358754,0.17091622769611983,0.09974044777419845,True,-0.27067826018966046,0.6837035665307056
ENSRNOG00000001068,2.6012267224677608,1.29260501510718,0.0012754126984057914,3.987116816964535e-05,True,-1.3086217073605808,1.9469158687874704
ENSRNOG00000001069,-0.13924112367753735,1.441648211118198,0.015625893511107963,0.009834883536185918,False,1.5808893347957353,0.6512035437203304
ENSRNOG00000001070,-0.3543942576670372,0.5994511805973896,0.2213057921322832,0.3998486782771294,False,0.9538454382644268,0.12252846146517618
ENSRNOG00000001071,-2.006310533522268,-1.0329308458879112,0.026430182562337073,0.04700082353719142,True,0.973379687634357,-1.5196206897050897
ENSRNOG00000001072,-0.4127267763941546,-0.6186205536474669,0.12416346411262769,0.04511500621633858,True,-0.20589377725331232,-0.5156736650208108
ENSRNOG00000001073,-2.8670296674987497,-1.6012987662488263,0.009693420020592633,4.8865493350285286e-06,True,1.2657309012499234,-2.234164216873788
ENSRNOG00000001074,-1.643180376093889,-1.1401565386259322,0.011436820631335096,0.014442882673392707,True,0.5030238374679568,-1.3916684573599105
ENSRNOG00000001075,0.40821488299644376,-0.4199689681140638,0.16755889817184075,0.01631967441104043,False,-0.8281838511105075,-0.005877042558810025
ENSRNOG00000001076,2.374223755934513,1.7499665990520659,0.005808218472023399,0.04364309700985342,True,-0.6242571568824471,2.0620951774932896
ENSRNOG00000001077,5.0565795502131055,3.7171693420664997,0.005266646161655688,0.006999929248147769,True,-1.3394102081466057,4.386874446139803
ENSRNOG00000001078,-1.0558531531276212,-1.112144964393025,0.03446058747380552,0.015739926228954062,True,-0.056291811265403835,-1.0839990587603232
ENSRNOG00000001079,2.583540281961792,2.705824364774012,0.018625898843659436,0.006699137217782351,True,0.12228408281222025,2.6446823233679018
ENSRNOG00000001080,0.43875446472296625,1.6516270479381556,0.06401654881355695,0.02122254284284883,True,1.2128725832151894,1.045190756330561
ENSRNOG00000001081,-0.27224576414347657,0.8332654587206192,0.025504950616289043,0.28905313667133864,False,1.1055112228640958,0.2805098472885713
ENSRNOG00000001082,0.778670013107074,0.23943480443811582,0.1822286102788714,0.07075370378766396,True,-0.5392352086689581,0.5090524087725949
ENSRNOG00000001083,0.11144967062392652,0.8693983554220606,0.28626179932502266,0.04185229155610518,True,0.757948684798134,0.49042401302299354
ENSRNOG00000001084,0.19871230610199336,0.2169838354823977,0.18861068273786377,0.01925697625387976,True,0.018271529380404328,0.20784807079219553
ENSRNOG00000001085,-0.7349996930880046,-1.7973330687940927,0.19048826764118534,0.006746971494384288,True,-1.0623333757060882,-1.2661663809410486
ENSRNOG00000001086,-2.5165973876379315,-1.0049203761711605,0.01208726997874888,0.07283807240875585,True,1.511677011466771,-1.7607588819045459
ENSRNOG00000001087,-2.778525364539747,-1.7359590248822325,0.0004131938246059978,0.0026361606099003488,True,1.0425663396575144,-2.2572421947109897
ENSRNOG00000001088,1.1758407899062087,3.522797139308995,0.0009298697778096344,0.012097544323151981,True,2.3469563494027863,2.349318964607602
ENSRNOG00000001089,-0.4980601621542841,1.1914534961775747,0.018393292370471746,0.00041909880405073747,False,1.6895136583318588,0.34669666701164525
ENSRNOG00000001090,-1.0729600193811,0.017094851602102334,0.004322664124090397,0.23757156330455656,False,1.0900548709832023,-0.5279325838894988
ENSRNOG00000001091,0.015310128101676422,0.27203991346172857,0.21807662597537764,0.03635767150487648,True,0.25672978536005214,0.1436750207817025
ENSRNOG00000001092,1.4308780552481295,1.1449054453796472,0.001899046634332251,0.04175813124892391,True,-0.2859726098684823,1.2878917503138885
ENSRNOG00000001093,0.32465509744751675,-0.8331084075504517,0.011513956105554448,0.13688280535208366,False,-1.1577635049979684,-0.25422665505146747
ENSRNOG00000001094,-1.1808988859537413,-2.6289478310084506,0.004013447274799705,0.028701741799821587,True,-1.4480489450547094,-1.904923358481096
ENSRNOG00000001095,2.2073273201681096,0.5847955131786713,0.0032277244465929006,0.2566872460503418,True,-1.6225318069894383,1.3960614166733905
ENSRNOG00000001096,2.8425339053669374,1.8828201865705656,0.011646433284577812,0.029627396616508962,True,-0.9597137187963718,2.3626770459687516
ENSRNOG00000001097,0.890201979581136,-1.6054788960042607,0.007811990972421318,0.054765426807871054,False,-2.4956808755853968,-0.35763845821156237
ENSRNOG00000001098,1.7525943204193624,0.6202262559987798,0.007601518407686948,0.054081234369027086,True,-1.1323680644205827,1.186410288209071
ENSRNOG00000001099,2.23552799426486,1.2601653513194577,0.03436302173707643,0.06782434669492253,True,-0.9753626429454023,1.7478466727921589
ENSRNOG00000001100,2.0341787695281246,1.157043682119394,0.01627187721535576,0.03963164438971125,True,-0.8771350874087307,1.5956112258237591
ENSRNOG00000001101,1.1053785188027225,0.05684761468829935,0.04893483204284679,0.05739752257706811,True,-1.0485309041144233,0.5811130667455109
ENSRNOG00000001102,1.077024684734789,0.37378728051918614,0.019541648764991128,0.20813597644561446,True,-0.7032374042156029,0.7254059826269876
ENSRNOG00000001103,0.9353890320237047,2.446153061306174,0.04917826641773622,0.0393570269656922,True,1.5107640292824693,1.6907710466649395
ENSRNOG00000001104,-1.9752078141846785,-0.6478887680804483,0.022570756067293172,0.12644927877742163,True,1.3273190461042303,-1.3115482911325633
ENSRNOG00000001105,1.2613016823472545,0.2693693282530759,0.02444014648302254,0.11863165923433731,True,-0.9919323540941786,0.7653355053001651
ENSRNOG00000001106,-2.4404651480277972,-1.7312814784389636,0.015868913547089417,0.009427303532500961,True,0.7091836695888336,-2.0858733132333804
ENSRNOG00000001107,-1.430279019225099,-1.0023187355079475,0.022531257996991027,0.0012594585063091454,True,0.42796028371715145,-1.216298877366523
ENSRNOG00000001108,2.3464171220545573,0.7892104375699405,0.042709482793872426,0.19544681516352186,True,-1.5572066844846169,1.567813779812249
ENSRNOG00000001109,1.5123962928495556,0.22084275050665036,0.010507766122402331,0.03131439106995152,True,-1.2915535423429052,0.866619521678103
ENSRNOG00000001110,2.677316921434553,2.8816257279185447,0.0016800046464920313,0.07697800306005317,True,0.20430880648399175,2.779471324676549
ENSRNOG00000001111,-0.489013890637126,-0.7733030420259026,0.0753543162677195,0.5458642239010301,True,-0.2842891513887766,-0.6311584663315143
ENSRNOG00000001112,-2.074047914298182,-2.559783788105179,0.001819206141555176,0.027079895685349374,True,-0.485735873806997,-2.3169158512016805
ENSRNOG00000001113,-0.4327869547266171,-0.3395924904870145,0.6218065852884076,0.21644239124342998,True,0.09319446423960259,-0.38618972260681583
ENSRNOG00000001114,0.18365633503303358,0.24879654860804262,0.017804203545133478,0.10855424520690644,True,0.06514021357500904,0.2162264418205381
ENSRNOG00000001115,0.14217968941201745,-1.9746572466033552,0.040787542329138234,0.003224434741310724,False,-2.1168369360153725,-0.9162387785956688
ENSRNOG00000001116,2.040624861762063,1.3448412302901502,0.014604058251959944,0.06387511111927631,True,-0.6957836314719126,1.6927330460261065
ENSRNOG00000001117,-0.650286765006202,0.4691839308614561,0.21640336302211818,0.03797632684155291,False,1.1194706958676581,-0.09055141707237294
ENSRNOG00000001118,0.6336620492452637,0.9046810482847041,0.23062809866826017,0.0005005822166680084,True,0.2710189990394404,0.769171548764984
ENSRNOG00000001119,-1.779528868982291,1.1312052400467618,0.013895991918742098,0.07025849634477531,False,2.910734109029053,-0.3241618144677646
ENSRNOG00000001120,0.8105711004788634,1.864853304753415,0.027446842125792802,0.0555311792801362,True,1.0542822042745517,1.3377122026161392
ENSRNOG00000001121,0.005595390334146141,1.5251855914156156,0.08674477257148765,0.0015309920650929101,True,1.5195902010814695,0.7653904908748809
ENSRNOG00000001122,-1.3496640089121315,2.022318706649793,0.03640091468239994,0.043609371291528636,False,3.3719827155619244,0.33632734886883087
ENSRNOG00000001123,-0.42449285191473507,0.5074089355613078,0.10874608600144958,0.21112938416213595,False,0.9319017874760429,0.041458041823286385
ENSRNOG00000001124,-0.33151634372739897,-0.054207395405295206,0.002116896511808151,0.2877083010113812,True,0.27730894832210373,-0.1928618695663471
ENSRNOG00000001125,-0.48627923280677315,0.6917574297942928,0.11541033551236242,0.0586581530724256,False,1.1780366626010659,0.10273909849375981
ENSRNOG00000001126,3.1884142360818304,1.5809234254709015,0.00042606958071862873,0.021256204594647304,True,-1.607490810610929,2.384668830776366
ENSRNOG00000001127,-0.17720280415418332,-0.0074272713551268715,0.13062754677369184,0.25609354971510234,True,0.16977553279905644,-0.0923150377546551
ENSRNOG00000001128,-0.4390129983192079,-0.9786428640892908,0.6349031885431585,0.05257763465637866,True,-0.5396298657700829,-0.7088279312042494
ENSRNOG00000001129,-3.775411723698255,-2.149396186673788,0.010645150272153679,0.023248188621327215,True,1.6260155370244673,-2.9624039551860215
ENSRNOG00000001130,-1.6095732335630593,-1.7790143412436916,0.014000955221822079,0.023605134231829746,True,-0.16944110768063236,-1.6942937874033754
ENSRNOG00000001131,-0.4735321640214351,-1.0432767963893794,0.20680861146626875,0.04250679541928397,True,-0.5697446323679443,-0.7584044802054073
ENSRNOG00000001132,-1.234534817117957,-0.4053367178794312,0.0048557658319071575,0.04924672967897735,True,0.8291980992385259,-0.8199357674986941
ENSRNOG00000001133,2.4870736680800345,1.546613081474828,0.001601318015738785,0.07804765155434493,True,-0.9404605866052065,2.016843374777431
ENSRNOG00000001134,-0.2968879957131935,-2.225781029587556,0.1542600328875202,0.00019749002879030945,True,-1.9288930338743624,-1.2613345126503748
ENSRNOG00000001135,2.3191996487728543,0.048720993787847,0.00618703656083071,0.01028852341620197,True,-2.2704786549850073,1.1839603212803507
ENSRNOG00000001136,0.11106834129066244,-1.129103343956886,0.1327244812888373,0.010575478500606826,False,-1.2401716852475484,-0.5090175013331119
ENSRNOG00000001137,0.06701010555883795,-0.8815536296396633,0.062093752105177945,0.07830875930379545,False,-0.9485637351985012,-0.4072717620404127
ENSRNOG00000001138,-0.1598336058825017,0.3264576439524689,0.36452713472257203,0.0395826129100048,False,0.48629124983497063,0.0833120190349836
ENSRNOG00000001139,0.0068332529186264385,0.23453240140988368,0.1237761582064821,0.5446879855814368,True,0.22769914849125725,0.12068282716425506
ENSRNOG00000001140,3.0938310054897467,3.222348424017187,0.014117652327943278,0.0032095568779805946,True,0.12851741852744025,3.1580897147534666
ENSRNOG00000001141,-4.175299308152193,-2.048761615454632,0.001950455291755967,0.0436309174866398,True,2.1265376926975614,-3.1120304618034127
ENSRNOG00000001142,-3.602782339989622,-1.3243938872011525,0.008545690833345904,0.028338374509803803,True,2.2783884527884695,-2.4635881135953874
ENSRNOG00000001143,-0.9777074959010049,-0.026025096180604224,0.16813084953406496,0.03325761755243796,True,0.9516823997204007,-0.5018662960408046
ENSRNOG00000001144,0.02615018748762399,0.2379454020376485,0.10028457027680535,0.0673756190501468,True,0.2117952145500245,0.13204779476263626
ENSRNOG00000001145,1.2421879645752223,1.9990071453131897,0.004708438597024519,0.0014164517326544447,True,0.7568191807379674,1.620597554944206
ENSRNOG00000001146,0.8515569564494553,1.5444421617127342,0.19501407791394773,0.00608844722646573,True,0.6928852052632789,1.1979995590810948
ENSRNOG00000001147,-0.6916426431850263,-0.07541686143412718,0.4398876005065154,0.287839360865712,True,0.6162257817508991,-0.38352975230957675
ENSRNOG00000001148,1.8342786478351722,2.5819349449310667,0.0029451891931582914,0.03499330294097141,True,0.7476562970958944,2.2081067963831194
ENSRNOG00000001149,1.8543517256749158,-1.2021184811696237,0.020393573081948117,0.001354602769093296,False,-3.0564702068445397,0.32611662225264604
ENSRNOG00000001150,0.33130409628881796,-0.07969954737107618,0.0024339125218530732,0.21446717821940717,False,-0.41100364365989417,0.12580227445887088
ENSRNOG00000001151,1.7327836304763142,0.8572128797895763,0.0010104480093982829,0.00596189054588969,True,-0.875570750686738,1.2949982551329453
ENSRNOG00000001152,0.49076147417783184,1.5440348237965746,0.22393640457570232,0.0030495683346172774,True,1.0532733496187427,1.0173981489872033
ENSRNOG00000001153,-1.0106694482091907,0.9627095220160583,0.0006606525977198737,0.011303707555713359,False,1.9733789702252489,-0.023979963096566193
ENSRNOG00000001154,1.2560703102000084,-0.6685605277847699,0.0007704271806602393,0.11037379554864163,False,-1.9246308379847783,0.2937548912076192
ENSRNOG00000001155,0.19910362064161988,1.6171159948930414,0.060158056054529264,0.0024342804437782802,True,1.4180123742514215,0.9081098077673306
ENSRNOG00000001156,0.0024117241580764726,-1.2283774729000905,0.20288260851848186,0.004328347254755857,False,-1.230789197058167,-0.612982874371007
ENSRNOG00000001157,2.6513164299412337,0.6046191645211751,7.220514119071791e-05,0.131718071421896,True,-2.0466972654200584,1.6279677972312045
ENSRNOG00000001158,-4.411569831372156,-3.245867472776799,0.02173924380135462,0.03511397590929472,True,1.165702358595357,-3.8287186520744774
ENSRNOG00000001159,-2.5518315062872254,-2.0693622200145274,0.048127004300527236,0.024207087115472068,True,0.48246928627269803,-2.3105968631508764
ENSRNOG00000001160,-2.136726767473866,-3.0893123455849496,0.007701591451385156,0.0049707585358249595,True,-0.9525855781110835,-2.613019556529408
ENSRNOG00000001161,-0.6538691656238501,0.2377408395429772,0.18175974772782072,1.0,False,0.8916100051668273,-0.20806416304043646
ENSRNOG00000001162,-0.4582947055788542,0.4017321461693113,0.4458410955107012,0.030377446860993907,False,0.8600268517481655,-0.028281279704771456
ENSRNOG00000001163,-2.7131861659914853,-0.7382229169023558,0.001126976549885033,0.0865305875610742,True,1.9749632490891296,-1.7257045414469205
ENSRNOG00000001164,-1.7732844581594873,-1.6609615278152101,0.02140338856300705,0.005980299392141262,True,0.1123229303442772,-1.7171229929873486
ENSRNOG00000001165,-1.5495150213424265,-1.0952320652339211,0.002282520359698648,0.007331218491607757,True,0.45428295610850533,-1.3223735432881738
ENSRNOG00000001166,4.423363365736606,2.9759385655531174,0.014618302476011027,0.018924617284373092,True,-1.4474248001834882,3.6996509656448615
ENSRNOG00000001167,3.243135505944864,3.977727357584395,0.01013261194329814,0.07176660327856402,True,0.7345918516395313,3.6104314317646296
ENSRNOG00000001168,-0.7411489518323687,-3.4799383090108904,0.025764293616451262,0.07206027781902509,True,-2.7387893571785216,-2.1105436304216294
ENSRNOG00000001169,-0.6544499225522381,-1.4498175137740805,0.025948698999652058,0.015522615362724802,True,-0.7953675912218424,-1.0521337181631594
ENSRNOG00000001170,-2.0685671949389297,-1.400807807627085,0.030076644090747368,0.007613875893037822,True,0.6677593873118448,-1.7346875012830072
ENSRNOG00000001171,-3.4346347438054803,-3.4754003724490046,0.004347599437135389,0.010451980321231196,True,-0.04076562864352429,-3.4550175581272424
ENSRNOG00000001172,-0.21038433553534325,-0.41429772329870673,0.17551096705848432,0.16815649211106637,True,-0.20391338776336349,-0.312341029417025
ENSRNOG00000001173,-1.7961335698392462,-1.3537501406790924,0.0015412863895925561,0.0018126311904618718,True,0.44238342916015383,-1.5749418552591692
ENSRNOG00000001174,-0.1527309569916176,-0.7944274649863923,0.2525981630100281,0.37390109253799486,True,-0.6416965079947747,-0.4735792109890049
ENSRNOG00000001175,-2.8803705282782595,-1.8909595868214106,0.007275676901692341,0.0013251269579627834,True,0.9894109414568488,-2.385665057549835
ENSRNOG00000001176,-1.3715540249584641,-0.27309999532605156,0.01881074709107904,0.1888557345780367,True,1.0984540296324126,-0.8223270101422578
ENSRNOG00000001177,0.2675287715450956,-0.06616020263188707,0.07303876828983594,1.0,False,-0.3336889741769826,0.10068428445660425
ENSRNOG00000001178,0.6591772760110873,-0.027613922979633054,0.020218697998438576,0.06398431460540985,False,-0.6867911989907204,0.31578167651572714
ENSRNOG00000001179,0.7514495257356262,0.33693251501366006,0.3594261976811073,0.2627962174026275,True,-0.4145170107219661,0.5441910203746432
ENSRNOG00000001180,-2.376880171482667,-1.6240866805860825,0.00033902783133077483,0.038233149730068736,True,0.7527934908965845,-2.000483426034375
ENSRNOG00000001181,1.5384343142440111,-0.7812002099152155,0.0338868098394621,0.10734353045106987,False,-2.319634524159227,0.3786170521643978
ENSRNOG00000001182,-1.4403810538833306,-0.49482750278132226,0.012551343412958512,0.015259928518058113,True,0.9455535511020083,-0.9676042783323264
ENSRNOG00000001183,1.1391442462931516,0.301066796560209,0.009769697620852176,0.10450282785650153,True,-0.8380774497329426,0.7201055214266803
ENSRNOG00000001184,-0.019149617912747666,1.3115900883709353,0.32238611106928106,0.013988931278970475,False,1.330739706283683,0.6462202352290938
ENSRNOG00000001185,-2.4774974983403064,-1.06409214944681,0.015693319041174714,0.016760674977426306,True,1.4134053488934963,-1.7707948238935582
ENSRNOG00000001186,-0.5691558682461383,0.8415437340232639,0.6320932071934785,0.4324160292499688,False,1.410699602269402,0.1361939328885628
ENSRNOG00000001187,0.6576547357147817,-0.6143487631146022,0.33198247231059314,0.034809519648088594,False,-1.2720034988293838,0.02165298630008977
ENSRNOG00000001188,1.1033376848542782,0.3603136524541114,0.02049781940542719,0.21898547169920068,True,-0.7430240324001668,0.7318256686541948
ENSRNOG00000001189,-0.2537782153999535,-1.4771505983022482,0.12849389782468892,0.020489190377175105,True,-1.2233723829022947,-0.8654644068511008
ENSRNOG00000001190,2.757202003081895,1.1344465927198963,0.03322331872143154,0.015812785284989743,True,-1.6227554103619988,1.9458242979008957
ENSRNOG00000001191,1.8135193877758062,2.5479038794215696,0.006901943765988408,0.09596069919776766,True,0.7343844916457634,2.180711633598688
ENSRNOG00000001192,-0.4619774095195551,1.2477204683453225,0.012329890851309316,0.043742820769063065,False,1.7096978778648775,0.39287152941288367
ENSRNOG00000001193,1.3502192618465,-0.28739086148906257,0.0015580587058498158,0.5239446591370083,False,-1.6376101233355627,0.5314142001787188
ENSRNOG00000001194,3.4808282733387363,1.885771674137193,0.028712626557194552,0.058363256677806806,True,-1.5950565992015433,2.683299973737965
ENSRNOG00000001195,3.528872281409449,2.3196276957332786,0.009532034765562367,0.026843453705499582,True,-1.2092445856761702,2.924249988571364
ENSRNOG00000001196,-2.2103997854804955,-0.8881859302264669,0.01498709271115463,0.13098326499464596,True,1.3222138552540286,-1.5492928578534813
ENSRNOG00000001197,-1.6677596000828712,-2.98187730476967,0.0028920436179765904,0.07587482690962721,True,-1.3141177046867987,-2.3248184524262703
ENSRNOG00000001198,2.6728538161209316,0.13439050935737318,0.007131100973001054,0.10345650528892318,True,-2.5384633067635587,1.4036221627391523
ENSRNOG00000001199,-1.904905891507747,-0.7812285551592456,0.04729432844214922,0.24316726226475754,True,1.1236773363485013,-1.3430672233334964
ENSRNOG00000001200,-2.380574039925022,-3.6652808445128358,0.01110264215085354,0.03408909270752349,True,-1.2847068045878136,-3.022927442218929
ENSRNOG00000001201,-0.8751494352582844,-1.0642388924214472,0.05670809989316599,0.006199855560335194,True,-0.18908945716316283,-0.9696941638398657
ENSRNOG00000001202,0.7564080770542544,0.6845538913836757,0.010512373086894842,0.026551190320692142,True,-0.07185418567057866,0.720480984218965
ENSRNOG00000001203,-0.18431407189997348,0.31111569953779117,0.0516977666327191,0.06532631298690576,False,0.4954297714377647,0.06340081381890884
ENSRNOG00000001204,-1.1710145167300658,-0.9450938716974684,0.014029035461103347,0.28901232475691657,True,0.22592064503259746,-1.0580541942137671
ENSRNOG00000001205,-1.2135824311041161,-1.2092806081507061,0.011554818153491872,0.06572944682709976,True,0.004301822953409973,-1.211431519627411
ENSRNOG00000001206,-1.2822067159428758,0.014898835861147819,0.009261535133319301,0.00217875904205942,False,1.2971055518040235,-0.6336539400408641
ENSRNOG00000001207,-1.5831173315860967,-0.7770535627945003,0.030705677341842173,0.1660355240834511,True,0.8060637687915964,-1.1800854471902986
ENSRNOG00000001208,4.106939179096911,2.113351188736867,0.009522325428111822,0.025121054780918833,True,-1.9935879903600444,3.110145183916889
ENSRNOG00000001209,0.5355199281339988,0.4037625926474695,0.028938427552531995,0.39667333644647057,True,-0.13175733548652935,0.46964126039073417
ENSRNOG00000001210,1.5961662979285294,1.4877205563804026,0.005393275802605175,0.01944331804785677,True,-0.1084457415481268,1.5419434271544659
ENSRNOG00000001211,-0.8803394426140627,1.2055182825463877,0.23342780803273194,0.11680311944498294,False,2.0858577251604506,0.1625894199661625
ENSRNOG00000001212,-0.33472201893488795,0.5980288788304344,0.010460433959849847,0.13648977510418772,False,0.9327508977653224,0.13165342994777324
ENSRNOG00000001213,-1.284397166466639,0.4018946255543263,0.03573924464462937,0.7687353907727019,False,1.6862917920209652,-0.4412512704561563
ENSRNOG00000001214,-4.773075002854563,-3.8868287680557145,0.009397307823531308,0.0018832506117210785,True,0.8862462347988487,-4.329951885455139
ENSRNOG00000001215,-2.480416698326159,-2.237075406429541,0.01964923866853577,0.017369036439443427,True,0.24334129189661802,-2.35874605237785
ENSRNOG00000001216,-3.2591136239647107,-2.463346256749643,0.07914096577368195,0.01492643037381012,True,0.7957673672150678,-2.861229940357177
ENSRNOG00000001217,-4.049610800312894,-2.90448662318284,0.014037417755980993,0.02229658129246249,True,1.1451241771300538,-3.477048711747867
ENSRNOG00000001218,-2.151646153736585,-2.521545590233913,0.008191604099269454,0.03147320146687476,True,-0.3698994364973278,-2.3365958719852493
ENSRNOG00000001219,2.3849202228869357,2.9509760594477754,0.0005782585423108948,0.005827578615268498,True,0.5660558365608397,2.6679481411673556
ENSRNOG00000001220,-0.07998510186783796,0.8731293503766019,0.08679833826991763,0.01193179994591763,False,0.9531144522444398,0.396572124254382
ENSRNOG00000001221,2.3230147721781136,1.2586882907145347,0.011032583690979396,0.004931308313192788,True,-1.0643264814635789,1.7908515314463243
ENSRNOG00000001222,0.7397686384215756,1.1768388555912177,0.062028645057778886,0.017888579921098935,True,0.4370702171696421,0.9583037470063966
ENSRNOG00000001223,1.4086058862872866,1.1918961238293848,0.015061747217380836,0.007089911350957269,True,-0.21670976245790174,1.3002510050583358
ENSRNOG00000001224,-1.6216145915482352,-0.3468785422748565,0.001098691588556139,0.3360150607269598,True,1.2747360492733786,-0.9842465669115459
ENSRNOG00000001225,0.9431117175468074,-0.7702065117700826,0.29181845525352323,0.06491855730271755,False,-1.71331822931689,0.08645260288836243
ENSRNOG00000001226,1.3116856213338226,0.7390020956496928,0.013333153383175905,0.19873352698973437,True,-0.5726835256841298,1.0253438584917576
ENSRNOG00000001227,-1.0379651260206473,-0.7667567399951253,0.00852069948642796,0.2926128812199627,True,0.271208386025522,-0.9023609330078863
ENSRNOG00000001228,1.0071726671090995,1.3397016182264214,0.007456913589242761,0.015436829475623708,True,0.33252895111732195,1.1734371426677606
ENSRNOG00000001229,1.0191379654346993,0.033154335254355516,0.01795773831542556,0.08250919202466367,True,-0.9859836301803437,0.5261461503445274
ENSRNOG00000001230,-0.9891947180341492,-3.297579668549738,0.15620399023084972,0.0009886277645606459,True,-2.308384950515589,-2.1433871932919435
ENSRNOG00000001231,-2.020983178087791,-2.5100532646667646,0.0012451632750502082,0.05020025522447556,True,-0.48907008657897366,-2.2655182213772775
ENSRNOG00000001232,-2.1314309974168903,-1.5134734632399383,0.01839813295041072,0.012815537096403009,True,0.6179575341769521,-1.8224522303284143
ENSRNOG00000001233,0.15570997545863122,0.1729612200903674,0.011286568935914733,0.12240856243427195,True,0.01725124463173619,0.1643355977744993
ENSRNOG00000001234,0.5886177638207667,2.168195608154355,0.07671702708806392,0.006022667039851501,True,1.5795778443335884,1.378406685987561
ENSRNOG00000001235,-1.4265464948242461,-0.35816785378948346,0.006354344892096506,0.2186871051916214,True,1.0683786410347627,-0.8923571743068648
ENSRNOG00000001236,0.04785361438697755,0.11814725097620855,0.10732748787052802,0.06396959806095438,True,0.070293636589231,0.08300043268159304
ENSRNOG00000001237,1.0269666650492737,0.6643264916129966,0.018080604254797336,0.21945939521224056,True,-0.3626401734362771,0.8456465783311351
ENSRNOG00000001238,1.1127432863975415,1.9160579860285059,0.013628914289480576,2.3206320866510392e-05,True,0.8033146996309644,1.5144006362130238
ENSRNOG00000001239,2.7933842162204794,1.2798852922646158,0.0014334490845669752,0.02214593015115405,True,-1.5134989239558636,2.036634754242548
ENSRNOG00000001240,2.2985654979564782,1.4157265614827765,0.02481197418290307,0.060971455610345636,True,-0.8828389364737017,1.8571460297196274
ENSRNOG00000001241,-1.8023245789617794,-2.3693017398392264,0.024439993386986988,0.016334796661637386,True,-0.566977160877447,-2.085813159400503
ENSRNOG00000001242,3.0304551771684407,3.5505608716046093,0.013393570607787519,0.03870612951045608,True,0.5201056944361686,3.290508024386525
ENSRNOG00000001243,-0.9557577082002866,-0.23779135772450055,0.036048584001593414,0.17054462494086015,True,0.717966350475786,-0.5967745329623936
ENSRNOG00000001244,1.8807710624179697,0.5360248616400762,0.0032122506926480507,0.09184163547421915,True,-1.3447462007778934,1.2083979620290228
ENSRNOG00000001245,0.12237592689195993,-0.0369621305476906,0.4181169209254517,0.16326310699053087,False,-0.15933805743965052,0.04270689817213467
ENSRNOG00000001246,-0.7418688812225417,0.0306624621352658,0.025694519333779527,0.20000138560533862,False,0.7725313433578075,-0.35560320954363794
ENSRNOG00000001247,-3.253854347594879,-2.475875814722907,0.013715707214088824,0.055337369601276255,True,0.7779785328719719,-2.864865081158893
ENSRNOG00000001248,-0.30881611838942674,-0.7711891133030411,0.4139268966351674,0.09583890783061173,True,-0.46237299491361433,-0.5400026158462339
ENSRNOG00000001249,-2.806889823550096,-2.595672450297614,0.005076513807332948,0.02564740913657963,True,0.21121737325248224,-2.701281136923855
ENSRNOG00000001250,1.7411386245169902,1.539884258874724,0.0025323748345360345,0.003818480250593298,True,-0.2012543656422663,1.640511441695857
ENSRNOG00000001251,2.7302267828506466,1.4805972191672203,0.005109944801452695,0.022862084877239414,True,-1.2496295636834263,2.1054120010089337
ENSRNOG00000001252,-1.4344397807340425,-1.4518646724000326,0.02661686023214288,0.11181413591672941,True,-0.01742489166599004,-1.4431522265670376
ENSRNOG00000001253,0.5435473365346881,-1.033252653964588,0.3152270076689836,0.025363746837038768,False,-1.5767999904992762,-0.24485265871495
ENSRNOG00000001254,-1.3057047396143557,-0.8063566175842338,0.007277574860438322,0.018028385538872496,True,0.4993481220301219,-1.0560306785992948
ENSRNOG00000001255,-1.1312725142462214,-0.9595499204189343,0.011496978441875444,0.04496899943885366,True,0.17172259382728716,-1.0454112173325778
ENSRNOG00000001256,1.3940904669576684,0.6102507514571516,0.03824780566976757,0.2006798456816631,True,-0.7838397155005168,1.0021706092074099
ENSRNOG00000001257,-0.06936887131814252,0.16153837886681746,0.035336275874170445,0.06548075818693994,False,0.23090725018496,0.04608475377433747
ENSRNOG00000001258,3.131366475475821,2.914731579196251,0.008554146181684532,0.006955513454411733,True,-0.21663489627956967,3.023049027336036
ENSRNOG00000001259,-0.8680184616652579,0.1463911916051165,0.18990306216571687,0.214809856832254,False,1.0144096532703744,-0.3608136350300707
ENSRNOG00000001260,1.7988053984540806,1.803552596893526,0.04569282742534365,0.03243962945806946,True,0.004747198439445377,1.8011789976738033
ENSRNOG00000001261,0.17534414332400758,-0.1334697751071822,0.38306154786566027,1.0,False,-0.30881391843118977,0.020937184108412693
ENSRNOG00000001262,1.4324004175396197,0.37868403118863736,0.01228609572057247,0.03155460562547512,True,-1.0537163863509824,0.9055422243641285
ENSRNOG00000001263,-0.8048837831939041,-1.643432395960414,0.06516785238920907,0.0199728150452975,True,-0.8385486127665099,-1.224158089577159
ENSRNOG00000001264,-0.08920590759284888,-0.6834743498681234,0.1808236582021902,0.03880803412174094,True,-0.5942684422752745,-0.3863401287304861
ENSRNOG00000001265,-0.20789798273808255,-0.12073802836849809,0.02221388760552617,0.17685588252609433,True,0.08715995436958446,-0.16431800555329032
ENSRNOG00000001266,-1.5049028067224168,-1.8489343363063506,0.07397170949014309,0.017107098555977432,True,-0.3440315295839338,-1.6769185715143837
ENSRNOG00000001267,1.191746762247155,0.9112477944013805,0.004612120903597448,0.07971202982200043,True,-0.28049896784577444,1.0514972783242678
ENSRNOG00000001268,1.1704482100410556,-0.21782472897953975,0.011966042197369204,0.2276830598941397,False,-1.3882729390205952,0.4763117405307579
ENSRNOG00000001269,1.06839845083002,-1.0175305368929597,0.0001654904986284522,0.03812641207920675,False,-2.08592898772298,0.025433956968530125
ENSRNOG00000001270,2.7665381770517605,2.741622387303232,0.008478012637338272,0.007452415866515355,True,-0.024915789748528372,2.7540802821774966
ENSRNOG00000001271,2.6088206422253464,1.2758627115790988,0.010630122518902526,0.007919669678040779,True,-1.3329579306462476,1.9423416769022226
ENSRNOG00000001272,-0.6749004417284437,-1.3378176362604273,0.0618730922260067,0.00615699526299216,True,-0.6629171945319836,-1.0063590389944355
ENSRNOG00000001273,0.6714941731815208,-0.6919234605988763,0.10542504137873934,0.08241561842501952,False,-1.3634176337803972,-0.01021464370867775
ENSRNOG00000001274,-1.1224812406647828,-0.31909947018513185,0.0019319877563290125,0.26902004964159887,True,0.803381770479651,-0.7207903554249573
ENSRNOG00000001275,0.042039569006199824,1.4722400039655816,0.12669542552688928,0.005132290442774254,True,1.4302004349593818,0.7571397864858908
ENSRNOG00000001276,-1.0795490084139565,-1.157320879777942,0.029669461750540888,0.0006004695926212899,True,-0.07777187136398545,-1.1184349440959491
ENSRNOG00000001277,2.916126556444892,1.756624514986816,0.004499921883841069,0.09588445921745527,True,-1.1595020414580761,2.336375535715854
ENSRNOG00000001278,0.6546566706173331,1.5703799679033124,0.37865329435282963,0.013691277239239267,True,0.9157232972859792,1.1125183192603227
ENSRNOG00000001279,-0.3924524305879598,-2.1678356423760405,0.060101025395584845,7.060483716598435e-05,True,-1.7753832117880808,-1.2801440364820003
ENSRNOG00000001280,2.1485134293414787,3.526201207010506,0.006489317885471352,0.053294490118042326,True,1.3776877776690273,2.837357318175992
ENSRNOG00000001281,-3.907107737631741,-0.09052794414689602,0.010917700996055194,0.02240915667255347,True,3.816579793484845,-1.9988178408893185
ENSRNOG00000001282,-3.6253846707575215,-5.306915982006202,0.009163404946290052,0.04826610318723246,True,-1.6815313112486803,-4.466150326381862
ENSRNOG00000001283,1.432509579395593,0.8717281236264085,0.012168794556306213,0.15039173989751892,True,-0.5607814557691846,1.1521188515110008
ENSRNOG00000001284,0.10884320661126251,-0.6808810029673832,0.2911080430327785,0.17583051593902724,False,-0.7897242095786456,-0.28601889817806037
ENSRNOG00000001285,0.45080334046936915,0.028535912069200475,0.2664457299078752,0.3459968763897662,True,-0.4222674284001687,0.2396696262692848
ENSRNOG00000001286,-2.387512985973388,-2.0628131535586234,0.004153432901240737,0.012331867818109922,True,0.3246998324147645,-2.2251630697660056
ENSRNOG00000001287,-0.04182067953065916,0.8239089913224781,0.08055905756467142,0.002867244029733155,False,0.8657296708531372,0.39104415589590946
ENSRNOG00000001288,3.606316938722416,2.3340971160148527,0.030806547940785065,0.01247862316282446,True,-1.2722198227075632,2.9702070273686343
ENSRNOG00000001289,1.4835593156325533,0.05236775972018193,0.0008726110363393919,0.053642885068837326,True,-1.4311915559123713,0.7679635376763676
ENSRNOG00000001290,0.3054717812570618,0.026926391894921603,0.027230988551574766,0.15560240745427628,True,-0.27854538936214024,0.1661990865759917
ENSRNOG00000001291,-0.7902970381888879,0.0031214628420864754,0.012001778766537503,0.24606353786260715,False,0.7934185010309743,-0.3935877876734007
ENSRNOG00000001292,-0.710231133364909,-1.7258645648416842,0.064401544381441,0.04679115560540947,True,-1.0156334314767752,-1.2180478491032964
ENSRNOG00000001293,-3.832556200560032,-4.334683589799301,0.006786730777544622,0.029990879705646727,True,-0.502127389239269,-4.083619895179666
ENSRNOG00000001294,0.46375275765808904,2.4077318160845866,0.000897950552003668,0.00927350216753386,True,1.9439790584264975,1.4357422868713379
ENSRNOG00000001295,1.5218695952673371,0.36032331108793125,0.016704804471861272,0.3560464522600689,True,-1.1615462841794058,0.9410964531776342
ENSRNOG00000001296,-2.8361147889071074,-2.072778692722332,0.03529226523802767,0.0662789518839171,True,0.7633360961847755,-2.4544467408147197
ENSRNOG00000001297,-1.190550406152269,-1.2272594523003941,0.008746638842162431,0.0015458009701585823,True,-0.0367090461481252,-1.2089049292263314
ENSRNOG00000001298,-2.0834363380201597,-0.8412446205674595,0.0024705312928647097,0.3797529182556901,True,1.2421917174527002,-1.4623404792938097
ENSRNOG00000001299,-1.7376321506557744,0.6798395567996693,0.03357732686835472,0.18199457969058772,False,2.4174717074554435,-0.5288962969280525
ENSRNOG00000001300,0.09626692827942039,0.6743920450457545,0.2772648951649256,0.11679526397481708,True,0.578125116766334,0.38532948666258743
ENSRNOG00000001301,-3.751923878979254,-4.145591642622883,0.011692904513095816,0.07286323226865657,True,-0.39366776364362943,-3.948757760801069
ENSRNOG00000001302,1.1056867890427151,-0.7014625818099102,0.0007870400406617114,0.031222040992091055,False,-1.8071493708526254,0.20211210361640247
ENSRNOG00000001303,1.356939125880628,0.5038055915055648,0.010808919583257318,0.1622714738024413,True,-0.8531335343750632,0.9303723586930964
ENSRNOG00000001304,-0.4519846584664425,-0.5889944272671108,0.08526125114213655,0.15375913410435293,True,-0.13700976880066834,-0.5204895428667766
ENSRNOG00000001305,-4.465275317972175,-4.84443604924501,0.017121003481475907,0.0025318865927238137,True,-0.3791607312728349,-4.654855683608592
ENSRNOG00000001306,-1.7935535268043012,-0.3593084320437624,0.036397161409147026,0.12520680658293118,True,1.4342450947605387,-1.0764309794240319
ENSRNOG00000001307,2.2192234813848537,0.3684353815661481,0.015683752282098427,0.05248000281595151,True,-1.8507880998187056,1.2938294314755008
ENSRNOG00000001308,-5.000389705311431,-1.83229835937973,0.030063643549567164,0.008030267647410777,True,3.1680913459317006,-3.4163440323455805
ENSRNOG00000001309,-0.6255421419483347,1.4862955705411391,0.31068386347371385,0.03660251528350969,False,2.111837712489474,0.43037671429640223
ENSRNOG00000001310,-2.1240014012410664,-1.7049871621077115,0.01813220875364586,0.020687764846120865,True,0.4190142391333549,-1.914494281674389
ENSRNOG00000001311,1.448226542852706,1.4457153215789342,0.013132722419332601,0.016215748698040024,True,-0.00251122127377168,1.44697093221582
ENSRNOG00000001312,-1.2152051138582305,-2.1198840606120086,7.813286897931033e-05,0.09904656885772965,True,-0.9046789467537781,-1.6675445872351196
ENSRNOG00000001313,0.7271172373241008,1.1492998641834586,0.09698215450600896,0.0036960925026621647,True,0.4221826268593578,0.9382085507537797
ENSRNOG00000001314,1.0178287545043676,0.16902150845688146,0.003497984219913199,0.010056023710937683,True,-0.8488072460474861,0.5934251314806245
ENSRNOG00000001315,3.305206511514036,1.1059433401617733,0.0061840937246295195,0.07266633749250512,True,-2.199263171352263,2.2055749258379045
ENSRNOG00000001316,-0.3652954986156664,-0.5522026767242867,0.0428669247881965,0.04012628644928201,True,-0.1869071781086203,-0.4587490876699766
ENSRNOG00000001317,0.6768798653207004,-0.028757100407554803,0.26445517717423345,0.1914779376616784,False,-0.7056369657282553,0.3240613824565728
ENSRNOG00000001318,-2.673099862429385,-2.1591252796059237,0.00013024029974765543,0.060061212118931756,True,0.5139745828234612,-2.4161125710176545
ENSRNOG00000001319,2.1427444139287393,2.45423009942872,0.01336707787443675,0.01604149675331745,True,0.31148568549998057,2.2984872566787296
ENSRNOG00000001320,-1.3689159265284565,-1.7554358023068697,0.00041493658510744847,0.011131179405988916,True,-0.3865198757784132,-1.562175864417663
ENSRNOG00000001321,-1.009357495357942,1.1354110529191692,0.03445015862051732,0.0073139540931037895,False,2.1447685482771113,0.06302677878061358
ENSRNOG00000001322,-0.04004603072857933,-1.4185439153620554,0.6587989674637156,0.0030845351340880456,True,-1.3784978846334761,-0.7292949730453173
ENSRNOG00000001323,-2.813191821611729,-0.21676865185845062,0.007281425876468739,0.04054799845412077,True,2.5964231697532787,-1.5149802367350897
ENSRNOG00000001324,0.4117860520720884,-0.7873216375930083,0.5154718796730694,0.14721177512911496,False,-1.1991076896650967,-0.18776779276045996
ENSRNOG00000001325,1.7414392912650194,1.1831148238967668,0.000280283954615194,0.019393214153913655,True,-0.5583244673682526,1.4622770575808932
ENSRNOG00000001326,0.5272808822951248,-0.15615491919123586,0.2227550045469673,0.08099581446107453,False,-0.6834358014863606,0.18556298155194448
ENSRNOG00000001327,-2.8600156155217054,-2.3057257236695072,0.01986283289322952,0.0104636512059925,True,0.5542898918521981,-2.5828706695956063
ENSRNOG00000001328,-0.22285672979338725,0.6898825219138229,0.373323146716185,0.008783042192019396,False,0.9127392517072102,0.23351289606021786
ENSRNOG00000001329,1.3356520253630833,2.4830615143371477,0.001346133390954171,0.038297734726731814,True,1.1474094889740645,1.9093567698501155
ENSRNOG00000001330,-3.380379778738634,-1.0486073093388473,0.0004909946085378756,0.0040504763873567265,True,2.3317724693997866,-2.2144935440387408
ENSRNOG00000001331,-1.9345788248718851,-1.7406127498718222,0.03246451463416387,0.07897922711118599,True,0.1939660750000629,-1.8375957873718538
ENSRNOG00000001332,1.577778487346736,1.2663573549205616,0.005095529861187885,0.0015574377137432486,True,-0.3114211324261744,1.4220679211336487
ENSRNOG00000001333,0.4861717815551158,-0.4905849558943015,0.4895987314020271,0.18143838655930877,False,-0.9767567374494173,-0.0022065871695928496
ENSRNOG00000001334,0.7415488478281569,-0.5368746116802828,0.3685737762368016,0.03865272208408471,False,-1.2784234595084398,0.10233711807393703
ENSRNOG00000001335,3.3470906537219607,1.0724056935158313,0.004383986980388282,0.0031644653158409363,True,-2.2746849602061294,2.209748173618896
ENSRNOG00000001336,0.8433950013111646,0.11405662855825621,0.19941092158558002,0.022677995731659968,True,-0.7293383727529084,0.47872581493471045
ENSRNOG00000001337,1.1841984187797228,1.0673408373359008,0.0026785374218620843,0.02681196238564866,True,-0.11685758144382197,1.1257696280578118
ENSRNOG00000001338,4.8793419489929875,1.3105466075761516,0.0032491843032255727,0.05342816227192115,True,-3.568795341416836,3.0949442782845695
ENSRNOG00000001339,-0.38484820456288327,-0.3103681668125646,0.5485736213273149,0.6039946706029411,True,0.07448003775031864,-0.34760818568772395
ENSRNOG00000001340,-1.4361889745132912,0.6152178781079629,0.02095659217983866,0.44161189746445456,False,2.051406852621254,-0.41048554820266414
ENSRNOG00000001341,0.7700335168448389,1.7016294139823218,0.3774595256492841,0.03145924827897957,True,0.9315958971374829,1.2358314654135802
ENSRNOG00000001342,0.7901838529000108,-0.07711826038099168,0.058992279292029534,0.7763517217815358,False,-0.8673021132810025,0.35653279625950957
ENSRNOG00000001343,-0.9480877055031748,-2.1114161944890846,0.11329721575276004,0.06056247675953069,True,-1.16332848898591,-1.5297519499961296
ENSRNOG00000001344,-1.8583146351987256,-0.7808321301470655,0.016813435893479712,0.33359882897451565,True,1.07748250505166,-1.3195733826728957
ENSRNOG00000001345,4.15771995976214,0.3939499099203805,0.01412366665833017,0.21947130706209833,True,-3.7637700498417597,2.27583493484126
ENSRNOG00000001346,0.5883182466984412,1.5657182294317513,0.2557294402312188,0.030380899865850387,True,0.9773999827333101,1.0770182380650963
ENSRNOG00000001347,-1.3181136865237362,-1.1205841376135433,0.00735507835236386,0.026505428789284545,True,0.19752954891019292,-1.2193489120686398
ENSRNOG00000001348,1.6486745441032775,3.0439640265965,0.037728802051220756,0.04808342969983782,True,1.3952894824932225,2.346319285349889
ENSRNOG00000001349,-0.1964612728104021,-1.9469074253663625,0.05707172567436765,0.0021976561336022648,True,-1.7504461525559605,-1.0716843490883823
ENSRNOG00000001350,-0.4551866033720963,0.6545266461751995,0.0754026414120758,0.022465509283171654,False,1.1097132495472959,0.0996700214015516
ENSRNOG00000001351,1.012091169446088,0.5826877165684314,0.03039482435551054,0.32225148288000977,True,-0.42940345287765647,0.7973894430072597
ENSRNOG00000001352,-2.325388082817042,-1.928866954361273,0.008644673119011514,0.03047995877235232,True,0.3965211284557688,-2.1271275185891576
ENSRNOG00000001353,0.6347289670509103,-1.0067199408781327,0.14375353828969958,0.010293378539911215,False,-1.641448907929043,-0.18599548691361117
ENSRNOG00000001354,3.443318653917154,2.9669919867109673,0.013356153882269213,0.03266124025294726,True,-0.47632666720618655,3.2051553203140606
ENSRNOG00000001355,0.8391197919551594,1.280545712545209,0.0447364864353898,0.01622706805368101,True,0.4414259205900497,1.0598327522501843
ENSRNOG00000001356,-0.6771817868102361,1.4139005770332236,0.01740050406569981,0.00168163094691816,False,2.0910823638434595,0.36835939511149374
ENSRNOG00000001357,-0.9127895047708356,0.4377559127594537,0.182405537799641,0.10041933590795184,False,1.3505454175302893,-0.23751679600569098
ENSRNOG00000001358,-0.7386119520211969,-1.1258462227779358,0.12092367742798044,0.0201035667652133,True,-0.3872342707567389,-0.9322290873995663
ENSRNOG00000001359,-0.4571328204860059,-1.3649060307288745,0.20881296977870017,0.028172018796797257,True,-0.9077732102428686,-0.9110194256074402
ENSRNOG00000001360,-0.6800517589648896,-1.8993512012946305,0.01259871034830432,0.059371710378961266,True,-1.219299442329741,-1.28970148012976
ENSRNOG00000001361,1.6493605939342202,2.6684507667967132,0.011019217699410435,0.00030667268315528285,True,1.019090172862493,2.158905680365467
ENSRNOG00000001362,-3.1197763857761696,-2.938530940819555,0.003410340642339595,0.025215147999019777,True,0.18124544495661477,-3.029153663297862
ENSRNOG00000001363,1.5516000907418412,2.609329424124325,0.009738235266731083,0.0018774657592072696,True,1.0577293333824835,2.080464757433083
ENSRNOG00000001364,-0.68343574525661,0.0865893361306751,0.05083330748821548,0.061205375115453146,False,0.7700250813872851,-0.29842320456296745
ENSRNOG00000001365,0.67850601425167,0.8077821153647942,0.03183024428942898,0.06931512030973061,True,0.12927610111312415,0.7431440648082321
ENSRNOG00000001366,-2.028578238361555,-1.7016449302741707,0.0006704956053883371,0.11244056500937447,True,0.3269333080873842,-1.8651115843178627
ENSRNOG00000001367,2.391535920328985,2.3199509844760735,0.00421000300734656,0.018778663168376154,True,-0.0715849358529117,2.355743452402529
ENSRNOG00000001368,2.2421429283093715,1.5084128902717306,0.029926664842106335,0.009444520997421255,True,-0.7337300380376408,1.875277909290551
ENSRNOG00000001369,1.7272629463501326,0.7868648474758392,0.003017488528622942,0.051920978019596435,True,-0.9403980988742934,1.257063896912986
ENSRNOG00000001370,-2.726558596428371,-1.1232548195906822,0.013102038069634841,0.0008483375838400948,True,1.6033037768376888,-1.9249067080095266
ENSRNOG00000001371,1.4924179279188952,0.8636734763026617,0.039598629190704226,0.07612577279848592,True,-0.6287444516162335,1.1780457021107784
ENSRNOG00000001372,0.728739157744276,-0.3427088904096605,0.32333449717053914,0.06884441906047675,False,-1.0714480481539366,0.19301513366730774
ENSRNOG00000001373,-2.889488244838622,-1.3350338922565792,0.0047955897597024896,0.012954979950292022,True,1.5544543525820427,-2.1122610685476007
ENSRNOG00000001374,-0.043735290787467886,-0.09692493614547168,0.052987683007391366,0.10184673417102438,True,-0.053189645358003794,-0.07033011346646978
ENSRNOG00000001375,0.6561620802598725,0.9595457269224081,0.008970960767816887,0.10123461727846414,True,0.3033836466625356,0.8078539035911403
ENSRNOG00000001376,1.0009354928816714,0.2040832838876408,0.023176255959809596,0.04158934446520151,True,-0.7968522089940306,0.6025093883846561
ENSRNOG00000001377,0.3190704605079403,-1.0526094567696043,0.3128370888807015,0.004200160361966522,False,-1.3716799172775445,-0.366769498130832
ENSRNOG00000001378,0.5242165503252835,2.178294914861182,0.21472621049098742,0.008736181063289923,True,1.6540783645358985,1.3512557325932328
ENSRNOG00000001379,2.652500506055572,3.427642325419542,0.00789538444935363,0.0852210636791882,True,0.7751418193639701,3.040071415737557
ENSRNOG00000001380,2.2068610378392237,2.4286397150557315,0.004214709308844313,0.04394536233908266,True,0.2217786772165078,2.317750376447478
ENSRNOG00000001381,-5.160698916808938,-3.9164764830730654,0.04299506419779481,0.01020550841275941,True,1.2442224337358727,-4.538587699941002
ENSRNOG00000001382,-0.5713893987078277,-0.703878662940449,0.050802205365449264,0.2532186778555977,True,-0.1324892642326213,-0.6376340308241384
ENSRNOG00000001383,-0.29637184957911233,1.2499109604774916,6.83712563124473e-05,0.0037908053474292416,False,1.546282810056604,0.47676955544918964
ENSRNOG00000001384,-3.1537774309085482,-2.5160901924635968,0.00040495243595388766,0.010938730434368755,True,0.6376872384449515,-2.8349338116860725
ENSRNOG00000001385,0.1695295048181619,-0.5489037748883123,0.14465184825432512,0.34362127251246394,False,-0.7184332797064742,-0.18968713503507523
ENSRNOG00000001386,2.2477639903389117,3.494325922848736,0.09482210362401393,0.007868003368986016,True,1.2465619325098243,2.871044956593824
ENSRNOG00000001387,-1.9558221472630626,-1.3800206258334486,0.023996224001656574,0.03889289498749865,True,0.5758015214296139,-1.6679213865482556
ENSRNOG00000001388,0.6055216896417702,2.268601343895942,0.17707807106927556,0.023195526578804523,True,1.6630796542541715,1.437061516768856
ENSRNOG00000001389,-1.648482259133588,-2.589279442435342,0.024658077319841785,0.015158872766205575,True,-0.9407971833017541,-2.118880850784465
ENSRNOG00000001390,-1.2094416426234182,-0.27832619006019754,0.008388516331031777,0.18380022486431682,True,0.9311154525632207,-0.7438839163418078
ENSRNOG00000001391,2.6593085415060633,3.9829665374015693,0.007659603987651767,0.08240070461173359,True,1.323657995895506,3.321137539453816
ENSRNOG00000001392,-0.976604076201285,-0.6328524899250688,0.13358675635992262,0.16261689994340914,True,0.34375158627621616,-0.8047282830631769
ENSRNOG00000001393,0.8319824802191245,0.2885433696678186,0.27883523316971226,0.167115803546016,True,-0.5434391105513059,0.5602629249434715
ENSRNOG00000001394,-3.368192608909777,-3.5165104875369892,0.004668966707722631,0.03732693189498907,True,-0.14831787862721235,-3.442351548223383
ENSRNOG00000001395,3.3521716105107844,3.4159369023043435,0.0024636772329859995,0.011788953819659644,True,0.06376529179355916,3.384054256407564
ENSRNOG00000001396,1.0847744033516982,-0.07098789249356707,0.03948427765581128,0.14225804969324934,False,-1.1557622958452654,0.5068932554290655
ENSRNOG00000001397,-0.328499716770471,-0.3229287947634083,0.06246409017202685,0.0600897968699623,True,0.0055709220070627175,-0.3257142557669397
ENSRNOG00000001398,1.0359837179998106,-0.5917584655423709,0.0015998943427354302,0.09314844552272594,False,-1.6277421835421815,0.22211262622871986
ENSRNOG00000001399,-2.5376749721060587,-0.09087965092981576,0.013920939567415924,0.2250543657094397,True,2.4467953211762428,-1.3142773115179374
ENSRNOG00000001400,2.128555335154783,2.6600472041672196,0.029074924555291492,0.014709457903047465,True,0.5314918690124366,2.3943012696610015
ENSRNOG00000001401,-0.5831725958935743,-0.42972135188141797,0.07933419684861624,0.0015136730622008134,True,0.15345124401215632,-0.5064469738874962
ENSRNOG00000001402,-0.36732512708718246,-1.4616374687855584,0.26458955751499275,0.0007398287425231918,True,-1.094312341698376,-0.9144812979363705
ENSRNOG00000001403,-0.884980106937872,1.0109159289870107,0.0008346804458014009,0.0791814772555631,False,1.8958960359248826,0.06296791102456933
ENSRNOG00000001404,-1.0451725249420525,-1.0949456303601002,0.0012823125894273386,0.018419494541855503,True,-0.04977310541804769,-1.0700590776510763
ENSRNOG00000001405,1.2504071009311355,-0.3101882542252222,0.007653677363330998,0.18589233585921486,False,-1.5605953551563578,0.47010942335295663
ENSRNOG00000001406,0.4606323301876012,-1.5369939285686025,0.07007781150265528,0.04831162162351011,False,-1.9976262587562037,-0.5381807991905007
ENSRNOG00000001407,1.1731466545254718,0.11947633658885726,0.01843001848302882,0.12162195928348526,True,-1.0536703179366147,0.6463114955571645
ENSRNOG00000001408,-0.015830441074028614,-1.5381347285867761,0.2831298668590651,0.005018297314582624,True,-1.5223042875127475,-0.7769825848304024
ENSRNOG00000001409,0.923759659938926,-0.025805309590496206,0.1774382181058153,0.24961918997498478,False,-0.9495649695294222,0.44897717517421487
ENSRNOG00000001410,-0.753927739065069,0.26895830781835406,0.0647137907157068,0.1826858636769835,False,1.022886046883423,-0.2424847156233575
ENSRNOG00000001411,4.013517314537188,2.335021601711293,0.0021539519856736238,0.046150526023560054,True,-1.6784957128258946,3.1742694581242406
ENSRNOG00000001412,-2.8222747495748974,-1.545668778491534,0.004279454377614585,0.08174671728018196,True,1.2766059710833635,-2.183971764033216
ENSRNOG00000001413,2.2696871824133718,0.7838858915322494,0.031149553333652144,0.012302320861135606,True,-1.4858012908811222,1.5267865369728106
ENSRNOG00000001414,2.4622334112977473,1.7427462393649111,0.004523194707327109,0.0007432212324590767,True,-0.7194871719328362,2.1024898253313293
ENSRNOG00000001415,-1.5338858507380688,0.9739034846884351,0.047196786922080604,0.7302564357787331,False,2.507789335426504,-0.27999118302481685
ENSRNOG00000001416,4.012692499000752,2.3627205173922703,0.013928045547010267,0.041182152767497954,True,-1.649971981608482,3.187706508196511
ENSRNOG00000001417,1.7918825093015727,1.6221310158257112,0.023742965417428836,0.07429231593603075,True,-0.1697514934758615,1.7070067625636418
ENSRNOG00000001418,1.748050212281241,-0.45512944449061665,0.005868526929894661,0.020897956751904662,False,-2.203179656771858,0.6464603838953121
ENSRNOG00000001419,0.05043993664657804,1.6304105854573874,0.027157417315260775,0.03999273180214367,True,1.5799706488108094,0.8404252610519827
ENSRNOG00000001420,-0.3910070847936176,-0.7669517780517685,0.0032210112366730897,0.5028359452489422,True,-0.3759446932581509,-0.578979431422693
ENSRNOG00000001421,-0.3769358886712946,0.8467439281053457,0.16434237870099463,0.7970226423265884,False,1.2236798167766403,0.23490401971702554
ENSRNOG00000001422,0.702955073375131,0.34867013934823854,0.010516373306927304,0.33135281952203793,True,-0.35428493402689243,0.5258126063616848
ENSRNOG00000001423,2.522135295061013,2.3572103339133355,0.0019825663249786337,0.056501770935007994,True,-0.16492496114767752,2.4396728144871744
ENSRNOG00000001424,0.3263655921505553,0.9264916512339283,0.29596807476691933,0.22867291481344101,True,0.600126059083373,0.6264286216922418
ENSRNOG00000001425,-1.6405985216471226,-1.5906693512083965,0.003419001836498548,0.004255980584582778,True,0.049929170438726134,-1.6156339364277597
ENSRNOG00000001426,1.4839687122929637,2.15560048190916,0.004864301336551656,0.029500285782918582,True,0.6716317696161962,1.8197845971010618
ENSRNOG00000001427,1.658071343510626,0.3305544063944711,0.006054194037471312,0.11032350891335473,True,-1.327516937116155,0.9943128749525485
ENSRNOG00000001428,1.178387151206015,1.6181341938490101,0.006913610909766267,0.012637474908633137,True,0.43974704264299525,1.3982606725275124
ENSRNOG00000001429,1.3418980317449687,0.5027751027117212,0.0031469775877334878,0.09844621642681096,True,-0.8391229290332475,0.922336567228345
ENSRNOG00000001430,-0.48767063428405455,0.03541981475050593,0.10353926241577358,0.029800604322106777,False,0.5230904490345605,-0.2261254097667743
ENSRNOG00000001431,-1.6721805008350432,-1.6221753930398035,0.02766312590084543,0.03803920804805888,True,0.0500051077952397,-1.6471779469374233
ENSRNOG00000001432,-1.5627481751534036,-1.0101939856623892,0.06121254417565494,0.0013755241340051444,True,0.5525541894910144,-1.2864710804078965
ENSRNOG00000001433,-2.9438338472241443,-3.1302354028887738,0.01390215164207339,0.05167685903883654,True,-0.18640155566462946,-3.0370346250564593
ENSRNOG00000001434,0.4265075007827096,0.5499599344554764,0.20926061725862496,0.010386868207770183,True,0.12345243367276681,0.488233717619093
ENSRNOG00000001435,-0.15020780980786852,-0.055744083961785304,0.03635666485649663,0.08358273658122843,True,0.09446372584608322,-0.10297594688482692
ENSRNOG00000001436,-0.7919778681534758,-1.1057061821204597,0.015548681100469855,0.016783801171285303,True,-0.31372831396698386,-0.9488420251369678
ENSRNOG00000001437,-5.320113883821126,-3.6754568057081767,0.010017525034248551,0.04467037051164855,True,1.644657078112949,-4.497785344764651
ENSRNOG00000001438,-2.245171445449504,-1.3860118829293575,0.04518731865405996,0.036560003819641286,True,0.8591595625201465,-1.8155916641894307
ENSRNOG00000001439,2.0175131725257005,0.7247340513891086,0.02725426571246569,0.5860902644409749,True,-1.2927791211365918,1.3711236119574046
ENSRNOG00000001440,-1.1963268001136358,-0.948698728593425,0.005039019852597874,0.05134541498771345,True,0.24762807152021082,-1.0725127643535304
ENSRNOG00000001441,0.6490650197823146,-0.614465324487693,0.04317712538740198,0.06267289211942254,False,-1.2635303442700074,0.017299847647310795
ENSRNOG00000001442,-2.5032337739554613,0.7608207246193441,0.009712348665289808,0.04069697096300406,False,3.2640544985748052,-0.8712065246680586
ENSRNOG00000001443,2.589669868246616,2.8730501036262934,0.009588966741635547,0.008138755396222172,True,0.28338023537967727,2.7313599859364546
ENSRNOG00000001444,-0.25924978809841753,0.11045895500620476,0.10780129357455039,0.3043523296380911,False,0.3697087431046223,-0.07439541654610639
ENSRNOG00000001445,0.5220727136703633,1.585728019146377,0.0935908480549033,0.017123036138265046,True,1.0636553054760136,1.0539003664083701
ENSRNOG00000001446,4.186403625387033,0.7685393647452159,0.012574507095042698,0.25821009491560964,True,-3.4178642606418173,2.4774714950661245
ENSRNOG00000001447,2.729592181060927,-0.8294410416042763,0.03414983020458378,0.059140812993830894,False,-3.559033222665203,0.9500755697283253
ENSRNOG00000001448,-0.551818118316704,-0.7944919352927603,0.06489416321162404,0.025828246273461537,True,-0.24267381697605628,-0.6731550268047322
ENSRNOG00000001449,-1.0677963327666466,-2.1735938570635343,0.004465115258743562,0.020643855030071663,True,-1.1057975242968876,-1.6206950949150905
ENSRNOG00000001450,-0.5859810207351572,-0.6469028947706527,0.24832150463077324,0.03329996143333655,True,-0.06092187403549543,-0.616441957752905
ENSRNOG00000001451,0.9178168472577641,0.8400549287599234,0.16229496646669775,0.16499089370171025,True,-0.07776191849784075,0.8789358880088438
ENSRNOG00000001452,-0.18940344165156803,0.8376408829345756,0.019063169745194498,0.0793690734001475,False,1.0270443245861436,0.3241187206415038
ENSRNOG00000001453,-0.711439461006249,-1.6789560169732236,0.05913537678254327,0.01294418573587944,True,-0.9675165559669746,-1.1951977389897364
ENSRNOG00000001454,2.640926251276276,2.2154420713359433,0.016422130600049364,0.043793581231282776,True,-0.42548417994033283,2.4281841613061097
ENSRNOG00000001455,-0.2055778052001064,-0.12468372972622822,0.2783279737321711,0.1304338105594796,True,0.08089407547387818,-0.16513076746316732
ENSRNOG00000001456,4.139260367467175,3.179581825307418,0.048741200308918695,0.003414017374206429,True,-0.9596785421597569,3.6594210963872964
ENSRNOG00000001457,0.16333661475391142,-0.43469165025862005,0.11768780949166507,0.07737169965172949,False,-0.5980282650125315,-0.13567751775235432
ENSRNOG00000001458,3.2135731096045097,3.637521611386293,0.004898001572490863,0.014933091586997314,True,0.42394850178178345,3.4255473604954014
ENSRNOG00000001459,0.6431749608791282,0.32867489254659465,0.049727229510797034,0.15651345604450648,True,-0.3145000683325335,0.4859249267128614
ENSRNOG00000001460,1.7333290318490062,3.0415550763362815,0.011817923559646221,0.10901508695824678,True,1.3082260444872753,2.3874420540926438
ENSRNOG00000001461,-1.304299892731904,-1.7168320134240296,0.01632974698020349,0.0018604916077111155,True,-0.4125321206921255,-1.510565953077967
ENSRNOG00000001462,-1.5367666006573413,-0.26503258149366093,0.003890235224064428,0.19346320351101726,True,1.2717340191636803,-0.9008995910755011
ENSRNOG00000001463,0.8274707190269776,0.5000281843497898,0.13313892006450243,0.3404929682205376,True,-0.32744253467718776,0.6637494516883837
ENSRNOG00000001464,1.7793958364375673,0.865859631277444,0.03902826707741701,0.022343386638416677,True,-0.9135362051601232,1.3226277338575056
ENSRNOG00000001465,0.07246170360083316,0.7132050659394904,0.040531438287794236,0.3821045049384087,True,0.6407433623386573,0.3928333847701618
ENSRNOG00000001466,-2.3155080031506547,-1.8886775952915145,0.01183570201484339,0.010160144014753281,True,0.4268304078591403,-2.1020927992210847
ENSRNOG00000001467,-2.448465059320789,-4.460019844353331,0.008264707993484603,0.0006762498136954864,True,-2.0115547850325424,-3.45424245183706
ENSRNOG00000001468,-2.5688455239352344,-4.962826485608982,0.019073372559570072,0.055258594623795315,True,-2.3939809616737477,-3.7658360047721082
ENSRNOG00000001469,-3.181719803290886,-0.8275261979395507,0.009807620323598568,0.24798423030957528,True,2.3541936053513353,-2.0046230006152186
ENSRNOG00000001470,0.19707364700475752,1.4257814607369157,0.13639877811981677,0.006865306998861653,True,1.228707813732158,0.8114275538708366
ENSRNOG00000001471,2.0250790590744456,3.3587617537393673,0.0032476661454426633,0.0166929099592978,True,1.3336826946649216,2.6919204064069064
ENSRNOG00000001472,-0.024148416464655785,-0.03482558389225223,0.08802502032336208,0.04936386674650626,True,-0.010677167427596446,-0.029487000178454008
ENSRNOG00000001473,-4.068746563208134,-4.124014205079318,0.0021495003936855286,0.028320883015946065,True,-0.05526764187118349,-4.0963803841437265
ENSRNOG00000001474,-0.3433688286021877,-0.6740538382330392,0.05220845081784921,0.14184555880559155,True,-0.3306850096308515,-0.5087113334176134
ENSRNOG00000001475,-0.2930381939386928,-0.18727023074893268,0.032262255609579966,0.03731153336982484,True,0.10576796318976012,-0.24015421234381273
ENSRNOG00000001476,3.772797750405791,1.5081123347765735,0.050470640962397284,0.01713842291865861,True,-2.2646854156292173,2.6404550425911824
ENSRNOG00000001477,-2.6228482432552016,-0.052533346290976946,0.0029388498514126165,0.30499763709362837,True,2.5703148969642244,-1.3376907947730894
ENSRNOG00000001478,-0.7032196846785523,1.873288638044508,0.04586215420583419,0.005825751428946825,False,2.5765083227230603,0.5850344766829778
ENSRNOG00000001479,3.0705348249802156,2.5901584167532334,0.0021092626780580275,0.014440396123624463,True,-0.48037640822698213,2.8303466208667247
ENSRNOG00000001480,0.8099610144237865,0.5393665557750692,0.07378887471826441,0.07973694678151703,True,-0.27059445864871734,0.6746637850994279
ENSRNOG00000001481,1.0139635323295644,-0.6702201254140501,0.003353351838476967,0.44806204225585,False,-1.6841836577436144,0.17187170345775715
ENSRNOG00000001482,0.2062519866429808,1.7640069418810809,0.3914180487511451,0.0007633403933746287,True,1.5577549552381,0.9851294642620309
ENSRNOG00000001483,0.5938983695830762,0.48397304270799063,0.022454040909945645,0.29226698440709176,True,-0.10992532687508555,0.5389357061455334
ENSRNOG00000001484,1.3996971545013648,0.6481714467297852,0.016068163659271682,0.043184627176546225,True,-0.7515257077715796,1.023934300615575
ENSRNOG00000001485,-1.4570753740069795,-0.4855784612164816,0.017487427032285414,0.007222292918322705,True,0.9714969127904979,-0.9713269176117305
ENSRNOG00000001486,1.5805054420347597,0.45974659514499183,0.017364852457411907,0.07905495873219523,True,-1.120758846889768,1.0201260185898757
ENSRNOG00000001487,-2.4714054303939705,-1.5263367608899907,0.011763546657489129,0.016300651324338035,True,0.9450686695039798,-1.9988710956419806
ENSRNOG00000001488,0.5910623510967686,-1.1126677946421404,0.35466816793951034,0.0653322709385986,False,-1.7037301457389091,-0.2608027217726859
ENSRNOG00000001489,0.3217337339153889,1.3602204877775201,0.11937314712087121,0.004863047021547692,True,1.0384867538621312,0.8409771108464545
ENSRNOG00000001490,-1.1093275587457943,-0.863974333139597,0.010661647215755134,0.6880901478588658,True,0.2453532256061972,-0.9866509459426956
ENSRNOG00000001491,-0.04083349558616413,1.188974126667121,0.15405037781575906,0.03356972207366959,False,1.2298076222532852,0.5740703155404784
ENSRNOG00000001492,-1.1205722747979956,-0.9731821335963375,0.005972450059502104,0.018180301358826607,True,0.14739014120165805,-1.0468772041971666
ENSRNOG00000001493,-1.92906238835114,-1.4547721183019526,0.020203725411026552,0.04817951139268871,True,0.47429027004918733,-1.6919172533265463
ENSRNOG00000001494,-0.6365065349045599,-1.7057577434416562,0.24790372325307097,0.01894647067900509,True,-1.0692512085370964,-1.171132139173108
ENSRNOG00000001495,-1.9871795436689907,-0.5535372680258634,0.028907225165843663,0.5812566204530053,True,1.4336422756431273,-1.270358405847427
ENSRNOG00000001496,0.5810354353678466,-0.5245278556741104,0.1526508591439192,0.023051257803683233,False,-1.105563291041957,0.028253789846868105
ENSRNOG00000001497,-2.070153889474254,-1.918448136701683,0.012681565153019377,0.0655081748693337,True,0.15170575277257115,-1.9943010130879686
ENSRNOG00000001498,1.2815586413838924,0.8725594215277106,0.09848565172770592,0.013497455749653341,True,-0.4089992198561818,1.0770590314558015
ENSRNOG00000001499,-2.1266623222718763,-1.3188449862710516,0.020431430223980387,0.01030133694801335,True,0.8078173360008247,-1.722753654271464
ENSRNOG00000001500,-1.0193308480458114,-2.484546763899799,0.05070223972448693,0.005318027570750051,True,-1.4652159158539875,-1.7519388059728052
ENSRNOG00000001501,-1.1242861347873223,-1.0068607304177966,0.023246865185766602,0.07664229381687451,True,0.11742540436952575,-1.0655734326025594
ENSRNOG00000001502,2.38526411197471,2.456971325718702,0.038808273399124106,0.022932697492256245,True,0.0717072137439918,2.4211177188467063
ENSRNOG00000001503,0.5945219021098653,0.007019957184610737,0.13630624326093013,0.12954490315662762,True,-0.5875019449252545,0.30077092964723806
ENSRNOG00000001504,-0.38112084457990963,-0.49513051623832627,0.06057721186409502,0.04904365447450089,True,-0.11400967165841663,-0.4381256804091179
ENSRNOG00000001505,0.897694993925502,0.7809589492542043,0.004435976944772902,0.009098467938103006,True,-0.11673604467129772,0.8393269715898531
ENSRNOG00000001506,-3.7929462251934387,-2.7114618873058873,0.010801085295764073,0.03307885194813648,True,1.0814843378875514,-3.252204056249663
ENSRNOG00000001507,-0.07764046135363341,-1.1348367912274555,0.011798760088669726,0.02732889053847737,True,-1.057196329873822,-0.6062386262905445
ENSRNOG00000001508,3.595525520048573,2.40679392378278,0.030797294449102938,0.1943001553133991,True,-1.188731596265793,3.0011597219156765
ENSRNOG00000001509,0.23822371152481062,1.2057689523430621,0.08205734622631901,0.012405158964042044,True,0.9675452408182516,0.7219963319339364
ENSRNOG00000001510,0.1222437045048039,-1.0206090255671785,0.2446863330820133,0.0318162208295222,False,-1.1428527300719824,-0.44918266053118727
ENSRNOG00000001511,0.986631083355953,0.2777031527219392,0.07434807052016963,0.07958960066421521,True,-0.7089279306340137,0.6321671180389461
ENSRNOG00000001512,1.612089437965822,-0.3544920723150722,0.02130548104533057,0.14826574985998592,False,-1.9665815102808941,0.6287986828253749
ENSRNOG00000001513,-3.5954400472017474,-1.4564481840823262,0.03367560706464321,0.028327988548186127,True,2.138991863119421,-2.525944115642037
ENSRNOG00000001514,-3.0281876672238486,-2.1561437308919897,0.0241335606651555,0.023232428789443024,True,0.8720439363318588,-2.592165699057919
ENSRNOG00000001515,0.3785243239550638,-0.6353130749967131,0.05023626629838524,0.2290142169035386,False,-1.0138373989517768,-0.12839437552082464
ENSRNOG00000001516,-1.2867778114155175,-0.7781300316122157,0.021945419132493454,0.460845505875236,True,0.5086477798033018,-1.0324539215138666
ENSRNOG00000001517,2.3616454719958457,0.3421386953169496,0.014662881290756949,0.10248008716197311,True,-2.019506776678896,1.3518920836563977
ENSRNOG00000001518,-0.567313901793403,-1.4709437612529408,0.05594517188867572,0.00513282798854414,True,-0.9036298594595378,-1.019128831523172
ENSRNOG00000001519,-3.482155324283612,-3.901005826857226,0.006242994676561508,0.020903239675255925,True,-0.4188505025736138,-3.691580575570419
ENSRNOG00000001520,-2.2824250503191945,-2.6721672336523223,0.003939378711454043,0.02856235998297986,True,-0.3897421833331278,-2.477296141985758
ENSRNOG00000001521,-4.949416835335036,-1.940398984828028,0.019699702771520732,0.007664036639832261,True,3.009017850507008,-3.444907910081532
ENSRNOG00000001522,-0.42142596710924257,-1.0563439054810106,0.26369092184459664,0.013362635041436269,True,-0.634917938371768,-0.7388849362951266
ENSRNOG00000001523,-0.33909142907589007,0.25895420701244753,0.15254662878603423,0.22305669286049098,False,0.5980456360883376,-0.04006861103172127
ENSRNOG00000001524,-0.764032877607416,-1.3976588477267606,0.4573871538475303,0.02335254537587115,True,-0.6336259701193446,-1.0808458626670883
ENSRNOG00000001525,1.9419822702535297,2.1180583768237806,0.003803105977669648,0.032792937508559654,True,0.17607610657025097,2.030020323538655
ENSRNOG00000001526,2.1573357057300484,0.38960217891855153,0.012732046661111851,0.020204005701615724,True,-1.7677335268114969,1.2734689423243
ENSRNOG00000001527,-0.3066991620410002,-0.16736610603803587,0.0028460603636656858,0.15765379967112766,True,0.1393330560029643,-0.23703263403951802
ENSRNOG00000001528,-3.842448601458341,-2.557371173629276,0.022352302675857694,0.024707118293746496,True,1.2850774278290649,-3.1999098875438086
ENSRNOG00000001529,1.1111068448860653,3.1997482577704455,0.0124910243135339,0.037839730036598844,True,2.08864141288438,2.1554275513282555
ENSRNOG00000001530,0.9996484113154359,1.34170747207367,0.3236116877125525,0.012626062848044512,True,0.342059060758234,1.170677941694553
ENSRNOG00000001531,0.556904826282501,-0.2438539331736364,0.13531577464998173,0.06886968515134573,False,-0.8007587594561374,0.15652544655443232
ENSRNOG00000001532,1.7666635487546085,1.9206326249861736,0.019561331445770706,0.02931225910551525,True,0.15396907623156508,1.843648086870391
ENSRNOG00000001533,-2.096690573629872,0.819333603941155,0.02662853053404556,0.22229626033038782,False,2.9160241775710274,-0.6386784848443586
ENSRNOG00000001534,3.61575969513325,0.7475986976821001,0.00759616647983969,0.34846526551130297,True,-2.8681609974511497,2.181679196407675
ENSRNOG00000001535,-1.7269699556553624,-2.0589457145428094,0.014583663377409345,0.03040986603012311,True,-0.331975758887447,-1.8929578350990859
ENSRNOG00000001536,1.3486012689615383,0.6683064258248876,0.023971074955723815,0.17342338122611461,True,-0.6802948431366507,1.008453847393213
ENSRNOG00000001537,-3.037225849944033,-2.5032562164609917,0.006546676997180858,0.007141092363758328,True,0.5339696334830415,-2.7702410332025122
ENSRNOG00000001538,-1.6744764370860916,-1.4880385104649108,0.0082596463589412,0.004979404818643198,True,0.18643792662118086,-1.5812574737755012
ENSRNOG00000001539,2.729463564105605,0.4865913447189061,0.005001035604425372,0.2191812859506436,True,-2.242872219386699,1.6080274544122555
ENSRNOG00000001540,-0.4696196814015298,1.1548124728744726,0.08586418010103299,0.039736540643604525,False,1.6244321542760025,0.3425963957364714
ENSRNOG00000001541,1.5118606892390363,-0.4656737597179057,0.002550021865048017,0.009160239008192905,False,-1.977534448956942,0.5230934647605653
ENSRNOG00000001542,0.426519699694643,0.07980994568873323,0.06519265031755378,0.040827182043294434,True,-0.34670975400590975,0.2531648226916881
ENSRNOG00000001543,-0.18892468080031083,0.9696533384045213,0.014410774723974338,0.12184924038818565,False,1.158578019204832,0.39036432880210525
ENSRNOG00000001544,2.4549305848788414,1.6376586977144671,0.004823830325926408,0.02454997214912447,True,-0.8172718871643743,2.0462946412966545
ENSRNOG00000001545,-0.4259858843734206,-1.3180342766218336,0.11434018936943591,0.003932819694078221,True,-0.892048392248413,-0.8720100804976271
ENSRNOG00000001546,-3.205328593614247,-3.5957328828503434,0.006879474706171208,0.04751660365524854,True,-0.3904042892360966,-3.400530738232295
ENSRNOG00000001547,-1.4458321655130693,-1.2246650283780585,0.016447681813787227,0.04679690072042272,True,0.2211671371350108,-1.3352485969455639
ENSRNOG00000001548,0.9921451116630495,-0.12022236821211607,0.14190697435067975,0.09405871683877375,False,-1.1123674798751657,0.43596137172546673
ENSRNOG00000001549,0.7119163914525146,0.6995957924758369,0.11829972985649337,0.3382339729736579,True,-0.012320598976677699,0.7057560919641758
ENSRNOG00000001550,-2.820704850423789,-3.389603003398565,0.000631836663346849,0.0213710590706231,True,-0.5688981529747763,-3.1051539269111768
ENSRNOG00000001551,-1.303816534934762,-0.03290772002363518,0.03666833947249926,0.06881570443769733,True,1.2709088149111267,-0.6683621274791985
ENSRNOG00000001552,-1.047098428564044,-0.590699932100862,0.007207751887939913,0.01620892339675823,True,0.45639849646318187,-0.818899180332453
ENSRNOG00000001553,-0.6578452694056051,-0.24800656912571062,0.1494251599068895,0.08104332211715869,True,0.40983870027989444,-0.45292591926565784
ENSRNOG00000001554,-2.4766444594827925,-0.17098761529628126,0.023221599691175872,0.1128139977418403,True,2.3056568441865113,-1.323816037389537
ENSRNOG00000001555,-1.1310679946150615,-1.2288115096287011,0.0044155992249759616,0.020917202090049374,True,-0.09774351501363965,-1.1799397521218813
ENSRNOG00000001556,-1.3114988734671493,-1.6539267634275467,0.0026766873051251414,0.04158639976306516,True,-0.3424278899603974,-1.482712818447348
ENSRNOG00000001557,1.3887598675714548,0.36920490018437246,0.00043702324949998445,0.047556676840436164,True,-1.0195549673870823,0.8789823838779136
ENSRNOG00000001558,1.4564183597824387,0.7882115866526376,0.03053645814004195,0.03295320482379928,True,-0.6682067731298011,1.1223149732175381
ENSRNOG00000001559,-0.2624588245598688,-0.2739851402316058,0.03493954747072534,0.10627067321585068,True,-0.011526315671737009,-0.2682219823957373
ENSRNOG00000001560,-0.7056716325673167,-1.3520893335776372,0.6333230292959783,0.013356687656398688,True,-0.6464177010103205,-1.028880483072477
ENSRNOG00000001561,0.25186376167040414,-1.9529721577488373,0.05646684952524779,0.0081594005775897,False,-2.2048359194192413,-0.8505541980392166
ENSRNOG00000001562,-1.4698351934200349,-1.5884633824486138,0.020790619229018727,0.02183859310616122,True,-0.11862818902857897,-1.5291492879343243
ENSRNOG00000001563,-2.0642977479013935,-1.0259055189717134,0.000651250681734207,0.005954115826816289,True,1.03839222892968,-1.5451016334365535
ENSRNOG00000001564,-1.6923981760662905,-1.0077595381589106,0.019367884200816088,0.050018703671150085,True,0.6846386379073799,-1.3500788571126006
ENSRNOG00000001565,-1.1426636951486222,0.48252088061605525,0.0030186978125741476,0.2016008984036034,False,1.6251845757646775,-0.3300714072662835
ENSRNOG00000001566,-2.0942528396260878,0.6291689402162381,0.0008849013853887271,0.13018427780300332,False,2.723421779842326,-0.7325419497049248
ENSRNOG00000001567,0.29170720631317454,0.9956613603243504,0.015797079014762377,0.0007500955305389855,True,0.7039541540111758,0.6436842833187625
ENSRNOG00000001568,1.313488212810675,2.3448186592398965,0.01862141721859229,0.024523683298150557,True,1.0313304464292214,1.829153436025286
ENSRNOG00000001569,-2.856776941436835,-1.137495313300772,0.0017361266200227733,0.0367178554045513,True,1.7192816281360632,-1.9971361273688035
ENSRNOG00000001570,0.04523168018886003,1.8261517612521776,0.06105723770070056,0.03291861302984828,True,1.7809200810633177,0.9356917207205188
ENSRNOG00000001571,-0.39588443147940405,1.6741949025998362,0.23452088880063376,0.00921122698157327,False,2.07007933407924,0.639155235560216
ENSRNOG00000001572,0.6147156339662453,1.41673006041492,0.08651886767288086,0.010541873676708894,True,0.8020144264486747,1.0157228471905826
ENSRNOG00000001573,-0.023289782586458512,0.7258621015870228,0.004866983708477542,0.14621330164562932,False,0.7491518841734813,0.35128615950028214
ENSRNOG00000001574,-2.6164787038769357,-1.9946992991705523,0.0033165630605854037,0.013374245787395926,True,0.6217794047063834,-2.305589001523744
ENSRNOG00000001575,-2.272300737942898,-1.5885686468132758,0.004417129054731728,0.03247015027700462,True,0.6837320911296221,-1.9304346923780868
ENSRNOG00000001576,0.0529624360529509,-0.31871474140176864,0.0986421837972879,0.37049295876444166,False,-0.37167717745471957,-0.13287615267440886
ENSRNOG00000001577,1.851805655541917,1.9115420372083123,0.050042883438789335,0.02565365124068529,True,0.05973638166639539,1.8816738463751146
ENSRNOG00000001578,-3.9855372678774055,-3.466530781383952,0.010030938865023922,0.010282294937846341,True,0.5190064864934536,-3.7260340246306787
ENSRNOG00000001579,0.622307843642844,0.2225078134082285,0.12868023382784452,0.036673756799016466,True,-0.39980003023461547,0.42240782852553627
ENSRNOG00000001580,2.141319609517758,-1.0168310449651397,0.009335519157225523,0.0056278296748277935,False,-3.1581506544828972,0.5622442822763091
ENSRNOG00000001581,-0.2754465771711836,1.6219407170347302,0.026353014352983827,0.016782404063929064,False,1.8973872942059138,0.6732470699317733
ENSRNOG00000001582,0.9903644928475934,0.4419495434207293,0.08932741476473453,0.6089995125517476,True,-0.5484149494268642,0.7161570181341613
ENSRNOG00000001583,-1.2655243456160439,-0.3821970958155042,0.1078119726274606,0.023709161056624378,True,0.8833272498005397,-0.823860720715774
ENSRNOG00000001584,-0.21485915869837827,1.3845718015320754,0.13626879223994243,0.016440160383028146,False,1.5994309602304537,0.5848563214168485
ENSRNOG00000001585,-2.917644332954673,-1.6686900370959388,0.025557702252762365,0.007644911455898685,True,1.248954295858734,-2.2931671850253057
ENSRNOG00000001586,-4.219817955153973,-1.3529153223065988,0.011520822227480415,0.03199913847625313,True,2.866902632847374,-2.7863666387302857
ENSRNOG00000001587,1.6969784422054954,-0.1498793620591985,0.05697281233887895,0.2482416041279058,False,-1.846857804264694,0.7735495400731485
ENSRNOG00000001588,-1.7729908699039953,1.3116116275428704,0.0029395302484211423,0.00014689613237618712,False,3.0846024974468658,-0.23068962118056247
ENSRNOG00000001589,-0.8199501210061749,0.583899626129005,0.0708538434147193,0.42042602379961,False,1.40384974713518,-0.11802524743858495
ENSRNOG00000001590,-2.495596055886348,-1.4773427008917437,0.010596286425190843,0.018519682545156783,True,1.0182533549946042,-1.986469378389046
ENSRNOG00000001591,-2.5379454655509766,-0.22946961731794646,0.004169034539338785,0.31905838202662495,True,2.30847584823303,-1.3837075414344615
ENSRNOG00000001592,-0.31290786017030947,-1.439843975204651,0.07436348555860457,0.004025023687979396,True,-1.1269361150343415,-0.8763759176874802
ENSRNOG00000001593,-1.3132389494441636,-1.1960481083299999,0.026599312221513422,0.06758520061484735,True,0.11719084111416378,-1.2546435288870819
ENSRNOG00000001594,0.6803477963904573,1.9790994177680095,0.22487074211185554,0.020689301502020974,True,1.2987516213775523,1.3297236070792333
ENSRNOG00000001595,0.8145691541632655,-1.4065061651086923,0.10201422291500097,0.003613904086111129,False,-2.2210753192719577,-0.2959685054727134
ENSRNOG00000001596,0.577529363384293,0.9812006308080643,0.02985050691337405,0.10918566226141237,True,0.40367126742377135,0.7793649970961787
ENSRNOG00000001597,0.4294814236711986,0.8508323359338267,0.017381362704349517,0.6398724187273747,True,0.42135091226262805,0.6401568798025127
ENSRNOG00000001598,2.839982768877395,3.9988753904998995,0.016852790285291522,0.013248645331819155,True,1.1588926216225044,3.4194290796886473
ENSRNOG00000001599,-1.921668784280795,-2.968837964019289,0.0027056292674680076,0.0028088065607988046,True,-1.047169179738494,-2.4452533741500417
ENSRNOG00000001600,-0.09888275916525195,1.6228723336508435,0.26964696835893737,0.1056177060300977,False,1.7217550928160954,0.7619947872427958
ENSRNOG00000001601,2.03884167693526,0.7989680600096289,0.021291175772974107,0.5216599540800062,True,-1.239873616925631,1.4189048684724446
ENSRNOG00000001602,2.2761716568084656,1.0784367937223092,0.03115753316315992,0.022832205191114355,True,-1.1977348630861564,1.6773042252653874
ENSRNOG00000001603,-2.5591745688202314,-3.0233433131055403,0.013248399964398158,0.018399153400244655,True,-0.46416874428530885,-2.791258940962886
ENSRNOG00000001604,-0.5622397949805659,-1.5245676999270563,0.06100077524470138,0.02523023539438307,True,-0.9623279049464905,-1.0434037474538111
ENSRNOG00000001605,2.444617972561069,2.0860386861681457,0.008008401071323173,0.014328705735152547,True,-0.35857928639292336,2.2653283293646074
ENSRNOG00000001606,0.9145423893583176,-0.5460596857567672,0.07935508401787789,0.15106361634911744,False,-1.4606020751150848,0.18424135180077517
ENSRNOG00000001607,0.351473456663591,1.0163005008668031,0.4491059515735279,0.0708723785100427,True,0.6648270442032121,0.6838869787651971
ENSRNOG00000001608,-0.39183244818238216,-0.9625604140822611,0.11560931326236903,0.16799949797424218,True,-0.570727965899879,-0.6771964311323216
ENSRNOG00000001609,-0.6908416662739418,-1.7434578292073604,0.011898789280063432,0.00775822639228775,True,-1.0526161629334185,-1.2171497477406512
ENSRNOG00000001610,0.5187943135625835,-0.20141947045533237,0.09484742245791203,0.0024089671613720972,False,-0.7202137840179159,0.15868742155362558
ENSRNOG00000001611,-0.4542734249720701,0.04463662236311344,0.019764285214511713,0.14035622419939248,False,0.4989100473351835,-0.20481840130447831
ENSRNOG00000001612,-0.07664151787999952,-0.34333715718597,0.0024228625465358366,0.2082523196689841,True,-0.2666956393059705,-0.20998933753298477
ENSRNOG00000001613,0.14147767100706726,0.13212544053424405,0.1495730707299836,0.44160288633455347,True,-0.009352230472823214,0.13680155577065567
ENSRNOG00000001614,-1.2205287512882985,-0.09894171594815482,0.006594059262675563,0.07837629664307853,True,1.1215870353401436,-0.6597352336182267
ENSRNOG00000001615,0.957832872986589,1.7878688778286764,0.02702178803938473,0.027505315078111554,True,0.8300360048420874,1.3728508754076327
ENSRNOG00000001616,5.245640367147756,3.2414353756415712,0.04212086263205284,0.009812543098566344,True,-2.0042049915061844,4.243537871394663
ENSRNOG00000001617,-3.1985759507869354,-3.2714647628900826,0.03208790507914358,0.020720540806155013,True,-0.07288881210314724,-3.235020356838509
ENSRNOG00000001618,0.5832225435419638,0.47649053247717743,0.048670385460953876,0.27240956467311567,True,-0.10673201106478636,0.5298565380095706
ENSRNOG00000001619,-1.3683421595140302,-0.4362906030602652,0.010287919893773046,0.21758943639185302,True,0.932051556453765,-0.9023163812871476
ENSRNOG00000001620,1.03932463953465,-0.8270208163869861,0.01958732269413958,0.1100834201819284,False,-1.8663454559216361,0.10615191157383197
ENSRNOG00000001621,0.08380345199014966,-0.8781523645046626,0.031942995280542716,0.17240982706384228,False,-0.9619558164948123,-0.39717445625725645
ENSRNOG00000001622,1.3713385932764344,0.17736400266688734,0.004137752332989647,0.17582282731305293,True,-1.193974590609547,0.7743512979716609
ENSRNOG00000001623,2.115911837715803,1.220606751490351,0.019214265012554473,0.008562882466734952,True,-0.8953050862254521,1.668259294603077
ENSRNOG00000001624,0.3463580119827264,-0.5635621506598711,0.38485818375650566,0.0502842419240691,False,-0.9099201626425976,-0.10860206933857236
ENSRNOG00000001625,2.0376941191455207,2.128024762370699,0.017363519763437283,0.036142130116006664,True,0.09033064322517825,2.08285944075811
ENSRNOG00000001626,-4.2197362088196195,-4.55481048352868,0.0833693722500133,0.05101305657400523,True,-0.3350742747090605,-4.387273346174149
ENSRNOG00000001627,2.8628141362488417,0.28800898059506674,0.004175601353694837,0.2154853533786491,True,-2.5748051556537748,1.5754115584219543
ENSRNOG00000001628,0.6751118734062121,0.10849282182918879,0.420803292366304,0.7629364536455024,True,-0.5666190515770233,0.3918023476177005
ENSRNOG00000001629,1.9401180403413274,1.1348448230852533,0.027358598203744425,0.037254194676555046,True,-0.8052732172560741,1.5374814317132903
ENSRNOG00000001630,-2.195776340714739,-3.0205039781870315,0.004311137982832328,0.007077797886706204,True,-0.8247276374722925,-2.608140159450885
ENSRNOG00000001631,-1.4953857868896043,-1.653948619864874,0.007729805168946799,0.07690321416171923,True,-0.15856283297526974,-1.5746672033772393
ENSRNOG00000001632,0.26268892946059347,-0.24246753625684023,0.20099602303392047,0.24058996711400743,False,-0.5051564657174337,0.01011069660187662
ENSRNOG00000001633,-0.03066820080743343,-0.4338172209223077,0.49655659680176684,0.05101590907898421,True,-0.40314902011487425,-0.23224271086487056
ENSRNOG00000001634,0.5095234584179813,0.5059515091779834,0.04273256665179052,0.0979039957126867,True,-0.003571949239997929,0.5077374837979823
ENSRNOG00000001635,1.952127289673939,0.6327887283335385,0.04411390904447024,0.06723941522109574,True,-1.3193385613404005,1.2924580090037388
ENSRNOG00000001636,-3.1773965675451286,-0.6089015509220004,0.007246833696120239,0.012308111497931531,True,2.568495016623128,-1.8931490592335645
ENSRNOG00000001637,1.7528743290911564,1.7045694155022373,0.012868202206298385,0.08496352115160315,True,-0.048304913588919085,1.7287218722966968
ENSRNOG00000001638,0.014907437924268633,-0.8373321388848853,0.07530992187081188,0.048661586111711994,False,-0.852239576809154,-0.41121235048030835
ENSRNOG00000001639,-0.36680735002418596,-0.15019192998049485,0.06962047337742511,0.12223589852757201,True,0.2166154200436911,-0.2584996400023404
ENSRNOG00000001640,-2.6480074218928027,-1.6704289623512207,0.004266083909152984,0.0021641613501109645,True,0.977578459541582,-2.1592181921220117
ENSRNOG00000001641,0.9054876030783571,1.891189118315953,0.12625054195821556,0.014905526117065217,True,0.985701515237596,1.3983383606971551
ENSRNOG00000001642,-4.345394131855867,-3.585269560024159,0.003465907890556087,0.021805722669015332,True,0.7601245718317085,-3.965331845940013
ENSRNOG00000001643,1.1671092202296829,1.5993399023627866,0.06879182821805024,0.029421058729059837,True,0.43223068213310367,1.3832245612962346
ENSRNOG00000001644,-2.6857905038513854,-1.7823903430473407,0.020445330681538035,0.04830593898066486,True,0.9034001608040447,-2.234090423449363
ENSRNOG00000001645,0.09622424271145326,1.6315773273149927,0.07352997297283954,0.0026012311966301677,True,1.5353530846035395,0.863900785013223
ENSRNOG00000001646,-0.21450390719025678,1.2095733683820038,0.08274216661747182,0.00041496458589064067,False,1.4240772755722606,0.4975347305958735
ENSRNOG00000001647,2.105168665128991,1.6383429621099443,0.014016104012415547,0.020471190076269626,True,-0.4668257030190466,1.8717558136194676
ENSRNOG00000001648,-0.3215793042250023,-0.49407067893986517,0.10006341322298871,0.08069840083520824,True,-0.17249137471486287,-0.40782499158243374
ENSRNOG00000001649,-1.2494494100621982,-0.3176893936788663,0.011121152099797487,0.5208957616313837,True,0.931760016383332,-0.7835694018705323
ENSRNOG00000001650,-0.9118848527481654,-0.8095542283522769,0.1557207650289746,0.20193537412708987,True,0.10233062439588858,-0.8607195405502212
ENSRNOG00000001651,2.2911889837583943,3.32233097023296,0.00726577002533679,0.0062154909025995035,True,1.031141986474566,2.8067599769956773
ENSRNOG00000001652,0.9653345445256086,0.7388210723632764,0.3938091323895367,0.03733138611019431,True,-0.2265134721623322,0.8520778084444425
ENSRNOG00000001653,-0.6941339667416904,-0.8979358615228286,0.031378865538926604,0.37643319788437296,True,-0.2038018947811382,-0.7960349141322595
ENSRNOG00000001654,-0.4256035559361242,-0.7720062584141865,0.0026411989611169807,0.012258422772574752,True,-0.34640270247806226,-0.5988049071751553
ENSRNOG00000001655,-2.8209187630538044,-3.19191212333523,0.0003062775688863573,0.03600721926955921,True,-0.3709933602814255,-3.006415443194517
ENSRNOG00000001656,0.6992535615327738,1.0598795063402753,0.04696723057466361,0.0761488347902784,True,0.36062594480750143,0.8795665339365246
ENSRNOG00000001657,-3.1676682738518385,-3.0150261889907277,0.03263121503982688,0.011389223575079961,True,0.15264208486111075,-3.091347231421283
ENSRNOG00000001658,1.353233638503821,2.0732545389797328,0.0017259359776795082,0.04023952899114326,True,0.7200209004759117,1.713244088741777
ENSRNOG00000001659,0.23151886648427852,-1.2001489774923424,0.13273514550497761,0.06399427895941812,False,-1.4316678439766208,-0.4843150555040319
ENSRNOG00000001660,4.296513239233061,3.0552325241003944,0.002644081925863654,0.04099396984751259,True,-1.2412807151326666,3.6758728816667277
ENSRNOG00000001661,-1.9802439967037506,-0.13883097133622435,0.019464825200169605,0.13116170337055635,True,1.8414130253675263,-1.0595374840199874
ENSRNOG00000001662,-0.18479176387313928,-2.385517817288553,0.024022208595825253,0.02479244132302317,True,-2.200726053415414,-1.285154790580846
ENSRNOG00000001663,3.236917861661513,4.320282966911624,0.00044922241469958906,0.044127250647967416,True,1.0833651052501114,3.7786004142865686
ENSRNOG00000001664,2.144501352524546,1.0117114626586765,0.005239005999327423,0.04695067919671875,True,-1.1327898898658695,1.5781064075916111
ENSRNOG00000001665,-1.2531816928438195,-0.7040133998635512,0.0008074932358892803,0.14715708872514596,True,0.5491682929802684,-0.9785975463536853
ENSRNOG00000001666,0.40314137107220593,0.8741578191212611,0.05545633023991268,0.027652888900255846,True,0.4710164480490552,0.6386495950967335
ENSRNOG00000001667,0.0035988415471570195,0.7648827211733981,0.27755199545972115,0.7248883739663435,True,0.761283879626241,0.38424078136027756
ENSRNOG00000001668,0.507520561309483,0.6326921168631148,0.00409669226023791,0.04788728765443498,True,0.1251715555536318,0.5701063390862988
ENSRNOG00000001669,-1.2576247847726936,0.19206895924625422,0.025818217697179614,0.028795888520910258,False,1.4496937440189477,-0.5327779127632197
ENSRNOG00000001670,-0.16077672486132213,0.43569607566220425,0.20980985403373104,0.15242068606685233,False,0.5964728005235264,0.13745967540044107
ENSRNOG00000001671,-2.876494275498085,-0.10709091030477902,0.038256309359928874,0.009895034211416855,True,2.769403365193306,-1.491792592901432
ENSRNOG00000001672,0.2432222133625477,0.7138350250838595,0.3140846567848833,0.11956805374027558,True,0.47061281172131186,0.4785286192232036
ENSRNOG00000001673,0.8100372121592977,2.613692600145564,0.06865584887868723,0.036786818735332585,True,1.8036553879862662,1.7118649061524307
ENSRNOG00000001674,-0.4093549427589912,0.6677714211734247,0.29116242609241993,0.17085266906070218,False,1.077126363932416,0.12920823920721675
ENSRNOG00000001675,-2.907091603052618,-3.8728599221324562,0.033580566598336484,0.09062723046574743,True,-0.9657683190798383,-3.3899757625925373
ENSRNOG00000001676,1.7793573531326323,3.9516208124374232,0.019063438931699126,0.058171543465923015,True,2.1722634593047907,2.865489082785028
ENSRNOG00000001677,0.6561450683870441,-0.1568826673978897,0.009449570149126327,0.3275562959812096,False,-0.8130277357849338,0.2496312004945772
ENSRNOG00000001678,-1.3068271758617582,0.6816787363758264,0.008263851371775962,0.3108918322661696,False,1.9885059122375845,-0.3125742197429659
ENSRNOG00000001679,-0.5050808043085151,-0.31532183165437994,0.05524309772614821,0.19329611192323098,True,0.18975897265413516,-0.41020131798144754
ENSRNOG00000001680,-2.70120492500731,-0.7226745785222624,0.03518898383491295,0.053647776029908285,True,1.9785303464850477,-1.711939751764786
ENSRNOG00000001681,-1.845738230000228,-1.9780048528092389,2.7582087580347706e-05,0.0010883415673641564,True,-0.1322666228090108,-1.9118715414047336
ENSRNOG00000001682,-0.968060423442851,-0.0012493176970713726,0.032867370549728846,0.7912012532548115,True,0.9668111057457797,-0.4846548705699612
ENSRNOG00000001683,2.211157462104272,1.2377370015667795,0.026981625931227292,0.024565833859643726,True,-0.9734204605374928,1.724447231835526
ENSRNOG00000001684,-1.1511061035974561,0.8752011167231128,0.013579360084015446,0.22008376528355145,False,2.026307220320569,-0.13795249343717164
ENSRNOG00000001685,1.1523845867917657,1.2442230948062605,0.001497572871307923,0.05796887439703162,True,0.09183850801449478,1.1983038407990132
ENSRNOG00000001686,-0.9689691651508436,0.3238407410640709,0.15071849775447355,0.26884872478253924,False,1.2928099062149145,-0.32256421204338637
ENSRNOG00000001687,0.4463056095333748,-1.968792900564029,0.20467953065063713,0.03374175976861974,False,-2.415098510097404,-0.7612436455153271
ENSRNOG00000001688,-0.2545119038588439,-0.2629194084020704,0.3225821317320205,0.011305729502574146,True,-0.008407504543226474,-0.25871565613045716
ENSRNOG00000001689,1.5715018801669383,1.4997004953247286,0.05091928859064665,0.015105040663992514,True,-0.07180138484220966,1.5356011877458333
ENSRNOG00000001690,-0.9626604087934042,-0.41981342621782236,0.012685890259410214,0.11462396328554803,True,0.5428469825755818,-0.6912369175056132
ENSRNOG00000001691,-2.8305508500043937,-0.9155595035992448,0.009861679187747956,0.3210032638070015,True,1.914991346405149,-1.8730551768018193
ENSRNOG00000001692,-2.487508256454539,-2.075705071783414,0.0181889174959935,1.607131756364364e-05,True,0.411803184671125,-2.2816066641189767
ENSRNOG00000001693,-0.9573794890969634,-0.599791592299573,0.11063709826182686,0.07036678731191288,True,0.35758789679739034,-0.7785855406982682
ENSRNOG00000001694,-2.248307947220495,-0.28856130147419523,0.025049164303002858,0.17756351702070078,True,1.9597466457462998,-1.268434624347345
ENSRNOG00000001695,0.7383816282231923,-1.890523946425854,0.8123422477092416,0.025671252782076343,False,-2.628905574649046,-0.5760711591013309
ENSRNOG00000001696,-0.8383826967445401,0.04871779293397094,0.8743046723933914,0.02504655612157889,False,0.8871004896785111,-0.3948324519052846
ENSRNOG00000001697,4.2742917900475765,2.5559393499391216,0.016035620141380557,0.0040090294558513765,True,-1.718352440108455,3.415115569993349
ENSRNOG00000001698,-3.1278862712468376,-3.084896695229152,0.019063316411962065,0.014510330766731755,True,0.042989576017685494,-3.106391483237995
ENSRNOG00000001699,0.3665397216776422,0.6026184462305758,0.3670976484180731,0.21333629894156841,True,0.2360787245529336,0.484579083954109
ENSRNOG00000001700,-2.0303154423102043,-0.09179063912185059,0.00025113444489687024,0.37566550510093655,True,1.9385248031883537,-1.0610530407160275
ENSRNOG00000001701,-0.8881224126888214,0.48717778242999155,0.03008082113271251,0.025892133694903233,False,1.3753001951188129,-0.20047231512941494
ENSRNOG00000001702,0.2545550520129795,0.031228752916866,0.032112116773250377,0.007575569323435379,True,-0.2233262990961135,0.14289190246492275
ENSRNOG00000001703,-4.185668474773716,-1.926726550897131,0.02583326312726531,0.0566539053118829,True,2.258941923876585,-3.0561975128354235
ENSRNOG00000001704,0.42628701021844945,1.2013464603166821,0.4993292862257288,0.013586295073058278,True,0.7750594500982326,0.8138167352675658
ENSRNOG00000001705,3.425233432093502,2.2374188998057565,0.009578214124008874,0.13239249801835232,True,-1.1878145322877454,2.831326165949629
ENSRNOG00000001706,-0.8161889370634672,-1.282743056790776,0.023521702263287373,0.0398449691525161,True,-0.46655411972730887,-1.0494659969271216
ENSRNOG00000001707,0.4676541422499171,-0.34899091594850284,0.1780319913790048,0.33657227154814934,False,-0.8166450581984199,0.05933161315070712
ENSRNOG00000001708,1.8448590476257187,2.1342501686970325,0.0037363761750498427,0.02031090885706398,True,0.2893911210713138,1.9895546081613755
ENSRNOG00000001709,-0.2951163000485938,-0.24493323843136902,0.10841036784254732,0.008330998413700108,True,0.05018306161722477,-0.2700247692399814
ENSRNOG00000001710,-1.0457283393566699,-1.8095866014796533,0.0020591338027067885,0.0034796758961852486,True,-0.7638582621229835,-1.4276574704181617
ENSRNOG00000001711,-4.096325526699154,-4.554607335440006,0.01122236383909722,0.025787148299073297,True,-0.45828180874085245,-4.3254664310695805
ENSRNOG00000001712,1.153783294910952,1.657995665240646,0.011472345726881187,0.029170482511081265,True,0.5042123703296939,1.405889480075799
ENSRNOG00000001713,-0.20370313751201502,-0.7126354768856052,0.13965556107602708,0.029318518242726792,True,-0.5089323393735903,-0.4581693071988101
ENSRNOG00000001714,-1.822830932498691,-0.8926178906603291,0.014375618623708545,0.01425008040870914,True,0.930213041838362,-1.3577244115795102
ENSRNOG00000001715,0.22787407849984842,1.4566466258024766,0.06952374720880532,0.004003479586601479,True,1.2287725473026283,0.8422603521511625
ENSRNOG00000001716,-1.0506246422511265,-2.0887954574269254,0.03559639341327511,0.006248600737271487,True,-1.038170815175799,-1.569710049839026
ENSRNOG00000001717,-0.9511670360079462,-0.6941878340238906,0.02113690938715401,0.9369544244632131,True,0.25697920198405555,-0.8226774350159184
ENSRNOG00000001718,1.0913240809956748,0.5628715215472457,0.0013105651968405812,0.18163260024269248,True,-0.5284525594484291,0.8270978012714603
ENSRNOG00000001719,-2.40908834038292,-1.2394500520510272,0.00993296162243917,0.03962763414176799,True,1.169638288331893,-1.8242691962169737
ENSRNOG00000001720,1.8851675149327654,2.583031908495737,0.0010703770919328677,0.04166887763876023,True,0.6978643935629716,2.234099711714251
ENSRNOG00000001721,-2.5158350936131266,-3.1066922690524548,0.00228393654164504,0.05751911273061196,True,-0.5908571754393281,-2.8112636813327905
ENSRNOG00000001722,-1.1928625350394748,-0.2128586776857876,0.0023722430174483375,0.12785229140334975,True,0.9800038573536872,-0.7028606063626313
ENSRNOG00000001723,3.461303149319839,3.436786105280877,0.0014868207725688763,0.010646262269736383,True,-0.024517044038962155,3.449044627300358
ENSRNOG00000001724,2.02923857095636,1.184186311095703,0.024112882638585614,0.04007115372742917,True,-0.8450522598606569,1.6067124410260314
ENSRNOG00000001725,0.17568718649179235,-0.024852055723360952,0.05507332885018615,0.5328343871885757,False,-0.2005392422151533,0.0754175653842157
ENSRNOG00000001726,-1.6929543879021898,-0.7118371463393207,0.04618921848843065,0.2839052408219346,True,0.9811172415628691,-1.2023957671207552
ENSRNOG00000001727,-0.9526901520598078,-0.2857713716163917,0.13619907392759725,0.04707560526262554,True,0.666918780443416,-0.6192307618380998
ENSRNOG00000001728,0.13189556625425353,0.7011592227883712,0.34419576667744123,0.05951860297060344,True,0.5692636565341176,0.4165273945213124
ENSRNOG00000001729,0.06754181821127717,0.6352729891049461,0.14466059844503623,0.05740195404191684,True,0.567731170893669,0.35140740365811163
ENSRNOG00000001730,-0.16356767332673314,-1.1422969387586122,0.10055260547455563,0.03453843368794576,True,-0.978729265431879,-0.6529323060426726
ENSRNOG00000001731,-0.0554985253515318,1.002040825351149,0.12528172555751224,0.02167222367621982,False,1.057539350702681,0.4732711499998086
ENSRNOG00000001732,-0.38587519746920534,0.9627271860206907,0.05261147988740553,0.5249624494279439,False,1.3486023834898961,0.28842599427574267
ENSRNOG00000001733,-2.5955617241520232,-1.5695949340485629,0.009812882388456443,0.00795326687196757,True,1.0259667901034604,-2.082578329100293
ENSRNOG00000001734,-0.9297193358894991,-2.20107222028201,0.019398431999005695,0.09413295882821833,True,-1.2713528843925108,-1.5653957780857546
ENSRNOG00000001735,1.6463232971763238,0.9990168507798052,0.011291161946438802,0.03699594223375704,True,-0.6473064463965186,1.3226700739780646
ENSRNOG00000001736,-2.4630017355920115,-1.4707150094149712,0.019036279261076934,2.0896905749042386e-05,True,0.9922867261770403,-1.9668583725034914
ENSRNOG00000001737,-0.3411999207707013,-1.433846195800235,0.16031066050626375,0.044356962773728005,True,-1.0926462750295338,-0.8875230582854682
ENSRNOG00000001738,-1.4755570717875193,-1.3815237755713772,0.005607592216803949,0.05269590923152548,True,0.09403329621614209,-1.4285404236794483
ENSRNOG00000001739,0.20043077291660039,-1.3435449313531806,0.02242621534068926,0.020788212632004366,False,-1.543975704269781,-0.5715570792182901
ENSRNOG00000001740,-0.6995397259202727,0.16196982260998072,0.18120502178286488,0.05907714001495898,False,0.8615095485302534,-0.268784951655146
ENSRNOG00000001741,2.6593085969544044,1.982582926576149,0.032358338808332554,0.0008247885824350785,True,-0.6767256703782554,2.3209457617652767
ENSRNOG00000001742,0.9118496775424568,-1.108014542326086,0.01710712829505055,0.03844125256048124,False,-2.019864219868543,-0.09808243239181463
ENSRNOG00000001743,-2.3612456983989807,-1.2366089702502274,0.0045513803229006175,0.006767213391957143,True,1.1246367281487533,-1.798927334324604
ENSRNOG00000001744,1.2082104209046576,0.7622486914553613,0.009026716243246262,0.08600157686873991,True,-0.44596172944929624,0.9852295561800095
ENSRNOG00000001745,-1.3943733412717134,-0.40593887517264016,0.026203534030642017,0.2204671448758645,True,0.9884344660990733,-0.9001561082221767
ENSRNOG00000001746,-1.0385934684795604,-1.1173526140093002,0.010242528816427591,0.005660136361934741,True,-0.07875914552973984,-1.0779730412444302
ENSRNOG00000001747,0.5648742361928193,-0.4574388901690583,0.15223155563153534,0.002897479700475104,False,-1.0223131263618777,0.05371767301188049
ENSRNOG00000001748,-0.8851453555142426,-1.4112856995303822,0.026104036643189946,0.005369184301835343,True,-0.5261403440161396,-1.1482155275223125
ENSRNOG00000001749,1.6071404693813196,0.5277767918034725,0.0033063139777269697,0.2818672394018304,True,-1.079363677577847,1.067458630592396
ENSRNOG00000001750,-1.3941181107241118,-0.9282339638822967,0.021879451890189035,0.08638276582796922,True,0.4658841468418151,-1.1611760373032043
ENSRNOG00000001751,-1.1141037946644539,-0.6022341916757971,0.02398657997389915,0.3405135387209949,True,0.5118696029886568,-0.8581689931701255
ENSRNOG00000001752,-1.181467608386596,-1.0036538454013932,0.004805028266656831,0.003430295555693498,True,0.1778137629852028,-1.0925607268939945
ENSRNOG00000001753,-1.0181497470390701,-1.1368273544329128,0.037292645113646106,0.021946065437689767,True,-0.1186776073938427,-1.0774885507359915
ENSRNOG00000001754,1.9785447999860633,0.9764370325847672,0.0005797832375324954,0.03303052277329067,True,-1.002107767401296,1.4774909162854153
ENSRNOG00000001755,1.1318333284985456,3.402757688161291,0.004570960713116098,0.009151772428242406,True,2.2709243596627453,2.2672955083299184
ENSRNOG00000001756,3.0778991172217283,1.2837099906376563,0.003928708109484638,0.0064400110416518675,True,-1.794189126584072,2.1808045539296925
ENSRNOG00000001757,4.081759567018659,2.1897258965991857,0.002511706984143618,0.038146930244022555,True,-1.892033670419473,3.1357427318089224
ENSRNOG00000001758,-1.8552906574782115,2.196949166701372,0.0008360653646847123,0.06333414450781596,False,4.052239824179583,0.17082925461158016
ENSRNOG00000001759,0.12675442918912,0.5282569794321818,0.23159928099524793,0.06345939514407256,True,0.40150255024306175,0.32750570431065085
ENSRNOG00000001760,-2.1171605699581795,-2.8886488867704427,0.01720499331491364,0.09339346371215158,True,-0.7714883168122633,-2.502904728364311
ENSRNOG00000001761,-1.3996906699468807,-0.0669680913877525,0.008789568725216579,0.006445654752798338,True,1.3327225785591281,-0.7333293806673167
ENSRNOG00000001762,-1.134148518460205,-1.7267618262141444,0.01306435277447017,0.10296947085754812,True,-0.5926133077539395,-1.4304551723371746
ENSRNOG00000001763,-1.902878773448894,-0.33944298274989604,0.008870903363516279,0.379908099346868,True,1.563435790698998,-1.121160878099395
ENSRNOG00000001764,-1.8933970912171447,-1.509020415366874,0.02152486916470418,0.02342701457692816,True,0.3843766758502707,-1.7012087532920095
ENSRNOG00000001765,-0.2597118813364587,-0.6383897212726697,0.024543862210653737,0.38878445994343125,True,-0.37867783993621096,-0.4490508013045642
ENSRNOG00000001766,-2.1900931530955328,0.20035987316399972,0.0005574188156557061,0.09836589923660242,False,2.3904530262595323,-0.9948666399657665
ENSRNOG00000001767,1.5158285264477391,1.6254848182766697,0.036406173380891194,0.020233674550166177,True,0.10965629182893055,1.5706566723622044
ENSRNOG00000001768,-1.6519563673515256,-0.10169142047736979,0.00822603740769011,0.43429841145494186,True,1.5502649468741558,-0.8768238939144477
ENSRNOG00000001769,5.057224146173506,3.8955780828939277,0.045403611708167646,0.003148653271889824,True,-1.1616460632795782,4.476401114533717
ENSRNOG00000001770,-0.8124920117359113,-1.019161317963173,0.6527785689581903,0.059430444677378125,True,-0.20666930622726176,-0.9158266648495422
ENSRNOG00000001771,0.129631755450694,0.7300717349775904,0.44483999473346464,0.07149663424342836,True,0.6004399795268964,0.42985174521414216
ENSRNOG00000001772,-2.3316141320388635,-0.31582144746774365,0.014367190434210893,0.1350515830472372,True,2.01579268457112,-1.3237177897533035
ENSRNOG00000001773,3.070965164629751,2.229731257641662,0.0013190385479403398,0.009382983398919135,True,-0.841233906988089,2.6503482111357064
ENSRNOG00000001774,2.015101225445249,3.261993567866601,0.07588461956473572,0.04985419036791466,True,1.246892342421352,2.638547396655925
ENSRNOG00000001775,0.5344485673250026,1.2564365891430058,0.1240290998645596,0.03050699474893951,True,0.7219880218180033,0.8954425782340042
ENSRNOG00000001776,-2.4242445878032184,-1.425904642445996,0.005405843215306521,0.017091489843446973,True,0.9983399453572224,-1.9250746151246072
ENSRNOG00000001777,0.37920037990431654,0.521917115903644,0.18912707151849908,0.4822278856769872,True,0.14271673599932744,0.45055874790398026
ENSRNOG00000001778,-2.018575882831059,-1.2285326149091143,0.005535501779148191,0.027530562469287517,True,0.7900432679219449,-1.6235542488700867
ENSRNOG00000001779,2.6322394742520494,0.4761221176166526,0.004581744972871298,0.22487306763718934,True,-2.156117356635397,1.554180795934351
ENSRNOG00000001780,1.456550517335711,0.8958785461892482,0.022272323467694075,0.48419910799336374,True,-0.5606719711464627,1.1762145317624797
ENSRNOG00000001781,0.171790269277925,0.34906319271721453,0.028730185744958666,0.2831114613876504,True,0.17727292343928952,0.26042673099756974
ENSRNOG00000001782,-4.3854761938451805,-3.4190131891445783,0.016109082720067103,0.07134046208402747,True,0.9664630047006022,-3.9022446914948796
ENSRNOG00000001783,-1.7701487615862552,-0.849140288238724,0.012249224741383794,0.01934416322635143,True,0.9210084733475312,-1.3096445249124895
ENSRNOG00000001784,1.2379700368797704,0.8641924899511105,0.015622913321466985,0.1249278517427283,True,-0.37377754692865983,1.0510812634154405
ENSRNOG00000001785,2.1831906451016807,2.29694612432285,0.018736920555661736,0.030699025181571152,True,0.11375547922116924,2.2400683847122655
ENSRNOG00000001786,1.996505660685837,2.053891849385387,0.0042711430282881485,0.03227941673606147,True,0.057386188699550145,2.025198755035612
ENSRNOG00000001787,-2.86562340403462,-1.7731129627794582,0.026635082981706908,0.014687393066478429,True,1.0925104412551616,-2.3193681834070388
ENSRNOG00000001788,0.5427941522632274,-1.0664735123281037,0.23147577586434478,0.06504744166534412,False,-1.609267664591331,-0.2618396800324382
ENSRNOG00000001789,1.8279273896692732,3.123249500590335,0.0041587163899640045,0.02435292744623865,True,1.2953221109210618,2.4755884451298042
ENSRNOG00000001790,-2.9850040180480413,-2.178788280772369,0.04106239526082473,0.021427108825637326,True,0.8062157372756724,-2.581896149410205
ENSRNOG00000001791,-0.014228127671825425,-0.09460590319672964,0.3925815752268966,0.2924789497118153,True,-0.08037777552490422,-0.05441701543427753
ENSRNOG00000001792,0.49291631695522126,-0.024463795604806604,0.5965879162251949,0.029492920521513307,False,-0.5173801125600279,0.23422626067520733
ENSRNOG00000001793,-0.5413762527241228,-0.880968090721217,0.11858335561676044,0.048022173397808655,True,-0.33959183799709414,-0.7111721717226699
ENSRNOG00000001794,-3.333891339722163,-0.6457851606105205,0.000581447659661077,0.09967953020293153,True,2.6881061791116423,-1.9898382501663416
ENSRNOG00000001795,-0.5862565981327116,1.0566920496751397,0.23867096496824972,0.01961296263410798,False,1.6429486478078514,0.23521772577121408
ENSRNOG00000001796,-0.5891497744590433,0.06599122712440492,0.26337211583450526,0.21618454411244928,False,0.6551410015834482,-0.26157927366731915
ENSRNOG00000001797,-0.26653032818595757,-0.29411578531871285,0.03943441358986644,0.20445973302336784,True,-0.027585457132755287,-0.2803230567523352
ENSRNOG00000001798,-1.0142485657651252,-0.039615140455844466,0.008278725165885802,0.1250464446354753,True,0.9746334253092808,-0.5269318531104848
ENSRNOG00000001799,-0.7974218758346412,-0.46476004470971466,0.01783230139467283,0.09991736981726825,True,0.33266183112492653,-0.6310909602721779
ENSRNOG00000001800,-0.07147130822456023,-0.2483345538319548,0.0640257720910458,0.04281159590982966,True,-0.17686324560739458,-0.1599029310282575
ENSRNOG00000001801,0.7964182889454801,0.8965756540645733,0.19686798399075453,0.12695663918597305,True,0.10015736511909323,0.8464969715050267
ENSRNOG00000001802,-0.547968173142001,-0.8358339920292779,0.25605300175893847,0.06940053716524489,True,-0.2878658188872769,-0.6919010825856394
ENSRNOG00000001803,-0.7373680710624034,-0.2365328111188303,0.03904214677736383,0.03610767342887202,True,0.5008352599435731,-0.48695044109061686
ENSRNOG00000001804,0.16623726885802453,0.327473314726174,0.33569102892986485,0.007819550683235948,True,0.1612360458681495,0.24685529179209928
ENSRNOG00000001805,-3.457648666611327,-1.7181182709748817,0.011095225502452576,0.023742828138716143,True,1.7395303956364452,-2.5878834687931045
ENSRNOG00000001806,0.8586632290076246,-0.06620280962420455,0.25867679545277905,0.3493081440641949,False,-0.9248660386318291,0.39623020969171
ENSRNOG00000001807,-0.0010135748213258547,0.7449539396418662,0.06587062735607045,0.29898343846890246,False,0.745967514463192,0.3719701824102702
ENSRNOG00000001808,0.07144834787561129,-0.9030421910426149,0.01789969288211231,0.2579656761386362,False,-0.9744905389182261,-0.4157969215835018
ENSRNOG00000001809,1.7293217536700352,0.5747438082933233,0.023421923271408535,0.14847970444699365,True,-1.1545779453767118,1.1520327809816793
ENSRNOG00000001810,-3.5150679540868466,-2.945617520882087,0.0029706576158274505,0.05550883071368801,True,0.5694504332047594,-3.2303427374844667
ENSRNOG00000001811,-3.552900965746135,-3.541627017699734,0.009958771864838355,0.00364508074520385,True,0.011273948046400584,-3.5472639917229345
ENSRNOG00000001812,0.4928469215823352,1.401581304230934,0.0023043890757150367,0.0025102176241218145,True,0.9087343826485987,0.9472141129066346
ENSRNOG00000001813,-0.012810339231328391,-1.0262161306765905,0.038712699424454516,0.0023106424299637923,True,-1.013405791445262,-0.5195132349539594
ENSRNOG00000001814,0.306318497745478,-0.5255655758100803,0.2571947115282483,0.10475274984296598,False,-0.8318840735555584,-0.10962353903230118
ENSRNOG00000001815,-0.831828735310402,0.7525345559999009,0.0678871202318266,0.02418856266696291,False,1.584363291310303,-0.039647089655250545
ENSRNOG00000001816,1.195836613631876,0.21405706032334282,0.024271028645809233,0.1305045962933714,True,-0.9817795533085333,0.7049468369776095
ENSRNOG00000001817,1.678749917384016,0.9440001244261295,0.024303669467726486,0.1120003022555267,True,-0.7347497929578864,1.3113750209050727
ENSRNOG00000001818,0.8711681291127487,-0.47023612316569363,0.2439139240381352,0.18112186270649666,False,-1.3414042522784424,0.2004660029735275
ENSRNOG00000001819,-0.46949122512824965,0.5553447349166091,0.18298410228731457,0.1527718479348217,False,1.0248359600448587,0.042926754894179714
ENSRNOG00000001820,-3.7938408977059255,-1.6907387540394112,0.0030595840903823337,0.02755714469397326,True,2.103102143666514,-2.7422898258726685
ENSRNOG00000001821,1.3846251744668305,1.7174383179670638,0.011429339637761222,0.007517857790179453,True,0.3328131435002333,1.5510317462169472
ENSRNOG00000001822,2.199111599191667,2.0598022070539748,0.01813745730222608,0.011294561823785429,True,-0.13930939213769244,2.129456903122821
ENSRNOG00000001823,1.160205141571164,0.8662080628388422,0.03207396817718265,0.2681473550046816,True,-0.29399707873232184,1.013206602205003
ENSRNOG00000001824,-1.5833563692615118,-1.6272778313827119,0.022399005651761002,0.02417179485927745,True,-0.04392146212120007,-1.6053171003221118
ENSRNOG00000001825,1.212829908601964,-0.030993434149986454,0.024134302622062544,0.11098647421503353,False,-1.2438233427519505,0.5909182372259888
ENSRNOG00000001826,1.548953474330602,2.4076891656445634,0.020719077903833146,0.07111897863572529,True,0.8587356913139614,1.9783213199875826
ENSRNOG00000001827,2.805869246038354,2.711035572619,0.0033887643008052096,0.004706429907219328,True,-0.094833673419354,2.758452409328677
ENSRNOG00000001828,-1.5769978636103237,-1.8003279858154655,0.006496496485537057,0.07186237469720953,True,-0.2233301222051418,-1.6886629247128946
ENSRNOG00000001829,-0.40761825217944925,-0.2353570548477343,0.0947226686115867,0.001074887837274267,True,0.17226119733171494,-0.32148765351359176
ENSRNOG00000001830,1.3450896920582194,0.5995401429653253,0.010432323946226662,0.06197522750636573,True,-0.7455495490928941,0.9723149175117723
ENSRNOG00000001831,0.10333812858868402,-1.1143513135507326,0.09854558372748258,0.0022511201595369922,False,-1.2176894421394167,-0.5055065924810243
ENSRNOG00000001832,-2.0111896836922947,-1.1810750394583929,0.0038652030948359553,0.05047498721509736,True,0.8301146442339018,-1.5961323615753438
ENSRNOG00000001833,0.7463093130480655,0.07122303542152891,0.27716835746570095,0.03131155397428361,True,-0.6750862776265365,0.4087661742347972
ENSRNOG00000001834,1.0415909408673,-0.2918816598207057,0.006039292229873436,0.009014671616325234,False,-1.3334726006880058,0.3748546405232972
ENSRNOG00000001835,0.15833321339580358,-1.4454225967397036,0.04602112818118766,0.07365013307951833,False,-1.6037558101355072,-0.64354469167195
ENSRNOG00000001836,0.3952528689238995,-1.3732217243477032,0.05068203787330836,0.04794845611804841,False,-1.7684745932716026,-0.48898442771190187
ENSRNOG00000001837,-0.4656706230343143,-0.7066534577427053,0.17824356108925302,0.23087032592967144,True,-0.240982834708391,-0.5861620403885097
ENSRNOG00000001838,2.6609020842889066,1.7200636983702953,0.015853315219306635,0.02570339167069568,True,-0.9408383859186114,2.190482891329601
ENSRNOG00000001839,-1.6212459306828177,-2.021513083534748,0.008290682216763922,0.03067889122654468,True,-0.4002671528519304,-1.8213795071087828
ENSRNOG00000001840,-1.057177372974802,-0.035604214582776295,0.020548706308382483,0.22715514413192522,True,1.0215731583920258,-0.5463907937787891
ENSRNOG00000001841,0.01977392434954612,-0.05537760031441909,0.07698695878570828,0.09792981841711759,False,-0.07515152466396521,-0.017801837982436484
ENSRNOG00000001842,1.5821172498616067,1.6815693060344752,0.03348169479338876,0.09294084819193787,True,0.09945205617286845,1.631843277948041
ENSRNOG00000001843,-2.6952717061701663,-2.0248410898928064,0.05177880778600149,0.03248934298787933,True,0.6704306162773599,-2.360056398031486
ENSRNOG00000001844,-2.3585341495777907,-2.430276738680359,0.005139841108007608,0.012819626923068,True,-0.07174258910256848,-2.3944054441290747
ENSRNOG00000001845,-3.667911313922492,-2.37435624377175,0.01755919749908656,0.03215103796054422,True,1.2935550701507421,-3.021133778847121
ENSRNOG00000001846,0.05885140545588742,-1.2857892819092351,0.3219683538915063,0.09181372267336589,False,-1.3446406873651227,-0.6134689382266738
ENSRNOG00000001847,-2.012950470971779,-0.8023958735923296,0.009705849943527608,0.04818166310955277,True,1.2105545973794494,-1.4076731722820544
ENSRNOG00000001848,-0.6921901980322501,-1.4546960015007206,0.2298751091551413,0.001361131423292051,True,-0.7625058034684705,-1.0734430997664854
ENSRNOG00000001849,1.1904807418050745,1.773671057287572,0.0065347630427698465,0.025765940930127042,True,0.5831903154824976,1.4820758995463232
ENSRNOG00000001850,-1.154776897409124,-1.1406268237922148,0.010476436063564546,0.006635162506801262,True,0.01415007361690912,-1.1477018606006695
ENSRNOG00000001851,0.4163076409380562,1.398749387963291,0.017626266163783596,0.04035358359775709,True,0.9824417470252349,0.9075285144506736
ENSRNOG00000001852,-0.5388082339530996,-1.545143947105839,0.03341867101995294,0.04262996682286698,True,-1.0063357131527395,-1.0419760905294693
ENSRNOG00000001853,1.2098057671735862,0.1110097359127773,0.012320093905527274,0.25909199668489363,True,-1.098796031260809,0.6604077515431818
ENSRNOG00000001854,0.8552305212264159,0.981538448624962,0.01203682735540283,0.05082682287607398,True,0.12630792739854613,0.9183844849256889
ENSRNOG00000001855,-1.245480653114298,0.38209510398037017,0.0046048565686170875,0.3571562720190688,False,1.627575757094668,-0.43169277456696387
ENSRNOG00000001856,-0.30357315612081476,1.5435096075685144,0.08974398404682335,0.0584467379489576,False,1.8470827636893292,0.6199682257238498
ENSRNOG00000001857,1.8787381158968899,1.3209763906748015,0.02655081627014358,0.07414896225860497,True,-0.5577617252220883,1.5998572532858457
ENSRNOG00000001858,0.7080783664573747,2.4111262015171087,0.009127053869959392,0.03648321452448462,True,1.703047835059734,1.5596022839872417
ENSRNOG00000001859,-2.5145317039520365,-2.014029336004087,0.00017223339650598185,0.041979819687968836,True,0.5005023679479494,-2.264280519978062
ENSRNOG00000001860,1.1801125101084888,1.9561825103548938,0.041622267172388594,0.0011453179261003785,True,0.7760700002464049,1.5681475102316913
ENSRNOG00000001861,-1.9522991203852287,-2.3168534486692263,0.014620557523608996,0.08851261265790224,True,-0.3645543282839976,-2.1345762845272276
ENSRNOG00000001862,2.542523525929811,2.1701265298386883,0.008677911564365481,0.014813028901319903,True,-0.37239699609112265,2.3563250278842496
ENSRNOG00000001863,1.843377911713845,-1.2052807129338536,0.008721591091823707,0.03266829849995253,False,-3.0486586246476985,0.31904859938999564
ENSRNOG00000001864,0.5217938566531215,-0.8228507397116576,0.059718257150663964,0.11720172004448465,False,-1.344644596364779,-0.15052844152926803
ENSRNOG00000001865,0.28301911818514813,0.6824636383507039,0.03077875995663278,0.0788382319749853,True,0.39944452016555576,0.482741378267926
ENSRNOG00000001866,-0.37625806084935604,-1.6339162761881119,0.2517515289552058,0.08528443936168656,True,-1.2576582153387559,-1.005087168518734
ENSRNOG00000001867,1.2213431125200507,1.2788104078422784,0.04018454808191719,0.013096898983262965,True,0.05746729532222772,1.2500767601811646
ENSRNOG00000001868,-0.667400705031711,0.4979485474314181,0.14166149248313636,0.05864202751118429,False,1.165349252463129,-0.08472607880014646
ENSRNOG00000001869,0.424025767151809,-0.23804868069096186,0.35914384712935976,0.13210384227733335,False,-0.6620744478427709,0.09298854323042358
ENSRNOG00000001870,1.569481859735012,0.049847061161900186,0.00986765665814781,0.016002324848975024,True,-1.5196347985731118,0.8096644604484561
ENSRNOG00000001871,-1.0112517783460615,-1.1855471559227977,0.0015643031007044207,0.0020658006710482426,True,-0.1742953775767362,-1.0983994671344295
ENSRNOG00000001872,-1.1091469319832503,-1.768322848892005,0.02773446532409794,0.019842718144040084,True,-0.6591759169087548,-1.4387348904376278
ENSRNOG00000001873,-2.149857865304026,-1.5681775843234513,0.0014056866058258673,0.025274795123875916,True,0.5816802809805748,-1.8590177248137387
ENSRNOG00000001874,-1.9160509430271102,-1.1957194851259494,0.017822488223142717,0.05087086903714669,True,0.7203314579011608,-1.5558852140765298
ENSRNOG00000001875,-3.2911115605947043,-2.5592664904560483,0.012397713326992932,0.01690299813617952,True,0.7318450701386561,-2.925189025525376
ENSRNOG00000001876,1.3136918202279533,2.651387639951171,0.004674234939393333,0.02261865986752494,True,1.3376958197232176,1.9825397300895622
ENSRNOG00000001877,3.2560461757489874,1.4587373888379873,0.009119269493849898,0.05928755658990975,True,-1.797308786911,2.3573917822934876
ENSRNOG00000001878,2.56559209824655,3.2056074650257322,0.06085236502887148,0.0619264605161546,True,0.6400153667791821,2.885599781636141
ENSRNOG00000001879,-2.9269520795277297,-3.0836286122065757,0.015556241191041563,0.006644182754437812,True,-0.15667653267884596,-3.0052903458671527
ENSRNOG00000001880,1.30473840880116,0.9636385664234153,0.029581463361161946,0.15461818926416718,True,-0.3410998423777447,1.1341884876122876
ENSRNOG00000001881,2.559791429862402,2.982918851281906,0.0037206252500468443,0.018790381204966105,True,0.4231274214195042,2.7713551405721537
ENSRNOG00000001882,-0.8222579653295953,0.6287895934418591,0.19199637209073564,0.11316097936265965,False,1.4510475587714544,-0.09673418594386807
ENSRNOG00000001883,0.18260537517008904,-0.3170991374695863,0.12160310912471281,0.09824420384820233,False,-0.4997045126396753,-0.06724688114974862
ENSRNOG00000001884,-3.614207491448407,-1.8748378881100043,0.002150008062575843,0.0052432468776631574,True,1.7393696033384025,-2.7445226897792057
ENSRNOG00000001885,0.48012510235795475,0.7687231074508466,0.0738560574566787,0.39873332617953194,True,0.28859800509289185,0.6244241049044007
ENSRNOG00000001886,-1.9144075129824913,-1.8687332463504711,0.046899633649886294,0.005645468182694068,True,0.04567426663202023,-1.8915703796664811
ENSRNOG00000001887,0.35934303224072617,0.8911006959291717,0.11557985416426468,0.05780061653220441,True,0.5317576636884456,0.625221864084949
ENSRNOG00000001888,-2.8101652599399847,0.04470440389580155,0.024411875460323917,0.011656068898680814,False,2.854869663835786,-1.3827304280220916
ENSRNOG00000001889,0.9771448040596726,1.1597441650763396,0.03598886459786228,0.017274699395809452,True,0.18259936101666696,1.0684444845680061
ENSRNOG00000001890,1.8441228157680416,1.8486777127464729,0.02499257043714586,0.04502194193598159,True,0.004554896978431255,1.8464002642572572
ENSRNOG00000001891,-1.4097237510873017,-0.2528494236286224,0.013478074542319418,0.005453912597944331,True,1.1568743274586795,-0.831286587357962
ENSRNOG00000001892,-2.0464606465387822,-2.925618677369269,0.031826891137239806,0.0013459300142368254,True,-0.8791580308304869,-2.4860396619540257
ENSRNOG00000001893,-3.880841476589966,-2.155736297214574,0.006336138570711608,0.025864801477653465,True,1.725105179375392,-3.01828888690227
ENSRNOG00000001894,-0.4795443613353187,-1.3936877192884705,0.09723224106901945,0.004027216112508245,True,-0.9141433579531517,-0.9366160403118946
ENSRNOG00000001895,-1.0468690817068893,-1.3312522632933748,0.029555091851545062,0.009245201917918128,True,-0.28438318158648546,-1.189060672500132
ENSRNOG00000001896,-2.7918349422264988,0.3715911095339086,0.01836198943881531,0.10220275893041435,False,3.1634260517604074,-1.210121916346295
ENSRNOG00000001897,0.8154337613619089,0.2885702675843476,0.07678415635517065,0.07396998670989319,True,-0.5268634937775614,0.5520020144731282
ENSRNOG00000001898,-0.8099466873563685,-1.3279465569112694,0.020295674435709444,0.004612087335124827,True,-0.5179998695549008,-1.068946622133819
ENSRNOG00000001899,-1.9363247255614184,-0.10648910553530277,0.002091141459187411,0.0034990426815975726,True,1.8298356200261157,-1.0214069155483605
ENSRNOG00000001900,-0.9982303301528047,-1.673857477488403,0.6354088170859947,0.0397366160904423,True,-0.6756271473355983,-1.3360439038206038
ENSRNOG00000001901,1.9283481700733083,0.8414866542506887,0.009408239964908752,0.22388601348337442,True,-1.0868615158226196,1.3849174121619985
ENSRNOG00000001902,1.0852864987594,2.0494995955418673,0.009093857503876158,0.02918759096534563,True,0.9642130967824674,1.5673930471506337
ENSRNOG00000001903,-0.2340469106972817,-0.11424595570079424,0.10925443256071571,0.019941712153375212,True,0.11980095499648746,-0.17414643319903797
ENSRNOG00000001904,1.1143890332367345,-0.8818923547818764,0.07329021385940318,0.01570965872717475,False,-1.996281388018611,0.11624833922742905
ENSRNOG00000001905,-2.08964152149613,-0.8497671395786185,0.005166275984615622,0.02158500559919564,True,1.2398743819175118,-1.4697043305373743
ENSRNOG00000001906,0.058266181308654956,-0.3766681728589489,0.12523920673672911,0.5978592033388643,False,-0.43493435416760384,-0.15920099577514696
ENSRNOG00000001907,0.26518019487564704,1.7971665933721974,0.03058849815150235,0.003358687844536086,True,1.5319863984965503,1.0311733941239223
ENSRNOG00000001908,-0.8457057152977084,-1.2115761814182822,0.046899045830417,0.033172861839357595,True,-0.3658704661205737,-1.0286409483579952
ENSRNOG00000001909,0.7838250047233521,1.6367882756241021,0.0066055102132916285,0.0230558606850357,True,0.85296327090075,1.210306640173727
ENSRNOG00000001910,-1.4047802183600122,0.9092323854991915,0.004701939889173714,0.5077629569750853,False,2.3140126038592035,-0.24777391643041036
ENSRNOG00000001911,0.9176772739970122,-0.26946983868418084,0.10313811561424634,0.4214180565323779,False,-1.187147112681193,0.32410371765641566
ENSRNOG00000001912,0.9933457887563255,0.4726014645581989,0.04271268616636117,0.05630830024851291,True,-0.5207443241981267,0.7329736266572622
ENSRNOG00000001913,-5.2508877852547196,-3.1625471561215366,0.014568471327689273,0.011205797218540424,True,2.088340629133183,-4.206717470688128
ENSRNOG00000001914,2.142550266318212,0.5567211409145011,0.00010023515395229353,0.13972363774770685,True,-1.585829125403711,1.3496357036163564
ENSRNOG00000001915,-5.485738617634958,-3.4464925659485495,0.0065325934685718946,0.1175166891519018,True,2.0392460516864084,-4.466115591791754
ENSRNOG00000001916,-1.1088882460010256,-0.9902103091619895,0.002158794498520417,0.9744349816194045,True,0.11867793683903616,-1.0495492775815076
ENSRNOG00000001917,1.845626461663959,0.9977050437584588,0.00444175668265453,0.04468625339209765,True,-0.8479214179055002,1.4216657527112089
ENSRNOG00000001918,-0.5711161054543932,-0.3369736393654702,0.00041038577531760974,0.05245430644322979,True,0.23414246608892297,-0.4540448724099317
ENSRNOG00000001919,-2.639134768445176,-1.7197836911852273,0.006949385096074561,0.08673723503037073,True,0.9193510772599485,-2.1794592298152016
ENSRNOG00000001920,-1.968726711090007,-1.1666593560113627,0.018408593831741503,0.02452721068563635,True,0.8020673550786444,-1.567693033550685
ENSRNOG00000001921,1.8484303433771154,0.6281649707668151,0.007143144486424599,0.015642168239552466,True,-1.2202653726103003,1.2382976570719653
ENSRNOG00000001922,-3.4587081549875487,-2.934851855958774,0.0022339611491149144,0.015779283614135362,True,0.5238562990287745,-3.1967800054731614
ENSRNOG00000001923,2.032183981731631,1.257368139311437,0.022804157588258028,0.0015458251678938985,True,-0.7748158424201939,1.644776060521534
ENSRNOG00000001924,-0.09918377827612082,-0.1144404925253471,0.15777717391571347,0.2874741117968664,True,-0.015256714249226283,-0.10681213540073396
ENSRNOG00000001925,-2.1463115947963805,-1.9202836914054864,0.017736520926947698,0.004596847585062935,True,0.22602790339089407,-2.0332976431009335
ENSRNOG00000001926,-1.049607130144844,-0.37359622430817474,0.0008444299891975962,0.3077629163836523,True,0.6760109058366692,-0.7116016772265094
ENSRNOG00000001927,-1.8310038139829543,-3.1505824296173657,0.014609857169246525,0.0655672198779444,True,-1.3195786156344114,-2.49079312180016
ENSRNOG00000001928,1.5592053615453516,0.2932700739964398,0.007886252458742655,0.26090287835252096,True,-1.2659352875489118,0.9262377177708957
ENSRNOG00000001929,1.318370057573109,0.602567421636717,0.017391762806026587,0.23130431572908355,True,-0.715802635936392,0.960468739604913
ENSRNOG00000001930,-3.094490040976884,-3.0031741742464164,0.04194841441898221,0.011154849216254334,True,0.09131586673046765,-3.0488321076116502
ENSRNOG00000001931,-0.7264658133348013,1.2166611624816708,0.1697288232809949,0.03209844601610482,False,1.943126975816472,0.24509767457343473
ENSRNOG00000001932,-1.5537341922196988,-1.0367343116481957,0.006300881999905342,0.025376469274132084,True,0.516999880571503,-1.2952342519339473
ENSRNOG00000001933,2.3283179432268666,1.768864363531468,0.0017925549197188222,0.0402856506020903,True,-0.5594535796953986,2.048591153379167
ENSRNOG00000001934,-2.430178412627558,-2.1599135639504734,0.009272749454173659,0.00029401292405201065,True,0.27026484867708467,-2.295045988289016
ENSRNOG00000001935,2.887612388433025,1.9470085577428484,0.0013727001253076936,0.022752779555426452,True,-0.9406038306901767,2.417310473087937
ENSRNOG00000001936,-0.05993053113048762,-1.3167688986866022,0.10886303375847665,0.001885520480951909,True,-1.2568383675561146,-0.6883497149085449
ENSRNOG00000001937,-2.0914819314841577,-1.6005156013090547,0.0031418345154716255,0.020208573943562437,True,0.49096633017510305,-1.8459987663966062
ENSRNOG00000001938,-1.2190935312167002,-1.8128424512528998,0.0030765704054185683,0.011634513403025248,True,-0.5937489200361996,-1.5159679912347999
ENSRNOG00000001939,-1.4429139133832112,-1.2724552250945544,0.0026780539148517895,0.011467130164860348,True,0.17045868828865673,-1.3576845692388828
ENSRNOG00000001940,-2.294313123627911,-4.248045318684602,0.02523777147647065,0.027668622077911813,True,-1.9537321950566908,-3.271179221156256
ENSRNOG00000001941,0.1706883475146762,-1.0683352925557223,0.23312523750884392,0.011990668584498458,False,-1.2390236400703984,-0.44882347252052307
ENSRNOG00000001942,-2.210247991245318,0.03415409069323361,0.010995589992851022,0.2357867431890565,False,2.244402081938552,-1.0880469502760421
ENSRNOG00000001943,-3.9246591757287397,-1.7968506029326234,0.01162408293841975,0.027221739081316518,True,2.1278085727961162,-2.8607548893306816
ENSRNOG00000001944,-0.6834176475267115,0.920267302392829,0.5612904039051846,0.019985706180014273,False,1.6036849499195405,0.11842482743305871
ENSRNOG00000001945,-3.245141153552189,-0.7495886512610186,0.028872946298047143,0.15654552875392208,True,2.4955525022911704,-1.9973649024066038
ENSRNOG00000001946,-1.3538895625215366,-0.21400810714194374,0.034782192230827846,0.01418287373835029,True,1.1398814553795928,-0.7839488348317402
ENSRNOG00000001947,-1.6363851994860406,-1.5882540552985995,0.014702583062368468,0.022581615445674424,True,0.04813114418744102,-1.6123196273923202
ENSRNOG00000001948,-1.5681889296464655,-2.1554819657385007,1.920122506318831e-05,0.026255236351733574,True,-0.5872930360920352,-1.8618354476924832
ENSRNOG00000001949,3.6017335828622765,3.6532606720685297,0.020468888092885645,0.04990655299309028,True,0.05152708920625315,3.627497127465403
ENSRNOG00000001950,0.10154082090522737,0.13684413132231465,0.08679565928068221,0.07838100450892241,True,0.035303310417087286,0.11919247611377101
ENSRNOG00000001951,0.4416678161915979,2.9190580722112887,0.011702138145571993,0.011739140131418333,True,2.4773902560196905,1.6803629442014434
ENSRNOG00000001952,-3.1975169334161304,-2.557664389534261,0.007903200730247513,0.03695382722534576,True,0.6398525438818696,-2.8775906614751956
ENSRNOG00000001953,-1.1771336405464594,1.2710897719479115,0.02428446381951331,0.028709879198656238,False,2.4482234124943707,0.046978065700726046
ENSRNOG00000001954,0.38754473389472155,0.09889903881786766,0.04323864159375503,0.3691737065110995,True,-0.2886456950768539,0.2432218863562946
ENSRNOG00000001955,-1.8441520432434115,0.1488276377161155,0.001937624731706042,0.1263178529153155,False,1.992979680959527,-0.847662202763648
ENSRNOG00000001956,1.6345131183323738,2.8929952445600917,0.0019495474579833876,0.007635262048295808,True,1.258482126227718,2.2637541814462327
ENSRNOG00000001957,-2.164853854621854,-2.546198045732609,0.0008272284143051263,0.00702727558354591,True,-0.3813441911107551,-2.3555259501772317
ENSRNOG00000001958,-0.5154590445573162,-0.8597601325043871,0.32838215734489357,0.0643747304847978,True,-0.3443010879470709,-0.6876095885308516
ENSRNOG00000001959,-1.0548929519560055,-1.8019553943135413,0.021540130087774067,0.05526748591395215,True,-0.7470624423575358,-1.4284241731347733
ENSRNOG00000001960,0.29577718688744875,-1.0903132255876697,0.43789168181939725,0.036365331681717114,False,-1.3860904124751185,-0.39726801935011047
ENSRNOG00000001961,-1.1528821293397666,-0.08353965489984383,0.0224044157660275,0.0775476284523981,True,1.0693424744399227,-0.6182108921198053
ENSRNOG00000001962,-0.48760852872768723,-0.5380335882963,0.1671078683586647,0.3308292061944653,True,-0.05042505956861276,-0.5128210585119937
ENSRNOG00000001963,-0.425034165200374,-0.23403859298661134,0.07397344636949885,0.03429987428837985,True,0.19099557221376268,-0.32953637909349265
ENSRNOG00000001964,-1.321897963304342,-0.31483952332500853,0.006798135469746198,0.4738486713942448,True,1.0070584399793334,-0.8183687433146752
ENSRNOG00000001965,0.8731689632948029,-1.3565012803601944,0.1163191903822086,0.0029720237574203784,False,-2.229670243654997,-0.24166615853269574
ENSRNOG00000001966,0.4290990747073655,1.6428916749559161,0.20087864058279978,0.05858072372355731,True,1.2137926002485506,1.0359953748316408
ENSRNOG00000001967,-0.15950510145570115,-0.47501234049679025,0.03547563052273325,0.05192513024405174,True,-0.3155072390410891,-0.3172587209762457
ENSRNOG00000001968,-0.7748250002315246,0.032140371392313516,0.15226762409016353,0.24602093572768508,False,0.8069653716238381,-0.3713423144196055
ENSRNOG00000001969,1.4337792549359947,1.6267183745464509,0.006096820112998356,0.0026676330000959705,True,0.19293911961045618,1.5302488147412228
ENSRNOG00000001970,-0.42450163886552644,1.1506752743734747,0.26924491495764497,0.010517192719367307,False,1.5751769132390012,0.3630868177539741
ENSRNOG00000001971,-0.552055118086687,-0.48549773747113234,0.07541307789112837,0.03524030936939605,True,0.0665573806155546,-0.5187764277789096
ENSRNOG00000001972,0.18844205379862683,-2.101678735412011,0.0821382812450864,0.06313193307724048,False,-2.2901207892106377,-0.9566183408066921
ENSRNOG00000001973,3.053856029347531,2.1366060940825604,0.017038958434228067,0.005919693384808505,True,-0.9172499352649708,2.5952310617150456
ENSRNOG00000001974,-2.4126411744381673,-1.4298537975482728,0.013883485541939671,0.012910166247242368,True,0.9827873768898945,-1.92124748599322
ENSRNOG00000001975,1.3857424074996385,-0.14366906499736887,0.015297257966054974,0.0153480921694387,False,-1.5294114724970074,0.6210366712511348
ENSRNOG00000001976,-3.407708090228589,-2.162376314200855,0.0018014339964049053,0.020338083325678838,True,1.2453317760277338,-2.785042202214722
ENSRNOG00000001977,0.3910916848115231,-0.1131270107907707,0.12438375459000735,0.8778657819334673,False,-0.5042186956022938,0.1389823370103762
ENSRNOG00000001978,2.835149089695715,0.5180097342464505,0.0011817349207447032,0.06791648676509561,True,-2.3171393554492647,1.6765794119710828
ENSRNOG00000001979,0.8796033440411528,1.303189413707732,0.04093104729746819,0.1234552343381284,True,0.4235860696665792,1.0913963788744425
ENSRNOG00000001980,0.30712514137162705,-0.38306631230997945,0.05357676283277984,0.16923335593507355,False,-0.6901914536816065,-0.0379705854691762
ENSRNOG00000001981,-1.008809043845536,-1.112688325288887,0.004760121944924777,0.011141534235118015,True,-0.10387928144335112,-1.0607486845672116
ENSRNOG00000001982,0.05588496087939763,-0.4477060162534484,0.009898106683033476,0.2313829779720799,False,-0.5035909771328461,-0.19591052768702538
ENSRNOG00000001983,-0.4537130677260413,0.988727641283646,0.07100382323603506,0.00855737993066743,False,1.4424407090096873,0.2675072867788023
ENSRNOG00000001984,-1.4147578942764396,-1.004997337970041,0.008977087788715636,0.039298973686276766,True,0.4097605563063986,-1.2098776161232403
ENSRNOG00000001985,-0.5217761078547657,-0.27175294176812814,0.2698582348013797,0.14370842738331624,True,0.25002316608663755,-0.3967645248114469
ENSRNOG00000001986,0.35708608912759116,-0.21984942149895492,0.2581784997880772,0.10012545684846562,False,-0.5769355106265461,0.06861833381431812
ENSRNOG00000001987,-1.3809907233551526,-0.45306352851385323,0.03989156621742785,0.22426698682226,True,0.9279271948412994,-0.9170271259345029
ENSRNOG00000001988,-1.4513072772324314,0.429895002355152,0.0407242422393112,0.07254856144199624,False,1.8812022795875833,-0.5107061374386397
ENSRNOG00000001989,-2.448438187665914,-0.9846841092519898,0.016497773802473727,0.2183005135638695,True,1.463754078413924,-1.7165611484589518
ENSRNOG00000001990,0.703305046960013,1.1994577413344079,0.557600676618277,0.05497360549599479,True,0.4961526943743949,0.9513813941472105
ENSRNOG00000001991,0.9815818715407088,1.304017388826245,0.052007356651445166,0.005059136945908312,True,0.3224355172855362,1.1427996301834769
ENSRNOG00000001992,0.41698879962573143,-1.165702391731224,0.05717302862615029,0.012843728997969059,False,-1.5826911913569552,-0.37435679605274624
ENSRNOG00000001993,1.7373068869115986,0.2614439098157917,0.0021961668728073696,0.2649221922663397,True,-1.475862977095807,0.9993753983636952
ENSRNOG00000001994,0.15816174674530953,-0.1076867754922721,0.00586268861014804,0.020114216420776064,False,-0.2658485222375816,0.025237485626518716
ENSRNOG00000001995,0.7056196872583621,-0.2823358572822007,0.012219029342487565,0.04695612515205253,False,-0.9879555445405628,0.21164191498808071
ENSRNOG00000001996,0.5469073661476131,-0.745866867013421,0.015932871687252825,0.08785749303468124,False,-1.2927742331610341,-0.09947975043290391
ENSRNOG00000001997,-0.16477203495277418,-2.077829511681989,0.5349367743407227,0.007879943607416959,True,-1.913057476729215,-1.1213007733173816
ENSRNOG00000001998,-0.9554792906333651,-2.0635815914215367,0.11020690860282129,0.016320036538586376,True,-1.1081023007881716,-1.5095304410274508
ENSRNOG00000001999,3.98547470842544,2.440770966519569,0.0043745595760129085,0.03730580036083202,True,-1.5447037419058711,3.2131228374725045
ENSRNOG00000002000,-0.8135117637363154,-0.6260856845005233,0.052726931101871766,0.2810781069008829,True,0.18742607923579213,-0.7197987241184194
ENSRNOG00000002001,-1.1985798800167855,-1.6477407833485185,0.0027469101134978166,0.08751640588575421,True,-0.449160903331733,-1.423160331682652
ENSRNOG00000002002,0.7812176822101926,0.6140994972203183,0.08482230598021119,0.07700235278145222,True,-0.1671181849898743,0.6976585897152554
ENSRNOG00000002003,0.45333794753100926,-0.1472555186327088,0.07423712771173986,0.04802020363341445,False,-0.600593466163718,0.15304121444915023
ENSRNOG00000002004,-2.5286247856985895,-0.5743625875325002,0.03270845785377693,0.03685899238620795,True,1.9542621981660893,-1.5514936866155449
ENSRNOG00000002005,2.0208208582147296,1.2044511313599369,0.056430441321603055,0.013160883212305576,True,-0.8163697268547927,1.6126359947873332
ENSRNOG00000002006,-0.16955023563149996,0.6158532652423812,0.0460944626020575,0.10012496281995271,False,0.7854035008738811,0.2231515148054406
ENSRNOG00000002007,-1.999675971388297,-1.1464052101346147,0.022271588520787592,0.055309697741560915,True,0.8532707612536823,-1.573040590761456
ENSRNOG00000002008,2.1398114058369733,-0.017102835237115865,0.01315213279658722,0.09364006250449693,False,-2.156914241074089,1.0613542852999287
ENSRNOG00000002009,1.1262160288730771,0.6706358151096583,0.015976998859555024,0.025685887046194133,True,-0.45558021376341884,0.8984259219913677
ENSRNOG00000002010,-2.2761755855062455,-2.8452047024393647,0.007958175172760722,0.008288579964640356,True,-0.5690291169331192,-2.5606901439728054
ENSRNOG00000002011,3.1989291124639037,2.061744916347687,0.028407951002456033,0.00034344750029426677,True,-1.1371841961162166,2.6303370144057956
ENSRNOG00000002012,1.1858352630591469,0.023980620787996232,0.023708533189752024,0.24803903995951615,True,-1.1618546422711507,0.6049079419235716
ENSRNOG00000002013,-0.018353008125083038,0.38858113963399227,0.13490084978094252,0.04621431673948745,False,0.4069341477590753,0.1851140657544546
ENSRNOG00000002014,2.862393850119203,0.5369557637415467,0.012414988681908,0.0023093660095577996,True,-2.3254380863776563,1.6996748069303749
ENSRNOG00000002015,0.28673601089335304,0.21041740395088915,0.020315302393050752,0.04339100898738565,True,-0.0763186069424639,0.2485767074221211
ENSRNOG00000002016,-0.05054953518725756,0.5666626777640185,0.04055866328206417,0.14227531938572457,False,0.617212212951276,0.25805657128838044
ENSRNOG00000002017,-1.1885402088395802,0.14476800576353055,0.00418142126551171,0.08045398025504738,False,1.3333082146031108,-0.5218861015380248
ENSRNOG00000002018,1.0473307907527414,-0.09019120806656988,0.0006647381108406949,0.17026903119835568,False,-1.1375219988193113,0.47856979134308575
ENSRNOG00000002019,0.8578853411831638,0.6020005528220854,0.06931134060258738,0.10177022113000335,True,-0.2558847883610784,0.7299429470026246
ENSRNOG00000002020,0.02642425180148032,0.21132281278215884,0.12825019108215177,0.07710590170950395,True,0.18489856098067853,0.11887353229181957
ENSRNOG00000002021,-1.4219754369616853,0.6575392963859605,0.023534292108963024,0.14350331685890225,False,2.079514733347646,-0.38221807028786237
ENSRNOG00000002022,0.23387373749893295,-1.3963624222883695,0.002304704749748999,0.04137206273484043,False,-1.6302361597873025,-0.5812443423947182
ENSRNOG00000002023,-0.1256378143718482,-1.042091386097458,0.10943772584217297,0.00278814370288144,True,-0.9164535717256099,-0.5838646002346531
ENSRNOG00000002024,-2.400253773721562,1.3125130512422218,0.03930234428181956,0.011042647039296033,False,3.7127668249637837,-0.5438703612396701
ENSRNOG00000002025,-2.6492622323835344,-2.088250466174577,0.005494762387819557,0.00535347185117075,True,0.5610117662089573,-2.3687563492790558
ENSRNOG00000002026,1.017276081857585,-1.2937957647352805,0.0015425598932758769,0.0508944408376614,False,-2.3110718465928652,-0.13825984143884773
ENSRNOG00000002027,-4.68339896709304,-3.7963889481388415,0.021698137776324147,0.011272506895660547,True,0.8870100189541983,-4.239893957615941
ENSRNOG00000002028,0.36973894853026795,-2.655894397536998,0.07759946077555942,0.023879336097690277,False,-3.025633346067266,-1.143077724503365
ENSRNOG00000002029,-0.8605495039568841,-0.33220691461172047,0.15255844122618856,0.06161552240887705,True,0.5283425893451636,-0.5963782092843023
ENSRNOG00000002030,2.354843892383838,2.4515678451131397,0.005545982877356218,0.0049589254798554664,True,0.09672395272930157,2.403205868748489
ENSRNOG00000002031,-0.8882427764769764,-1.5612505829815349,0.11453342113829386,0.0047125951285283164,True,-0.6730078065045585,-1.2247466797292557
ENSRNOG00000002032,1.1870715856534129,0.3129485598802387,0.044031876227677305,0.13066019315927074,True,-0.8741230257731742,0.7500100727668257
ENSRNOG00000002033,-0.7144449142280249,0.48401432146230117,0.05978120565982495,0.05185825559167939,False,1.198459235690326,-0.11521529638286188
ENSRNOG00000002034,0.20474667627505821,-1.6984984982213343,0.20556229674690513,0.018364603327632203,False,-1.9032451744963925,-0.746875910973138
ENSRNOG00000002035,1.3263057556560922,-0.4857618589633802,0.014264229561099972,0.19971923852819903,False,-1.8120676146194725,0.420271948346356
ENSRNOG00000002036,-0.8326002893842442,-0.8056891375827079,0.2470809251209832,0.09526113315113617,True,0.02691115180153636,-0.8191447134834761
ENSRNOG00000002037,1.7937987920971272,0.4298315992858873,0.02380805136792592,0.05459424550908832,True,-1.36396719281124,1.1118151956915072
ENSRNOG00000002038,-1.7886561787916697,-1.5248464439256026,0.013003518376024759,0.02160238332223267,True,0.26380973486606707,-1.656751311358636
ENSRNOG00000002039,0.5302671166050824,-0.9663561960853919,0.3918735147481601,0.05069730206804004,False,-1.4966233126904744,-0.21804453974015475
ENSRNOG00000002040,1.660751501018135,1.3543401809099151,0.0006058622025441216,0.039264945588325495,True,-0.3064113201082199,1.507545840964025
ENSRNOG00000002041,1.1880674852226027,0.6511911505123817,0.0011586118852929326,0.04463343991593835,True,-0.536876334710221,0.9196293178674922
ENSRNOG00000002042,3.4496007781237386,2.922378548068827,0.0014515957834923515,0.024290685773006856,True,-0.5272222300549116,3.185989663096283
ENSRNOG00000002043,-1.374190771159189,-0.7240302488839415,0.012986171119927847,0.2314033227634375,True,0.6501605222752475,-1.0491105100215652
ENSRNOG00000002044,-2.482468652427458,-1.4710541075298469,0.001961091286888926,0.1612611513986532,True,1.0114145448976113,-1.9767613799786525
ENSRNOG00000002045,-1.789803195291215,-2.735688895054646,0.010974854388896641,0.01619233625684644,True,-0.9458856997634311,-2.2627460451729307
ENSRNOG00000002046,1.1887966197871866,1.3256028306824028,0.013829669550431278,0.05179647102297921,True,0.13680621089521616,1.2571997252347948
ENSRNOG00000002047,0.8962612816848815,0.26204794965105527,0.12601481540849788,0.0655642887417835,True,-0.6342133320338262,0.5791546156679683
ENSRNOG00000002048,0.1840619873653484,-0.049766071623661784,0.0736921221249212,0.0024027234955225755,False,-0.23382805898901018,0.06714795787084331
ENSRNOG00000002049,-2.021322688392834,-0.273821832896777,0.011524135231438552,0.004554678227153868,True,1.747500855496057,-1.1475722606448056
ENSRNOG00000002050,1.3803611279923094,0.18323823269203043,0.016898713556316586,0.1076303393312913,True,-1.197122895300279,0.7817996803421698
ENSRNOG00000002051,-2.2044685997709728,-0.0802951029623109,0.029875746952218705,0.12905393349592065,True,2.1241734968086616,-1.142381851366642
ENSRNOG00000002052,2.0861092482784196,2.935253353171073,0.002144922188246173,0.014465878471742407,True,0.8491441048926536,2.5106813007247464
ENSRNOG00000002053,5.143389161651757,4.2879282891557855,0.025961389388482574,0.008286900449441898,True,-0.8554608724959714,4.715658725403771
ENSRNOG00000002054,0.6596120638287909,-0.5811156479022153,0.11866965540100888,0.1559470021084942,False,-1.2407277117310063,0.03924820796328782
ENSRNOG00000002055,1.0495946441839377,-1.5818835498632007,0.0014839605637204652,0.00401222042814705,False,-2.6314781940471383,-0.2661444528396315
ENSRNOG00000002056,-0.8871475840120069,0.5295163028447734,0.07962646096812094,0.40403560833000385,False,1.4166638868567802,-0.17881564058361676
ENSRNOG00000002057,-3.2583839779562696,-2.09874679061263,0.00898121983769397,0.005724632267609128,True,1.1596371873436397,-2.6785653842844495
ENSRNOG00000002058,-1.0848948534544003,-1.520185844711528,0.010798298809482408,0.06257889983221283,True,-0.43529099125712767,-1.3025403490829641
ENSRNOG00000002059,-1.967211433977749,-0.10546331416148647,0.01123894420355828,0.20740392155433263,True,1.8617481198162624,-1.0363373740696176
ENSRNOG00000002060,-2.604608237547028,-2.675770426453679,0.038678230256933184,0.018103675172858096,True,-0.07116218890665094,-2.6401893320003538
ENSRNOG00000002061,3.100247895592169,1.6628055478601849,0.010349293226011717,0.00100512858335972,True,-1.437442347731984,2.3815267217261766
ENSRNOG00000002062,0.4911525324463914,0.8851186045963899,0.12338735584464186,0.1961796970396633,True,0.3939660721499985,0.6881355685213907
ENSRNOG00000002063,0.6834376451051706,-0.7045453745241053,0.022841622351522806,0.18264874492780228,False,-1.3879830196292757,-0.010553864709467342
ENSRNOG00000002064,-0.5562402573532492,-0.49319833008763025,0.0971539758387277,0.013119939573208486,True,0.06304192726561897,-0.5247192937204397
ENSRNOG00000002065,-0.31116794839818546,0.9319998381982635,0.29969604698735536,0.5070058827380419,False,1.243167786596449,0.310415944900039
ENSRNOG00000002066,1.7361912280308,1.4022763158631306,0.011822683625279226,0.014118241523314834,True,-0.33391491216766944,1.5692337719469653
ENSRNOG00000002067,-0.058206813651387794,1.2702170203819212,0.05944484675263259,0.0003722486263189039,False,1.328423834033309,0.6060051033652667
ENSRNOG00000002068,0.955249088444519,1.839851856048571,0.028297744989232817,0.02088502724635041,True,0.8846027676040521,1.397550472246545
ENSRNOG00000002069,-0.35280773612102856,-0.2317840094195991,0.05216613031812561,0.19281843705436857,True,0.12102372670142947,-0.2922958727703138
ENSRNOG00000002070,-0.615875203317685,-2.872373583431284,0.056079567417273636,0.05028186683266461,True,-2.256498380113599,-1.7441243933744843
ENSRNOG00000002071,-2.5324454980833515,-2.883123848672751,0.0018763617834709548,0.039700797867758535,True,-0.35067835058939956,-2.7077846733780513
ENSRNOG00000002072,-3.559948312260831,-1.6192640343336513,0.05757599234633247,0.028088898384443964,True,1.9406842779271796,-2.5896061732972413
ENSRNOG00000002073,-0.4708114219195233,-1.9479157582048272,0.06335497110070101,0.0094747450348612,True,-1.4771043362853038,-1.2093635900621753
ENSRNOG00000002074,0.10169404558781885,-0.27387526701658066,0.03414682104454893,0.0015086963784627537,False,-0.3755693126043995,-0.0860906107143809
ENSRNOG00000002075,-2.3150340660758237,-1.2188185205580764,0.006003006221557848,0.008550443154795046,True,1.0962155455177474,-1.76692629331695
ENSRNOG00000002076,-0.062054757062339184,1.500851995747195,0.031173085852101497,0.011667936336116241,False,1.5629067528095342,0.719398619342428
ENSRNOG00000002077,0.09675461338290364,-0.5379775441767604,0.2419192595777985,0.0793704437993517,False,-0.6347321575596641,-0.22061146539692836
ENSRNOG00000002078,-3.8808144109068827,-3.3146158939539663,0.007153154066513806,0.03082863149052456,True,0.5661985169529165,-3.5977151524304247
ENSRNOG00000002079,-1.647224387063102,-1.175180638023185,5.3226508993648595e-05,0.10637413188128443,True,0.47204374903991697,-1.4112025125431436
ENSRNOG00000002080,0.7330750087238433,0.8669496242328211,0.08364987782204779,0.046607427499048074,True,0.13387461550897772,0.8000123164783322
ENSRNOG00000002081,0.696705712912339,0.3118007160144918,0.1678281900788329,1.0,True,-0.3849049968978472,0.5042532144634153
ENSRNOG00000002082,-2.076614849519569,-0.3103663313432059,3.0720745256394057e-06,0.38708500858390155,True,1.7662485181763632,-1.1934905904313875
ENSRNOG00000002083,0.28520649089952294,-0.64516061086822,0.06916806174947392,0.02236781530207611,False,-0.9303671017677428,-0.17997705998434851
ENSRNOG00000002084,1.8403330056488498,1.3775954238892136,0.016122547048381394,0.054608579871964366,True,-0.4627375817596362,1.6089642147690317
ENSRNOG00000002085,1.398731326183617,1.4186106475642295,0.002009331192268347,0.0101482977954779,True,0.019879321380612547,1.4086709868739233
ENSRNOG00000002086,-0.1715144166250822,-0.5368742537062055,0.04337929918631146,0.21080078533354538,True,-0.36535983708112324,-0.3541943351656438
ENSRNOG00000002087,-0.8423573639837263,0.3088924258790312,0.13654784417673127,0.1799500419478865,False,1.1512497898627574,-0.26673246905234754
ENSRNOG00000002088,-1.132820071802108,-0.6139111805209665,0.056237192709875615,0.4181947685668027,True,0.5189088912811415,-0.8733656261615372
ENSRNOG00000002089,0.8420756092373828,1.4008994130913082,0.05445402574615186,0.04241964669226587,True,0.5588238038539254,1.1214875111643454
ENSRNOG00000002090,0.35118715165719844,0.44261657657816855,0.3371182276387072,0.12350610769059293,True,0.09142942492097011,0.39690186411768347
ENSRNOG00000002091,1.1329272109839608,1.1656153035306827,0.030528025248083183,0.015097331047943825,True,0.03268809254672189,1.1492712572573218
ENSRNOG00000002092,0.23737286361807358,-0.502597797431533,0.08407536960513516,0.06254744483356021,False,-0.7399706610496066,-0.1326124669067297
ENSRNOG00000002093,1.4737751106253953,0.33985678477448433,0.008459574602629869,0.11005177332918828,True,-1.1339183258509111,0.9068159476999398
ENSRNOG00000002094,0.17026655932386028,1.4013975642654408,0.0148336318129768,0.027641707182790576,True,1.2311310049415805,0.7858320617946506
ENSRNOG00000002095,1.4124396890370357,1.6277449552915333,0.0026432121512223873,0.0056009130430119194,True,0.21530526625449764,1.5200923221642846
ENSRNOG00000002096,1.5674809866599502,-0.008226353604755765,0.001002897228171762,0.02018285936552461,False,-1.575707340264706,0.7796273165275972
ENSRNOG00000002097,-1.4481479344046644,-0.7948339995075988,0.060882394485300834,0.13377110488643848,True,0.6533139348970656,-1.1214909669561317
ENSRNOG00000002098,-3.2546592843673428,-4.70563316958199,0.02023096745305773,0.06811465483189108,True,-1.4509738852146472,-3.980146226974666
ENSRNOG00000002099,2.778287140826196,1.286598083877426,0.006417608407826345,0.01295855107579039,True,-1.4916890569487702,2.032442612351811
ENSRNOG00000002100,0.46198571528207105,1.3232293468427097,0.06447222826599086,0.016294207536207746,True,0.8612436315606387,0.8926075310623903
ENSRNOG00000002101,-3.086074611893019,-2.229933604233971,0.015748688223869406,0.003412048217281541,True,0.8561410076590481,-2.658004108063495
ENSRNOG00000002102,-1.28487509499368,-0.7499067614463697,0.04742408009429013,0.06132410969356001,True,0.5349683335473103,-1.0173909282200249
ENSRNOG00000002103,1.3893737262656911,-2.2224261749855523,0.01240387462553608,0.037056041445306984,False,-3.6117999012512434,-0.4165262243599306
ENSRNOG00000002104,-0.5034182960392074,-0.7541907403496204,0.05325397554366207,0.435538640831217,True,-0.250772444310413,-0.628804518194414
ENSRNOG00000002105,-0.9217105547744288,-0.2715773422280384,0.18585266602580922,0.10550331411178772,True,0.6501332125463903,-0.5966439485012336
ENSRNOG00000002106,2.52158734856334,2.203233766191328,0.005792237572554608,0.0014472684672919933,True,-0.31835358237201206,2.362410557377334
ENSRNOG00000002107,-1.8851168634908588,-0.27140597027270164,0.04618093621728169,0.03066302690892038,True,1.6137108932181572,-1.0782614168817801
ENSRNOG00000002108,-1.436676043958701,-1.1977103492540164,0.007189300577422433,0.001824569069604448,True,0.23896569470468454,-1.3171931966063588
ENSRNOG00000002109,0.3804956550868816,0.08479844220372287,0.020649809260319403,0.13720903115530125,True,-0.29569721288315876,0.23264704864530222
ENSRNOG00000002110,0.7028188776969881,-0.9208064640464035,0.10351177418712483,0.6001400009346971,False,-1.6236253417433917,-0.1089937931747077
ENSRNOG00000002111,0.8934174618133167,0.39277625790119747,0.16290496656206138,0.08563729448128933,True,-0.5006412039121193,0.6430968598572571
ENSRNOG00000002112,1.6402284802241043,-0.2092984489652976,0.010442204178483563,0.1691973597232952,False,-1.8495269291894019,0.7154650156294033
ENSRNOG00000002113,0.35744151722673034,-1.6972033940815112,0.07730382894751953,0.0013293806983231211,False,-2.0546449113082415,-0.6698809384273905
ENSRNOG00000002114,0.8808910900891365,-0.5404323973554945,0.08462242592893914,0.08665989820984257,False,-1.421323487444631,0.17022934636682097
ENSRNOG00000002115,-0.46657666676714976,1.2668470197925081,0.10069760072097476,0.015947858031402123,False,1.733423686559658,0.40013517651267916
ENSRNOG00000002116,0.11285694582608564,-0.20734653842720213,0.19054749985746305,0.0826630165482456,False,-0.32020348425328776,-0.047244796300558244
ENSRNOG00000002117,0.19356152409654195,0.3624930675601826,0.005373775441678766,0.0059875832154507105,True,0.16893154346364067,0.2780272958283623
ENSRNOG00000002118,0.387176644474265,-0.2758909455154587,0.19284865673807647,0.21852739634617455,False,-0.6630675899897236,0.05564284947940315
ENSRNOG00000002119,1.3905716536489694,-0.9344898459431932,0.0026730250333846387,0.5771948469446238,False,-2.3250614995921626,0.2280409038528881
ENSRNOG00000002120,0.9992622275006959,1.662417095876666,0.010639969597920905,0.025600671146925068,True,0.66315486837597,1.3308396616886808
ENSRNOG00000002121,0.07959060522032958,-2.2266864352985443,0.011952249040362233,0.019215834977704106,False,-2.3062770405188737,-1.0735479150391074
ENSRNOG00000002122,-1.4564267728938718,-1.5729025161990742,0.012127716648209464,0.008285415072380349,True,-0.11647574330520238,-1.5146646445464729
ENSRNOG00000002123,0.12180826451287718,0.025483994976192324,0.3785978393284922,0.2616523613142898,True,-0.09632426953668485,0.07364612974453476
ENSRNOG00000002124,-0.05043201281233908,0.20772035688895735,0.014322237864315704,0.1708887888875439,False,0.2581523697012964,0.07864417203830913
ENSRNOG00000002125,0.34772684366375706,-0.5263388310639585,0.13541159485846702,0.30710681183977107,False,-0.8740656747277156,-0.08930599370010073
ENSRNOG00000002126,3.971745552852724,0.7709274187321291,0.04290237748094134,0.2739662306338776,True,-3.2008181341205946,2.3713364857924266
ENSRNOG00000002127,-0.9427910013742237,-1.4822458378866825,0.2599366544855415,0.038914655275911474,True,-0.5394548365124588,-1.212518419630453
ENSRNOG00000002128,0.7601202344256472,-0.26931412759120543,0.05273160182051621,0.032353153920601924,False,-1.0294343620168527,0.2454030534172209
ENSRNOG00000002129,1.9232317210397367,0.49604940039418666,0.024109169367667313,0.39986000618102974,True,-1.42718232064555,1.2096405607169616
ENSRNOG00000002130,0.1764034453788892,1.1385158625756282,0.03377303279372436,0.011449876217329243,True,0.962112417196739,0.6574596539772587
ENSRNOG00000002131,4.208121214509897,1.5872395088206308,0.04369919917059072,0.007560919413272014,True,-2.6208817056892664,2.897680361665264
ENSRNOG00000002132,-0.6804707251166581,-0.14669185491926073,0.0016860617273272574,0.38740408829001066,True,0.5337788701973973,-0.4135812900179594
ENSRNOG00000002133,0.5833606001760847,0.5628970971985492,0.09960589508032551,0.06809038684461999,True,-0.02046350297753552,0.573128848687317
ENSRNOG00000002134,-1.4378503408073675,0.030739599596243616,0.0034845411998957973,0.07750676305977473,False,1.4685899404036111,-0.703555370605562
ENSRNOG00000002135,-0.6327445232579276,-0.5700547411391687,0.12408993179975816,0.277840742198917,True,0.06268978211875897,-0.6013996321985482
ENSRNOG00000002136,0.44808103871398425,1.135382621882946,0.0030404201720437792,0.0032680809905139443,True,0.6873015831689617,0.7917318302984651
ENSRNOG00000002137,1.5233473121539134,0.8550450272658583,0.006025855574754329,0.35063478506244644,True,-0.6683022848880551,1.1891961697098858
ENSRNOG00000002138,0.5743707012424336,0.8466842297588952,0.17985453645895555,0.03695899451179107,True,0.2723135285164616,0.7105274655006644
ENSRNOG00000002139,2.266406728802525,-0.03693156602388559,0.0009784366555661702,0.23542010132042387,False,-2.3033382948264105,1.1147375813893197
ENSRNOG00000002140,-0.17093755906680913,-2.8864295202710943,0.7917956070464359,0.022069167647708696,True,-2.715491961204285,-1.5286835396689518
ENSRNOG00000002141,-0.5979033537102096,-0.010150084278796545,0.11781080173579489,0.03307933247736398,True,0.5877532694314132,-0.30402671899450306
ENSRNOG00000002142,4.867173193102896,3.7624200536511605,0.0010300544257117095,0.020403640510895965,True,-1.1047531394517351,4.314796623377028
ENSRNOG00000002143,0.7096277689956554,0.9818243327265224,0.046083919464535425,0.15241885613977035,True,0.272196563730867,0.8457260508610889
ENSRNOG00000002144,-1.2950667827613858,-1.4318245527701556,0.022775554846355333,0.03592215499907432,True,-0.13675777000876987,-1.3634456677657707
ENSRNOG00000002145,-1.249674772046524,0.714429519829255,0.0013992564611289926,0.5638969801986974,False,1.964104291875779,-0.2676226261086345
ENSRNOG00000002146,-1.696823846156413,-1.636711921910234,0.019490475643893626,0.032155070522825666,True,0.06011192424617895,-1.6667678840333235
ENSRNOG00000002147,1.6858248405422183,1.5882838622246964,0.015271235748264361,0.003047653451156333,True,-0.09754097831752184,1.6370543513834575
ENSRNOG00000002148,-0.6558791272078354,0.1783702297529544,0.024165385053213424,0.12309024307069356,False,0.8342493569607898,-0.23875444872744048
ENSRNOG00000002149,0.2292524561816741,1.9605688379401045,0.2920731480626037,0.008943236831021344,True,1.7313163817584303,1.0949106470608894
ENSRNOG00000002150,-0.1143156139888837,-0.4106157182917662,0.2893739114948286,0.37596470693410255,True,-0.2963001043028825,-0.26246566614032496
ENSRNOG00000002151,1.3166863342936823,0.20949415577909347,0.0044338274182891,0.054374078015037526,True,-1.1071921785145888,0.7630902450363879
ENSRNOG00000002152,-1.5241393671912362,-2.60946742332613,0.013799953222138764,0.04947601716521745,True,-1.085328056134894,-2.0668033952586833
ENSRNOG00000002153,-1.936030115057428,0.31348487875654585,0.015015943715112636,0.0656988928614041,False,2.249514993813974,-0.811272618150441
ENSRNOG00000002154,0.4037351529268697,0.7170213563912384,0.07331801010184581,0.05437694082258931,True,0.31328620346436875,0.5603782546590541
ENSRNOG00000002155,1.0817267124598147,1.211288325661691,0.00153544100662115,0.03467411456150724,True,0.12956161320187642,1.1465075190607528
ENSRNOG00000002156,0.5985581635757534,3.6795590046216287,0.1250405166760585,0.04258842485579401,True,3.081000841045875,2.139058584098691
ENSRNOG00000002157,-1.4570167123751898,-0.6494743861695147,0.009821451998964685,0.07130270139965465,True,0.8075423262056751,-1.0532455492723523
ENSRNOG00000002158,1.2194727157645089,-0.5381960286351679,0.009946362718555877,0.1496895752775947,False,-1.7576687443996768,0.3406383435646705
ENSRNOG00000002159,-1.3389496687721416,-1.1161845285076812,0.004232099003556284,0.007062493082966322,True,0.22276514026446037,-1.2275670986399114
ENSRNOG00000002160,-0.93876956061549,-1.6618848305096192,0.00039645968338879276,0.044922623138795935,True,-0.7231152698941292,-1.3003271955625546
ENSRNOG00000002161,-1.699116344499604,-1.571060928571642,0.024062827375025866,0.02663670733026076,True,0.1280554159279621,-1.635088636535623
ENSRNOG00000002162,2.3420850275736558,1.1698987358577484,0.027237409603325973,0.011961590966094922,True,-1.1721862917159074,1.755991881715702
ENSRNOG00000002163,1.1401587738492285,0.15893235559707342,0.01868296694696224,0.28537583089121704,True,-0.9812264182521551,0.649545564723151
ENSRNOG00000002164,1.0889880762219721,-0.7224347387922258,0.010388503726102151,0.3118797588515685,False,-1.8114228150141978,0.1832766687148732
ENSRNOG00000002165,2.244980558056411,3.19871349483427,0.010309574407897319,0.0036907704551977496,True,0.9537329367778593,2.7218470264453405
ENSRNOG00000002166,5.062768646829702,3.756473126504511,0.007268074806853637,0.0237360049913034,True,-1.306295520325191,4.409620886667106
ENSRNOG00000002167,-3.07660698703828,-2.3288383876212806,0.0018369428715420898,0.022853884425724353,True,0.7477685994169994,-2.7027226873297803
ENSRNOG00000002168,-1.3290778455787946,-0.10825321400205024,0.042582221686911365,0.04569480093909655,True,1.2208246315767444,-0.7186655297904224
ENSRNOG00000002169,-1.1091151515141429,-0.25957766443775665,0.003710876969099622,0.1882458681775173,True,0.8495374870763862,-0.6843464079759498
ENSRNOG00000002170,-1.5314753202888471,-0.7519279484172662,0.0008809146366406334,0.07162632324906236,True,0.779547371871581,-1.1417016343530566
ENSRNOG00000002171,-1.9396498456866826,-0.5997139186617763,0.003946933956139384,0.3162873026245243,True,1.3399359270249063,-1.2696818821742295
ENSRNOG00000002172,-0.5393755152996581,-0.22614386945717804,0.06058205337120932,0.21511630172073706,True,0.3132316458424801,-0.38275969237841806
ENSRNOG00000002173,-2.189886687520929,-0.7853904176730608,0.00722411260234448,0.36797698543901947,True,1.4044962698478682,-1.4876385525969948
ENSRNOG00000002174,0.6030762615673437,1.2008597737874578,0.08644358296403305,0.02562843078147015,True,0.597783512220114,0.9019680176774008
ENSRNOG00000002175,0.09305697857150634,0.23413341721306752,0.22932951071324076,0.3091213080416519,True,0.14107643864156116,0.16359519789228694
ENSRNOG00000002176,0.8658515965745796,0.3573648674997927,0.5096981232401402,0.02145892286137996,True,-0.5084867290747869,0.6116082320371861
ENSRNOG00000002177,0.9139112129488546,2.2283773163318257,0.16336760627961391,0.007919124190277906,True,1.314466103382971,1.5711442646403402
ENSRNOG00000002178,1.0854123361680177,0.23628377183214677,0.048108884300000036,0.09975650353326215,True,-0.8491285643358709,0.6608480540000823
ENSRNOG00000002179,-0.6721360862829882,-0.046173258223718816,0.036408920307073135,0.003073043361515307,True,0.6259628280592693,-0.3591546722533535
ENSRNOG00000002180,3.818058124740601,3.030883356099629,0.016612030667898185,0.09457283352846678,True,-0.787174768640972,3.424470740420115
ENSRNOG00000002181,0.42197600966777593,-0.3530920583027297,0.03096726435469076,0.158950769561134,False,-0.7750680679705056,0.03444197568252311
ENSRNOG00000002182,-3.352472554724631,-3.127894841789817,0.01693665613420506,0.05394281206572806,True,0.22457771293481388,-3.2401836982572236
ENSRNOG00000002183,-1.8042763423791914,-1.5984525347311938,0.002009592125577449,0.003044721893011016,True,0.20582380764799768,-1.7013644385551925
ENSRNOG00000002184,-3.1329053802500684,-2.647203354404435,0.003095106956172328,0.013456084115966124,True,0.4857020258456335,-2.8900543673272514
ENSRNOG00000002185,0.03120233247235319,-1.5098195036396085,0.028356809343484602,0.05748626261794318,False,-1.5410218361119616,-0.7393085855836277
ENSRNOG00000002186,-0.21924940329600054,-0.8331594308865198,0.0863269653967677,0.06989173129098432,True,-0.6139100275905193,-0.5262044170912602
ENSRNOG00000002187,-0.8431662562190241,-0.2938189203626461,0.196391352420133,0.026151922917943916,True,0.549347335856378,-0.5684925882908352
ENSRNOG00000002188,3.619667002320926,3.7906143249342583,0.0002085747560626531,0.02564307865449202,True,0.17094732261333245,3.705140663627592
ENSRNOG00000002189,0.9881691733384395,1.2540659398024538,0.3138105788396596,0.01786810848653653,True,0.2658967664640144,1.1211175565704465
ENSRNOG00000002190,1.306977050603402,-1.840766828878437,0.001953406442032046,0.004995690185674883,False,-3.1477438794818386,-0.26689488913751747
ENSRNOG00000002191,-1.6759322782957857,-0.46626504874594044,0.015213001031445138,0.3146205483760615,True,1.2096672295498454,-1.071098663520863
ENSRNOG00000002192,-1.7984608043958221,-1.8090127221796628,0.005624864391295856,0.030427208295279562,True,-0.01055191778384068,-1.8037367632877426
ENSRNOG00000002193,0.06624989837451854,0.5207840093168238,0.010605268918352475,0.7420862738078898,True,0.4545341109423052,0.29351695384567117
ENSRNOG00000002194,0.3114128513740065,0.19691871676316494,0.045760596504540924,0.05773264922672266,True,-0.11449413461084154,0.2541657840685857
ENSRNOG00000002195,-3.3413608208060226,-2.4744473655392647,0.002058774061152889,0.04094653236953118,True,0.8669134552667579,-2.9079040931726436
ENSRNOG00000002196,-0.3245526411291613,-0.32804331032807804,0.0435464421704619,0.34430122856095896,True,-0.0034906691989167182,-0.3262979757286197
ENSRNOG00000002197,0.025329749172308652,-0.0063212942460991565,0.0008492189469242823,0.30406325514971977,False,-0.03165104341840781,0.009504227463104748
ENSRNOG00000002198,-0.3872684983880321,1.148282641790894,0.21311938146687082,0.024337577984358743,False,1.5355511401789261,0.38050707170143094
ENSRNOG00000002199,-1.4641027422240176,-1.0162330611516739,0.021626501337931304,0.048285304893859925,True,0.4478696810723437,-1.2401679016878457
ENSRNOG00000002200,-0.9711633274580521,0.4794218771687848,0.3130263606080796,0.10354682212627261,False,1.450585204626837,-0.24587072514463365
ENSRNOG00000002201,-0.3183465484310329,0.7704255062048377,0.2151675490491329,0.092799000321846,False,1.0887720546358706,0.22603947888690243
ENSRNOG00000002202,0.163440042498086,0.8115370538615341,0.6210814751507718,0.058752608248867355,True,0.6480970113634481,0.48748854817981
ENSRNOG00000002203,1.0886248485910224,-1.1356848640942663,0.0008133217413196341,0.033134528043664964,False,-2.2243097126852884,-0.02353000775162195
ENSRNOG00000002204,1.9455411689115683,2.4954322838295537,0.0007417908210023071,0.15352936270410308,True,0.5498911149179855,2.220486726370561
ENSRNOG00000002205,-0.5298259023490497,-0.8410779724397213,0.01788391656440267,0.1552581162450925,True,-0.3112520700906716,-0.6854519373943855
ENSRNOG00000002206,-0.8210811530076442,0.19317846108331294,0.06670894146656281,0.09036017720636152,False,1.0142596140909572,-0.3139513459621656
ENSRNOG00000002207,0.7877802123617512,-0.48546893049644335,0.1560620724412257,0.006709858402546145,False,-1.2732491428581945,0.15115564093265393
ENSRNOG00000002208,1.0995208495395377,-0.496653567781533,0.0011302156425445275,0.08037499513381467,False,-1.5961744173210706,0.3014336408790023
ENSRNOG00000002209,-0.781560779865994,1.5437468433638832,0.1111303247812383,0.008772999912858064,False,2.325307623229877,0.3810930317489446
ENSRNOG00000002210,1.42270825853911,-0.03739060437342512,0.025479792164932923,0.316690600589188,False,-1.460098862912535,0.6926588270828424
ENSRNOG00000002211,1.7632536140807515,2.4024244285792458,0.03694151651016736,0.023739251094400268,True,0.6391708144984942,2.0828390213299985
ENSRNOG00000002212,2.3250356381856117,1.705365571474563,0.004560179985635251,0.00433720228384386,True,-0.6196700667110486,2.0152006048300874
ENSRNOG00000002213,3.2009776320956806,1.7355387285468828,0.026474198446814135,0.027060824797406957,True,-1.4654389035487978,2.468258180321282
ENSRNOG00000002214,-1.5595490495869901,-1.1075636822658703,0.008862455457899609,0.02254265241774323,True,0.4519853673211198,-1.3335563659264302
ENSRNOG00000002215,0.025016776798520143,-1.349137813134883,0.016529168017327518,0.0009278474547114701,False,-1.3741545899334031,-0.6620605181681815
ENSRNOG00000002216,0.02029985391358825,-0.0006381979284520653,0.018353752075325122,0.017894434427464603,False,-0.020938051842040315,0.009830827992568092
ENSRNOG00000002217,-0.17653242335851368,-1.2569193774745469,0.05283002605925254,0.048091560047660555,True,-1.0803869541160331,-0.7167259004165303
ENSRNOG00000002218,-1.168673255298245,-1.2099137976324916,0.006428460542779584,0.002250310613921912,True,-0.041240542334246566,-1.1892935264653683
ENSRNOG00000002219,-2.6740116058159287,-0.8467633497867767,0.002829195668684743,0.02642129662738773,True,1.827248256029152,-1.7603874778013526
ENSRNOG00000002220,0.16682300285220683,0.38033985232504086,0.10745863910107457,0.1582130476803284,True,0.21351684947283403,0.27358142758862386
ENSRNOG00000002221,-1.3830401871862426,-2.4967463511111925,0.0126245178107522,0.06167005427493237,True,-1.11370616392495,-1.9398932691487176
ENSRNOG00000002222,0.154788265345725,0.9993185536946563,0.23182492562867904,0.054757733179280836,True,0.8445302883489313,0.5770534095201907
ENSRNOG00000002223,-1.429278375057936,-0.9793640450439963,0.0027463828914272384,0.13461655717992754,True,0.44991433001393977,-1.2043212100509662
ENSRNOG00000002224,-1.9793850225198146,-1.9152763471432794,0.01905142190139085,0.030997103139167724,True,0.0641086753765352,-1.947330684831547
ENSRNOG00000002225,0.4217370486784158,1.0707913122057002,0.09611208124367542,0.0102133510284146,True,0.6490542635272845,0.746264180442058
ENSRNOG00000002226,0.2716587482516927,0.009160769985298578,0.14969497109614122,0.26448470957028547,True,-0.26249797826639415,0.14040975911849565
ENSRNOG00000002227,1.0427075483776793,-0.5149032740041763,0.011814025220044752,0.30791997807490584,False,-1.5576108223818557,0.2639021371867515
ENSRNOG00000002228,3.9345547795517257,4.615697447117258,0.01386778963689304,0.02265741931616024,True,0.6811426675655321,4.275126113334492
ENSRNOG00000002229,0.4991211561795243,0.3212505711665394,0.13220777711227696,0.5701581046455134,True,-0.17787058501298492,0.41018586367303184
ENSRNOG00000002230,0.8731471807154333,0.5082856181801667,0.43044378072180384,0.0270137137376834,True,-0.3648615625352666,0.6907163994478001
ENSRNOG00000002231,-1.9396103919611858,-1.7442954968507258,0.006850113098404239,0.040525524401013834,True,0.19531489511045996,-1.8419529444059557
ENSRNOG00000002232,-2.3164333929654743,-0.3362106807860539,0.0020891892567117105,0.059717025162738455,True,1.9802227121794205,-1.326322036875764
ENSRNOG00000002233,2.849093004192001,1.3862608093014184,0.0017855686921828973,0.05465910556043705,True,-1.4628321948905825,2.1176769067467096
ENSRNOG00000002234,-1.6622636038799465,-2.7525681023905486,0.010033958503718852,0.02043620824469613,True,-1.090304498510602,-2.2074158531352475
ENSRNOG00000002235,-1.8790993286435558,-1.9903990884683955,0.004564636451008203,0.026716563413369684,True,-0.11129975982483975,-1.9347492085559757
ENSRNOG00000002236,-0.07037805818979537,1.3452562509084711,0.05441964370726326,0.0024407305594740976,False,1.4156343090982664,0.6374390963593379
ENSRNOG00000002237,-0.16234634407929904,0.7633432555560499,0.004672620648271236,0.19216421044063203,False,0.9256895996353489,0.3004984557383754
ENSRNOG00000002238,-1.624511711597925,-1.3724343991794432,0.00884246832333395,0.005359326655825281,True,0.25207731241848186,-1.498473055388684
ENSRNOG00000002239,-0.54895179368358,1.0686306790176634,0.23226506308340183,0.046762311672354485,False,1.6175824727012436,0.2598394426670417
ENSRNOG00000002240,2.212876291770188,2.2900952186667047,0.0064947999421552036,0.02700287875534119,True,0.07721892689651666,2.2514857552184466
ENSRNOG00000002241,-1.4507884958972357,-1.2664550090264575,0.00504654309953225,0.007214990972305166,True,0.18433348687077822,-1.3586217524618465
ENSRNOG00000002242,-2.508610471859109,-1.8800604687203282,0.004368208552922514,0.020752498144317778,True,0.628550003138781,-2.194335470289719
ENSRNOG00000002243,1.6966685176196261,1.4995182105240517,0.006572291748601753,0.043981277747030194,True,-0.19715030709557446,1.5980933640718389
ENSRNOG00000002244,0.8861344414884661,-0.2709098769348496,0.46090516867980724,0.11805430284179724,False,-1.1570443184233157,0.30761228227680826
ENSRNOG00000002245,-1.116933517167591,-0.7547844728891434,0.0055515306690307005,0.4095759544059084,True,0.3621490442784475,-0.9358589950283671
ENSRNOG00000002246,-2.847900629028452,-1.6126333948953926,8.722586250891964e-05,0.01751648977386723,True,1.2352672341330595,-2.2302670119619226
ENSRNOG00000002247,-1.3403220415894137,-2.682733538819768,0.019980511742157293,0.00026613827402597657,True,-1.3424114972303545,-2.0115277902045907
ENSRNOG00000002248,-0.09846798632868836,-0.26574456939980085,0.0016715185223159345,0.1997598909014649,True,-0.16727658307111248,-0.1821062778642446
ENSRNOG00000002249,2.0982097617908746,1.108573643383822,0.015973335743260764,0.008053767765836295,True,-0.9896361184070526,1.6033917025873483
ENSRNOG00000002250,-1.8658475547653826,-0.18930491628212143,0.015284884462777358,0.2704585205852666,True,1.6765426384832611,-1.0275762355237519
ENSRNOG00000002251,-0.1521357867206522,-2.0401741784716294,0.2938349412012171,0.012461361976809799,True,-1.8880383917509773,-1.0961549825961407
ENSRNOG00000002252,1.2152603878108166,0.42579574302245893,0.001945937894931966,0.44540788771303863,True,-0.7894646447883577,0.8205280654166378
ENSRNOG00000002253,-4.286281212219457,-3.420513604042047,0.0071545240890663825,0.008605122661923092,True,0.8657676081774097,-3.853397408130752
ENSRNOG00000002254,1.8608151022900197,2.273428781674894,0.04391048965402696,0.03648867960965846,True,0.4126136793848745,2.0671219419824567
ENSRNOG00000002255,-2.1284110299715873,-1.4930433982138167,0.0064359256555494414,0.03384386243655567,True,0.6353676317577706,-1.810727214092702
ENSRNOG00000002256,0.5975918882224822,2.292261861926276,0.025009319045988278,0.008607087623241501,True,1.6946699737037938,1.4449268750743791
ENSRNOG00000002257,0.4440296692993393,0.9972642261252566,0.3417974059319374,0.24197100290871568,True,0.5532345568259173,0.7206469477122979
ENSRNOG00000002258,1.952255504634921,0.8967995992527514,0.005933226281992991,0.017090035888772455,True,-1.0554559053821695,1.4245275519438363
ENSRNOG00000002259,0.9916638856083726,0.9259730736006002,0.005909993114353884,0.07745029500105476,True,-0.06569081200777238,0.9588184796044864
ENSRNOG00000002260,-4.279122885113966,-3.2815758117154283,0.010129233718932129,0.050707827784790126,True,0.9975470733985379,-3.7803493484146973
ENSRNOG00000002261,-1.4126026448807845,-0.058203903503992405,0.01492747746747042,0.019528285477791556,True,1.3543987413767922,-0.7354032741923884
ENSRNOG00000002262,0.24876923283590416,-1.229644520627148,0.0397282724455154,0.029413501741185007,False,-1.4784137534630521,-0.49043764389562194
ENSRNOG00000002263,-0.35096379501561653,-1.1035361560105195,0.08013196963668108,0.0021151528222919263,True,-0.7525723609949029,-0.727249975513068
ENSRNOG00000002264,0.8596993135621868,1.0630699477049543,0.13773231460286642,0.01199978679795346,True,0.20337063414276757,0.9613846306335705
ENSRNOG00000002265,1.4208598002054698,2.2532289352995214,0.01433701188885507,0.03127217641417136,True,0.8323691350940516,1.8370443677524957
ENSRNOG00000002266,1.0952131255734223,-1.5673221005562317,0.011638559801687359,0.0044363383608634595,False,-2.6625352261296538,-0.23605448749140467
ENSRNOG00000002267,-0.3856948965980374,1.1809222471032712,0.00888340095353151,0.027681282338711016,False,1.5666171437013086,0.3976136752526169
ENSRNOG00000002268,-3.323406620016865,-2.407058386460875,0.0026229054203532726,0.0013023390045720923,True,0.9163482335559898,-2.86523250323887
ENSRNOG00000002269,-0.8198662479386711,-2.535577758632318,0.2415260190193862,0.00030758911757247746,True,-1.7157115106936467,-1.6777220032854945
ENSRNOG00000002270,0.7494626666501193,-2.6421796206617243,0.1342940536357784,0.01113429790737109,False,-3.3916422873118437,-0.9463584770058024
ENSRNOG00000002271,-1.9628050545908597,-2.9405628062204783,0.011607519689014764,0.00025542450965150185,True,-0.9777577516296185,-2.451683930405669
ENSRNOG00000002272,1.1362945142188374,0.7519901710311377,0.030667689094837785,0.1308725115417428,True,-0.3843043431876997,0.9441423426249875
ENSRNOG00000002273,1.635107935081148,1.0426804561558518,0.008088859154589905,0.012777099948926465,True,-0.5924274789252961,1.3388941956184999
ENSRNOG00000002274,0.22836055733251662,0.8201456354308867,0.09086736015099708,0.04791590256527803,True,0.5917850780983701,0.5242530963817017
ENSRNOG00000002275,-5.514803759362312,-4.327028092805384,0.0031952930098669828,0.010270260030347117,True,1.1877756665569281,-4.920915926083849
ENSRNOG00000002276,-2.3005590528812463,-2.727822729727727,0.008315983547035668,0.0099644187303205,True,-0.4272636768464806,-2.5141908913044864
ENSRNOG00000002277,3.395140485400947,1.8749548230287065,0.008550330048707856,0.002092180383561704,True,-1.5201856623722405,2.635047654214827
ENSRNOG00000002278,-0.9837680274510805,-0.6336714574095786,0.01214174867679236,0.03219511308994016,True,0.35009657004150185,-0.8087197424303296
ENSRNOG00000002279,-3.5714578016321927,-2.18627987040685,0.011175229256775913,0.007294083167214852,True,1.3851779312253427,-2.8788688360195214
ENSRNOG00000002280,2.2234452989584903,0.6833198690557473,0.0029023636899239355,0.09506839822635921,True,-1.540125429902743,1.4533825840071188
ENSRNOG00000002281,0.02404006477861114,0.9628662794015831,0.2466916064494833,0.2514184155834928,True,0.938826214622972,0.4934531720900971
ENSRNOG00000002282,1.9888928801239059,0.6999805481740209,0.005843464100282187,0.3259639549227305,True,-1.288912331949885,1.3444367141489635
ENSRNOG00000002283,0.4985256153948575,-0.5742058119726459,0.09467825034823524,0.1070114810576034,False,-1.0727314273675033,-0.037840098288894175
ENSRNOG00000002284,0.8254064451819039,-0.008234702218009704,0.11969662638694735,0.06639631667173407,False,-0.8336411473999136,0.4085858714819471
ENSRNOG00000002285,0.6534166458861299,1.572905503690306,0.013637967925049468,0.010684810292048343,True,0.919488857804176,1.113161074788218
ENSRNOG00000002286,1.2554789614578001,0.7142894182036118,0.01860610957545715,0.1838985950708472,True,-0.5411895432541883,0.9848841898307059
ENSRNOG00000002287,4.099374807400977,2.058335690809404,0.025166132864469337,0.006610844211464322,True,-2.0410391165915733,3.0788552491051906
ENSRNOG00000002288,1.7478114047265385,2.160924893185017,0.005004198294843149,0.058598904159257684,True,0.4131134884584786,1.9543681489557778
ENSRNOG00000002289,-2.844610772121963,0.31555064190324833,0.010505175362084456,0.36663113791762436,False,3.1601614140252114,-1.2645300651093574
ENSRNOG00000002290,0.8039907275020262,0.766880460725773,0.08486757265861884,0.7086170900579171,True,-0.037110266776253176,0.7854355941138995
ENSRNOG00000002291,2.054665382585792,2.6927070440670438,0.0060409231831510595,0.007161160464414578,True,0.6380416614812519,2.373686213326418
ENSRNOG00000002292,2.164861451765063,2.559987635303772,0.009377604552399336,0.045156065790362625,True,0.395126183538709,2.3624245435344173
ENSRNOG00000002293,-0.7678889695063792,-1.1580862385055875,0.17375816459510834,0.13152694706688314,True,-0.39019726899920826,-0.9629876040059833
ENSRNOG00000002294,2.09690000133863,1.4538578904103125,0.005494899453435998,0.018188226399717736,True,-0.6430421109283173,1.775378945874471
ENSRNOG00000002295,1.6699363191921694,-0.2111151641385114,0.005091368342986013,0.13515837405994285,False,-1.8810514833306808,0.729410577526829
ENSRNOG00000002296,4.630531386545514,2.933571963171233,0.028751855624899573,0.00017922581994393643,True,-1.696959423374281,3.7820516748583737
ENSRNOG00000002297,-1.3500031252473208,-1.5755020127501886,0.0013042797873070735,0.08972275259610091,True,-0.22549888750286784,-1.4627525689987548
ENSRNOG00000002298,-0.9133210375207654,-1.0440885605485373,0.09931408242426379,0.015904861686236806,True,-0.13076752302777184,-0.9787047990346514
ENSRNOG00000002299,-0.551014287227917,-1.162079498264337,0.13404483497665307,0.190646762054235,True,-0.61106521103642,-0.856546892746127
ENSRNOG00000002300,-0.8823998700697955,-0.9014835602528066,0.25125892605676986,0.013505220197232418,True,-0.01908369018301115,-0.891941715161301
ENSRNOG00000002301,-1.6020373495744855,-0.5305410771324901,0.02807936971627647,0.2342964768055188,True,1.0714962724419954,-1.0662892133534878
ENSRNOG00000002302,-4.972815910212738,-3.5069813249066573,0.0032244217330390035,0.001848792875301131,True,1.4658345853060806,-4.239898617559698
ENSRNOG00000002303,-0.7824590527016414,-2.4896640134802714,0.2834102776830557,0.0131883783283246,True,-1.70720496077863,-1.6360615330909565
ENSRNOG00000002304,0.664844507459828,-0.3313323280707274,0.23008231818324287,0.16598971461948758,False,-0.9961768355305554,0.16675608969455033
ENSRNOG00000002305,-0.8877993219106393,-2.1990728590854,0.01657879554923351,0.0303085863495429,True,-1.3112735371747606,-1.5434360904980196
ENSRNOG00000002306,3.4836861303523974,2.6251698059204864,0.01637312793147769,0.00724093204469079,True,-0.858516324431911,3.0544279681364417
ENSRNOG00000002307,0.02407646288855264,0.5448552270211127,0.05454569078606515,0.09782702175199488,True,0.5207787641325601,0.2844658449548326
ENSRNOG00000002308,2.323852299331444,1.8495951964922555,0.011678160677750403,0.02146630039795591,True,-0.47425710283918865,2.08672374791185
ENSRNOG00000002309,0.47055674291394306,-0.5067960277828756,0.10021621897385716,0.13611138397268296,False,-0.9773527706968186,-0.01811964243446626
ENSRNOG00000002310,1.4875331578078643,1.2707191728971248,0.025711549584458992,0.014613426646039155,True,-0.21681398491073955,1.3791261653524947
ENSRNOG00000002311,0.502634797080412,-0.15182830654263862,0.048258963073432366,0.018214186618376548,False,-0.6544631036230506,0.1754032452688867
ENSRNOG00000002312,2.463812337426413,0.4802556672121958,0.008306293283176829,0.3233523430405222,True,-1.983556670214217,1.4720340023193044
ENSRNOG00000002313,0.1006908302383213,0.8474961802564352,0.046855594604468136,0.017409452265696516,True,0.746805350018114,0.47409350524737826
ENSRNOG00000002314,0.8930172745598143,1.4661808881106344,0.4837966878533035,0.05826191276768373,True,0.5731636135508201,1.1795990813352244
ENSRNOG00000002315,0.6593992805700787,1.444731765925335,0.0029907057205566813,0.1132059549208284,True,0.7853324853552562,1.0520655232477067
ENSRNOG00000002316,-0.5189138246291739,-0.9916274307819173,0.1645974423108611,0.03227923471708798,True,-0.4727136061527434,-0.7552706277055456
ENSRNOG00000002317,0.7289681740644183,1.7340287866915371,1.0,0.016914431610235495,True,1.0050606126271189,1.2314984803779776
ENSRNOG00000002318,4.021895243155828,2.216627401451492,0.011561282655648184,0.002617408075804946,True,-1.8052678417043357,3.11926132230366
ENSRNOG00000002319,-0.48671449577179565,0.3552105304906177,0.17126033349676698,0.22302967318211475,False,0.8419250262624134,-0.06575198264058899
ENSRNOG00000002320,0.755036807135847,-0.023033266002633113,0.3483693012797421,0.09945205441179551,False,-0.7780700731384801,0.36600177056660693
ENSRNOG00000002321,2.2640021115649973,1.3043401639311387,0.004410741766530204,0.04380769230473652,True,-0.9596619476338586,1.784171137748068
ENSRNOG00000002322,2.0524559056997047,-1.1465667343828496,0.001391501438725734,0.004973224027955704,False,-3.1990226400825543,0.45294458565842755
ENSRNOG00000002323,0.021089551894857454,-0.30266797984925836,0.03237222284421435,0.05510043652668427,False,-0.3237575317441158,-0.14078921397720046
ENSRNOG00000002324,-4.290099665323251,-2.8216233072955323,0.010725428805913113,0.038793786398206825,True,1.468476358027719,-3.555861486309392
ENSRNOG00000002325,0.9300650735672392,0.20189215179369197,0.09839123658628715,0.016123955718347825,True,-0.7281729217735473,0.5659786126804656
ENSRNOG00000002326,-3.9950536655214948,-0.87263902106522,0.01849594026452434,0.07289512399770098,True,3.122414644456275,-2.4338463432933573
ENSRNOG00000002327,2.645887015694216,0.5786137810805265,0.0049221067041482665,0.13218663887953278,True,-2.0672732346136895,1.612250398387371
ENSRNOG00000002328,0.30505296814786903,-0.38432428061857127,0.23707453047007804,0.08047338848604399,False,-0.6893772487664402,-0.03963565623535112
ENSRNOG00000002329,1.7994132357695802,0.27348475983816867,0.0023063072640816915,0.20921221472277188,True,-1.5259284759314116,1.0364489978038744
ENSRNOG00000002330,-1.6238000487258921,-1.6961498610788515,0.003875346517814476,0.01367062233722337,True,-0.07234981235295934,-1.659974954902372
ENSRNOG00000002331,-2.794513451940098,-0.8172854312315265,0.007377735680362106,0.09827498679189824,True,1.9772280207085715,-1.8058994415858123
ENSRNOG00000002332,0.46935789145410095,1.8710967502321005,0.1440305917089118,0.04030859206740275,True,1.4017388587779995,1.1702273208431007
ENSRNOG00000002333,-0.06048619192105556,-0.7769628519712067,0.025472450497357215,0.5533799348772453,True,-0.7164766600501512,-0.41872452194613113
ENSRNOG00000002334,-0.8847734870828983,-1.3608038910757343,0.3302474597291796,0.0010116677497956526,True,-0.476030403992836,-1.1227886890793162
ENSRNOG00000002335,0.1523903053189748,-1.111359673406708,0.16599734864858554,0.046570918132729254,False,-1.2637499787256827,-0.47948468404386657
ENSRNOG00000002336,4.981384605658068,4.758941187692756,0.010300316652916409,0.034446222416911726,True,-0.2224434179653123,4.870162896675412
ENSRNOG00000002337,1.502145985264304,2.1985138972418445,0.009001409564194224,0.0595934847369059,True,0.6963679119775406,1.8503299412530743
ENSRNOG00000002338,1.8890974905539741,1.1733054035884765,0.0036433353984956693,0.005526893109173806,True,-0.7157920869654977,1.5312014470712252
ENSRNOG00000002339,1.5190864047960402,-0.4329254008609167,0.002501314495170945,0.2356768261054072,False,-1.9520118056569569,0.5430805019675617
ENSRNOG00000002340,2.6630318589339472,0.4388659703460196,0.013844712582219334,0.0917776467840214,True,-2.224165888587928,1.5509489146399833
ENSRNOG00000002341,-0.3421290112213408,-0.0534868047266889,0.03661113717464966,0.14682571328036878,True,0.2886422064946519,-0.19780790797401487
ENSRNOG00000002342,-3.698570353815529,-1.9382230262257363,0.004288220225183306,0.005227059440687638,True,1.7603473275897927,-2.8183966900206325
ENSRNOG00000002343,-0.3394550394108176,-2.4002814720715615,0.3689638104886565,0.013493531139391909,True,-2.0608264326607437,-1.3698682557411896
ENSRNOG00000002344,1.4611242779937033,0.6561891029709415,0.00514094991674686,0.3432199888892797,True,-0.8049351750227618,1.0586566904823225
ENSRNOG00000002345,-1.7456407112071326,0.5121750004144028,0.0018916114122533262,0.31499975626025817,False,2.2578157116215354,-0.6167328553963649
ENSRNOG00000002346,-0.31745871088079464,-0.44425659036074017,0.021083937222546333,0.09638005505946932,True,-0.12679787947994553,-0.3808576506207674
ENSRNOG00000002347,-1.2451855374041636,0.717393829895324,0.007286601276041561,0.31951816290681206,False,1.9625793672994876,-0.2638958537544198
ENSRNOG00000002348,2.7036526533176346,2.5199822396594596,0.008826536567858456,0.03961486699325825,True,-0.18367041365817505,2.611817446488547
ENSRNOG00000002349,1.3490226277318147,-0.22115819401949166,0.0029237846910174655,0.14222601577683563,False,-1.5701808217513062,0.5639322168561616
ENSRNOG00000002350,1.1727731171591262,0.4901808616487571,0.025686769500497614,0.276577633285863,True,-0.6825922555103692,0.8314769894039417
ENSRNOG00000002351,1.1188823636177485,0.625711056788131,0.013202523542263391,0.34738600869507946,True,-0.4931713068296175,0.8722967102029398
ENSRNOG00000002352,-0.0670486545938285,-1.0457302316219852,0.07070133218980908,0.001070447140321521,True,-0.9786815770281567,-0.5563894431079068
ENSRNOG00000002353,0.35560130854950633,-0.7765525341378239,0.11411966553909733,0.10954786029012495,False,-1.1321538426873303,-0.21047561279415877
ENSRNOG00000002354,-2.1333322449581718,0.1314410951529319,0.0028749189203632966,0.04303146119755347,False,2.2647733401111036,-1.00094557490262
ENSRNOG00000002355,-3.935595561751022,-3.7024336326682947,0.02002135114893063,0.0146658383384592,True,0.23316192908272715,-3.8190145972096583
ENSRNOG00000002356,0.27014603462104336,1.3160571837714239,0.06381510830729493,0.0205146955885096,True,1.0459111491503805,0.7931016091962336
ENSRNOG00000002357,0.58318246128986,-0.06174462860616248,0.09952140235217878,0.0700798339971916,False,-0.6449270898960224,0.26071891634184874
ENSRNOG00000002358,2.1766762231656798,1.4532185353753313,0.01739405753986878,0.04495821817472564,True,-0.7234576877903485,1.8149473792705055
ENSRNOG00000002359,2.828404468948262,2.5132516780353193,0.003099011920745416,0.00046645618682298196,True,-0.31515279091294257,2.6708280734917906
ENSRNOG00000002360,2.825997272998104,1.2931915390887985,0.00030651147438172485,0.046658057544101565,True,-1.5328057339093057,2.0595944060434515
ENSRNOG00000002361,-1.79644246792898,-0.6252813490224466,0.0047597970891539165,0.3057511400366543,True,1.1711611189065336,-1.2108619084757133
ENSRNOG00000002362,-0.6340770629095848,-2.579923587304319,0.2837905352332184,0.015717777048174467,True,-1.9458465243947343,-1.6070003251069518
ENSRNOG00000002363,0.8646017325864832,1.0496219359941774,0.033781935191139915,0.009550954549223467,True,0.1850202034076942,0.9571118342903303
ENSRNOG00000002364,4.55742841993592,0.5070946947562076,0.01245527025075414,0.6262514446039431,True,-4.050333725179712,2.5322615573460636
ENSRNOG00000002365,2.664178566685049,1.573452362312453,0.017530932889659467,0.005443572959831917,True,-1.0907262043725958,2.118815464498751
ENSRNOG00000002366,2.0149148915970847,2.2670972608704334,0.003583682014869127,0.0020670621294830403,True,0.2521823692733487,2.141006076233759
ENSRNOG00000002367,-0.6980183199887231,0.17875761376896293,0.18515960559818737,0.07921031816933326,False,0.876775933757686,-0.2596303531098801
ENSRNOG00000002368,-1.5897593360792242,-2.444367351443911,0.03675007976210581,0.01365770049097823,True,-0.8546080153646869,-2.0170633437615675
ENSRNOG00000002369,1.420034190089831,-0.26252436663710765,0.0010723132366997246,0.2711852061557429,False,-1.6825585567269385,0.5787549117263617
ENSRNOG00000002370,-1.9811902756218482,-2.0703150297616237,0.006344779428163532,0.009615352946609184,True,-0.0891247541397755,-2.025752652691736
ENSRNOG00000002371,-0.42918543176454477,-0.09631943812384897,0.008508769579718887,0.24357134277169318,True,0.3328659936406958,-0.26275243494419687
ENSRNOG00000002372,-0.20660030820346073,-2.274018059124242,0.25011772105956626,0.0050915592512803184,True,-2.067417750920781,-1.2403091836638513
ENSRNOG00000002373,2.8672417604210545,1.935839642445331,0.017512866426750973,0.007301412819786549,True,-0.9314021179757235,2.4015407014331926
ENSRNOG00000002374,-0.6384551453274196,-0.1071486563325777,0.032247597013942385,0.07634658581607585,True,0.531306488994842,-0.37280190082999864
ENSRNOG00000002375,-4.390649349430708,-3.282830597527415,0.012158943186777769,0.025255575083409393,True,1.1078187519032934,-3.8367399734790615
ENSRNOG00000002376,0.908000365792443,1.1690272651945657,0.06545515363688803,0.026054055447274422,True,0.26102689940212265,1.0385138154935043
ENSRNOG00000002377,-1.2582393355870676,-0.6206923819566919,0.004037615433637216,0.15134171517778772,True,0.6375469536303757,-0.9394658587718797
ENSRNOG00000002378,0.07673584398794427,-0.516556598457038,0.149383078360721,0.11894498248406062,False,-0.5932924424449824,-0.2199103772345469
ENSRNOG00000002379,-0.15606846151582257,-2.139125382103224,0.0372638109764324,0.07327799072480069,True,-1.9830569205874016,-1.1475969218095234
ENSRNOG00000002380,-0.49266719247198293,-0.19492995523158438,0.06558074331764073,0.09718015238603069,True,0.2977372372403986,-0.34379857385178364
ENSRNOG00000002381,1.422613047212467,-0.033352261386999094,0.003478391684268032,0.006941030986167576,False,-1.455965308599466,0.694630392912734
ENSRNOG00000002382,-2.759156781034873,-2.4834863672083363,0.014029142277298847,0.008485788799444295,True,0.2756704138265369,-2.6213215741216045
ENSRNOG00000002383,-0.9306256049178484,-0.1297449824828968,0.040515014710991434,0.07755858388674562,True,0.8008806224349516,-0.5301852937003726
ENSRNOG00000002384,1.2312682436112863,2.3254624582617436,0.0058466659492484585,0.0017885183650059888,True,1.0941942146504573,1.778365350936515
ENSRNOG00000002385,-1.1053525956198629,-0.7916028946356162,0.009607147557092698,0.17281924013725536,True,0.3137497009842467,-0.9484777451277395
ENSRNOG00000002386,-2.8958520766859492,-1.3874113338782816,0.004647165596247428,0.028423313264816192,True,1.5084407428076676,-2.1416317052821157
ENSRNOG00000002387,1.2033996178621245,-0.6983915680642906,0.006750619415370652,0.17448831609414053,False,-1.901791185926415,0.25250402489891693
ENSRNOG00000002388,2.02157033479477,1.63246758770523,0.05619441466746789,0.02106815049391158,True,-0.3891027470895403,1.82701896125
ENSRNOG00000002389,-0.08099137375741142,-0.11797536871606033,0.08207140753437735,0.026761106029128064,True,-0.036983994958648916,-0.09948337123673587
ENSRNOG00000002390,-3.5295220772451588,-1.1093860528692172,0.005897632831916088,0.023317120272264198,True,2.4201360243759416,-2.319454065057188
ENSRNOG00000002391,1.2707455440578692,0.2966255701291566,0.012076182439781117,0.04606191985431971,True,-0.9741199739287126,0.7836855570935128
ENSRNOG00000002392,-2.9877981865554384,-2.2854222648781874,0.02061345589993295,0.0741091041535045,True,0.7023759216772509,-2.636610225716813
ENSRNOG00000002393,0.5558386983266983,1.4897255053515894,0.13944731526494283,0.007729045578143923,True,0.9338868070248911,1.0227821018391439
ENSRNOG00000002394,-1.5974348845358877,-1.1828912034987857,0.028909777708078788,0.0023757248474722643,True,0.41454368103710193,-1.3901630440173367
ENSRNOG00000002395,-2.0877107143805373,-2.5839267361303975,0.01831985698179302,0.015978373407715536,True,-0.4962160217498601,-2.3358187252554674
ENSRNOG00000002396,-0.7954380307434423,2.138317076049088,0.043474456765643994,0.005165837195597844,False,2.9337551067925305,0.6714395226528229
ENSRNOG00000002397,-0.3299356015690677,-1.3568786105705362,0.056616562069796775,0.08017850933675953,True,-1.0269430090014684,-0.843407106069802
ENSRNOG00000002398,-1.159574850695607,-0.8564459841000127,0.0016146512708955685,0.2587968731467502,True,0.30312886659559424,-1.0080104173978097
ENSRNOG00000002399,1.0596659007872713,1.0845953763622385,0.020299720511733135,0.0623622146911156,True,0.024929475574967164,1.0721306385747549
ENSRNOG00000002400,-0.8029248812259008,-0.2649905347509423,0.008492558522308404,0.3338054208558449,True,0.5379343464749584,-0.5339577079884216
ENSRNOG00000002401,1.7643435690092795,1.0005227377195913,0.022598198752916448,0.003202999090148488,True,-0.7638208312896881,1.3824331533644354
ENSRNOG00000002402,0.506111698158263,0.1501575656949954,0.06161044502310749,0.10785230195353414,True,-0.35595413246326757,0.32813463192662917
ENSRNOG00000002403,-1.2556029718733546,-1.1004884804762343,0.014744888943833325,0.0012142824250196888,True,0.1551144913971203,-1.1780457261747945
ENSRNOG00000002404,-1.5586917908981146,-2.2316409693316586,0.002416430448600728,0.01716350952351447,True,-0.672949178433544,-1.8951663801148866
ENSRNOG00000002405,-2.96549333828539,0.2411947051098,0.0033142218766916824,0.28764830762533855,False,3.20668804339519,-1.362149316587795
ENSRNOG00000002406,0.5233197201602804,0.12486694610994484,0.3758628992526572,0.3436006930682569,True,-0.3984527740503355,0.3240933331351126
ENSRNOG00000002407,-0.6382575850524446,0.19276238462858808,0.1786474061397834,0.042593081139290646,False,0.8310199696810326,-0.22274760021192824
ENSRNOG00000002408,-4.269951950514326,-3.2549528269154275,0.002654268970740884,0.02442659964710621,True,1.0149991235988982,-3.762452388714877
ENSRNOG00000002409,-0.9642867709849202,-1.0282168602430035,0.026219939291202154,8.232436780478642e-05,True,-0.0639300892580833,-0.9962518156139619
ENSRNOG00000002410,-1.6218612526589136,-1.5810814976111942,0.02079670397176766,0.011547756325105988,True,0.04077975504771936,-1.6014713751350538
ENSRNOG00000002411,2.8362196659071888,0.30129129542817523,0.0053313773489740415,0.11286490109129452,True,-2.5349283704790135,1.568755480667682
ENSRNOG00000002412,-3.0650015014079575,-2.252853218084219,0.05861093013392049,0.03826862003759064,True,0.8121482833237383,-2.6589273597460883
ENSRNOG00000002413,-2.594431439521297,-2.1915714159098836,0.007720432000915857,0.0031917596517296353,True,0.40286002361141326,-2.39300142771559
ENSRNOG00000002414,1.9979453575902597,2.5887035778053926,0.046837244407858906,0.020227967635811972,True,0.5907582202151329,2.2933244676978264
ENSRNOG00000002415,2.4421736834351337,0.40414298127215,0.005035410735732691,0.0005395613014933904,True,-2.0380307021629838,1.4231583323536419
ENSRNOG00000002416,-1.3409692897061547,-1.5178636534327832,0.02587169946943772,0.038461071809281586,True,-0.17689436372662848,-1.429416471569469
ENSRNOG00000002417,-1.1377544810560396,-1.7170355372098933,0.002763507922373022,0.03661004659362688,True,-0.5792810561538537,-1.4273950091329666
ENSRNOG00000002418,1.109223713795963,2.2689290390936545,0.017528447644639487,0.007907781555886187,True,1.1597053252976914,1.6890763764448087
ENSRNOG00000002419,-4.188779634501558,-3.7612490185584644,0.03757138518996912,0.021540256206010206,True,0.42753061594309383,-3.9750143265300113
ENSRNOG00000002420,-3.350148632110001,-1.6876862328723574,0.009204107487692,0.04574434505785344,True,1.6624623992376437,-2.5189174324911794
ENSRNOG00000002421,-0.5053201215312814,0.6750518644350076,0.04273045804789173,0.0719790337613132,False,1.1803719859662891,0.08486587145186314
ENSRNOG00000002422,2.789803019032427,1.7436369959558717,0.009099413620457738,0.007265592436397305,True,-1.046166023076555,2.266720007494149
ENSRNOG00000002423,-0.7843141587001312,-1.978985178903581,0.03996752712458101,0.013946378587184128,True,-1.1946710202034498,-1.381649668801856
ENSRNOG00000002424,0.1816862251232783,-1.3088149186180456,0.21404804260003163,0.04714446272449749,False,-1.4905011437413238,-0.5635643467473836
ENSRNOG00000002425,2.0408206906152215,2.2905103376542346,0.0010505553629187932,0.07299934759856767,True,0.24968964703901309,2.1656655141347283
ENSRNOG00000002426,3.7923925199006634,1.255203193792601,0.0023808931335159945,0.1176125909266958,True,-2.5371893261080625,2.523797856846632
ENSRNOG00000002427,-1.0383272516669626,-0.2944345895206266,0.0023076222281403647,0.003282997671195367,True,0.743892662146336,-0.6663809205937946
ENSRNOG00000002428,-0.030306102720166903,0.09945841546191264,0.09037613505732091,0.02780456595297596,False,0.12976451818207954,0.03457615637087287
ENSRNOG00000002429,3.2796993984171166,2.626184699450218,0.0017028614702407302,0.014255538279794125,True,-0.6535146989668985,2.952942048933667
ENSRNOG00000002430,-2.7399586953445714,-1.3680078645961267,0.001662358101181193,0.02286017338435024,True,1.3719508307484447,-2.053983279970349
ENSRNOG00000002431,1.8496459269968792,0.27740490671908113,0.018724224250386026,0.05190374402339871,True,-1.572241020277798,1.0635254168579802
ENSRNOG00000002432,-1.832967958250265,-2.2707227995756587,0.00153879279558836,0.029496714526860243,True,-0.4377548413253938,-2.0518453789129616
ENSRNOG00000002433,0.1844502607856821,0.8760996681396865,0.1469504384357949,0.06309187960547487,True,0.6916494073540045,0.5302749644626843
ENSRNOG00000002434,-0.43671428532049367,-0.9577775551105521,0.03221293902622957,0.1408273511755432,True,-0.5210632697900583,-0.6972459202155229
ENSRNOG00000002435,-1.7244208812622126,-4.06026211586371,0.00040436059895151744,0.00134383559855369,True,-2.3358412346014976,-2.8923414985629616
ENSRNOG00000002436,-1.7695834697848951,-0.5221236966756707,0.004380127214077435,0.18273156823688386,True,1.2474597731092243,-1.145853583230283
ENSRNOG00000002437,0.4975458556567581,-0.7497431706256112,0.13807324233781,0.16796196399056684,False,-1.2472890262823693,-0.12609865748442659
ENSRNOG00000002438,1.7919707906928277,1.709032809471639,0.005407739719927883,0.023128898302819376,True,-0.08293798122118878,1.7505018000822332
ENSRNOG00000002439,-0.2335251657393058,1.30366582908009,0.015001349900286327,0.03707125428336016,False,1.5371909948193958,0.5350703316703921
ENSRNOG00000002440,0.12620368571978946,0.10341908641450184,0.09571452594410322,0.06694353966814488,True,-0.022784599305287617,0.11481138606714565
ENSRNOG00000002441,1.028113319323885,1.7446711803869495,0.017965795839976744,0.018543125424460103,True,0.7165578610630645,1.386392249855417
ENSRNOG00000002442,-1.7489137914233277,-1.0277738136048507,0.008313140321130133,0.023046745713288092,True,0.721139977818477,-1.3883438025140893
ENSRNOG00000002443,1.3314465151432615,2.5721844248456227,0.057761735157047786,0.07876880207094805,True,1.2407379097023612,1.951815469994442
ENSRNOG00000002444,1.4748175747075445,-0.11233651339383122,0.012742984602194371,0.19739170310488757,False,-1.5871540881013757,0.6812405306568566
ENSRNOG00000002445,4.686527337750738,3.178212860233188,0.009830758281334404,0.036604901547071855,True,-1.5083144775175503,3.932370098991963
ENSRNOG00000002446,-0.6769875430072481,0.24646815604861216,0.05127964520956965,0.07907235155200726,False,0.9234556990558602,-0.21525969347931795
ENSRNOG00000002447,-0.8245472430026297,-0.7606244701023359,0.07773213507805149,0.16137013117941315,True,0.0639227729002938,-0.7925858565524828
ENSRNOG00000002448,1.384138568832742,2.151044173291568,0.006754623433295292,0.021283789927110996,True,0.766905604458826,1.767591371062155
ENSRNOG00000002449,1.474387504041849,0.5489419862621377,0.024784135328416952,0.34465323336749554,True,-0.9254455177797113,1.0116647451519933
ENSRNOG00000002450,-0.9631568760780815,1.5178930334772374,0.032672720872058976,0.008473199335498822,False,2.4810499095553187,0.2773680786995779
ENSRNOG00000002451,-0.725692818474088,1.7348362629234777,0.3115132522104498,0.011415438061299119,False,2.4605290813975658,0.5045717222246948
ENSRNOG00000002452,0.9740355087924728,0.9585197420175462,0.112592543669176,0.012147184913960517,True,-0.01551576677492661,0.9662776254050095
ENSRNOG00000002453,-1.4896516333223906,-0.43273187128687796,0.01735044197815189,0.10719345110256992,True,1.0569197620355126,-0.9611917523046343
ENSRNOG00000002454,-0.7389611784270268,0.7487614060754912,0.23422385996020495,0.7255921657160365,False,1.4877225845025182,0.004900113824232222
ENSRNOG00000002455,0.16126698126318237,-1.1368957216567712,0.1736977171196434,0.037819246096124866,False,-1.2981627029199536,-0.4878143701967944
ENSRNOG00000002456,1.7926896326800645,-0.15857106508423602,0.007549588539713759,0.0985741161052144,False,-1.9512606977643006,0.8170592837979143
ENSRNOG00000002457,-1.0882775091231736,0.5792111533467585,8.669801839993322e-05,0.010550275542823263,False,1.667488662469932,-0.2545331778882075
ENSRNOG00000002458,-3.31629203165521,-1.9673906850088936,0.05801220925541021,0.007428558118493949,True,1.3489013466463162,-2.6418413583320515
ENSRNOG00000002459,-3.4498754415327797,-2.5837458085210696,0.0029671791517850684,0.008558458047894719,True,0.8661296330117101,-3.016810625026925
ENSRNOG00000002460,-2.2669435200710404,-1.5298421256230885,0.001979425767776154,0.06423827758368184,True,0.7371013944479519,-1.8983928228470646
ENSRNOG00000002461,-2.363701892759887,-4.112660833058996,0.015732772237947414,0.0006089669575651206,True,-1.7489589402991088,-3.2381813629094416
ENSRNOG00000002462,-0.2782993655158363,-0.38933399873062,0.1468572787367766,0.12347669579120539,True,-0.11103463321478374,-0.3338166821232281
ENSRNOG00000002463,-2.139984276475689,-2.2458883841563537,0.0023503900031521373,0.005401261584386592,True,-0.1059041076806646,-2.192936330316021
ENSRNOG00000002464,-1.2649589276781674,0.10380314447468264,0.045101833439972476,0.04035256861522852,False,1.3687620721528502,-0.5805778916017423
ENSRNOG00000002465,-1.3933545929676896,0.09730119408517746,0.019011768900813526,1.0,False,1.4906557870528672,-0.648026699441256
ENSRNOG00000002466,-0.7929141495263882,0.06633262415846208,0.24685641610422474,0.045357592226382054,False,0.8592467736848503,-0.36329076268396304
ENSRNOG00000002467,2.3805077967416204,2.0339768830234006,0.002351088858740776,0.04756262234159273,True,-0.34653091371821976,2.2072423398825105
ENSRNOG00000002468,1.1915056609749302,-0.7619902366933287,0.0015441098419114747,0.43949186294008985,False,-1.9534958976682588,0.21475771214080075
ENSRNOG00000002469,0.029032947496806974,0.6399176382945466,0.14738064128807352,0.143505556236338,True,0.6108846907977397,0.3344752928956768
ENSRNOG00000002470,-0.8298473050455086,0.09657167536860722,0.027792189439545558,1.0,False,0.9264189804141159,-0.3666378148384507
ENSRNOG00000002471,-0.7798187819214382,0.7771755147505888,0.0463434091327073,0.1016672295502567,False,1.556994296672027,-0.0013216335854246974
ENSRNOG00000002472,0.5899436459135091,2.625281982272893,0.31674738617464276,0.010884969740793782,True,2.0353383363593838,1.6076128140932011
ENSRNOG00000002473,1.0515043320341224,-1.0621657614669857,0.00037765413058440207,0.007605519288665866,False,-2.113670093501108,-0.00533071471643165
ENSRNOG00000002474,-1.633711510981081,-1.5188244943662592,0.02520222406798791,0.01272541653927278,True,0.1148870166148217,-1.57626800267367
ENSRNOG00000002475,0.06566536010561667,-0.7347275241437077,0.05697205088064501,0.17472385110496078,False,-0.8003928842493243,-0.3345310820190455
ENSRNOG00000002476,-3.656915223593449,-2.305569804239217,0.00919359776255856,0.030582252234746938,True,1.3513454193542316,-2.981242513916333
ENSRNOG00000002477,0.38108481150707463,0.2732096229537514,0.24103011684054876,0.09692319037420714,True,-0.10787518855332323,0.327147217230413
ENSRNOG00000002478,1.3718686355256349,0.6870844954232789,0.020443473907814712,0.40344352424202595,True,-0.684784140102356,1.0294765654744569
ENSRNOG00000002479,-0.5041235283855757,0.7361805801690408,0.5420324679110559,0.004375810681230326,False,1.2403041085546165,0.11602852589173251
ENSRNOG00000002480,3.26974859305219,1.0669441215356663,0.057229103217878836,0.031202135535118008,True,-2.2028044715165236,2.1683463572939283
ENSRNOG00000002481,-1.5862292053848908,-2.171813400423962,0.007781117749923336,0.03621653292715028,True,-0.5855841950390714,-1.8790213029044265
ENSRNOG00000002482,0.3913927475458703,-0.8092894663217527,0.04109888673434869,0.34386072507956605,False,-1.200682213867623,-0.2089483593879412
ENSRNOG00000002483,-0.06448454399871986,-0.4221934567164158,0.03839665860325694,0.2175095519473302,True,-0.3577089127176959,-0.24333900035756784
ENSRNOG00000002484,-0.180535801398135,-1.4127840716581705,0.1783890738545097,0.04788631809396935,True,-1.2322482702600355,-0.7966599365281528
ENSRNOG00000002485,-0.20577990240854574,-0.1909303968770452,0.06945318849232418,0.05082699248275236,True,0.01484950553150055,-0.19835514964279546
ENSRNOG00000002486,0.19278905401704902,-0.04266814763081689,0.08117662341687899,0.09881984443594728,False,-0.2354572016478659,0.07506045319311606
ENSRNOG00000002487,1.5263257382346598,0.21206063230053473,0.016513581095555126,0.15368054806202797,True,-1.314265105934125,0.8691931852675973
ENSRNOG00000002488,2.4799252252945396,2.6038037199592927,0.018248146432594856,0.018030585137000704,True,0.12387849466475309,2.541864472626916
ENSRNOG00000002489,-0.004050440107483303,-0.06522985397416237,0.08684054617638332,0.038361829114168994,True,-0.061179413866679064,-0.034640147040822834
ENSRNOG00000002490,1.4675689299089396,2.113726604571473,0.018770877654650162,0.024103372608368014,True,0.6461576746625335,1.7906477672402064
ENSRNOG00000002491,-1.2631805032802086,-1.0637650859951955,0.0109022488053818,0.10666170465691009,True,0.1994154172850131,-1.163472794637702
ENSRNOG00000002492,1.3787198149072195,0.9121248414939869,0.004113522309658034,0.14449339297145536,True,-0.46659497341323264,1.145422328200603
ENSRNOG00000002493,-1.3715847428885826,-1.5235991500800328,0.005373436407749065,0.005818181925622971,True,-0.1520144071914502,-1.4475919464843077
ENSRNOG00000002494,1.963187884958638,1.327568894209615,0.019850040013413617,0.01268662405641807,True,-0.6356189907490228,1.6453783895841265
ENSRNOG00000002495,3.979153579307831,3.4536673053679743,0.0015270257335713768,0.017856083292771507,True,-0.5254862739398569,3.716410442337903
ENSRNOG00000002496,-0.21975099834850523,-0.5813316227607965,0.2238518982037449,0.020389459628564675,True,-0.36158062441229133,-0.40054131055465086
ENSRNOG00000002497,-3.9465782834533356,-2.139340672086871,0.005257170701132695,0.006579613859853555,True,1.8072376113664648,-3.0429594777701032
ENSRNOG00000002498,-0.9865312798406813,-1.5242255793896917,0.014658055669283366,0.048872691206526125,True,-0.5376942995490104,-1.2553784296151864
ENSRNOG00000002499,2.217375241720746,2.3048182581684276,0.046048548457670965,0.008572464660873216,True,0.08744301644768138,2.2610967499445866
ENSRNOG00000002500,0.9955382166454408,0.06806486864137606,0.1470612455882579,0.7516217611249236,True,-0.9274733480040648,0.5318015426434084
ENSRNOG00000002501,0.44804447761505317,1.198934111668739,0.0007614323016379341,0.02562810996838757,True,0.7508896340536859,0.8234892946418961
ENSRNOG00000002502,1.8156030407187103,1.2986354372440714,0.0019404837926584064,0.050395311694399425,True,-0.5169676034746389,1.5571192389813908
ENSRNOG00000002503,0.8720161906471596,2.1899724297006853,0.1135700009679162,0.018007721580664885,True,1.3179562390535255,1.5309943101739225
ENSRNOG00000002504,2.1919053374120456,0.2787245168732717,0.0006519157491419696,0.8520811661189945,True,-1.913180820538774,1.2353149271426587
ENSRNOG00000002505,1.654962617964574,-0.42461103176155146,0.004988062393836417,0.045775127529584105,False,-2.0795736497261252,0.6151757931015113
ENSRNOG00000002506,2.739060814926526,1.2155332458756924,0.008248567418835992,0.00808091535383707,True,-1.5235275690508336,1.9772970304011093
ENSRNOG00000002507,0.6458329510312578,-1.0146750887347735,0.2562085562230824,0.016478987805253843,False,-1.6605080397660315,-0.18442106885175785
ENSRNOG00000002508,1.6294669226891185,-0.3438341317210909,0.005373109921667433,0.031328530507958245,False,-1.9733010544102094,0.6428163954840138
ENSRNOG00000002509,-0.5528287315544137,0.2767047610258684,0.11801601150277924,0.07444286099593499,False,0.8295334925802821,-0.13806198526427266
ENSRNOG00000002510,-1.0826294608062106,-0.7405757664315145,0.01633268885262367,0.05609350853866242,True,0.3420536943746961,-0.9116026136188625
ENSRNOG00000002511,3.072181752754152,1.585418566333352,0.0023770138681720905,0.019441148557228703,True,-1.4867631864208,2.3288001595437517
ENSRNOG00000002512,0.38916841738083846,-0.14167620335173353,0.12002174063531384,0.03587032177616364,False,-0.530844620732572,0.12374610701455246
ENSRNOG00000002513,1.4487850185522821,0.3580742650728955,0.00968433547072185,0.14287172799438055,True,-1.0907107534793865,0.9034296418125889
ENSRNOG00000002514,0.22273202594050232,1.8843454038495375,0.10468137295801413,0.009605265213904653,True,1.6616133779090352,1.05353871489502
ENSRNOG00000002515,-1.0557281716559357,-1.490176149751225,0.002383590830834567,0.0024300893375100068,True,-0.43444797809528923,-1.2729521607035803
ENSRNOG00000002516,0.019769206648322383,-1.374797532466605,0.1045427265850787,0.018937996727867588,False,-1.3945667391149275,-0.6775141629091413
ENSRNOG00000002517,2.5847892319818855,2.5935098261083267,0.0020063540873126407,0.034735625145856326,True,0.008720594126441217,2.5891495290451063
ENSRNOG00000002518,0.9994321337029632,0.45307044640280314,0.09055840045703986,0.2715003589499027,True,-0.5463616873001601,0.7262512900528832
ENSRNOG00000002519,-3.0806516875148264,0.04586922574869767,0.04945726732592816,0.07600777529657123,False,3.126520913263524,-1.5173912308830644
ENSRNOG00000002520,-0.3874400218370785,-0.8159751355830553,0.03502957340662613,0.20355733705530302,True,-0.42853511374597686,-0.601707578710067
ENSRNOG00000002521,3.2081288268684816,3.069810991015199,0.023576006478008737,0.005433031815239434,True,-0.1383178358532824,3.1389699089418404
ENSRNOG00000002522,-0.3848343513299209,0.8746198382249242,0.04128338614715293,0.07568293601335493,False,1.259454189554845,0.24489274344750164
ENSRNOG00000002523,-3.2408616451215253,-2.751188542494741,0.01438562697602016,0.015230518374238803,True,0.4896731026267842,-2.996025093808133
ENSRNOG00000002524,3.4074879937605784,1.537025029452706,0.009159647341290173,0.026824120034393894,True,-1.8704629643078725,2.472256511606642
ENSRNOG00000002525,1.2283065176630268,1.6136832894883082,0.03297121775270087,0.058945469610262015,True,0.3853767718252814,1.4209949035756675
ENSRNOG00000002526,-0.12602314586304073,0.5179407746227596,0.04874363056415917,0.2902101309174017,False,0.6439639204858003,0.1959588143798594
ENSRNOG00000002527,-0.6685519249477235,-1.9357559147109251,0.44334369158914594,0.03381027235514165,True,-1.2672039897632015,-1.3021539198293244
ENSRNOG00000002528,1.948233473625124,0.13994134394512736,0.004529162323411674,0.25495989425993737,True,-1.8082921296799965,1.0440874087851255
ENSRNOG00000002529,-0.9755701204071465,-3.3266391870722654,0.22446361306472826,0.03953336689071101,True,-2.3510690666651186,-2.151104653739706
ENSRNOG00000002530,2.066861564128779,2.0306220602853124,0.013059469305443206,0.00546011038215147,True,-0.036239503843466636,2.0487418122070458
ENSRNOG00000002531,0.9759515143036609,0.38872847693395673,0.048932305989625564,0.28825468434181684,True,-0.5872230373697042,0.6823399956188088
ENSRNOG00000002532,0.44042746587722986,0.1292327347724702,0.20494647786990752,0.0747401734575107,True,-0.3111947311047597,0.28483010032485
ENSRNOG00000002533,0.26192664960407164,-1.5979061808561772,1.0,0.003309149083758306,False,-1.859832830460249,-0.6679897656260527
ENSRNOG00000002534,-0.3149424660855206,-1.3671683476819467,0.11845205258009213,0.03021019534275263,True,-1.052225881596426,-0.8410554068837337
ENSRNOG00000002535,1.8821522163766784,0.778006648940197,0.024046742707723372,0.17925342458939608,True,-1.1041455674364813,1.3300794326584378
ENSRNOG00000002536,-1.5576170977833015,-1.7651215066478572,0.003356621446294478,0.058457132044174256,True,-0.20750440886455568,-1.6613693022155793
ENSRNOG00000002537,-2.919465228294377,-1.8615084759466636,0.012684435235433736,0.016542605457938314,True,1.0579567523477134,-2.39048685212052
ENSRNOG00000002538,1.1059922212064544,1.3647162433837936,0.028125648710853924,0.009523186343847634,True,0.25872402217733925,1.235354232295124
ENSRNOG00000002539,1.136228990520866,3.1557289113036457,0.06203044717968533,0.05341600109266864,True,2.0194999207827795,2.145978950912256
ENSRNOG00000002540,0.86443407452118,0.5667972891419307,0.03485513501442591,0.019579031761242472,True,-0.2976367853792493,0.7156156818315553
ENSRNOG00000002541,0.7339110653124699,1.6702323206642724,0.1844997228111655,0.005148868688192118,True,0.9363212553518026,1.2020716929883712
ENSRNOG00000002542,-0.5769726810075861,-1.263812838913922,0.03901663524051625,0.021690114580564933,True,-0.6868401579063359,-0.9203927599607541
ENSRNOG00000002543,1.4174688678939455,-0.7948148005562407,0.0002881140234537687,0.0006769968546989011,False,-2.212283668450186,0.31132703366885245
ENSRNOG00000002544,-0.08200462815817358,-0.4256798761931889,0.061886442649125045,0.1122186835202426,True,-0.34367524803501537,-0.25384225217568124
ENSRNOG00000002545,-0.8768044094673206,-2.2738348022057315,0.33886946524997896,0.030356634115978345,True,-1.397030392738411,-1.5753196058365262
ENSRNOG00000002546,-0.5614043620597199,-0.3663481406730512,0.04222719295241493,0.07490305286638839,True,0.19505622138666867,-0.46387625136638555
ENSRNOG00000002547,3.6371514577964974,1.65378616056752,0.00340637906544893,0.04687393587168883,True,-1.9833652972289775,2.6454688091820087
ENSRNOG00000002548,-3.122956947681779,-4.175595680515925,0.011792936706609965,0.002805733056538784,True,-1.0526387328341458,-3.6492763140988522
ENSRNOG00000002549,0.899618587732438,2.4345670428112443,0.09995510079272285,0.009890396299819366,True,1.5349484550788062,1.6670928152718412
ENSRNOG00000002550,-3.022398769722691,-2.619670962172079,0.005204469769719517,0.01727309150295684,True,0.40272780755061177,-2.821034865947385
ENSRNOG00000002551,-0.19482000898135182,-1.851977874198727,0.002132470003480968,0.03206965629791955,True,-1.657157865217375,-1.0233989415900393
ENSRNOG00000002552,-0.7805294732775379,0.4123203382039283,0.05898296749027854,0.01980246137766826,False,1.1928498114814663,-0.18410456753680476
ENSRNOG00000002553,-3.75305093402378,-3.31711971580242,0.010201507924128729,0.056275305968376585,True,0.43593121822136016,-3.5350853249131
ENSRNOG00000002554,0.7002676627807735,1.6208563460661212,0.07360761587856947,0.013899125366869457,True,0.9205886832853477,1.1605620044234473
ENSRNOG00000002555,-0.6840685119459526,-1.2352306395351997,0.01630828601506888,0.07504382621841889,True,-0.5511621275892471,-0.9596495757405762
ENSRNOG00000002556,-3.778571416610239,-3.1373711380709,0.0016934350727457876,0.016495640292296502,True,0.6412002785393391,-3.4579712773405697
ENSRNOG00000002557,1.5112225633936538,1.3897046380585836,0.001129968610143183,0.02652249232431593,True,-0.12151792533507022,1.4504636007261187
ENSRNOG00000002558,2.5830111203800827,2.379327911597772,0.002088034276476775,0.04172279150767435,True,-0.20368320878231083,2.4811695159889275
ENSRNOG00000002559,2.6822238161338294,2.6308201191786327,0.005736571884863782,0.00842375516537589,True,-0.051403696955196754,2.6565219676562313
ENSRNOG00000002560,0.6461215931726481,0.3451344876916052,0.01738618317430875,0.18976153381574978,True,-0.30098710548104285,0.4956280404321266
ENSRNOG00000002561,0.08290464943880789,0.611422719250702,0.23147806152235048,0.1476084068480131,True,0.5285180698118941,0.347163684344755
ENSRNOG00000002562,2.3906819176124343,2.408573741246047,0.003511906669134583,0.0026274697967085398,True,0.017891823633612525,2.3996278294292406
ENSRNOG00000002563,3.0282904536121773,2.269835103951473,0.0018358230152281253,0.045370258756065165,True,-0.7584553496607045,2.649062778781825
ENSRNOG00000002564,2.040423665176125,1.237697073392254,0.022462381137598533,0.0013627073847595564,True,-0.8027265917838708,1.6390603692841896
ENSRNOG00000002565,-1.694767684013642,-2.670001720771963,0.004742478459514875,0.047113666303449146,True,-0.975234036758321,-2.1823847023928025
ENSRNOG00000002566,0.36242073578685946,0.8755789649540527,0.05756313349124052,0.048815552175627476,True,0.5131582291671932,0.6189998503704561
ENSRNOG00000002567,0.7911290597245715,0.5822501447109171,0.02162382583158442,0.2496440624034255,True,-0.2088789150136544,0.6866896022177442
ENSRNOG00000002568,-3.2573105440510126,-2.649267814922932,0.007888639706440001,0.029315396683052483,True,0.6080427291280808,-2.9532891794869722
ENSRNOG00000002569,0.8448491873173934,1.9161521291470707,0.14355678101642805,0.0742155282707582,True,1.0713029418296771,1.3805006582322321
ENSRNOG00000002570,4.0913852867629,1.282916680439791,0.0038064989862397103,0.02166134771853776,True,-2.8084686063231095,2.6871509836013456
ENSRNOG00000002571,1.1518850984414246,2.5095199980732996,0.001651686676641521,0.04321360615932454,True,1.357634899631875,1.8307025482573622
ENSRNOG00000002572,2.6521435465951613,1.7800706691185209,0.002454519086585321,0.03434839467724046,True,-0.8720728774766404,2.216107107856841
ENSRNOG00000002573,0.3292465142316691,0.5572817171055784,0.569307611299544,0.035922534372502826,True,0.22803520287390927,0.4432641156686238
ENSRNOG00000002574,-0.13179298317087867,-0.5044155488129819,0.0468765966812086,0.17498404454555397,True,-0.3726225656421032,-0.3181042659919303
ENSRNOG00000002575,0.6862885021457559,-1.2837503766903826,0.3434883116155725,0.014410083564144513,False,-1.9700388788361385,-0.29873093727231337
ENSRNOG00000002576,-1.4684879663719788,-1.1451622105220143,0.003428715367741112,0.01942722348966259,True,0.3233257558499645,-1.3068250884469965
ENSRNOG00000002577,-1.7347953370218996,-0.8281786769374595,0.06232820091217976,0.04847965615638973,True,0.9066166600844401,-1.2814870069796795
ENSRNOG00000002578,2.2793482029048584,2.2599934966980277,0.0072813848000265104,0.0018140110838575187,True,-0.019354706206830663,2.269670849801443
ENSRNOG00000002579,2.470216217159733,1.4718121693077721,0.012847975678247784,0.009698648735018528,True,-0.9984040478519609,1.9710141932337526
ENSRNOG00000002580,-1.7839913680572308,-3.5152809635435562,0.0012490887831948592,0.03140129015662225,True,-1.7312895954863254,-2.6496361658003935
ENSRNOG00000002581,1.742397848196956,-0.43391387503782664,0.008237263479398762,0.02764730035295969,False,-2.1763117232347824,0.6542419865795647
ENSRNOG00000002582,-0.15652795609083764,2.048181594809689,0.09133103541700538,0.006597669588643406,False,2.204709550900527,0.9458268193594257
ENSRNOG00000002583,0.611655434082775,-0.7312370877844343,0.5794261691681539,0.46246328039470885,False,-1.3428925218672094,-0.05979082685082965
ENSRNOG00000002584,0.8283935509831142,2.061709545819687,0.2991696705290591,0.13175462344316613,True,1.2333159948365726,1.4450515484014006
ENSRNOG00000002585,1.789830842623773,0.2362938986956904,0.010993257992886507,0.07821018277857299,True,-1.5535369439280826,1.0130623706597317
ENSRNOG00000002586,0.14889276335373997,-0.09033162613371774,0.29128084308957325,0.04032029538705603,False,-0.23922438948745772,0.02928056861001111
ENSRNOG00000002587,2.538291591543485,2.382506954829469,0.0006518223456002456,0.007972491534792486,True,-0.15578463671401588,2.4603992731864768
ENSRNOG00000002588,0.5569431115678646,-0.48248285304376953,0.5326069499583717,0.24946329652046845,False,-1.0394259646116342,0.03723012926204752
ENSRNOG00000002589,1.1235316904451587,2.435827442049715,0.013322791633079886,0.0005858231194853846,True,1.3122957516045561,1.7796795662474367
ENSRNOG00000002590,-1.4998726647670437,-0.9403986360697583,0.030545023425165446,0.2169670267973793,True,0.5594740286972855,-1.2201356504184009
ENSRNOG00000002591,3.8855862192687014,3.1260920177173706,0.011128360918186829,0.025423072252767773,True,-0.7594942015513308,3.5058391184930358
ENSRNOG00000002592,0.8456848617689395,0.2940783475827968,0.4246134964333904,0.012647152406622932,True,-0.5516065141861428,0.5698816046758681
ENSRNOG00000002593,1.2833953656211787,1.5643651499903468,0.022490147505544754,0.07146236396939025,True,0.2809697843691681,1.4238802578057628
ENSRNOG00000002594,-2.8947344601807745,-0.310687056080571,0.040222059804911676,0.10876677242412969,True,2.5840474041002035,-1.6027107581306728
ENSRNOG00000002595,-1.480863641542382,-1.1448375107531947,0.02043033503175579,0.010322002532232852,True,0.3360261307891872,-1.3128505761477882
ENSRNOG00000002596,2.228190638253715,3.331368064299224,0.013844619665234361,0.009562433803940399,True,1.1031774260455092,2.7797793512764697
ENSRNOG00000002597,0.5164040129266885,-0.29102087000792554,0.20295198111409074,0.1735556050458143,False,-0.807424882934614,0.11269157145938147
ENSRNOG00000002598,-3.444803522692067,-1.54016555411131,0.02194159304118271,0.08677230968394851,True,1.9046379685807568,-2.4924845384016883
ENSRNOG00000002599,1.8689218721708742,1.7844369261313968,0.02091465212000559,0.03260676274446186,True,-0.08448494603947743,1.8266793991511356
ENSRNOG00000002600,-0.9788090478349022,-1.7876013288442216,0.37723832582728684,0.013480569239554376,True,-0.8087922810093194,-1.383205188339562
ENSRNOG00000002601,2.540370574578082,1.9519521805822944,0.03017461707732956,0.025168360908743227,True,-0.5884183939957874,2.2461613775801883
ENSRNOG00000002602,-0.1581042214866594,-0.09977663586803698,0.3817248787574171,0.04499416265839073,True,0.05832758561862242,-0.12894042867734817
ENSRNOG00000002603,0.3684720348369539,-0.6452908014015588,0.05709373318546879,0.4349268365977644,False,-1.0137628362385127,-0.13840938328230246
ENSRNOG00000002604,2.122118241464967,1.8189429601000104,0.05085925346751634,0.12480437948837211,True,-0.30317528136495664,1.9705306007824888
ENSRNOG00000002605,-1.6154873475383922,-0.9449273729121632,0.00988031004705524,0.14865003064202428,True,0.670559974626229,-1.2802073602252777
ENSRNOG00000002606,-1.7871242541010914,-1.2914607874613198,0.0035452567028714547,0.008899574425442187,True,0.4956634666397717,-1.5392925207812056
ENSRNOG00000002607,-0.3536971567165932,-0.3125204090789025,0.03163634631885489,0.03262581355976651,True,0.04117674763769069,-0.3331087828977478
ENSRNOG00000002608,1.4889110393182,0.9179487348665756,0.009233364232181709,0.9176779621430016,True,-0.5709623044516243,1.2034298870923879
ENSRNOG00000002609,-2.3955790547042835,-2.0150783595075565,0.003172256562719552,0.061264897032066196,True,0.3805006951967269,-2.20532870710592
ENSRNOG00000002610,-3.002462279800374,-1.8948485504985237,0.007037126352965098,0.07062244903115493,True,1.1076137293018502,-2.4486554151494486
ENSRNOG00000002611,1.4826976686788262,0.33212449171963254,0.034800302418044965,0.0013791756786560013,True,-1.1505731769591936,0.9074110801992294
ENSRNOG00000002612,-1.0853609626206067,2.0516045114614867,0.0028413103741986648,0.021275888713106393,False,3.1369654740820936,0.48312177442044
ENSRNOG00000002613,-0.7060068232565095,-1.9598845475530082,0.14452044936691136,0.030867183767520772,True,-1.2538777242964987,-1.3329456854047588
ENSRNOG00000002614,-3.3422587234922987,-2.8867088130709453,0.011780344644509399,0.06370800914090521,True,0.4555499104213534,-3.114483768281622
ENSRNOG00000002615,-1.2221627658335679,-1.362099890572614,0.001200694562147153,0.04836314178674489,True,-0.13993712473904618,-1.2921313282030908
ENSRNOG00000002616,-0.013621133936071146,2.1332557139642363,0.06527969899264145,0.006151955468919612,False,2.1468768479003075,1.0598172900140825
ENSRNOG00000002617,1.674680143721206,-0.24735888474595424,0.01796592632731852,0.26940030598168735,False,-1.9220390284671602,0.7136606294876259
ENSRNOG00000002618,-1.3882142992223498,-0.4967673105857826,0.024659178535540248,0.12096260128158144,True,0.8914469886365672,-0.9424908049040662
ENSRNOG00000002619,2.983277016418494,2.2894421394634428,0.011717733769720738,0.06851693327653932,True,-0.6938348769550511,2.6363595779409685
ENSRNOG00000002620,-1.2322008435236411,-0.4876141536878006,0.01281434404662321,0.04565796356350697,True,0.7445866898358405,-0.8599074986057209
ENSRNOG00000002621,-1.2295652428533144,0.46205595560123347,0.033639004694419446,0.3291418763023918,False,1.691621198454548,-0.38375464362604045
ENSRNOG00000002622,2.767243593416044,3.158346471257353,0.028711782185831536,0.000690127978522815,True,0.39110287784130904,2.9627950323366985
ENSRNOG00000002623,0.3806282742550509,-0.21467744135268868,0.03383639955059715,0.20498466001033566,False,-0.5953057156077396,0.08297541645118112
ENSRNOG00000002624,-0.9936445122208379,-0.4719599463414794,0.0598048953245267,0.864835746917849,True,0.5216845658793585,-0.7328022292811587
ENSRNOG00000002625,-0.2792396361250682,-2.1471900863247977,0.15821574256223295,0.06752005979993303,True,-1.8679504501997295,-1.213214861224933
ENSRNOG00000002626,2.4355324395757068,1.7602097178595062,0.010974734384621807,0.0001432371067904375,True,-0.6753227217162006,2.0978710787176063
ENSRNOG00000002627,2.6391650753262272,0.9609433519983196,0.015842197852414412,0.5976719153186244,True,-1.6782217233279075,1.8000542136622735
ENSRNOG00000002628,-1.4702277226864608,-1.1954563986853357,0.010743801132438089,0.026335909415476654,True,0.27477132400112514,-1.3328420606858984
ENSRNOG00000002629,-0.07638085814239479,-1.8215794415943583,0.155869950129774,0.00521974298670381,True,-1.7451985834519634,-0.9489801498683765
ENSRNOG00000002630,0.16228228980163154,0.5354678581201386,0.11193016688744742,0.0468836647918091,True,0.37318556831850713,0.3488750739608851
ENSRNOG00000002631,-1.7752321989298756,-2.9885550256267037,0.005061025465157365,0.02261344552592398,True,-1.2133228266968281,-2.3818936122782897
ENSRNOG00000002632,-0.10023309476998976,0.0875403326875727,0.38916618961744487,0.049828414287803595,False,0.18777342745756248,-0.006346381041208528
ENSRNOG00000002633,0.009581148813060877,-1.2813156914807955,0.014372434528020134,0.06455304671908477,False,-1.2908968402938563,-0.6358672713338673
ENSRNOG00000002634,2.052377062086124,0.5034933153258855,0.007606824698378647,0.23212892370656588,True,-1.5488837467602385,1.2779351887060049
ENSRNOG00000002635,2.173365050960162,2.690356942325331,0.01313961781703143,0.07562571493133236,True,0.5169918913651692,2.4318609966427465
ENSRNOG00000002636,-0.5925769170462145,0.21436153961787724,0.3145593344685548,0.18112534069882,False,0.8069384566640918,-0.18910768871416864
ENSRNOG00000002637,-0.38511565894946104,0.9447846464684365,0.10625631529756134,0.2598429427147979,False,1.3299003054178975,0.27983449375948777
ENSRNOG00000002638,1.195726143700144,2.4508072668424528,0.0002786221479055934,0.009334676258047367,True,1.2550811231423087,1.8232667052712985
ENSRNOG00000002639,-1.0533392080686208,-1.5277513039834152,0.02947912265064856,0.009762774015193588,True,-0.4744120959147944,-1.290545256026018
ENSRNOG00000002640,1.0595522731273248,2.294415791289496,0.021478672667073623,0.010112347340423452,True,1.2348635181621712,1.6769840322084104
ENSRNOG00000002641,-0.15823167726458653,-1.6463784795277654,0.10345506503454442,0.00462898357606073,True,-1.488146802263179,-0.9023050783961759
ENSRNOG00000002642,-1.7449174399295173,-0.40313850787992345,0.011312057790434977,0.03135936977513813,True,1.3417789320495939,-1.0740279739047205
ENSRNOG00000002643,-1.7223060831833639,-1.6891727368946576,0.006541248037945391,0.0348417837403802,True,0.033133346288706234,-1.7057394100390106
ENSRNOG00000002644,2.6047056528559835,0.7943846941707866,0.03904567783790775,0.029729169449355556,True,-1.810320958685197,1.699545173513385
ENSRNOG00000002645,-0.2815586624579375,0.4537334701982672,0.021416014241464398,0.05931741341670002,False,0.7352921326562047,0.08608740387016486
ENSRNOG00000002646,2.95263736901696,2.9999925123592064,0.017031563103557384,0.030332277955377417,True,0.04735514334224655,2.9763149406880833
ENSRNOG00000002647,-0.9245452692868382,0.33234102286382206,0.11593164042104147,0.021097077001514065,False,1.2568862921506603,-0.2961021232115081
ENSRNOG00000002648,0.5241693620366882,0.5820380495244796,0.14463474924651354,0.09450776335023307,True,0.05786868748779139,0.5531037057805839
ENSRNOG00000002649,4.306818101432835,3.0671914753700293,0.016178941914564576,0.0015459177522454842,True,-1.239626626062806,3.687004788401432
ENSRNOG00000002650,-1.9032961403939026,-0.7410314604829562,0.02860928945040194,0.16386778909469654,True,1.1622646799109464,-1.3221638004384295
ENSRNOG00000002651,-3.4160660998195977,-2.003972668584276,0.0010045474478839786,0.0010454420007286833,True,1.4120934312353217,-2.710019384201937
ENSRNOG00000002652,2.31586223631702,2.143209952260853,0.02839647584858887,1.939964325412315e-06,True,-0.17265228405616684,2.229536094288936
ENSRNOG00000002653,-1.4882563897075325,-0.7978149108348721,0.007253946911617873,0.16018087247839796,True,0.6904414788726604,-1.1430356502712022
ENSRNOG00000002654,-0.0372714553912208,0.8595784260656518,0.27729569697091583,0.3054179553873786,False,0.8968498814568726,0.4111534853372155
ENSRNOG00000002655,-1.0546527788128528,-2.4257320864706893,0.007073920605076597,0.0020345646681734094,True,-1.3710793076578365,-1.740192432641771
ENSRNOG00000002656,0.48269300571956897,0.19039409504860136,0.180547946886402,0.2598576747492381,True,-0.2922989106709676,0.3365435503840852
ENSRNOG00000002657,-1.710965172934336,-2.616495136133214,0.0037376939037225844,0.03374012243095252,True,-0.905529963198878,-2.1637301545337753
ENSRNOG00000002658,-0.323892158189951,0.07029045091596223,0.41205185246694204,0.04894695298918042,False,0.3941826091059132,-0.1268008536369944
ENSRNOG00000002659,0.8096675878017616,2.2746006443515805,0.19222658951053903,0.01097589461941809,True,1.4649330565498189,1.542134116076671
ENSRNOG00000002660,-1.8149559952936716,-1.7319590978440136,0.00022813457838498756,0.047383615965145544,True,0.08299689744965799,-1.7734575465688427
ENSRNOG00000002661,-1.2601512533626,-0.723288220474492,0.0010754716416463163,0.753173849261966,True,0.536863032888108,-0.991719736918546
ENSRNOG00000002662,-0.6252891004773572,0.36911446234311796,0.04490841574510676,0.25853316108048613,False,0.9944035628204752,-0.12808731906711962
ENSRNOG00000002663,-2.571867781607301,-3.9199791698478155,0.012863900693034367,0.02648471166301892,True,-1.3481113882405147,-3.245923475727558
ENSRNOG00000002664,-0.7606097690377435,-1.0654306491970629,0.0659719466213234,0.0529380636809222,True,-0.3048208801593194,-0.9130202091174031
ENSRNOG00000002665,0.2138337718252233,0.5281484070776447,0.024677345011071574,0.16656031256648096,True,0.3143146352524213,0.370991089451434
ENSRNOG00000002666,-0.7191880948591712,-3.5308923664443754,0.15336210216761056,0.010399123836088557,True,-2.8117042715852043,-2.1250402306517735
ENSRNOG00000002667,-0.4884776872771042,-1.3578137450771508,0.12775398334169913,0.031381800644707594,True,-0.8693360578000466,-0.9231457161771275
ENSRNOG00000002668,-0.03582300763185364,1.1315412268606935,0.2812238064370775,0.04630956222028146,False,1.1673642344925472,0.5478591096144199
ENSRNOG00000002669,-1.1803382323781653,0.25051674745610886,0.005501700071856342,0.004012454790662646,False,1.4308549798342742,-0.4649107424610282
ENSRNOG00000002670,1.243912618560379,1.238894719359663,0.013931034448016107,0.0407480685438167,True,-0.005017899200715936,1.2414036689600212
ENSRNOG00000002671,2.5847606246431964,2.68394474669771,0.03637573511790491,0.05220869459283307,True,0.09918412205451377,2.6343526856704536
ENSRNOG00000002672,-0.8358847059518073,-0.34254215390469217,0.3464135924949688,0.19135004454907376,True,0.49334255204711513,-0.5892134299282498
ENSRNOG00000002673,0.8733568166598727,1.177047288143144,0.01799133133902258,0.059944015779274065,True,0.3036904714832712,1.0252020524015084
ENSRNOG00000002674,-0.4313108797823645,-0.6247277925346524,0.2610741322695234,0.3448903405709713,True,-0.1934169127522879,-0.5280193361585084
ENSRNOG00000002675,0.6578772210693085,0.5689598273953272,0.029293781064745558,0.22763849712564385,True,-0.08891739367398122,0.6134185242323178
ENSRNOG00000002676,2.818403156165858,1.25252524045617,0.002699303829305481,0.012813109436124959,True,-1.565877915709688,2.035464198311014
ENSRNOG00000002677,0.9155871774325779,1.949256792045582,0.0014979921920017056,0.0005240085624399502,True,1.0336696146130042,1.43242198473908
ENSRNOG00000002678,-3.192146169857425,-0.5730220155257371,0.03841860782075565,0.28259545332925734,True,2.619124154331688,-1.8825840926915811
ENSRNOG00000002679,0.817192136604526,2.0045990936230047,0.05588393979214357,0.0070378187591373445,True,1.1874069570184786,1.4108956151137653
ENSRNOG00000002680,2.2191547379562166,1.080511022048472,0.009701884902531956,0.03332475710939297,True,-1.1386437159077447,1.6498328800023443
ENSRNOG00000002681,-0.3988731059965849,-1.2726964534110197,0.16761855606459455,0.054254934125556896,True,-0.8738233474144348,-0.8357847797038023
ENSRNOG00000002682,1.7921426510120984,2.5594793464758983,0.00020976377696212185,0.013822137643393009,True,0.7673366954637999,2.1758109987439984
ENSRNOG00000002683,-1.2422079740735028,-0.27359885964899866,0.01140202259495714,0.026475189439661997,True,0.9686091144245041,-0.7579034168612507
ENSRNOG00000002684,-2.673970487140093,-1.4732863726554386,0.003485986183124969,0.010357635142948825,True,1.2006841144846543,-2.0736284298977656
ENSRNOG00000002685,0.2541042338987523,-0.4925228101412514,0.08517346355592383,0.2265064114537911,False,-0.7466270440400037,-0.11920928812124953
ENSRNOG00000002686,-3.1616580973433654,-1.7029805029248857,0.010206333411665198,0.009264519832168236,True,1.4586775944184798,-2.4323193001341257
ENSRNOG00000002687,-0.43158782320846517,-1.433021682426788,0.015199594638729764,0.0037571664963659056,True,-1.001433859218323,-0.9323047528176266
ENSRNOG00000002688,2.3163160727619054,2.2408604033610793,0.029204393696410175,0.007326525028358422,True,-0.07545566940082615,2.2785882380614924
ENSRNOG00000002689,-3.4375732303433058,-0.8897187620469273,0.04689932074830773,0.2903052407329513,True,2.5478544682963786,-2.1636459961951164
ENSRNOG00000002690,-2.3030942326450163,0.1464937429047386,0.003387383345680981,0.07044889044869432,False,2.449587975549755,-1.0783002448701389
ENSRNOG00000002691,-1.8576580412908397,-0.5192572112624642,0.02108234360886864,0.10921377273325111,True,1.3384008300283754,-1.188457626276652
ENSRNOG00000002692,-0.11397574747972794,-1.5286261353883928,0.07652130579679335,0.009565425408211552,True,-1.4146503879086647,-0.8213009414340604
ENSRNOG00000002693,-0.6582902141631767,-0.24044070813763754,0.024494848106421736,0.22355645084498643,True,0.41784950602553916,-0.4493654611504071
ENSRNOG00000002694,2.5184454870529573,3.95920876245661,0.02374447739862538,0.03190288793206881,True,1.4407632754036528,3.238827124754784
ENSRNOG00000002695,1.7178269923650553,0.2560801848438393,0.018179858930874215,0.029124628646464333,True,-1.4617468075212159,0.9869535886044474
ENSRNOG00000002696,0.8914913029234763,0.5440734344322361,0.5390701326496763,0.05732316624629983,True,-0.34741786849124023,0.7177823686778562
ENSRNOG00000002697,0.2621345658189927,1.6624520741479412,0.0184769371968684,0.0004561011143621872,True,1.4003175083289485,0.9622933199834669
ENSRNOG00000002698,0.7078135985726892,1.1293038652066933,0.055398380236614954,0.026138861741996467,True,0.42149026663400413,0.9185587318896913
ENSRNOG00000002699,-1.551568239564075,1.5490977378057889,0.01740924522635145,0.052752932986066245,False,3.100665977369864,-0.0012352508791431127
ENSRNOG00000002700,1.542978636401902,0.2797126203632756,0.00617543163655934,0.3015416569199488,True,-1.2632660160386264,0.9113456283825888
ENSRNOG00000002701,-2.001679657846562,-2.4003857423635253,0.019737707302218434,0.02608907000349981,True,-0.39870608451696343,-2.201032700105044
ENSRNOG00000002702,1.5036785890240156,2.3078331481632635,0.004198069644932086,0.024239726735965406,True,0.8041545591392478,1.9057558685936395
ENSRNOG00000002703,2.135056503813896,0.19616586290833649,0.004480743551211794,0.7359055390668131,True,-1.9388906409055595,1.1656111833611162
ENSRNOG00000002704,0.37955628375855693,0.05149188469740559,0.19190781074173313,0.01547028058001832,True,-0.32806439906115137,0.21552408422798125
ENSRNOG00000002705,-0.31718350613155655,-0.28461365627201385,0.05269441856306152,0.05470286107869138,True,0.0325698498595427,-0.3008985812017852
ENSRNOG00000002706,0.7205578349574119,1.5777682748262585,0.10654025708233994,0.04281682696124964,True,0.8572104398688466,1.1491630548918352
ENSRNOG00000002707,-5.150733066181211,-2.8575171185767148,0.00288242914529342,0.03826898456746003,True,2.2932159476044967,-4.004125092378963
ENSRNOG00000002708,0.5440647932738303,0.8498822193119104,0.05591020125195405,0.14117473702421648,True,0.30581742603808015,0.6969735062928704
ENSRNOG00000002709,-0.20403719611165266,-0.5612977151526739,0.0320185894634604,0.07631129465549366,True,-0.35726051904102124,-0.3826674556321633
ENSRNOG00000002710,-0.09113060350258384,1.2137854096542833,0.17577595989346886,0.02893468013167464,False,1.3049160131568671,0.5613274030758497
ENSRNOG00000002711,1.2717585232160895,5.091911040650569,0.02690716986259112,0.03332121487661739,True,3.8201525174344795,3.181834781933329
ENSRNOG00000002712,-0.13458405881651006,0.6343290438738347,0.043593031498072816,0.07500722513819515,False,0.7689131026903447,0.24987249252866234
ENSRNOG00000002713,-2.0523723419720845,-1.2909573746168392,0.004820702809966083,0.03171630935352853,True,0.7614149673552453,-1.671664858294462
ENSRNOG00000002714,-0.2545248074856805,-1.5358329886320314,0.19895594627833113,0.021917325445337633,True,-1.281308181146351,-0.895178898058856
ENSRNOG00000002715,0.12159987134548406,-0.586667609268082,0.27757157965416285,0.16768913682749376,False,-0.708267480613566,-0.232533868961299
ENSRNOG00000002716,0.20688104084582293,-0.08371663786950967,0.10954495926085725,0.08946092406223091,False,-0.2905976787153326,0.06158220148815663
ENSRNOG00000002717,0.2914548611131225,-0.36314094672356595,0.05770985106609048,0.25202188631182415,False,-0.6545958078366885,-0.035843042805221714
ENSRNOG00000002718,1.870864280853396,1.2553059847271186,0.006723064328793346,0.023252816326000018,True,-0.6155582961262773,1.5630851327902573
ENSRNOG00000002719,-1.9548621954614656,0.5376105877338555,0.03890460022666925,0.03775392159926435,False,2.4924727831953213,-0.708625803863805
ENSRNOG00000002720,0.31626082109672987,1.5245826215834724,0.03902234929299763,0.016889610686982096,True,1.2083218004867424,0.9204217213401011
ENSRNOG00000002721,2.321873457512834,1.4120995988170602,0.0037201890050742306,0.011515914150377381,True,-0.9097738586957738,1.8669865281649471
ENSRNOG00000002722,-3.1223006944869516,-3.3918584141502808,0.02658641013060548,6.725234699638746e-06,True,-0.2695577196633292,-3.257079554318616
ENSRNOG00000002723,0.3233640254040964,1.6241235623223194,0.07220063116537936,0.039291948368099607,True,1.300759536918223,0.9737437938632079
ENSRNOG00000002724,-1.0536813035514783,-0.768010273549438,0.04325683403321144,0.054218150766991206,True,0.2856710300020403,-0.9108457885504582
ENSRNOG00000002725,-0.667278692051589,-2.2665749574775536,0.48513329046673903,0.010730071571185145,True,-1.5992962654259646,-1.4669268247645713
ENSRNOG00000002726,-1.6286535057859597,-0.35943275951676457,0.0034902684883645306,0.024462711598881054,True,1.2692207462691951,-0.9940431326513621
ENSRNOG00000002727,-0.30519128826079933,0.8694409424277951,0.20982748097712542,0.07985695867896725,False,1.1746322306885943,0.2821248270834979
ENSRNOG00000002728,3.314260105968428,-0.29350695312287156,0.0020043790938283385,0.12123839019361418,False,-3.6077670590912994,1.5103765764227781
ENSRNOG00000002729,-2.2759746501189846,-2.4134451363204583,0.017383468727870548,0.024577385859412822,True,-0.13747048620147373,-2.3447098932197212
ENSRNOG00000002730,-2.1052980044618894,-1.5475793549071846,0.02911918990078551,0.024686785773780005,True,0.5577186495547048,-1.826438679684537
ENSRNOG00000002731,-2.3434822262943085,-0.8223314570060816,0.010207521595226737,0.18900849873887002,True,1.521150769288227,-1.582906841650195
ENSRNOG00000002732,3.109352915930582,1.572826068977416,0.004180023803431327,0.005485191308184764,True,-1.5365268469531659,2.341089492453999
ENSRNOG00000002733,-0.8322114699383165,-1.4396527966306887,0.02371566206215788,0.029105255514796723,True,-0.6074413266923722,-1.1359321332845025
ENSRNOG00000002734,-0.04615030862581359,0.7321455022987433,0.08982114543677336,0.2560401814954904,False,0.7782958109245569,0.34299759683646486
ENSRNOG00000002735,-0.7250092939912315,-0.9847448118939045,0.03206752196269436,0.07089061836140098,True,-0.259735517902673,-0.854877052942568
ENSRNOG00000002736,-1.6999611811255646,-0.586816220089252,0.013194469013536417,0.09437681975011797,True,1.1131449610363124,-1.1433887006074084
ENSRNOG00000002737,-0.42327116390598374,-1.454915829179389,0.09676593154255615,0.05045681515318703,True,-1.0316446652734053,-0.9390934965426865
ENSRNOG00000002738,4.424838490325808,1.5889405032233312,0.02354745427195477,0.03613021940980246,True,-2.8358979871024763,3.0068894967745696
ENSRNOG00000002739,2.505727657753659,2.496927422721405,0.01885221474889487,0.1110520536804215,True,-0.008800235032254022,2.501327540237532
ENSRNOG00000002740,-1.5352880720260902,-0.7788499831446669,0.014223194903361746,0.26720749126845067,True,0.7564380888814233,-1.1570690275853786
ENSRNOG00000002741,1.1656333855110343,1.7612092220455209,0.006405351515598262,0.0004111724456143017,True,0.5955758365344865,1.4634213037782775
ENSRNOG00000002742,-1.4967409907994775,-1.5770065247111589,0.039252090564365245,0.004388709717515517,True,-0.08026553391168134,-1.5368737577553182
ENSRNOG00000002743,-3.1974617499231974,-3.0091345575515067,0.028481810157101096,0.03667852522364209,True,0.1883271923716907,-3.1032981537373523
ENSRNOG00000002744,1.8351196517963333,2.676636195139463,0.03067754712991807,0.002418560990967929,True,0.8415165433431298,2.255877923467898
ENSRNOG00000002745,2.0881671239583914,-0.1791530579024876,0.0022118576503938406,0.02396727578497312,False,-2.267320181860879,0.9545070330279519
ENSRNOG00000002746,1.882894051886219,2.594401699922285,0.00042282590029896205,0.010979575443373456,True,0.711507648036066,2.238647875904252
ENSRNOG00000002747,-0.8457574485952309,0.8114148778117455,0.2020747396222138,0.2036536524562329,False,1.6571723264069764,-0.01717128539174273
ENSRNOG00000002748,-0.3001963212035752,0.698960491560948,0.06283285837625885,0.23328811830729002,False,0.9991568127645232,0.19938208517868639
ENSRNOG00000002749,1.349577996584622,0.1955151448165725,0.0064679798327609336,0.07880359294671395,True,-1.1540628517680496,0.7725465707005972
ENSRNOG00000002750,0.704692867226593,-0.37815887884754407,0.019023021222293,0.07705444742134758,False,-1.082851746074137,0.16326699418952445
ENSRNOG00000002751,-0.7085474483346798,-0.7023708265156918,0.18640886960594832,0.004002841117765968,True,0.006176621818987926,-0.7054591374251857
ENSRNOG00000002752,-2.914329276212696,-3.341535568497603,0.0347244813033866,0.04183387773598433,True,-0.4272062922849069,-3.1279324223551495
ENSRNOG00000002753,0.20497534945562207,-0.8703954610614537,0.718314324380762,0.019833644884242684,False,-1.0753708105170758,-0.3327100558029158
ENSRNOG00000002754,1.942217350625004,1.9976788045095013,0.06294299862434014,0.024316868862549957,True,0.0554614538844973,1.9699480775672527
ENSRNOG00000002755,-2.155658920261483,-0.7840314958424434,0.033625293155406584,0.0695725152241699,True,1.3716274244190396,-1.469845208051963
ENSRNOG00000002756,1.1497668870167586,-0.32021208469030815,0.003353632848941713,0.33763460656730876,False,-1.4699789717070666,0.4147774011632252
ENSRNOG00000002757,0.5967750512406468,1.1157350669087183,0.05239486745132794,0.006308534738261059,True,0.5189600156680715,0.8562550590746825
ENSRNOG00000002758,1.3502668738182007,1.395199945223173,0.0012994100767640664,0.04507015575370056,True,0.04493307140497227,1.372733409520687
ENSRNOG00000002759,1.5695558994942131,2.652678578962024,0.010217239473402378,0.008796923509504532,True,1.0831226794678108,2.1111172392281183
ENSRNOG00000002760,-1.2500374354656354,-0.25243219215573454,0.0267791496443385,0.33065332247031876,True,0.9976052433099009,-0.751234813810685
ENSRNOG00000002761,-2.910526920296903,-0.8676481993807972,0.0007068871700540304,0.10093345264452536,True,2.042878720916106,-1.8890875598388501
ENSRNOG00000002762,-0.9603351462291828,-0.15209642895912256,0.6622444642106645,0.07377664919832742,True,0.8082387172700602,-0.5562157875941527
ENSRNOG00000002763,1.6004291715486132,2.1172174018351044,0.002342218488832244,0.00044750986783417124,True,0.5167882302864912,1.8588232866918588
ENSRNOG00000002764,-0.9756070263467479,-2.0148857923119525,0.03949554568083375,0.008562499001609769,True,-1.0392787659652045,-1.4952464093293503
ENSRNOG00000002765,-1.2492779829437555,-0.9773407083682129,0.017055217695967677,0.01942721021040535,True,0.2719372745755426,-1.1133093456559842
ENSRNOG00000002766,-3.278430615464349,-2.2702647251546635,0.011210629619324682,0.029650602136357097,True,1.0081658903096855,-2.7743476703095062
ENSRNOG00000002767,3.1547655981916902,1.8893031624883028,0.03272905589178341,0.026576533931850846,True,-1.2654624357033875,2.5220343803399965
ENSRNOG00000002768,1.4862845545655579,1.4767544589371413,0.019501826757248923,0.015829895724992334,True,-0.009530095628416557,1.4815195067513496
ENSRNOG00000002769,1.385812766294576,1.6084513183008502,0.0007973199176262134,0.006750577205023095,True,0.22263855200627414,1.497132042297713
ENSRNOG00000002770,1.7419056962030528,1.5963658043427817,0.031156324108111498,0.005732222770982764,True,-0.14553989186027105,1.6691357502729174
ENSRNOG00000002771,1.0380750507781231,0.520099959246719,0.021767946259076628,0.7713884319145201,True,-0.5179750915314041,0.7790875050124211
ENSRNOG00000002772,-0.43979193932315236,-1.0715751025771247,0.15309133799870558,0.04580508835394723,True,-0.6317831632539723,-0.7556835209501386
ENSRNOG00000002773,-0.294775387419963,0.951598114418471,0.0066850264581497345,0.23223746399716888,False,1.246373501838434,0.328411363499254
ENSRNOG00000002774,-0.7696158562658247,-0.15611932481623397,0.20777875400591786,0.0630760975178202,True,0.6134965314495908,-0.46286759054102933
ENSRNOG00000002775,4.742533357947,2.1553781320845813,0.010938602246826438,0.008398522556169507,True,-2.5871552258624186,3.4489557450157906
ENSRNOG00000002776,1.0006416563389966,0.4770644075784128,0.017336512989568797,0.08083284322410457,True,-0.5235772487605839,0.7388530319587047
ENSRNOG00000002777,-0.8348407944325822,-2.3981564018068853,0.2900246607836986,0.07455595366465427,True,-1.563315607374303,-1.6164985981197337
ENSRNOG00000002778,0.8378941934993037,0.6069071966443417,0.24261435230338677,0.14502006666197778,True,-0.23098699685496205,0.7224006950718227
ENSRNOG00000002779,-1.8195640521413716,-1.4456024951846584,0.020734560071533868,0.010183628877994266,True,0.3739615569567132,-1.632583273663015
ENSRNOG00000002780,2.7081120934606084,1.2383259256801091,0.01545882533456086,0.001495953588674279,True,-1.4697861677804993,1.9732190095703588
ENSRNOG00000002781,-1.1899243724528523,0.8546816260257663,0.008133808952076165,0.2898811620021491,False,2.0446059984786187,-0.16762137321354303
ENSRNOG00000002782,0.9019537787204384,-0.6006332559893198,0.22652620592493614,0.2070507451767253,False,-1.5025870347097583,0.15066026136555927
ENSRNOG00000002783,1.918759733537642,2.046469218072049,0.009221150312460423,0.027767984720087978,True,0.1277094845344069,1.9826144758048456
ENSRNOG00000002784,0.6925833795689871,2.767000267085378,0.21623156985497874,0.012711076273793899,True,2.0744168875163913,1.7297918233271825
ENSRNOG00000002785,0.17004598527534878,1.2467625688897597,0.24631690979579107,0.013567891845770444,True,1.0767165836144108,0.7084042770825543
ENSRNOG00000002786,0.019443752740827287,-0.019893969338892828,0.07140117720849365,0.11029849891025317,False,-0.03933772207972011,-0.00022510829903277067
ENSRNOG00000002787,-0.10159397439679284,-1.259855973984313,0.13708988498649163,0.048842691310172985,True,-1.15826199958752,-0.6807249741905529
ENSRNOG00000002788,-1.038057280069504,-2.136044235860941,0.009610781329859382,0.0006769155403690838,True,-1.097986955791437,-1.5870507579652227
ENSRNOG00000002789,-0.8090701735854676,-0.9822969977435161,0.11329920859579612,0.031211783763702226,True,-0.17322682415804846,-0.8956835856644918
ENSRNOG00000002790,2.6632626725716833,1.089667846739141,0.002255144894503767,0.05406265254420385,True,-1.5735948258325423,1.876465259655412
ENSRNOG00000002791,-0.19536593883328202,-0.8883730928126707,0.4102918021169458,0.06795765005982332,True,-0.6930071539793887,-0.5418695158229764
ENSRNOG00000002792,-1.4144332848889918,-1.3044437619693208,0.019942926742512877,0.007604019646858964,True,0.10998952291967101,-1.3594385234291564
ENSRNOG00000002793,-0.9293356743507154,-0.7393077060884576,0.009102906160049657,0.12037643128364967,True,0.19002796826225776,-0.8343216902195865
ENSRNOG00000002794,1.9806672252550017,1.8563262582009625,0.008965686149301365,0.0019729150624478837,True,-0.12434096705403919,1.9184967417279821
ENSRNOG00000002795,1.2160919396960612,-0.4727435114422289,0.01342342473680882,0.11425706551532389,False,-1.6888354511382901,0.37167421412691615
ENSRNOG00000002796,1.0085925208180624,-0.030513071783419998,0.012317559439118367,0.1421730750851674,False,-1.0391055926014823,0.4890397245173212
ENSRNOG00000002797,-0.46353815803762466,-0.48286163442919017,0.3606950687461003,0.12811603632086657,True,-0.01932347639156551,-0.4731998962334074
ENSRNOG00000002798,1.0320524463113012,0.4965362103972524,0.037833451522475615,0.05122637868898476,True,-0.5355162359140488,0.7642943283542768
ENSRNOG00000002799,-1.1584100249111664,1.1405260758445008,0.037143482296838386,0.022609684170442245,False,2.2989361007556672,-0.008941974533332786
ENSRNOG00000002800,-0.4673052564223942,-0.0739086520071777,0.4159974594106413,0.31283866889180584,True,0.3933966044152165,-0.2706069542147859
ENSRNOG00000002801,1.7456480773051417,-0.5072286099898993,0.01285853887786179,0.47628764775568344,False,-2.252876687295041,0.6192097336576212
ENSRNOG00000002802,1.573699822054316,1.5092063086630378,0.005359135997752507,8.915497094755755e-05,True,-0.06449351339127807,1.5414530653586769
ENSRNOG00000002803,-1.7674377227114457,-0.6289107425626054,0.004986312687928601,0.17552466493941676,True,1.1385269801488405,-1.1981742326370255
ENSRNOG00000002804,-1.5399476152354363,-1.1785488080170718,0.02601299408934064,0.04447485643676213,True,0.3613988072183645,-1.359248211626254
ENSRNOG00000002805,0.1956638750641374,-1.141015073086048,0.041737295668163775,0.002308672846106033,False,-1.3366789481501855,-0.4726755990109553
ENSRNOG00000002806,3.107038274405118,3.9587434566746165,0.011144943940357557,0.033378024132934794,True,0.8517051822694985,3.5328908655398674
ENSRNOG00000002807,-3.4480172960441897,-3.468029870570369,0.00983416729147834,0.05779624943702331,True,-0.02001257452617944,-3.4580235833072797
ENSRNOG00000002808,0.5009992912269077,1.0344903347710275,0.41574462178246785,0.00730353023712783,True,0.5334910435441198,0.7677448129989676
ENSRNOG00000002809,-2.476877996831667,-1.4742239823284016,0.00491006579120383,0.035186546233056594,True,1.0026540145032654,-1.9755509895800343
ENSRNOG00000002810,-1.141795788345982,-0.14557005959400915,0.01661645495106168,0.6180956367828413,True,0.9962257287519728,-0.6436829239699955
ENSRNOG00000002811,-0.6559711525156345,1.346140436665065,0.08211645173142847,0.010051958548322014,False,2.0021115891806995,0.3450846420747153
ENSRNOG00000002812,-0.7569150181864037,0.07501860338133226,0.1225460779479608,0.013341814801255925,False,0.831933621567736,-0.34094820740253573
ENSRNOG00000002813,-0.9608326913865752,-1.2399636685385809,0.12278498005047797,0.01790920556081841,True,-0.27913097715200563,-1.100398179962578
ENSRNOG00000002814,0.012972708677466274,1.1701133307850362,0.140871239035196,0.04289954833809599,True,1.15714062210757,0.5915430197312512
ENSRNOG00000002815,-0.9634600199350412,-1.3178072361021536,0.09598091604750415,0.0028014323322045763,True,-0.3543472161671124,-1.1406336280185974
ENSRNOG00000002816,-2.632423292737475,-1.6183119270964519,0.017317135851403917,0.041240480106608426,True,1.014111365641023,-2.1253676099169634
ENSRNOG00000002817,1.4037653025409975,-0.4031773826887014,0.0074530352083939455,0.5842426960063051,False,-1.806942685229699,0.500293959926148
ENSRNOG00000002818,1.355169900867985,-0.1634297561133604,0.00138526795525776,0.7785995331673694,False,-1.5185996569813454,0.5958700723773123
ENSRNOG00000002819,1.5177137580408042,1.0860013594257425,0.025374677296783676,0.06014761186809418,True,-0.4317123986150617,1.3018575587332735
ENSRNOG00000002820,-2.7733220932753473,-1.4993679794173205,0.003474733746117576,0.04792250743948633,True,1.2739541138580268,-2.136345036346334
ENSRNOG00000002821,0.5380526746514716,-1.4216343350625813,0.09271809747095727,0.004906241355014341,False,-1.9596870097140529,-0.4417908302055549
ENSRNOG00000002822,1.216761940452462,1.3495498559083718,0.003384230403573658,0.030607984876070693,True,0.13278791545590973,1.283155898180417
ENSRNOG00000002823,-1.8561637231912531,-2.1225917571982644,0.04698241764712311,0.0057620989468191944,True,-0.2664280340070113,-1.9893777401947588
ENSRNOG00000002824,0.016511846727832458,1.354900472229651,0.755312365751209,0.02667830165495269,True,1.3383886255018185,0.6857061594787417
ENSRNOG00000002825,-0.20927996155865836,-0.5118730241256213,0.40157565961981484,0.057027257638937894,True,-0.30259306256696294,-0.36057649284213983
ENSRNOG00000002826,3.315871185422875,1.07498902306007,0.017280092065364155,0.006071718276038174,True,-2.240882162362805,2.1954301042414723
ENSRNOG00000002827,3.4640928666226314,2.4351779351606044,0.002895483475622468,0.09766623589917996,True,-1.028914931462027,2.949635400891618
ENSRNOG00000002828,-2.9958415079943617,-2.999218976568828,0.04877707866554075,0.023925667699336205,True,-0.0033774685744663024,-2.997530242281595
ENSRNOG00000002829,4.489068610310381,4.384959053515842,0.0039116623859215245,0.02184596886028165,True,-0.10410955679453959,4.437013831913111
ENSRNOG00000002830,-1.6474062980759832,-1.1196795647819138,0.020471040019560204,0.028476192243674436,True,0.5277267332940694,-1.3835429314289485
ENSRNOG00000002831,1.7652119297893665,1.0410836580088179,0.00796770325043754,0.03903107214821766,True,-0.7241282717805486,1.4031477938990922
ENSRNOG00000002832,1.7468963655547156,1.809280598454765,0.0014071941935059973,0.007832957545713528,True,0.06238423290004946,1.7780884820047405
ENSRNOG00000002833,-1.7922424083152522,-2.2739196488146796,0.012123887659895015,0.03373495550293371,True,-0.4816772404994274,-2.0330810285649656
ENSRNOG00000002834,0.8878820289103783,-0.7498515584358827,0.08458984458483827,0.3516620216224875,False,-1.6377335873462608,0.06901523523724779
ENSRNOG00000002835,-0.19356073967891513,0.2971478554320565,0.00016400537227489328,0.04600792976703141,False,0.49070859511097165,0.051793557876570695
ENSRNOG00000002836,0.9977940083383032,-0.47615431773920325,0.10470777041453569,0.2306939986396908,False,-1.4739483260775064,0.26081984529955
ENSRNOG00000002837,0.41521014428512626,-0.8726677633230437,0.1806416019251895,0.10582173188636326,False,-1.28787790760817,-0.22872880951895874
ENSRNOG00000002838,2.1534110736664447,2.342913362875114,0.01115063243457464,0.019553216964347857,True,0.18950228920866952,2.2481622182707794
ENSRNOG00000002839,0.13571917766291208,0.6436063562939173,0.03758347201402151,0.06709621849896909,True,0.5078871786310052,0.3896627669784147
ENSRNOG00000002840,-0.3021733249673602,-1.521998880553362,0.1354997427935355,0.011346245057074135,True,-1.2198255555860018,-0.9120861027603611
ENSRNOG00000002841,1.9729156195029247,0.6914897761735855,0.008911464507763946,0.04631036395163042,True,-1.2814258433293393,1.332202697838255
ENSRNOG00000002842,1.044712736745486,-0.23851347275670554,0.009327588616820422,0.0334271404323708,False,-1.2832262095021916,0.40309963199439025
ENSRNOG00000002843,1.3172641097775981,2.760874857591376,0.023690732878188243,0.032662384398648485,True,1.4436107478137779,2.039069483684487
ENSRNOG00000002844,-1.1962560100654742,0.13785686210461645,0.006919998939058987,0.12155030392256527,False,1.3341128721700906,-0.5291995739804289
ENSRNOG00000002845,-1.8814730065172534,-1.7212887327372701,0.0051562848380807885,0.0014974285693797173,True,0.16018427377998323,-1.8013808696272617
ENSRNOG00000002846,-1.0218998578548628,-0.08988747953063958,0.010842400901751852,0.08023518187798252,True,0.9320123783242232,-0.5558936686927511
ENSRNOG00000002847,-1.1174784942250595,-2.183880871300411,0.008068560623305182,0.02483322868541305,True,-1.0664023770753517,-1.6506796827627355
ENSRNOG00000002848,1.4151586835752459,0.2560294460821997,0.0010267537401544553,0.07292004340144312,True,-1.1591292374930462,0.8355940648287228
ENSRNOG00000002849,1.7567712905292932,1.3047109067989,0.007285896125932253,0.07783604806856047,True,-0.45206038373039314,1.5307410986640966
ENSRNOG00000002850,-0.2792345211583207,0.28496281221555053,0.40279658959413783,0.29607235793714404,False,0.5641973333738712,0.0028641455286149142
ENSRNOG00000002851,2.575654233883834,1.649112797251891,0.03123569410365551,0.06014729096925912,True,-0.9265414366319431,2.1123835155678625
ENSRNOG00000002852,2.4632449087772335,1.935420724218456,0.056475126317098834,0.0373611703165106,True,-0.5278241845587774,2.1993328164978445
ENSRNOG00000002853,0.4381180495209706,0.3801735566250426,0.17483113122460284,0.12473576716663136,True,-0.05794449289592801,0.40914580307300663
ENSRNOG00000002854,-1.4794051887774722,-1.1777518004921146,0.05262425679998208,0.02696520661688596,True,0.3016533882853576,-1.3285784946347934
ENSRNOG00000002855,2.835677968983972,1.6173081471086628,0.008115694200242296,0.02846115887106139,True,-1.2183698218753094,2.2264930580463176
ENSRNOG00000002856,-0.10983123185113482,-0.5222633539704451,0.1477927943950981,0.09202053830575158,True,-0.4124321221193103,-0.31604729291079
ENSRNOG00000002857,0.22709735357575428,0.3979605844915304,0.37625454866958585,0.06750355028337048,True,0.1708632309157761,0.31252896903364236
ENSRNOG00000002858,-0.6112890460918236,0.015679817316988975,0.21486582757781858,0.04703811434296071,False,0.6269688634088125,-0.2978046143874173
ENSRNOG00000002859,-1.6016225873349557,-0.8808262337029943,0.008148963402961012,0.3291167403014782,True,0.7207963536319614,-1.241224410518975
ENSRNOG00000002860,-2.6435509745675256,-3.03514156520703,0.017763782139454832,0.012183184316480525,True,-0.3915905906395043,-2.839346269887278
ENSRNOG00000002861,1.1391629824031186,-0.27424341566622634,0.004294280687664419,0.0702552233096614,False,-1.413406398069345,0.43245978336844615
ENSRNOG00000002862,-1.4101218970139167,-0.5400569937239927,0.009977751721213858,0.18634288725067086,True,0.8700649032899239,-0.9750894453689547
ENSRNOG00000002863,5.507156212194283,5.290123189996534,0.005287105988448563,0.004038918675638093,True,-0.21703302219774834,5.398639701095409
ENSRNOG00000002864,-1.9549324487024622,-1.1693178304809813,0.014815948705796708,0.011501980058814932,True,0.7856146182214809,-1.5621251395917217
ENSRNOG00000002865,-2.263288454966466,-1.971287982478041,0.004981177952479227,0.025916902351862014,True,0.2920004724884251,-2.1172882187222535
ENSRNOG00000002866,0.918249688104194,0.8599672661257663,0.17961637689899398,0.35765530187974587,True,-0.0582824219784277,0.8891084771149802
ENSRNOG00000002867,2.7527642621411315,0.6782172046168695,0.026431487450818712,0.0013893116957894032,True,-2.0745470575242617,1.7154907333790006
ENSRNOG00000002868,0.11626138249779897,1.45344805446179,0.05566174784719957,0.03858477153455836,True,1.337186671963991,0.7848547184797945
ENSRNOG00000002869,1.0300363563370938,0.8963485740426536,0.02630682757556289,0.05536706439140125,True,-0.13368778229444023,0.9631924651898737
ENSRNOG00000002870,-3.3183853514256776,-2.9594321128405365,0.01676680895941223,0.05392568560493958,True,0.35895323858514105,-3.138908732133107
ENSRNOG00000002871,-1.2195207822451801,-1.0044093713242415,0.022130412812506977,0.006652019812330641,True,0.21511141092093866,-1.1119650767847107
ENSRNOG00000002872,-1.9325083124476206,-1.8674936961311785,0.05682516250739709,0.029675168634898687,True,0.06501461631644201,-1.9000010042893996
ENSRNOG00000002873,-3.411082529906186,-0.9422826446785311,0.024747007061373293,0.21085460055572594,True,2.468799885227655,-2.1766825872923583
ENSRNOG00000002874,0.2105644212429965,-0.06916828747417444,0.12387091632592606,0.20435873101509952,False,-0.27973270871717093,0.07069806688441103
ENSRNOG00000002875,-4.03708971889878,-2.582086975429798,0.017430522364847507,0.02875094031883107,True,1.4550027434689823,-3.309588347164289
ENSRNOG00000002876,-2.3799527389574076,-1.0159550830071808,0.007959275405513284,0.038606270273953816,True,1.3639976559502267,-1.697953910982294
ENSRNOG00000002877,-0.9669488292241525,-1.435330137825193,0.33911093762577,0.04235790395883297,True,-0.46838130860104055,-1.2011394835246727
ENSRNOG00000002878,-1.4963145047119373,-0.8140989237622025,0.013750616571846725,0.21268339334847938,True,0.6822155809497348,-1.1552067142370699
ENSRNOG00000002879,0.7135353039727219,0.7733613545653713,0.21431382218549375,0.1426505117696361,True,0.05982605059264934,0.7434483292690466
ENSRNOG00000002880,0.550044345424464,-1.2577526071830167,1.0,0.012401313571440474,False,-1.8077969526074806,-0.35385413087927636
ENSRNOG00000002881,1.6088377426838223,1.3593409782414898,0.007243263242430316,0.01524798404611594,True,-0.24949676444233249,1.4840893604626562
ENSRNOG00000002882,1.3542907188828206,0.8728675206500219,0.02055887757776812,0.010880941805171053,True,-0.48142319823279867,1.1135791197664213
ENSRNOG00000002883,2.0534630208504856,1.5328194609001269,0.022993977054729237,0.010483846667787892,True,-0.5206435599503587,1.7931412408753062
ENSRNOG00000002884,-0.003453120016297482,0.03506307755401262,0.143275202242571,0.15898206594044198,False,0.0385161975703101,0.01580497876885757
ENSRNOG00000002885,0.5462404214700055,0.6435718531971899,0.19657107668660198,0.1861243715524617,True,0.09733143172718439,0.5949061373335978
ENSRNOG00000002886,0.9207246634545444,2.030303158109056,0.3030069283491208,0.04732323072498986,True,1.1095784946545115,1.4755139107818003
ENSRNOG00000002887,0.25498205530384627,-1.0650949850827496,0.521594346162742,0.0031755015205768688,False,-1.3200770403865958,-0.4050564648894517
ENSRNOG00000002888,-0.714949757850733,-0.8454257876139397,0.04558148791699555,0.3749066537728985,True,-0.1304760297632067,-0.7801877727323363
ENSRNOG00000002889,-0.5983965618115864,0.29303989837909944,0.0893854619879526,0.09111196604143366,False,0.8914364601906859,-0.15267833171624348
ENSRNOG00000002890,-1.471605116993938,-0.49571931844157124,0.0007331915528553497,0.06931645561402998,True,0.9758857985523667,-0.9836622177177545
ENSRNOG00000002891,0.7589102938376934,0.99843483081882,0.050059587509485554,0.1567947168447392,True,0.23952453698112663,0.8786725623282567
ENSRNOG00000002892,-0.16922731335327998,2.7761815033767743,0.12717950527661032,0.08191424647422998,False,2.9454088167300543,1.3034770950117471
ENSRNOG00000002893,-1.1937127511461767,-0.16688237045685905,0.020573917161785506,0.08514525346134293,True,1.0268303806893178,-0.6802975608015178
ENSRNOG00000002894,-1.192040674784267,0.3768970272144746,0.0165788362593967,0.18224818494280867,False,1.5689377019987414,-0.40757182378489615
ENSRNOG00000002895,-2.1787177100090194,-1.803953704601267,0.001728975020785606,0.06508521255582085,True,0.37476400540775234,-1.9913357073051432
ENSRNOG00000002896,1.7619144142269594,0.15554380908218635,0.00048446181692934,0.00733479120947752,True,-1.606370605144773,0.9587291116545729
ENSRNOG00000002897,0.14151180515721762,-0.23380527318840763,0.3605863978552442,0.10825486832454932,False,-0.3753170783456252,-0.046146734015595006
ENSRNOG00000002898,-1.5530400352318863,-0.3085090440471083,0.00880780509628011,0.0935129289836181,True,1.244530991184778,-0.9307745396394973
ENSRNOG00000002899,1.455385949283633,1.4168316930835048,0.007236425410357299,0.033034005648579896,True,-0.0385542562001282,1.4361088211835689
ENSRNOG00000002900,-1.0088078576298714,-0.2625754040594888,0.005376347738648074,0.3582367046434629,True,0.7462324535703826,-0.6356916308446801
ENSRNOG00000002901,-2.531701128622019,-1.946618373599957,0.006272857831237584,0.024702324391944988,True,0.5850827550220619,-2.239159751110988
ENSRNOG00000002902,1.8382001205944394,0.8574833322505948,0.005888520040395265,0.6555168478218543,True,-0.9807167883438446,1.347841726422517
ENSRNOG00000002903,-0.9667745812190035,-0.8462568217368642,0.1974894370262139,0.48572611332024523,True,0.12051775948213928,-0.9065157014779339
ENSRNOG00000002904,-0.7360183623758211,0.26020673625791524,0.06480603048126708,0.1735778446382669,False,0.9962250986337363,-0.23790581305895292
ENSRNOG00000002905,0.07412403662851948,0.9331681444863322,0.17483471809745713,0.11857496880062278,True,0.8590441078578127,0.5036460905574258
ENSRNOG00000002906,2.056660601022207,0.3419754765403118,0.008334160552489176,0.05446261519759333,True,-1.7146851244818953,1.1993180387812594
ENSRNOG00000002907,0.03606712355936105,0.8249853314233873,0.16923514411339413,0.0037054833463307135,True,0.7889182078640262,0.43052622749137415
ENSRNOG00000002908,-2.1584108270614144,-2.1509766546958033,0.021173790260148775,0.022487674304153066,True,0.007434172365611058,-2.154693740878609
ENSRNOG00000002909,0.9789786074019244,1.1580731874664147,0.28287309935593485,0.05072631752100692,True,0.1790945800644903,1.0685258974341696
ENSRNOG00000002910,-0.8729815036711033,-0.7951914520819628,0.46218093663566207,0.028948269974892787,True,0.07779005158914043,-0.8340864778765331
ENSRNOG00000002911,3.3982631487530393,3.9548969178530005,0.024339065441835832,0.016453000625474824,True,0.5566337690999612,3.67658003330302
ENSRNOG00000002912,-0.0020154995962023067,-0.44034890015562045,0.34364550960637236,0.012566109318743064,True,-0.43833340055941816,-0.22118219987591137
ENSRNOG00000002913,-4.023063896217599,-2.548141016488445,0.0033010666348738593,0.049365534093181125,True,1.4749228797291543,-3.285602456353022
ENSRNOG00000002914,0.6432569498802132,1.074337541355944,0.059464737055922756,0.037222147934025736,True,0.43108059147573075,0.8587972456180786
ENSRNOG00000002915,3.5002760260684114,1.4625309050974937,0.0014721913096949688,0.0021030558562449395,True,-2.037745120970918,2.4814034655829524
ENSRNOG00000002916,2.8366565193817013,1.8524265249812646,0.0016144709724309676,0.00011646450447575467,True,-0.9842299944004367,2.344541522181483
ENSRNOG00000002917,3.2957177197618175,1.9611739205837417,0.014991891025022464,0.0061689407199067,True,-1.3345437991780758,2.6284458201727796
ENSRNOG00000002918,-1.8355683336866344,-1.7876906244831834,0.0027807068980054517,0.059469904054376715,True,0.047877709203451024,-1.811629479084909
ENSRNOG00000002919,1.6418743127582018,0.6547653811181757,0.008831545175935767,0.5195672877723775,True,-0.9871089316400261,1.1483198469381888
ENSRNOG00000002920,-1.2995901715260811,0.28389401140589887,0.017189949698343476,0.07365787525016852,False,1.5834841829319801,-0.5078480800600911
ENSRNOG00000002921,0.4037209189504641,-0.3539480466120344,0.16304293653084637,0.21748009624512443,False,-0.7576689655624984,0.02488643616921485
ENSRNOG00000002922,-2.2913143717315183,-0.9633654959722465,0.0010957416378671566,0.2478567933982539,True,1.327948875759272,-1.6273399338518824
ENSRNOG00000002923,-1.1600203767888893,-0.4584891040837432,0.0003256208031156381,0.1347927655736787,True,0.701531272705146,-0.8092547404363162
ENSRNOG00000002924,-1.2172440552545076,-2.294555079137,0.005263643972233327,0.008711315945399659,True,-1.0773110238824923,-1.7558995671957538
ENSRNOG00000002925,1.6173995042567093,1.6449595732423257,0.04342802343774242,0.005048869316062466,True,0.02756006898561636,1.6311795387495174
ENSRNOG00000002926,1.4412944190053798,-0.5041086653219209,0.0005257148472982569,0.1379297110318107,False,-1.9454030843273007,0.46859287684172946
ENSRNOG00000002927,0.4982755127954774,0.9983237682743427,0.015277620136344648,0.11605193966965069,True,0.5000482554788652,0.74829964053491
ENSRNOG00000002928,-2.430758552499694,-2.1854670409871826,0.007957898112076579,0.004397950941984984,True,0.24529151151251138,-2.3081127967434383
ENSRNOG00000002929,-0.560950981109496,-0.37266105123518256,0.03507277002530032,0.38574340783123034,True,0.18828992987431348,-0.4668060161723393
ENSRNOG00000002930,-1.343009669296907,-2.2722405222295525,0.004416646124538962,0.0012132683290407298,True,-0.9292308529326456,-1.8076250957632296
ENSRNOG00000002931,1.5654163620500838,1.1929845659791138,0.00864172362120507,0.0007436391823174071,True,-0.37243179607097,1.3792004640145987
ENSRNOG00000002932,2.1207327350709324,2.4153961987173846,0.05356341234964278,0.003304429264877255,True,0.29466346364645224,2.2680644668941587
ENSRNOG00000002933,1.9014940548555896,0.44570225787804907,0.019030968472115176,0.2688189693904289,True,-1.4557917969775405,1.1735981563668194
ENSRNOG00000002934,-1.359394954950637,-1.5619140098176447,7.6885210966997e-05,0.003869152695742166,True,-0.20251905486700772,-1.460654482384141
ENSRNOG00000002935,-4.931159620121063,-2.8758364669364593,0.007589613776524284,0.0022753307436301027,True,2.0553231531846037,-3.903498043528761
ENSRNOG00000002936,-3.1805314166340977,-1.6591621234819005,0.013728140189015832,0.00033509588678442295,True,1.5213692931521972,-2.4198467700579993
ENSRNOG00000002937,2.558928560547975,-0.8158168421563088,0.005020316730913322,0.00153195072369066,False,-3.374745402704284,0.8715558591958331
ENSRNOG00000002938,-0.7222588907756831,1.6250406362444476,0.4349601036791735,0.0150381597908312,False,2.3472995270201307,0.4513908727343823
ENSRNOG00000002939,-1.3513043128772024,-0.36390577503074983,0.017900403350696814,0.054513440676053626,True,0.9873985378464526,-0.8576050439539762
ENSRNOG00000002940,2.9567885281852213,2.7423807947415604,0.0027628986211637604,0.05705370457562632,True,-0.21440773344366093,2.849584661463391
ENSRNOG00000002941,2.2772879018789887,1.3978383042825946,0.0005985972261565923,0.007940597007379036,True,-0.8794495975963941,1.8375631030807917
ENSRNOG00000002942,0.04400769945561597,-1.9181959483500381,0.06922476177825518,0.015664214474625574,False,-1.9622036478056541,-0.9370941244472111
ENSRNOG00000002943,-0.528125563915153,0.34933278085044805,0.25027915164484643,0.39256376443622215,False,0.877458344765601,-0.08939639153235246
ENSRNOG00000002944,-0.23778218306362542,-0.7551393141256959,0.13818540047274772,0.13264616936786816,True,-0.5173571310620705,-0.49646074859466066
ENSRNOG00000002945,0.4088930370974389,0.8491755441187654,0.021324736545941685,0.19873412581721187,True,0.4402825070213265,0.6290342906081021
ENSRNOG00000002946,2.8800851063752946,1.728716748559335,0.0430676522475916,0.07810484346072627,True,-1.1513683578159595,2.3044009274673147
ENSRNOG00000002947,0.7604413636270081,0.7670414753385618,0.010261348820802497,0.17046003478215052,True,0.0066001117115537244,0.763741419482785
ENSRNOG00000002948,1.3068522594704544,0.07491333596020211,0.011745260649524785,0.04799093596074764,True,-1.2319389235102522,0.6908827977153282
ENSRNOG00000002949,2.1046861963263086,2.338795003314768,0.013432498580719945,0.003594539793735914,True,0.2341088069884596,2.2217405998205386
ENSRNOG00000002950,-2.1054168018439543,-2.6794814166844443,0.04394787512435938,0.0014257346465431184,True,-0.57406461484049,-2.3924491092641995
ENSRNOG00000002951,1.3587514064532773,3.281798852994378,0.0046814872353201815,0.0027387516598486703,True,1.9230474465411007,2.3202751297238278
ENSRNOG00000002952,-0.5302237583909005,1.9892939110305505,0.15255912922887893,0.029306643220899358,False,2.519517669421451,0.729535076319825
ENSRNOG00000002953,-4.528971352390979,-1.3653659548860297,0.0054341031073873594,0.014876242871020389,True,3.1636053975049494,-2.947168653638504
ENSRNOG00000002954,-3.8307051755744617,-1.2656265843273984,0.012588266497363785,0.003354131099041115,True,2.5650785912470635,-2.54816587995093
ENSRNOG00000002955,-1.8326117007336342,-1.3349517326441942,0.0007033554530482749,0.009448219028368674,True,0.49765996808944,-1.583781716688914
ENSRNOG00000002956,0.9562018114666466,1.8750912728318885,0.156937463342916,0.0165339485999896,True,0.9188894613652419,1.4156465421492674
ENSRNOG00000002957,0.2048392176125336,0.0383053447865888,0.006389639845213991,0.0877180727097064,True,-0.16653387282594478,0.1215722811995612
ENSRNOG00000002958,0.33186007291619524,-1.4055285697745596,0.0819261812540492,0.0195119823550654,False,-1.737388642690755,-0.5368342484291821
ENSRNOG00000002959,3.511698268836046,3.9663163075407337,0.003094809469714111,0.0020487002554425704,True,0.45461803870468787,3.7390072881883896
ENSRNOG00000002960,-2.284361306747662,-0.3681000025197798,0.02699019848544783,0.5730148465631324,True,1.9162613042278822,-1.3262306546337208
ENSRNOG00000002961,-0.04938003753070247,-0.06648448855908484,0.030011780851765802,0.31476067113896716,True,-0.017104451028382373,-0.057932263044893656
ENSRNOG00000002962,0.547983941064868,-0.9138143902735976,0.04729590642718539,0.1767466114922272,False,-1.4617983313384655,-0.18291522460436477
ENSRNOG00000002963,-1.325291609769004,-1.5167090050508452,0.01279526264140472,0.039794279606019736,True,-0.1914173952818412,-1.4210003074099244
ENSRNOG00000002964,0.05098814114929374,-1.8775309281503656,0.11714632953517667,0.10782781068357299,False,-1.9285190692996594,-0.9132713935005359
ENSRNOG00000002965,-2.879908801351821,-0.9660030896703623,0.013849950194936386,0.09206159873307038,True,1.9139057116814584,-1.9229559455110916
ENSRNOG00000002966,2.53783119109505,0.04225079473724502,0.0038178360354639207,0.010965253885878707,True,-2.495580396357805,1.2900409929161476
ENSRNOG00000002967,-1.2269061945547808,-0.5331237986432409,0.022853947201007817,0.10383307011396582,True,0.6937823959115399,-0.8800149965990108
ENSRNOG00000002968,3.6565202966013053,1.6005557865202151,0.025055704912919124,0.01792092975862031,True,-2.05596451008109,2.62853804156076
ENSRNOG00000002969,-0.058453783051419086,-1.5377871897244155,0.08303397706258629,0.037989008923065476,True,-1.4793334066729964,-0.7981204863879173
ENSRNOG00000002970,1.8504964177185297,1.5086104119911006,0.012741758711056168,0.0012377090303418747,True,-0.3418860057274291,1.6795534148548152
ENSRNOG00000002971,-0.09594516418407788,-0.41573206622280595,0.398942274866628,0.4429918807881087,True,-0.31978690203872806,-0.2558386152034419
ENSRNOG00000002972,-0.055338898068953674,0.8424681100097476,0.15214046141757906,0.22329485585795392,False,0.8978070080787013,0.393564605970397
ENSRNOG00000002973,-1.051252799799614,-2.04583743602888,0.009951940844764948,0.03972529493738052,True,-0.9945846362292659,-1.5485451179142469
ENSRNOG00000002974,0.21442307285929973,-0.6493726882031896,0.06318450094269477,0.14001999453616773,False,-0.8637957610624893,-0.21747480767194494
ENSRNOG00000002975,0.5723976499452854,-2.1177939169526416,0.15128248269737302,0.005328990529023443,False,-2.6901915668979273,-0.7726981335036781
ENSRNOG00000002976,-1.4116653160473238,-3.2534964313564996,0.014301233868126356,0.01105672585675536,True,-1.8418311153091758,-2.332580873701912
ENSRNOG00000002977,-0.2250799485477916,1.7350476654649403,0.3868374522192573,0.0037135508729918528,False,1.960127614012732,0.7549838584585743
ENSRNOG00000002978,-1.0981779589028047,1.4410171442507453,0.002419255109640351,0.0320749785254076,False,2.53919510315355,0.17141959267397033
ENSRNOG00000002979,4.13939532530671,2.9121513366937135,0.0044187531037827785,0.021464131217551623,True,-1.2272439886129964,3.5257733310002117
ENSRNOG00000002980,-0.16151538584091335,-0.9748506665736583,0.05817910641270782,0.17029392872903573,True,-0.813335280732745,-0.5681830262072858
ENSRNOG00000002981,2.781417873053807,1.5779927819119766,0.0011024001453638706,0.019300715243194544,True,-1.2034250911418303,2.1797053274828917
ENSRNOG00000002982,-0.352120195453839,0.6778111797020716,0.47674166882847696,0.4530720468888929,False,1.0299313751559107,0.1628454921241163
ENSRNOG00000002983,0.46671775476283434,-0.22274039757442105,0.3001678718785687,0.1965341121850266,False,-0.6894581523372554,0.12198867859420665
ENSRNOG00000002984,-2.378455328961485,-1.367834063300036,0.03304543261064533,0.08309293140458526,True,1.0106212656614488,-1.8731446961307605
ENSRNOG00000002985,-0.8047306653621563,-0.5606107054515785,0.16274130564495448,0.004756078394652322,True,0.24411995991057778,-0.6826706854068674
ENSRNOG00000002986,0.3789624074206442,-0.33955886654096284,0.15368920508570152,0.1859838441890331,False,-0.718521273961607,0.01970177043984067
ENSRNOG00000002987,2.8548068957277604,1.3887663058034123,0.020248219074781446,1.5560606797359636e-05,True,-1.466040589924348,2.1217866007655863
ENSRNOG00000002988,0.3995689998172881,0.5796938351455396,0.07557771562573116,0.05808148787188284,True,0.18012483532825152,0.48963141748141387
ENSRNOG00000002989,2.4906966501473984,0.6679411788934173,0.003909728798159065,0.23452352258894293,True,-1.822755471253981,1.5793189145204078
ENSRNOG00000002990,1.1533123983652565,1.2585682437930665,0.016064065596396483,0.07690970931747718,True,0.10525584542781008,1.2059403210791615
ENSRNOG00000002991,2.9293224110364346,1.4967813318731347,0.013236444331022394,0.04166267226969451,True,-1.4325410791633,2.213051871454785
ENSRNOG00000002992,-0.10627599114909977,0.061467995899253905,0.36397076100245024,0.9144733424541248,False,0.1677439870483537,-0.022403997624922935
ENSRNOG00000002993,4.3024008791732475,4.378793292314795,0.0052990159142883905,0.03636644781577679,True,0.07639241314154788,4.3405970857440215
ENSRNOG00000002994,-0.8737131652454214,-0.7707265998551867,0.01865383267811944,0.3969073774085411,True,0.10298656539023476,-0.822219882550304
ENSRNOG00000002995,-1.3796313015558042,0.027645272143645094,0.036693769242319124,0.2228583663949994,False,1.4072765736994493,-0.6759930147060795
ENSRNOG00000002996,-2.1780951294402615,-3.362739186697398,0.007294646227833391,0.10755502967004893,True,-1.1846440572571364,-2.7704171580688297
ENSRNOG00000002997,4.195844408804526,2.3592930336644535,0.024364535057500365,0.06831523775525528,True,-1.8365513751400728,3.27756872123449
ENSRNOG00000002998,1.4750056307122157,1.0320768810141834,0.013515018606267026,0.03117559683836617,True,-0.4429287496980323,1.2535412558631995
ENSRNOG00000002999,-0.6014173200845553,1.6105334355092842,0.09613509548931243,0.029282486904519185,False,2.2119507555938394,0.5045580577123645
ENSRNOG00000003000,2.248240854372291,-0.529145906449727,0.008298698063007566,0.06529354672784882,False,-2.777386760822018,0.8595474739612821
ENSRNOG00000003001,1.2378459332120075,0.7407148795967495,0.057536093351922765,0.12450705286077265,True,-0.497131053615258,0.9892804064043785
ENSRNOG00000003002,3.5390294484760627,3.936063318425799,0.026272700683632726,0.010406466853820507,True,0.3970338699497362,3.7375463834509306
ENSRNOG00000003003,-2.7860990989318406,-2.7188188128038675,0.020221800282968133,0.007267742739131802,True,0.0672802861279731,-2.752458955867854
ENSRNOG00000003004,-0.4776481949656582,-0.5482815235236014,0.06005623300502422,0.1783316180833781,True,-0.07063332855794319,-0.5129648592446298
ENSRNOG00000003005,-0.8325384910970858,-0.2178002396377019,0.09686509494281752,0.03232312704198049,True,0.6147382514593839,-0.5251693653673939
ENSRNOG00000003006,-3.5526288175354828,-2.222053614515209,0.007429887337733553,0.0409670028157647,True,1.3305752030202735,-2.887341216025346
ENSRNOG00000003007,1.9085889686034494,2.941899497877481,0.05471256616466158,0.04361167021026489,True,1.0333105292740314,2.4252442332404653
ENSRNOG00000003008,-0.4867138004460452,0.1399321162735827,0.47960143277653433,0.13789163725210554,False,0.6266459167196279,-0.17339084208623123
ENSRNOG00000003009,1.331336168975812,2.2994701351934825,0.01589275351574654,0.0018432231565816532,True,0.9681339662176704,1.8154031520846474
ENSRNOG00000003010,4.247589481793301,2.510352072444038,0.043884508790778466,0.05932074014385405,True,-1.7372374093492629,3.3789707771186697
ENSRNOG00000003011,-0.6358386452896949,-1.209921960609804,0.053296770802630546,0.0008911168241570597,True,-0.574083315320109,-0.9228803029497494
ENSRNOG00000003012,-0.7580753687828793,-0.7525006034429752,0.18682425507444053,0.1529860205152704,True,0.005574765339904086,-0.7552879861129272
ENSRNOG00000003013,0.21359550550319284,-1.0718133042938105,0.18171121631087225,0.004198528447625664,False,-1.2854088097970033,-0.42910889939530883
ENSRNOG00000003014,1.7770452353701374,1.7160780410722933,0.010993333636823609,0.0019255699483393177,True,-0.06096719429784403,1.7465616382212152
ENSRNOG00000003015,-1.02008344555827,-1.0988287613726315,0.00603161863323245,0.019847368860547894,True,-0.07874531581436162,-1.0594561034654508
ENSRNOG00000003016,-1.1357308748378352,-1.4776753398660771,0.030729661636135813,0.002968062409361563,True,-0.34194446502824194,-1.3067031073519562
ENSRNOG00000003017,1.9029406864344587,1.817590996877484,0.027052752628937186,0.06690263473421672,True,-0.08534968955697475,1.8602658416559712
ENSRNOG00000003018,0.681550782908464,-0.7374470344952474,0.08501784065350791,0.5482368122325078,False,-1.4189978174037114,-0.027948125793391676
ENSRNOG00000003019,-3.6805108734086773,-1.6937200693693166,0.003263697225791494,0.053110589052973244,True,1.9867908040393607,-2.687115471388997
ENSRNOG00000003020,-2.2057052390443945,-2.0021338204661174,0.006551962285162412,0.03242235144763234,True,0.2035714185782771,-2.103919529755256
ENSRNOG00000003021,2.7022245548889785,3.0545639636233988,0.031019737943656492,0.003724679917413805,True,0.35233940873442027,2.8783942592561886
ENSRNOG00000003022,0.7234709095418626,0.07958576134742096,0.2098677366447948,0.5564761747145588,True,-0.6438851481944416,0.4015283354446417
ENSRNOG00000003023,-1.3719526758670484,-0.2694226697037726,0.0054652809409841486,0.04520962438735584,True,1.102530006163276,-0.8206876727854104
ENSRNOG00000003024,-0.3067373830229679,-0.02004092799406698,0.16984981782496492,0.05978046704929342,True,0.2866964550289009,-0.16338915550851743
ENSRNOG00000003025,0.023826011043006367,0.7972986549094555,0.016591139100700317,0.16706489883989092,True,0.7734726438664491,0.41056233297623096
ENSRNOG00000003026,1.3243200485042947,1.015981869737929,0.018530388452033378,0.015557746314557174,True,-0.3083381787663657,1.1701509591211119
ENSRNOG00000003027,-2.444874110745821,-3.4090816782675644,0.007210221472630987,0.04215203670374707,True,-0.9642075675217434,-2.9269778945066927
ENSRNOG00000003028,-1.5137084496068245,0.029911470471598145,0.018490219964111283,0.24293960935815154,False,1.5436199200784226,-0.7418984895676132
ENSRNOG00000003029,0.49132035875409996,0.2420307753719854,0.1750835061273788,0.2188915647515699,True,-0.24928958338211457,0.36667556706304266
ENSRNOG00000003030,-0.17970224489181058,0.7067943546961224,0.02288314679192169,0.5510244631377514,False,0.886496599587933,0.2635460549021559
ENSRNOG00000003031,1.029346528746078,1.4247144402596323,0.021688076832272432,0.047391874754368096,True,0.39536791151355444,1.2270304845028552
ENSRNOG00000003032,-2.213113315247276,-2.316878359430057,0.010382123242861715,0.0074652973191554435,True,-0.10376504418278065,-2.2649958373386667
ENSRNOG00000003033,0.642831617288378,-0.5234096756779647,0.6354594091130639,0.39668156386631204,False,-1.1662412929663426,0.05971097080520665
ENSRNOG00000003034,1.96485051487945,2.0242212066394805,0.01616458165941007,0.04321845912781519,True,0.059370691760030514,1.9945358607594652
ENSRNOG00000003035,0.8762733848687102,0.27745442082968347,0.11078749939065792,0.01603204564106101,True,-0.5988189640390267,0.5768639028491969
ENSRNOG00000003036,0.2504011315708654,1.1535235129080104,0.04946480911161813,0.07021779016783443,True,0.903122381337145,0.7019623222394379
ENSRNOG00000003037,-0.1725904846187476,-0.3044725195469228,0.12361699159139228,0.1362300843908346,True,-0.13188203492817518,-0.2385315020828352
ENSRNOG00000003038,-1.5027320749887032,0.05272245532838449,0.00408040571688929,0.19293250841522205,False,1.5554545303170877,-0.7250048098301594
ENSRNOG00000003039,-0.12959746639161926,0.3563434312732557,0.16259923083771713,0.025997129865691637,False,0.4859408976648749,0.11337298244081821
ENSRNOG00000003040,2.2674705351847306,1.8442537073254728,0.023010694273755083,0.095925431982386,True,-0.42321682785925785,2.055862121255102
ENSRNOG00000003041,-0.21425131188022542,-0.5384026507558415,0.16140486994196537,0.07490187279029548,True,-0.3241513388756161,-0.37632698131803344
ENSRNOG00000003042,-1.6016471808271382,-0.8450710881978617,0.032910031678857976,0.1406700772022566,True,0.7565760926292765,-1.2233591345125
ENSRNOG00000003043,-0.8860447597776954,0.649984914051512,0.017314396061887297,0.16670202727189132,False,1.5360296738292074,-0.11802992286309166
ENSRNOG00000003044,0.36153053509667427,0.18891453226925278,0.02656598548355028,0.15940764046415476,True,-0.17261600282742148,0.2752225336829635
ENSRNOG00000003045,-0.6723251949255244,0.10055203331869145,0.3442077814502878,0.0536268531966525,False,0.7728772282442159,-0.2858865808034165
ENSRNOG00000003046,0.8735459095136533,0.6426892985314756,0.003646724129451043,0.010455734105635663,True,-0.2308566109821777,0.7581176040225645
ENSRNOG00000003047,0.9411187693482547,0.7707950080395063,0.02891021621930385,0.22270432602255025,True,-0.17032376130874838,0.8559568886938804
ENSRNOG00000003048,1.6001697247283668,2.8976967076005034,0.020343788977416587,0.003557262509363072,True,1.2975269828721365,2.248933216164435
ENSRNOG00000003049,2.5624070500770593,3.004253326643929,0.012643125406804545,0.0127089092167294,True,0.4418462765668698,2.783330188360494
ENSRNOG00000003050,1.7925457038702495,1.3023050845872741,0.0017121764080464989,0.0451119281024198,True,-0.49024061928297535,1.5474253942287617
ENSRNOG00000003051,-1.681630315466328,-0.9183318221842671,0.0010953314414975828,0.12908259465771538,True,0.7632984932820608,-1.2999810688252975
ENSRNOG00000003052,-1.6263620038372901,-1.8428901913378746,0.0033995268874083564,0.006729748858928801,True,-0.21652818750058445,-1.7346260975875825
ENSRNOG00000003053,-0.13638865762768396,-0.27436441076502593,0.04831956373352059,0.054661292121322175,True,-0.13797575313734198,-0.20537653419635493
ENSRNOG00000003054,-0.8121156430309461,-0.2273709603349976,0.27201459011130863,0.13866431093119166,True,0.5847446826959485,-0.5197433016829718
ENSRNOG00000003055,-2.048988108529697,-0.5001676447526096,0.01561190447134656,0.21532186171459758,True,1.5488204637770873,-1.2745778766411533
ENSRNOG00000003056,-0.7950452295113897,0.24605118568871998,0.12240320389213688,0.08523258592301437,False,1.0410964152001096,-0.27449702191133485
ENSRNOG00000003057,-0.8541232805142702,-1.7455258394494395,0.006625692197061249,0.11740919602148767,True,-0.8914025589351693,-1.2998245599818548
ENSRNOG00000003058,-1.2093259315701705,0.20349023374484698,0.007120371285981186,0.17704519437135724,False,1.4128161653150175,-0.5029178489126618
ENSRNOG00000003059,-0.5684210750790102,-0.4797386944001575,0.16651437857568208,0.23846124516828124,True,0.0886823806788527,-0.5240798847395838
ENSRNOG00000003060,2.121211530572996,0.4060829173282223,0.024551357465298584,0.281201360594776,True,-1.7151286132447736,1.2636472239506091
ENSRNOG00000003061,0.35862847424863065,1.6470713367925864,0.1435562661122848,0.03659135610432214,True,1.2884428625439557,1.0028499055206086
ENSRNOG00000003062,4.449256336899845,4.561937255666745,0.00843902285181988,0.0057204540551366555,True,0.1126809187669,4.505596796283295
ENSRNOG00000003063,0.30691473483536885,0.4856363511457441,0.3602130347828026,0.2088992882086833,True,0.17872161631037525,0.39627554299055645
ENSRNOG00000003064,-0.5221183930870532,0.3891927747013004,0.0068789732097932375,0.4437008951701143,False,0.9113111677883536,-0.0664628091928764
ENSRNOG00000003065,0.0074391887787589655,0.8108803175512097,0.15604033821312258,0.35684741749493176,True,0.8034411287724508,0.4091597531649843
ENSRNOG00000003066,0.461685561198372,1.7795069420677567,0.1353325809275552,0.002123556632638098,True,1.3178213808693848,1.1205962516330643
ENSRNOG00000003067,0.7834571229079146,1.2972227952806934,0.11407019382732334,0.006720220875117153,True,0.5137656723727788,1.0403399590943039
ENSRNOG00000003068,3.7380803865462426,1.1478219715409481,0.007382681059497134,0.0008934382374266906,True,-2.5902584150052945,2.4429511790435954
ENSRNOG00000003069,-1.5215768369596236,1.07562588728714,0.009570486918314552,0.051805429415404884,False,2.5972027242467637,-0.2229754748362418
ENSRNOG00000003070,1.546282904719924,2.1704121091635935,0.007665325472069457,0.00928111736528412,True,0.6241292044436695,1.8583475069417588
ENSRNOG00000003071,0.3739510757054229,-0.28071368405671526,0.05728703460964012,0.10213903761135644,False,-0.6546647597621382,0.04661869582435382
ENSRNOG00000003072,-2.8279759366271118,-3.0041299628817164,0.008418432730745629,0.05892306925148499,True,-0.17615402625460463,-2.9160529497544143
ENSRNOG00000003073,1.387257807770574,1.4733894112082784,0.02730694876828304,0.014586609010106924,True,0.08613160343770443,1.430323609489426
ENSRNOG00000003074,2.2817224094470285,1.2593981981380213,0.0073972555153841765,0.01868784224570054,True,-1.0223242113090072,1.770560303792525
ENSRNOG00000003075,-1.5429175267993736,-0.7026887965246669,0.013490440701244399,0.060759647404819074,True,0.8402287302747067,-1.1228031616620202
ENSRNOG00000003076,-0.01608096220554725,0.7696421290424045,0.05895675097081043,0.2980962890464428,False,0.7857230912479517,0.3767805834184286
ENSRNOG00000003077,-3.1056376716138665,-2.7065975990940645,0.00036584397005853727,0.04392157328557788,True,0.399040072519802,-2.9061176353539655
ENSRNOG00000003078,-2.2658516274318057,-2.7126924989721823,0.004194148130234582,0.02496109198897356,True,-0.44684087154037666,-2.489272063201994
ENSRNOG00000003079,1.8864532397110547,1.6878975942690944,0.0016896491399439227,0.003382696825066053,True,-0.19855564544196036,1.7871754169900744
ENSRNOG00000003080,-0.8395497108133821,-1.130951051393922,0.06570471515326184,0.008029262946327583,True,-0.2914013405805399,-0.9852503811036522
ENSRNOG00000003081,-1.9958453548884707,-1.203774266305142,0.0012104202662371237,0.0036372489775953615,True,0.7920710885833286,-1.5998098105968064
ENSRNOG00000003082,0.4130286560251734,-1.12963327271326,0.1416321193722307,0.05323441450026416,False,-1.5426619287384336,-0.3583023083440433
ENSRNOG00000003083,-0.9403423765758419,-0.904224676769942,0.14164051420368085,0.1987524959356521,True,0.03611769980589985,-0.9222835266728919
ENSRNOG00000003084,-0.847478983995965,0.17441377647474032,0.07474472283367112,0.21521983545317527,False,1.0218927604707053,-0.33653260376061234
ENSRNOG00000003085,1.3307868462148258,1.5411641884552183,0.0003931979509444668,0.11381846351884894,True,0.2103773422403925,1.435975517335022
ENSRNOG00000003086,-2.091120046081824,-2.2497375007525724,0.025487549550047055,0.028361709061820718,True,-0.15861745467074861,-2.170428773417198
ENSRNOG00000003087,-1.629657382827298,-2.3348446081065166,0.018512888144547466,0.0010137581115834808,True,-0.7051872252792186,-1.9822509954669072
ENSRNOG00000003088,0.27734398586796355,0.20514578462959696,0.06730087942771026,0.14710416788315336,True,-0.0721982012383666,0.24124488524878024
ENSRNOG00000003089,1.7449376233467697,1.775642020746183,0.03751091308292559,0.025980108810857508,True,0.03070439739941322,1.7602898220464764
ENSRNOG00000003090,2.2286885426817293,1.9409421062257546,0.0003911568612030128,0.04483832124663997,True,-0.28774643645597475,2.084815324453742
ENSRNOG00000003091,-1.1971110966509215,-1.3518033823020021,0.006760863289490861,0.035043338805924744,True,-0.15469228565108062,-1.2744572394764617
ENSRNOG00000003092,1.6872785404553663,1.4600650721205826,0.005921321286853154,0.007135587974531173,True,-0.22721346833478373,1.5736718062879744
ENSRNOG00000003093,-1.411456128246736,0.617683077632014,4.701805904748777e-05,0.08519012036367368,False,2.02913920587875,-0.39688652530736096
ENSRNOG00000003094,3.28717682443224,2.4506821622884023,0.011470754494683707,0.0030900220167963286,True,-0.8364946621438376,2.868929493360321
ENSRNOG00000003095,-2.0407878457555113,-3.102541067723299,0.016558509606806746,0.0027209477049908973,True,-1.0617532219677877,-2.571664456739405
ENSRNOG00000003096,2.3912618594251156,1.8394184194147531,0.027459486446433923,0.020343690300147627,True,-0.5518434400103625,2.1153401394199345
ENSRNOG00000003097,-1.181674992273703,1.3426158250271216,0.021465051747970174,0.014336298890743854,False,2.524290817300825,0.08047041637670926
ENSRNOG00000003098,3.6238436186302807,1.1124533068972156,0.010577650946514227,0.004772835016430891,True,-2.511390311733065,2.368148462763748
ENSRNOG00000003099,1.0643773119344717,0.754987467035914,0.0032425095963628295,0.07799856586104592,True,-0.3093898448985577,0.9096823894851929
ENSRNOG00000003100,-1.8288297529347997,-1.4812564366794052,0.001549173893319022,0.021310323522788412,True,0.34757331625539445,-1.6550430948071024
ENSRNOG00000003101,-0.9400292631765123,-0.5385427917212112,0.2486461199281535,0.06280646351421483,True,0.40148647145530103,-0.7392860274488617
ENSRNOG00000003102,1.4061261694027352,1.1601305560053203,0.028152908747878586,0.028969739786342357,True,-0.24599561339741483,1.2831283627040277
ENSRNOG00000003103,1.8947599517080105,2.4854073525275178,0.021010891181828188,0.06272524221076213,True,0.5906474008195073,2.1900836521177642
ENSRNOG00000003104,-0.1272880651040327,0.002466566450108898,0.40849899630502284,0.6659903955997889,False,0.1297546315541416,-0.062410749326961903
ENSRNOG00000003105,0.08038490573423954,1.3957842709719324,0.38657706563745464,0.002801032913140093,True,1.3153993652376927,0.738084588353086
ENSRNOG00000003106,1.3650354587593179,0.8046856702305296,0.025315950286544042,0.48979731170505525,True,-0.5603497885287883,1.0848605644949236
ENSRNOG00000003107,0.2372371686194759,-0.20632233801212113,0.21453073175945914,0.05087887997183593,False,-0.44355950663159704,0.015457415303677391
ENSRNOG00000003108,-2.3283087468090766,-2.2858920800207083,0.03394660533329015,0.060293451333679686,True,0.04241666678836831,-2.3071004134148927
ENSRNOG00000003109,-1.4633532443523252,-2.9030215867357416,0.01101951381276839,0.05170818337665937,True,-1.4396683423834165,-2.183187415544033
ENSRNOG00000003110,0.4232158976729971,0.5773572929397699,0.04989195123625257,0.40254580334773327,True,0.15414139526677278,0.5002865953063835
ENSRNOG00000003111,2.1878683496958486,3.644450780688612,0.004982142435251705,0.09151717262397575,True,1.4565824309927633,2.9161595651922303
ENSRNOG00000003112,2.908768363491686,2.459109738324501,0.0221871994207917,0.028254314081944294,True,-0.449658625167185,2.6839390509080934
ENSRNOG00000003113,1.4031529573886106,1.675228732894019,0.022916637355645992,0.0038217845764209274,True,0.2720757755054084,1.5391908451413148
ENSRNOG00000003114,0.5171233698654548,-0.08203899975666856,0.07432909073150899,0.007338799368330054,False,-0.5991623696221233,0.21754218505439313
ENSRNOG00000003115,1.3478649947684587,0.6599981356051976,0.003470760055978186,0.2433133092268953,True,-0.6878668591632611,1.0039315651868281
ENSRNOG00000003116,-1.2001515303723402,0.21777052209673398,0.034081767541604226,0.13262346272909656,False,1.4179220524690743,-0.49119050413780313
ENSRNOG00000003117,-0.2758157284647855,1.9215736269482573,0.3777705565528087,0.0022638953080847623,False,2.197389355413043,0.8228789492417359
ENSRNOG00000003118,-1.483435298411058,0.5536093296671414,0.008608498400965753,0.06042026718826053,False,2.037044628078199,-0.46491298437195827
ENSRNOG00000003119,-2.2477366992738808,-0.6829540942918157,0.007171995238843606,0.4606261654885476,True,1.564782604982065,-1.4653453967828483
ENSRNOG00000003120,0.6003882209451689,0.4451720986027493,0.09634697433156285,0.007222740304374704,True,-0.15521612234241955,0.5227801597739591
ENSRNOG00000003121,0.3339239518525385,0.4472731472404159,0.011342212622428316,0.35172837959488196,True,0.11334919538787741,0.3905985495464772
ENSRNOG00000003122,1.2377744721162232,0.05050395563936472,0.022806878069485316,0.10329911948345118,True,-1.1872705164768584,0.6441392138777939
ENSRNOG00000003123,0.9830012956064049,-0.8521350163554344,0.040938659997518084,0.14544152273572203,False,-1.8351363119618394,0.06543313962548525
ENSRNOG00000003124,0.43675968838295165,-0.886141687547531,0.19730747007226315,0.11279797323894301,False,-1.3229013759304826,-0.22469099958228966
ENSRNOG00000003125,1.0019099982195978,0.7335888350373609,0.008493900172516264,0.25909417026308407,True,-0.26832116318223687,0.8677494166284794
ENSRNOG00000003126,-0.07682957320945794,-0.3588359842804425,0.22154493191438043,0.3452630846785383,True,-0.28200641107098456,-0.21783277874495022
ENSRNOG00000003127,0.7432045114003211,-1.0375347222034503,0.06513447480996903,0.0038494532778047003,False,-1.7807392336037715,-0.14716510540156463
ENSRNOG00000003128,-1.3070599248354473,-0.9279902968903272,0.008919382761201612,0.11680775505476204,True,0.3790696279451201,-1.1175251108628872
ENSRNOG00000003129,0.6654706661504342,0.11816821229305308,0.1615286129128105,0.30631299659899325,True,-0.5473024538573811,0.3918194392217436
ENSRNOG00000003130,1.203151833514817,-0.4133480512582087,0.0013851578562715347,0.15819466165291834,False,-1.6164998847730256,0.39490189112830415
ENSRNOG00000003131,-1.2054265705299656,-1.2083780291114508,0.016120856098875733,0.030291483308688076,True,-0.0029514585814851557,-1.2069022998207082
ENSRNOG00000003132,0.09329777818712412,-0.27355816158491697,0.017937735593505377,0.15770360605727599,False,-0.3668559397720411,-0.09013019169889643
ENSRNOG00000003133,-1.1224845173328473,-1.4107584687070263,0.00844192524633302,0.014641884635092417,True,-0.288273951374179,-1.2666214930199367
ENSRNOG00000003134,-0.9477120537290069,0.32855947647901196,0.19728577491752083,0.16378098652244763,False,1.2762715302080188,-0.3095762886249975
ENSRNOG00000003135,-2.0248728391838786,-3.374960170843015,0.012440167360283668,0.009698973557136274,True,-1.3500873316591364,-2.699916505013447
ENSRNOG00000003136,2.2783948652998,-0.535780431842656,0.009622981390198349,0.2710161443503922,False,-2.814175297142456,0.8713072167285719
ENSRNOG00000003137,1.918233314496086,1.3078487275288848,0.009274542455359193,0.043542508040115266,True,-0.6103845869672011,1.6130410210124855
ENSRNOG00000003138,0.9673809376092068,0.7587525864361819,0.11767006241708683,0.028688106465880426,True,-0.20862835117302492,0.8630667620226944
ENSRNOG00000003139,3.549952713498865,2.8383937379991506,0.01504635201375935,0.02763824349537285,True,-0.7115589754997145,3.194173225749008
ENSRNOG00000003140,-0.34064225382310503,-0.7975589162927602,0.028908716403243932,0.03512194327392062,True,-0.4569166624696552,-0.5691005850579326
ENSRNOG00000003141,5.457172347199142,2.7470572007484684,0.025496615733258836,0.03360516617184007,True,-2.710115146450674,4.102114773973805
ENSRNOG00000003142,-0.4095529476537967,-0.28617794373427663,0.1885859835556982,0.08739819931933651,True,0.12337500391952005,-0.34786544569403666
ENSRNOG00000003143,0.45934803316082956,-0.15130037956603187,0.1086307283843778,0.7696177297878718,False,-0.6106484127268614,0.15402382679739884
ENSRNOG00000003144,-0.7160002450923747,1.1417448082256643,0.01075689535821666,0.022462087555661214,False,1.8577450533180389,0.21287228156664478
ENSRNOG00000003145,0.670186008108549,0.11528787309236194,0.04671266745255833,0.005812316032782208,True,-0.554898135016187,0.3927369406004555
ENSRNOG00000003146,1.50410687019524,0.9669482624298316,0.04480332018080242,0.12144013531300675,True,-0.5371586077654085,1.2355275663125358
ENSRNOG00000003147,-0.2050495074955511,2.459755381480865,0.10112147853933871,0.04165611185727926,False,2.664804888976416,1.127352936992657
ENSRNOG00000003148,3.198095724811717,1.9702068548047467,0.031144896068656346,0.005900928913250198,True,-1.2278888700069706,2.584151289808232
ENSRNOG00000003149,0.4304687123402293,0.8766834328504012,0.04936338733802649,0.11359359075970084,True,0.44621472051017186,0.6535760725953152
ENSRNOG00000003150,0.4868736949983584,1.0096990176545546,0.15202446009239942,0.0014343538506517695,True,0.5228253226561962,0.7482863563264566
ENSRNOG00000003151,-1.6361958501246916,-0.344641452180665,0.007915822585825634,0.1841567614070168,True,1.2915543979440267,-0.9904186511526782
ENSRNOG00000003152,0.7532983341906921,0.8162044959314857,0.10646944247863907,0.04792525273410635,True,0.06290616174079355,0.7847514150610889
ENSRNOG00000003153,-0.2412489974568581,0.039483515860371604,0.2446746896397815,0.011317940480285471,False,0.2807325133172297,-0.10088274079824325
ENSRNOG00000003154,-1.0948315128071164,-0.6391344243798673,0.01845310330800122,0.3061799764495744,True,0.4556970884272491,-0.8669829685934919
ENSRNOG00000003155,-1.3976539346670551,-1.5551982729190594,0.01015672470299869,0.09256421758573546,True,-0.1575443382520043,-1.4764261037930573
ENSRNOG00000003156,4.809174083562033,3.6120331198034146,0.07099769388742715,0.1744616974906033,True,-1.1971409637586188,4.210603601682724
ENSRNOG00000003157,-0.47425905032226373,1.8075819750766824,0.13566257850085822,0.006091606908092971,False,2.281841025398946,0.6666614623772094
ENSRNOG00000003158,-2.622573757406282,-0.5121341506245367,0.008176726176815507,0.29999937739542687,True,2.1104396067817452,-1.5673539540154096
ENSRNOG00000003159,-1.2567986275186307,-0.5355091433768004,0.040703706024426155,0.1397094662823764,True,0.7212894841418303,-0.8961538854477156
ENSRNOG00000003160,-0.09282211105718446,0.8355022524924043,0.1257291448154887,0.04378518590936425,False,0.9283243635495888,0.3713400707176099
ENSRNOG00000003161,0.984000658709673,-0.2435142562446071,0.05874194342281429,0.2114438918178146,False,-1.2275149149542801,0.37024320123253296
ENSRNOG00000003162,0.9986337391055643,0.4055331806820791,0.45855142489554473,0.29615580781989126,True,-0.5931005584234852,0.7020834598938217
ENSRNOG00000003163,1.2179061931977457,1.8234185477677252,0.004878980855820765,0.0389396206819544,True,0.6055123545699794,1.5206623704827353
ENSRNOG00000003164,-1.1607485519471934,0.7722165378070096,0.005238911033438556,0.03752587842304443,False,1.932965089754203,-0.1942660070700919
ENSRNOG00000003165,0.6127927983027819,-0.3927103778542552,0.05074650163540381,0.3700419834979889,False,-1.005503176157037,0.11004121022426333
ENSRNOG00000003166,-1.5769070353990413,-1.5800645089656633,0.0010028146930442328,0.015065633951098091,True,-0.0031574735666219933,-1.5784857721823524
ENSRNOG00000003167,-1.115357369425221,1.532001572363313,0.0019301296563522695,0.0023069836351950587,False,2.647358941788534,0.20832210146904595
ENSRNOG00000003168,-1.651876154100467,-1.0222014725308965,0.0024248075206768343,0.00010342596216340709,True,0.6296746815695704,-1.3370388133156816
ENSRNOG00000003169,-2.139099938276885,0.45994211330711576,0.001251194233673351,0.031280342526775445,False,2.599042051584001,-0.8395789124848846
ENSRNOG00000003170,1.9155770799444156,1.5197925975017847,0.008845296390725229,0.016043702894608405,True,-0.39578448244263087,1.7176848387231
ENSRNOG00000003171,1.239501061761998,1.1013500184398657,0.021726342580739546,0.03850191774148272,True,-0.13815104332213224,1.1704255401009318
ENSRNOG00000003172,1.7579976659606338,0.8746729808103388,0.002203379316098939,0.027301516549399666,True,-0.8833246851502949,1.3163353233854864
ENSRNOG00000003173,0.07076351884373336,1.0378020913994788,0.04192832519067003,0.07241905345182703,True,0.9670385725557454,0.5542828051216061
ENSRNOG00000003174,1.3982538579572639,2.376479051230139,0.036771843934055026,0.0007424371088780247,True,0.9782251932728752,1.8873664545937014
ENSRNOG00000003175,-3.1703209283565807,-3.2425705729303855,0.008033859442374195,0.03572205802614088,True,-0.07224964457380478,-3.206445750643483
ENSRNOG00000003176,1.5535575324816393,0.6863460422560561,0.001645752756460504,0.5112899466899802,True,-0.8672114902255832,1.1199517873688478
ENSRNOG00000003177,0.31881569400905435,1.1776271225190884,0.07315273022223925,0.12820586350514843,True,0.8588114285100341,0.7482214082640714
ENSRNOG00000003178,1.1287972802684982,0.6315560809090346,0.044601019842519955,0.1410844340434567,True,-0.49724119935946365,0.8801766805887664
ENSRNOG00000003179,0.6840419382875037,-0.05290622392436811,0.1295005267564022,0.11693161942893196,False,-0.7369481622118719,0.31556785718156777
ENSRNOG00000003180,-1.776699278166396,-0.14813624759027721,4.23015034158376e-05,0.2828642679511014,True,1.6285630305761187,-0.9624177628783366
ENSRNOG00000003181,-2.696471595703884,-0.6749748201305046,0.0688822256968464,0.25669192304867644,True,2.0214967755733793,-1.6857232079171942
ENSRNOG00000003182,-1.281697499129334,-1.3436784946136928,0.0431847679507377,0.00962875412492062,True,-0.06198099548435887,-1.3126879968715133
ENSRNOG00000003183,1.016851106291242,0.9144436066653874,0.0265373139898539,0.12924184718457668,True,-0.1024074996258546,0.9656473564783147
ENSRNOG00000003184,1.2421645473157117,-0.4242266435247607,8.182009918507514e-05,0.08371948296768045,False,-1.6663911908404723,0.4089689518954755
ENSRNOG00000003185,-2.4622960992873533,-2.6146163035180345,0.015220941109802794,0.038442443563635485,True,-0.15232020423068127,-2.5384562014026937
ENSRNOG00000003186,-1.7659788614427863,-1.0704921320410459,0.07476479284708537,0.01054096488195099,True,0.6954867294017404,-1.4182354967419162
ENSRNOG00000003187,-1.3018242346935107,-0.8522633526327517,0.0009072659687576696,0.6783680894516726,True,0.44956088206075906,-1.0770437936631312
ENSRNOG00000003188,-0.6431491084802683,-1.4525612900837488,0.4386684526579627,0.100023066763879,True,-0.8094121816034805,-1.0478551992820084
ENSRNOG00000003189,-2.451691495534774,-2.418922837925501,0.02336733854744872,0.0024074126195937724,True,0.032768657609273166,-2.435307166730137
ENSRNOG00000003190,-2.5596931790522386,-2.8588879502088598,0.005722434002203579,0.0034185468767434094,True,-0.2991947711566212,-2.709290564630549
ENSRNOG00000003191,-1.4793035335335971,-0.5281135530439749,0.026205180840093066,0.2385737823726925,True,0.9511899804896222,-1.003708543288786
ENSRNOG00000003192,0.1552569052050102,-1.960446460987088,0.009150699803020496,0.003805733166124846,False,-2.1157033661920983,-0.9025947778910389
ENSRNOG00000003193,-2.125069811556283,-2.5072035628964784,0.0052254320066398765,0.05883069020758333,True,-0.38213375134019545,-2.316136687226381
ENSRNOG00000003194,-0.208446317949179,-2.097832121429379,0.007340695425912816,0.02144933728036834,True,-1.8893858034802,-1.153139219689279
ENSRNOG00000003195,1.9053950690552677,1.735640281008462,0.006523719894798119,0.0114770736245058,True,-0.16975478804680577,1.8205176750318648
ENSRNOG00000003196,-2.3432035273443184,-3.486248626151573,0.01712610113055015,0.004895006793289627,True,-1.1430450988072547,-2.9147260767479457
ENSRNOG00000003197,-0.37160236513897105,-0.21937394983218303,0.2986852005196871,0.10845897880740646,True,0.15222841530678802,-0.29548815748557705
ENSRNOG00000003198,1.8445621207513907,2.9758024586457403,0.036464950480495306,0.02283900523968855,True,1.1312403378943496,2.4101822896985654
ENSRNOG00000003199,-0.7528831026548568,1.2451451705291443,0.24219251120388818,0.02253202996532549,False,1.9980282731840011,0.24613103393714375
ENSRNOG00000003200,-1.0326054435451542,-2.598374649248467,0.03984817481783026,0.03961144740733166,True,-1.565769205703313,-1.8154900463968107
ENSRNOG00000003201,2.0942924657516526,1.7374489584236275,0.03967163307582967,0.0042996521597802725,True,-0.35684350732802517,1.91587071208764
ENSRNOG00000003202,-0.5511637421487862,-1.413211205860652,0.12736699270227636,0.02284367534949908,True,-0.8620474637118659,-0.9821874740047192
ENSRNOG00000003203,1.9880910453700222,0.09910907335584418,0.005538565138130741,0.02378761347886595,True,-1.888981972014178,1.0436000593629333
ENSRNOG00000003204,0.7721377040289579,0.40591018663011363,0.6448187350908005,0.07045151950327333,True,-0.36622751739884424,0.5890239453295357
ENSRNOG00000003205,-0.6171203752377061,0.8700638596181415,0.023196180107073815,0.06387224873783007,False,1.4871842348558477,0.12647174219021767
ENSRNOG00000003206,0.8634429550755547,1.2167830273827533,0.08487632046580737,0.006589796431398575,True,0.35334007230719866,1.040112991229154
ENSRNOG00000003207,0.5768091249228681,-0.3586677699594744,0.10546997223641329,0.030305748918298847,False,-0.9354768948823424,0.10907067748169683
ENSRNOG00000003208,1.8375890778044535,1.989846270187531,0.011627196083057692,0.00027880076365052715,True,0.15225719238307756,1.9137176739959922
ENSRNOG00000003209,-0.9870219681570334,-3.027068686822546,0.09168074471883082,0.05085204079454433,True,-2.0400467186655122,-2.0070453274897897
ENSRNOG00000003210,0.07417092020691543,-0.7401568626142,0.31790751813419077,0.11882565615240272,False,-0.8143277828211154,-0.3329929712036423
ENSRNOG00000003211,-0.11072822328834733,-0.9403813137723895,0.10966873892332447,0.017336084670346922,True,-0.8296530904840422,-0.5255547685303684
ENSRNOG00000003212,1.2674666549516127,0.9441140516929745,0.02164309941718419,0.04595575335190443,True,-0.32335260325863824,1.1057903533222935
ENSRNOG00000003213,-1.8453225499995163,-1.467788695842671,0.0021624025872555904,0.01826516220042244,True,0.37753385415684537,-1.6565556229210936
ENSRNOG00000003214,1.8305586868281407,1.0962352587422566,0.06875851243330944,0.00015277079282106473,True,-0.7343234280858841,1.4633969727851985
ENSRNOG00000003215,0.8393917899067499,0.38733091052514435,0.07299342083911428,0.2115518734621827,True,-0.45206087938160555,0.6133613502159472
ENSRNOG00000003216,-2.3704651325393034,-1.588388687088185,0.00218463743392814,0.0026278866085776686,True,0.7820764454511184,-1.979426909813744
ENSRNOG00000003217,2.174873085864901,2.0460512136942675,0.014550105442758343,0.04665269171580587,True,-0.12882187217063334,2.1104621497795844
ENSRNOG00000003218,4.021367545435917,2.891327508303925,0.0072778095419263385,0.05784119940979289,True,-1.1300400371319914,3.456347526869921
ENSRNOG00000003219,1.8033011451889343,0.927675371293689,0.030883574960611657,0.5329051753328956,True,-0.8756257738952452,1.3654882582413117
ENSRNOG00000003220,2.5685725810076447,2.1684650488802197,0.007997422287336516,0.04815831942116289,True,-0.400107532127425,2.3685188149439322
ENSRNOG00000003221,0.1536684868846586,0.9719242919169699,0.01387716218300884,0.03109450258183165,True,0.8182558050323113,0.5627963894008142
ENSRNOG00000003222,-2.990708855529318,-2.6175092070186974,0.04933630384995226,0.050179031451849286,True,0.3731996485106208,-2.804109031274008
ENSRNOG00000003223,-3.319416812101545,-2.3195762994353606,0.004774004824993135,0.020898278589961437,True,0.9998405126661845,-2.8194965557684526
ENSRNOG00000003224,0.45914767896196523,1.532222312893052,0.06415885292729025,0.03420602882047309,True,1.0730746339310868,0.9956849959275087
ENSRNOG00000003225,-1.065561853913964,-1.88248077179222,0.01085478837630592,0.003968718960132339,True,-0.8169189178782561,-1.474021312853092
ENSRNOG00000003226,-1.6462373009892324,0.7754959413960629,0.00697684914777836,0.03016741421926104,False,2.4217332423852955,-0.4353706797965847
ENSRNOG00000003227,-0.11294403114361562,-1.4829146646542128,0.05375498296932305,0.016870737896106075,True,-1.3699706335105972,-0.7979293478989142
ENSRNOG00000003228,1.1080535181503188,0.3908435505772434,0.003513209727153184,0.17427676059605451,True,-0.7172099675730754,0.7494485343637811
ENSRNOG00000003229,-2.614963584171865,-2.775874733956681,0.0036215073044361533,0.016675451306302196,True,-0.16091114978481613,-2.695419159064273
ENSRNOG00000003230,-0.8079797165046927,1.747897139489655,0.11135955533109071,0.015508293645016632,False,2.555876855994348,0.46995871149248114
ENSRNOG00000003231,2.7177672296165674,1.3195641858497567,0.025078198437399855,0.011310923057033816,True,-1.3982030437668107,2.0186657077331622
ENSRNOG00000003232,-1.9355190843984744,-1.842036191745922,0.0036544996142688947,0.0053175081531149785,True,0.09348289265255239,-1.8887776380721983
ENSRNOG00000003233,1.5655701368969215,0.6753015161529916,0.008313239801777525,0.5456911146107936,True,-0.8902686207439299,1.1204358265249565
ENSRNOG00000003234,-0.8725153707881891,-0.49292750384732087,0.12940186930003164,0.07030087015784563,True,0.3795878669408682,-0.682721437317755
ENSRNOG00000003235,0.9824287677299149,0.3231876942066056,0.3537001340738418,0.09789917549899854,True,-0.6592410735233094,0.6528082309682602
ENSRNOG00000003236,1.975189512965161,1.2035977239627902,0.005593692028761472,0.003678183749202499,True,-0.7715917890023709,1.5893936184639756
ENSRNOG00000003237,1.3343071805730389,-2.798341567885258,0.033147464048889734,0.02755439927286071,False,-4.132648748458297,-0.7320171936561096
ENSRNOG00000003238,1.6364872839849778,1.1728291809117035,0.014178122010830177,0.0006841756682923127,True,-0.46365810307327426,1.4046582324483405
ENSRNOG00000003239,-2.072868360134321,-1.3908535323303615,0.016324273326682178,0.018162820665029934,True,0.6820148278039597,-1.7318609462323413
ENSRNOG00000003240,2.0045874721343377,2.453616718334363,0.017330382955757066,0.004861934861177513,True,0.44902924620002516,2.2291020952343503
ENSRNOG00000003241,-1.534847606342676,0.33081762338035237,0.035406299609679094,0.3912147130104108,False,1.8656652297230283,-0.6020149914811618
ENSRNOG00000003242,0.4671751780287691,0.12058565659817563,0.0724054612370063,0.1614618675551428,True,-0.3465895214305935,0.29388041731347236
ENSRNOG00000003243,0.4648431365950084,1.173133868642259,0.00024295595243859072,0.018971645786621184,True,0.7082907320472506,0.8189885026186337
ENSRNOG00000003244,0.8732206059652458,-0.5628572074106796,0.0054477304201670336,0.28761785575368615,False,-1.4360778133759253,0.1551816992772831
ENSRNOG00000003245,0.606522016908343,1.218144431328583,0.3728707628338009,0.02753705422835456,True,0.61162241442024,0.912333224118463
ENSRNOG00000003246,-1.5188579613445017,-1.633923002805567,0.0007650646051832176,0.024478121428088043,True,-0.11506504146106522,-1.5763904820750343
ENSRNOG00000003247,-2.4297613421322892,-2.8961700541865145,0.007866297597774222,0.06219039221625987,True,-0.4664087120542253,-2.662965698159402
ENSRNOG00000003248,1.5702276239311834,0.8728866721589519,0.08335520800409228,0.0012832974401082357,True,-0.6973409517722315,1.2215571480450675
ENSRNOG00000003249,0.334502239534048,1.697957592440821,0.22472990919150557,0.08673446363823108,True,1.363455352906773,1.0162299159874344
ENSRNOG00000003250,2.0688783137240723,1.5968930668997583,0.017511563789195782,0.014062435363619025,True,-0.471985246824314,1.8328856903119153
ENSRNOG00000003251,-0.08051928153816236,1.5165594436163485,0.06803988441195644,0.05355840793199568,False,1.5970787251545109,0.7180200810390931
ENSRNOG00000003252,-2.5292958492185287,-2.506090526975194,0.013884081178658853,0.011934968263093504,True,0.023205322243334603,-2.517693188096861
ENSRNOG00000003253,1.739033425807391,2.282786389324415,0.012950453240400705,0.013914307724013083,True,0.5437529635170242,2.010909907565903
ENSRNOG00000003254,-0.6666670973899926,-1.1381016653239877,0.255616154241082,0.008371198678524174,True,-0.4714345679339951,-0.9023843813569902
ENSRNOG00000003255,0.6156062233578381,0.6552073369469933,0.21372550377654734,0.09477204924110966,True,0.03960111358915519,0.6354067801524157
ENSRNOG00000003256,-1.1654269712631347,-0.5649733703665458,0.005031674787401492,0.0979445891252044,True,0.6004536008965888,-0.8652001708148402
ENSRNOG00000003257,2.959743078420643,2.7071916139464185,0.00859502151109489,0.00150716231628133,True,-0.2525514644742244,2.8334673461835305
ENSRNOG00000003258,-1.5778166835297545,-0.8096376938933392,0.0025034863350588492,0.03196999740939583,True,0.7681789896364153,-1.1937271887115468
ENSRNOG00000003259,-0.6073735573911144,-1.189157783738866,0.01739312514155962,0.0012279150188572838,True,-0.5817842263477516,-0.8982656705649903
ENSRNOG00000003260,0.1934076648551695,1.0558395117987074,0.255136031410381,0.05144092432711246,True,0.8624318469435379,0.6246235883269384
ENSRNOG00000003261,-1.9659281887565248,0.4814082556872272,0.01210530098714667,0.08986048824394705,False,2.447336444443752,-0.7422599665346488
ENSRNOG00000003262,0.5949351514576713,-0.20843769037770782,0.11812307065121787,0.08196153476600444,False,-0.8033728418353792,0.19324873053998173
ENSRNOG00000003263,2.901438859441482,0.04598474415292397,0.029453015237564283,0.3901260475044354,True,-2.855454115288558,1.473711801797203
ENSRNOG00000003264,-0.8828318892486788,-0.07604013791762343,0.24239555637019627,0.13069864169268086,True,0.8067917513310554,-0.47943601358315113
ENSRNOG00000003265,0.7112570742571059,0.13591539674007552,0.12926288980570078,0.8341935883399793,True,-0.5753416775170304,0.42358623549859076
ENSRNOG00000003266,-4.9489836948693995,-3.502966911264253,0.001458604219718348,0.0408110771113812,True,1.4460167836051463,-4.225975303066827
ENSRNOG00000003267,-0.07007256087271319,0.5363373021241177,0.012167530794571653,0.027775915750765746,False,0.6064098629968309,0.23313237062570225
ENSRNOG00000003268,-0.5634761146671696,-0.8623758092905538,0.05199135825453629,0.0007236739003175416,True,-0.29889969462338417,-0.7129259619788617
ENSRNOG00000003269,-1.4732956843386928,-1.2841356352611661,0.010947184243519165,0.004926546402106273,True,0.1891600490775267,-1.3787156597999295
ENSRNOG00000003270,1.9466108453313578,1.2185698820419075,0.03594919787895985,0.048565135260196894,True,-0.7280409632894502,1.5825903636866325
ENSRNOG00000003271,-0.5872386269228907,1.1439193685767013,0.24687454919101137,0.029698402448671828,False,1.7311579954995922,0.27834037082690527
ENSRNOG00000003272,-0.31945947676845743,-0.18565935988329038,0.2560422846124764,0.02493268815196566,True,0.13380011688516705,-0.2525594183258739
ENSRNOG00000003273,-0.678947174620328,-1.7591413385975312,0.019090798524997267,0.09322739101530063,True,-1.080194163977203,-1.2190442566089297
ENSRNOG00000003274,-3.4502685691771378,-3.6018550322386247,0.0007837991021716424,0.013161059508021234,True,-0.15158646306148693,-3.526061800707881
ENSRNOG00000003275,-2.03757559213853,-1.2393599849116193,0.014268760810389183,0.006995354267857912,True,0.7982156072269109,-1.6384677885250747
ENSRNOG00000003276,1.7299682750163894,-0.009520973714383096,0.03103769249156452,0.16335121276838638,False,-1.7394892487307725,0.8602236506510031
ENSRNOG00000003277,-3.797911164383949,-4.222998253051454,0.005240205332877901,0.03804677393989839,True,-0.4250870886675049,-4.010454708717702
ENSRNOG00000003278,-1.3793676293082702,-0.2706571974489127,0.007187622040417702,0.06482982127180448,True,1.1087104318593575,-0.8250124133785914
ENSRNOG00000003279,-0.7194961013215749,0.22946597411340586,0.21993115834393231,0.16751837037075118,False,0.9489620754349808,-0.24501506360408454
ENSRNOG00000003280,3.1385193611248177,1.7476498049763303,0.04539221906968871,0.026522736055232976,True,-1.3908695561484874,2.443084583050574
ENSRNOG00000003281,1.3834867778934643,1.2491132646768501,0.0030208247067171866,0.027751947632505554,True,-0.13437351321661417,1.3163000212851572
ENSRNOG00000003282,-1.0029069486955793,-0.4844489987077184,0.09489329481351443,0.02939499727721152,True,0.5184579499878609,-0.7436779737016488
ENSRNOG00000003283,2.348124654807992,2.2292651205369745,0.0032475572967309296,0.00989422097388289,True,-0.1188595342710177,2.2886948876724835
ENSRNOG00000003284,-1.3329284769020153,-0.27140396515658105,0.006943958087958197,0.1575028314250672,True,1.0615245117454344,-0.8021662210292981
ENSRNOG00000003285,1.81637964672121,-1.5009398571331645,0.017120418113116397,0.009343121031927639,False,-3.3173195038543746,0.15771989479402282
ENSRNOG00000003286,-2.445979042661428,-1.9157896554162854,0.010592320569759553,0.0023418045239168737,True,0.5301893872451426,-2.1808843490388568
ENSRNOG00000003287,1.931864097220483,1.8574669836969684,0.005079249156144016,0.015469318989080548,True,-0.07439711352351464,1.8946655404587256
ENSRNOG00000003288,-0.7310405618477741,-0.9280870026474517,0.10431923835553425,0.3800710815107011,True,-0.1970464407996776,-0.829563782247613
ENSRNOG00000003289,-1.8513076336942855,-1.2208764196892963,0.005612912203215778,0.011567862904884964,True,0.6304312140049892,-1.536092026691791
ENSRNOG00000003290,-0.3908585035373653,0.5224511983565729,0.10324317197127418,0.06925567092349894,False,0.9133097018939382,0.06579634740960383
ENSRNOG00000003291,0.49921952349638676,0.4244407708923134,0.3191018010827191,0.0007020522514933169,True,-0.07477875260407335,0.4618301471943501
ENSRNOG00000003292,-0.8905471749462819,0.9777433091331382,0.16587919076107463,0.018850331864950318,False,1.86829048407942,0.04359806709342817
ENSRNOG00000003293,0.9971163107915828,1.8613746562334537,0.15734480824975902,0.011668338651426031,True,0.8642583454418709,1.4292454835125183
ENSRNOG00000003294,-1.0493889905953215,-0.8380768742248244,0.004819648382552699,0.05523529743099115,True,0.21131211637049718,-0.9437329324100729
ENSRNOG00000003295,1.1166703090764443,0.5513873309109646,0.040635950413964554,0.15534256702494326,True,-0.5652829781654797,0.8340288199937045
ENSRNOG00000003296,0.7959997116658791,-2.4515605065286348,0.481386570414528,0.05504997880343113,False,-3.247560218194514,-0.8277803974313778
ENSRNOG00000003297,-0.10966149847428305,-0.41739712569756465,0.10745063048803394,0.30944772582553864,True,-0.3077356272232816,-0.26352931208592384
ENSRNOG00000003298,-0.7944881622587097,-1.9611842876819756,0.06625428201318681,0.01542810443284417,True,-1.166696125423266,-1.3778362249703426
ENSRNOG00000003299,0.2727734323774791,0.41777695311733964,0.07885182933798128,0.03738766903789822,True,0.14500352073986056,0.34527519274740937
ENSRNOG00000003300,0.9904567374606587,0.8340248281492497,0.37158086021377973,0.18863891929437626,True,-0.15643190931140893,0.9122407828049541
ENSRNOG00000003301,3.7112384749168954,3.254290706771606,0.008487174494554677,0.006691637458860124,True,-0.4569477681452896,3.4827645908442504
ENSRNOG00000003302,1.6909567592367258,2.6163545918265747,0.000144143673196767,0.003018574678992657,True,0.9253978325898489,2.1536556755316503
ENSRNOG00000003303,1.7567819096685144,1.167028797419023,0.0016276411108248029,0.02403638212265466,True,-0.5897531122494915,1.4619053535437687
ENSRNOG00000003304,5.559321950748511,6.174776054028344,0.0009271491854623398,0.006939537751852041,True,0.6154541032798333,5.867049002388427
ENSRNOG00000003305,0.9287252581821195,0.8756071930447403,0.1446770416909054,0.005242743901655536,True,-0.053118065137379156,0.90216622561343
ENSRNOG00000003306,0.8723583203610642,-0.7825235555569409,0.2928580888612473,0.10419687044463628,False,-1.654881875918005,0.04491738240206167
ENSRNOG00000003307,1.2672271337789773,0.2715389821040789,0.006779005760273714,0.3168933357171613,True,-0.9956881516748984,0.7693830579415282
ENSRNOG00000003308,-1.8161387596588556,-1.6263583918912352,0.012492367682161564,0.011055444086507021,True,0.18978036776762042,-1.7212485757750455
ENSRNOG00000003309,-0.7990229455537612,0.0783979057344899,0.01020176454286257,0.0964942320903265,False,0.8774208512882511,-0.36031251990963564
ENSRNOG00000003310,-0.9111046800462012,-1.6141635776721825,0.15209127681175474,0.003534526987896174,True,-0.7030588976259814,-1.2626341288591918
ENSRNOG00000003311,1.1657051589952112,0.4798048311668779,0.04308287877810731,0.012629638029433222,True,-0.6859003278283333,0.8227549950810445
ENSRNOG00000003312,-0.3135142119981576,-0.38228195899463824,0.23517758744494863,0.052658462010009184,True,-0.06876774699648064,-0.3478980854963979
ENSRNOG00000003313,0.24880216585374504,-0.3013413752577742,0.41243660805732923,0.04421683266948309,False,-0.5501435411115192,-0.026269604702014587
ENSRNOG00000003314,1.957418316267236,2.183030605825425,0.007834284720418241,0.00380271705527066,True,0.2256122895581889,2.0702244610463305
ENSRNOG00000003315,1.55367132966745,1.7298839620624897,0.009154850304795627,0.0484254711025354,True,0.1762126323950397,1.6417776458649698
ENSRNOG00000003316,-0.2910978054742447,1.0269489841366704,0.16207793674128748,0.0030608389210481294,False,1.3180467896109151,0.36792558933121283
ENSRNOG00000003317,-1.2059911743808005,-1.1676504387457038,0.003079760155972993,0.030428320392177542,True,0.03834073563509666,-1.1868208065632522
ENSRNOG00000003318,2.0434945169757395,2.6522302175738,0.04929359368264802,0.00680584978275513,True,0.6087357005980607,2.34786236727477
ENSRNOG00000003319,1.3930041256377583,-0.4849541348422225,0.01963809503861235,0.31611780454568145,False,-1.8779582604799807,0.4540249953977679
ENSRNOG00000003320,-2.891262272931688,-3.423861861632898,0.002462754282432093,0.013401022384930378,True,-0.5325995887012098,-3.157562067282293
ENSRNOG00000003321,-0.5636770900349055,-1.6577921916195097,0.0669982173813434,0.014385131579073656,True,-1.0941151015846042,-1.1107346408272076
ENSRNOG00000003322,0.29792783163017234,0.21226320277221114,0.06295337325820596,0.4543460853632459,True,-0.0856646288579612,0.2550955172011917
ENSRNOG00000003323,1.4018934908178564,2.215784596162786,0.03399565664386959,0.03852895868915136,True,0.8138911053449296,1.8088390434903212
ENSRNOG00000003324,1.6381826908915882,0.48171504513466823,0.0374730854805338,0.027549881907412564,True,-1.15646764575692,1.0599488680131282
ENSRNOG00000003325,0.5110308021158523,-0.1530271297738794,0.06123209789982552,0.18644080615985736,False,-0.6640579318897317,0.17900183617098644
ENSRNOG00000003326,1.0534455564459408,0.4895241253084353,0.02809675266321607,0.015245490257885482,True,-0.5639214311375056,0.771484840877188
ENSRNOG00000003327,0.11544624428067653,0.6799729756678975,0.05040470795926448,0.15620496156446476,True,0.564526731387221,0.397709609974287
ENSRNOG00000003328,-1.2129330387250092,-1.3263010348553088,0.013843707187230922,0.01062699058611181,True,-0.11336799613029958,-1.2696170367901591
ENSRNOG00000003329,-0.47027590387425716,-0.8798754204468213,0.020031834706722023,0.04111454821186255,True,-0.40959951657256416,-0.6750756621605393
ENSRNOG00000003330,0.03418413595219489,-1.3894198140780827,0.34892228092894284,0.007426032378370328,False,-1.4236039500302775,-0.6776178390629439
ENSRNOG00000003331,-0.06242265003346178,-0.6427545687587312,0.06406125907821753,0.0843756000248762,True,-0.5803319187252693,-0.3525886093960965
ENSRNOG00000003332,-3.394031227998247,-1.0716063944567087,0.03231553127928378,0.035298116759766504,True,2.3224248335415383,-2.232818811227478
ENSRNOG00000003333,-0.7154700028729762,-0.3910472930512233,0.18435835316563942,0.15562168689813566,True,0.3244227098217529,-0.5532586479620998
ENSRNOG00000003334,0.10117017556047335,-0.708051516379189,0.0611499404688138,0.12323458999989034,False,-0.8092216919396623,-0.3034406704093578
ENSRNOG00000003335,-0.5064659854302618,0.953554301272803,0.2466544588675142,0.4118533673506342,False,1.460020286703065,0.22354415792127064
ENSRNOG00000003336,-0.4442828319208543,-0.9165865028693776,0.031000562594031243,0.14110977288483573,True,-0.47230367094852327,-0.6804346673951159
ENSRNOG00000003337,0.8783844674482573,2.088254796321404,0.16325974145487798,0.12533496026889485,True,1.2098703288731467,1.4833196318848305
ENSRNOG00000003338,-1.942122936687541,0.15314372984757774,0.02948220464811168,0.0018826833499325998,False,2.0952666665351187,-0.8944896034199816
ENSRNOG00000003339,-2.93047598511218,-1.9339114621828806,0.01577057129705068,0.0023018426448474763,True,0.9965645229292996,-2.43219372364753
ENSRNOG00000003340,-0.6267056235060147,-1.9996368277243621,0.14107759431151834,0.03145208043884252,True,-1.3729312042183475,-1.3131712256151884
ENSRNOG00000003341,1.3754059299032215,3.3392516784472335,0.004161203995318078,0.008235953344711576,True,1.963845748544012,2.3573288041752276
ENSRNOG00000003342,3.0375954710759494,2.4722047794094193,0.01493394157678326,0.017465495395501088,True,-0.5653906916665301,2.7549001252426844
ENSRNOG00000003343,1.407830830370532,0.6172435886953422,0.031318728017883005,0.012016127148884009,True,-0.7905872416751898,1.0125372095329372
ENSRNOG00000003344,-2.6428747677639253,-0.7932205315656609,0.016035771844921446,0.03950012089879346,True,1.8496542361982644,-1.718047649664793
ENSRNOG00000003345,-0.4182610308781881,0.4530004253752467,0.05465802242958553,0.23301977672747845,False,0.8712614562534349,0.017369697248529298
ENSRNOG00000003346,0.46194188594675295,1.6906057498245546,0.00910257411093921,0.00488647574028033,True,1.2286638638778016,1.0762738178856537
ENSRNOG00000003347,0.31966401046246595,-0.47809365099941437,0.04217902360345901,0.15680487580321625,False,-0.7977576614618803,-0.0792148202684742
ENSRNOG00000003348,0.9707481952971733,0.9945058562151898,0.36929052958986985,0.3261208119249036,True,0.023757660918016565,0.9826270257561815
ENSRNOG00000003349,-1.6506881036293695,-2.367631652225155,0.009809566127655989,0.03027578822368467,True,-0.7169435485957856,-2.0091598779272624
ENSRNOG00000003350,0.11689755759133671,0.7791414546904049,0.011468864281562463,0.10413416367820943,True,0.6622438970990682,0.44801950614087077
ENSRNOG00000003351,0.7565810935970322,0.4903825055374351,0.14023304299119335,0.0011542732070535498,True,-0.26619858805959706,0.6234817995672337
ENSRNOG00000003352,1.4862077159465872,1.305680965104832,0.0034909983063766315,0.04290596627771675,True,-0.18052675084175518,1.3959443405257095
ENSRNOG00000003353,-1.4502926999030257,-1.1398662459665512,0.055336005901543424,0.002325527012404879,True,0.3104264539364745,-1.2950794729347885
ENSRNOG00000003354,-0.6212823610372165,-0.6860102671230864,0.28728309372046035,0.06892072905679557,True,-0.06472790608586998,-0.6536463140801514
ENSRNOG00000003355,-4.866871824132012,-4.221115573125218,0.05359496980671325,0.013999745089174667,True,0.6457562510067945,-4.543993698628615
ENSRNOG00000003356,-1.1186315416399935,0.06928227710324975,0.02036704371148824,0.13517985605603594,False,1.1879138187432432,-0.5246746322683719
ENSRNOG00000003357,-0.9439468073478775,0.922305409581953,0.03489428995217956,0.044833933448184066,False,1.8662522169298303,-0.010820698882962276
ENSRNOG00000003358,-1.8352521147013976,-1.83247321485254,0.001201843092846309,0.09069435486872274,True,0.0027788998488575967,-1.833862664776969
ENSRNOG00000003359,0.29810187041877306,0.7839268021044153,0.1447170161613514,0.15651651709161396,True,0.4858249316856423,0.5410143362615942
ENSRNOG00000003360,-0.10070177768148282,0.3853155970698461,0.010738002195015788,0.2645910776339423,False,0.4860173747513289,0.14230690969418164
ENSRNOG00000003361,-4.066584979639701,-2.7567750842386953,0.07604052879266565,0.08728404762514323,True,1.3098098954010053,-3.411680031939198
ENSRNOG00000003362,0.38791434474316167,-1.3391437656076026,0.07683171343967356,0.006764777980080181,False,-1.7270581103507643,-0.4756147104322205
ENSRNOG00000003363,-1.6709834354202493,-2.5029459547518917,0.021859704094103774,0.022611803944386596,True,-0.8319625193316424,-2.0869646950860705
ENSRNOG00000003364,0.8742401265429273,-0.22554776265995857,0.10612986228605528,0.06765986125554715,False,-1.0997878892028858,0.32434618194148435
ENSRNOG00000003365,-2.307332245911598,-3.814940886970415,0.01510604034577924,0.025813450585475052,True,-1.507608641058817,-3.0611365664410064
ENSRNOG00000003366,0.05401176935569222,1.5151602695627664,0.15914541947660701,0.0011365813417815978,True,1.461148500207074,0.7845860194592293
ENSRNOG00000003367,-0.5096939919957106,0.03949647608161605,0.45997823067220667,0.003909511523379954,False,0.5491904680773267,-0.2350987579570473
ENSRNOG00000003368,0.5455833929105947,0.3395376063601266,0.27554499716935854,0.10728975917397832,True,-0.20604578655046807,0.4425604996353606
ENSRNOG00000003369,0.22445509977242434,-2.1471181423859718,0.02616739780883628,0.0061879779706098485,False,-2.371573242158396,-0.9613315213067737
ENSRNOG00000003370,-0.459295515038618,-2.227385347997681,0.3666390810762322,0.008666184777131148,True,-1.7680898329590629,-1.3433404315181494
ENSRNOG00000003371,-2.7652901652796404,-1.8828557699864619,0.001762187945452414,0.0008906542021827286,True,0.8824343952931786,-2.324072967633051
ENSRNOG00000003372,-2.658974334229857,0.2609119164818732,0.0039081293624760125,0.23651329776073643,False,2.91988625071173,-1.1990312088739918
ENSRNOG00000003373,-1.0509964903659943,-1.4482540191156121,0.009598822679733917,0.07154506124591427,True,-0.39725752874961784,-1.249625254740803
ENSRNOG00000003374,-0.014903791073256546,0.8968533372032454,0.0018363737545499547,0.13162803782807753,False,0.911757128276502,0.44097477306499444
ENSRNOG00000003375,-1.0948463049584107,-1.2483930154304281,0.0022445898562045716,0.026348196045187677,True,-0.1535467104720174,-1.1716196601944193
ENSRNOG00000003376,1.125381475043038,0.8232606252825758,0.00018713795278617345,0.10296718190877267,True,-0.30212084976046216,0.9743210501628069
ENSRNOG00000003377,-0.5025976545810307,0.9336516362224776,0.07040161533085214,0.10017897469703248,False,1.4362492908035083,0.21552699082072346
ENSRNOG00000003378,-1.7370229046031185,-1.544424786804992,0.0035961245857499984,0.01609101629438277,True,0.1925981177981264,-1.6407238457040552
ENSRNOG00000003379,-0.5005733273782368,-1.065000016071941,0.13701461364396172,0.006554450232031332,True,-0.5644266886937043,-0.7827866717250889
ENSRNOG00000003380,0.4065477053697943,1.7654265214824623,0.28328656627882626,0.013993897763279714,True,1.358878816112668,1.0859871134261283
ENSRNOG00000003381,0.5847924938842519,0.44549460801056645,0.07256627266679963,0.06311260988699319,True,-0.13929788587368547,0.5151435509474092
ENSRNOG00000003382,3.381082437587633,3.444901402675062,0.011657698797254177,0.037636537550337926,True,0.06381896508742901,3.4129919201313474
ENSRNOG00000003383,-1.2040368120061549,-1.5382563702181067,0.0005146097299143171,0.026817398797785694,True,-0.3342195582119518,-1.3711465911121308
ENSRNOG00000003384,-0.13226159086272068,1.3870700376223746,0.1047329498475489,0.017798869754905234,False,1.5193316284850953,0.6274042233798269
ENSRNOG00000003385,0.7670231042749676,0.8088843491683195,0.031631110754932225,0.028999909192718106,True,0.04186124489335197,0.7879537267216435
ENSRNOG00000003386,-0.04216132656146758,0.42785730546359363,0.09587192312719862,0.13338779995849961,False,0.4700186320250612,0.19284798945106302
ENSRNOG00000003387,-0.9011126627795757,-0.4745458336894781,0.14151210602071243,0.0027606005619463686,True,0.4265668290900976,-0.687829248234527
ENSRNOG00000003388,-2.7886629174196385,-2.427039514941681,0.08571049167347335,0.019160103100226096,True,0.36162340247795743,-2.6078512161806597
ENSRNOG00000003389,-0.919502206295428,-0.6270284513006115,0.5402880564850626,0.04861676858266012,True,0.29247375499481654,-0.7732653287980198
ENSRNOG00000003390,-1.9326643428920418,-1.7789315030554231,0.010874978423857462,0.006182917670728925,True,0.15373283983661867,-1.8557979229737325
ENSRNOG00000003391,-3.107892026022801,-1.10584321191848,0.022031289876092038,0.009892231050189548,True,2.002048814104321,-2.1068676189706403
ENSRNOG00000003392,-1.4322219150070556,-1.1871209276268935,0.002879001442889654,0.006180690483880816,True,0.24510098738016217,-1.3096714213169744
ENSRNOG00000003393,-1.8847650973796182,-2.852972855401735,0.01265870068253519,0.008643824408622621,True,-0.9682077580221169,-2.3688689763906767
ENSRNOG00000003394,1.0508157815273067,-1.0488401903001794,0.014780298817787443,0.009418123643799979,False,-2.0996559718274863,0.0009877956135636579
ENSRNOG00000003395,1.0819653073457287,-1.07731765094135,0.00956891710456876,0.03660860748701432,False,-2.1592829582870787,0.0023238282021893486
ENSRNOG00000003396,-1.6269827212455747,-0.4574789550153523,0.006566405899624618,0.03682130364503838,True,1.1695037662302226,-1.0422308381304635
ENSRNOG00000003397,-0.46841153501361804,-1.5275993707513766,0.18798898742881337,0.024445073169858715,True,-1.0591878357377587,-0.9980054528824973
ENSRNOG00000003398,-3.344836791802564,-1.9593989537952483,0.001957938707687412,0.0448098043234715,True,1.3854378380073156,-2.652117872798906
ENSRNOG00000003399,-0.8898119103288494,-0.4616688556576337,0.15292613216157047,0.20270187599259548,True,0.4281430546712157,-0.6757403829932416
ENSRNOG00000003400,0.7181674212642222,0.4204098218044051,0.005714871669839645,0.4843060977822464,True,-0.29775759945981706,0.5692886215343136
ENSRNOG00000003401,1.484888201305385,1.4700494404391498,0.00047872898564701115,0.02032610190088044,True,-0.014838760866235257,1.4774688208722675
ENSRNOG00000003402,-1.2834847470443649,-0.7065509140451157,0.0035895027330303322,0.8347793095982564,True,0.5769338329992492,-0.9950178305447404
ENSRNOG00000003403,1.8933387489495357,-1.5577458806343132,0.02792135789228497,0.009008349867708052,False,-3.451084629583849,0.16779643415761125
ENSRNOG00000003404,-2.728245458724249,-2.1950134148234044,0.007051050653589811,0.016676707528095833,True,0.5332320439008447,-2.4616294367738267
ENSRNOG00000003405,-2.245730038458827,-1.0807381353853998,0.019941858914295313,0.07125699782651086,True,1.164991903073427,-1.6632340869221132
ENSRNOG00000003406,1.2773913581481773,2.5909230748335093,0.014780813513827536,0.000977325924204186,True,1.313531716685332,1.9341572164908434
ENSRNOG00000003407,3.0080182114138454,3.816232881173038,0.031056317899804835,0.003866649233301448,True,0.8082146697591925,3.4121255462934417
ENSRNOG00000003408,0.8881775787306517,-0.8273472857276762,0.012553688649465563,0.005367542719261663,False,-1.7155248644583279,0.030415146501487744
ENSRNOG00000003409,-0.07261629576122237,-0.416590645396043,0.43014580285267195,0.5971699118038787,True,-0.34397434963482065,-0.2446034705786327
ENSRNOG00000003410,-3.9513307437399754,-4.331325460136581,0.009608701874709235,0.024461151465576866,True,-0.37999471639660554,-4.141328101938278
ENSRNOG00000003411,-3.6404047008782627,-0.8795958677316316,0.009389417414483245,0.0024612034912516838,True,2.760808833146631,-2.2600002843049474
ENSRNOG00000003412,0.23293716641256412,1.2218962917165221,0.15033533111506928,0.0016854671874923103,True,0.988959125303958,0.7274167290645431
ENSRNOG00000003413,-0.6445128052281142,-0.07015142634878418,0.3135477496739003,0.08960631810681373,True,0.57436137887933,-0.35733211578844915
ENSRNOG00000003414,-1.9905033278738125,-1.1791426586309721,0.04704852770904293,0.024677499679374378,True,0.8113606692428403,-1.5848229932523923
ENSRNOG00000003415,0.1179586454940913,1.52987453430293,0.07857778036021855,0.01003276978148698,True,1.4119158888088388,0.8239165898985107
ENSRNOG00000003416,0.20723646151405725,1.4128122483277048,0.09448431416951802,0.022554756166006686,True,1.2055757868136476,0.810024354920881
ENSRNOG00000003417,1.6999485633724907,2.371911954582221,0.003169840634999524,0.02367940199387872,True,0.6719633912097305,2.035930258977356
ENSRNOG00000003418,0.2458841094228614,0.6467150471789184,0.11642173541290736,0.3042143483507196,True,0.40083093775605694,0.4462995783008899
ENSRNOG00000003419,2.211109863001892,1.136864992351416,0.002442403118065698,0.016398436801027587,True,-1.0742448706504761,1.673987427676654
ENSRNOG00000003420,0.014389253187864054,0.8152657657861829,0.049720860302407355,0.009006576616485221,True,0.8008765125983188,0.4148275094870235
ENSRNOG00000003421,-0.207602990653205,0.7156739668736909,0.026718605775162548,0.0235747988756699,False,0.9232769575268959,0.25403548811024296
ENSRNOG00000003422,1.9157619352449282,1.1025487728949934,0.009376979326216119,0.010865987238086676,True,-0.8132131623499348,1.5091553540699607
ENSRNOG00000003423,-1.761193584074582,-1.5664230019466694,0.013424614998939313,0.020499452256664462,True,0.19477058212791265,-1.6638082930106257
ENSRNOG00000003424,5.066005415879091,4.634862615833902,0.01448116845826203,0.02789545996285922,True,-0.4311428000451887,4.8504340158564965
ENSRNOG00000003425,0.6754634607001245,2.2066370674841718,0.20237893060308274,0.05712980427999985,True,1.5311736067840473,1.441050264092148
ENSRNOG00000003426,0.6854926551078117,-0.32073056448719267,0.3677307011672783,0.27545420766260104,False,-1.0062232195950043,0.1823810453103095
ENSRNOG00000003427,0.9451727531506756,0.3661719629220863,0.06950636783522629,0.05015511038573068,True,-0.5790007902285893,0.655672358036381
ENSRNOG00000003428,3.3788456555969564,2.6660947760833635,0.019413286535181706,0.06123365217277424,True,-0.7127508795135928,3.02247021584016
ENSRNOG00000003429,1.426513341010692,1.4809580195233116,0.006518780133975106,0.06962272834748645,True,0.05444467851261958,1.4537356802670018
ENSRNOG00000003430,-2.8891007622070624,-2.5130731955041616,0.006629942626231689,0.002753409617019652,True,0.3760275667029007,-2.7010869788556118
ENSRNOG00000003431,2.5262466925815077,3.6955444128166715,0.03560528051616141,0.03574520325389102,True,1.1692977202351638,3.1108955526990894
ENSRNOG00000003432,-0.6136138430010312,0.025942615581728556,0.09740812065714659,0.031143335427813345,False,0.6395564585827598,-0.2938356137096513
ENSRNOG00000003433,0.19287913111078223,0.6891103880494125,0.003941147021321048,0.42742117776763594,True,0.49623125693863024,0.4409947595800974
ENSRNOG00000003434,-2.3026571499154795,0.2810214236448154,0.005925695615217329,0.09665215014662362,False,2.583678573560295,-1.010817863135332
ENSRNOG00000003435,0.9471636326230122,0.17255656367682876,0.18530197734191034,0.07916175708787045,True,-0.7746070689461835,0.5598600981499204
ENSRNOG00000003436,-1.172473722121594,-0.8901356013070758,0.007448268904757902,0.045200145309533146,True,0.28233812081451815,-1.0313046617143349
ENSRNOG00000003437,0.18030534838825277,-1.1933807035686985,0.14807680754687416,0.01976503318158617,False,-1.3736860519569514,-0.5065376775902228
ENSRNOG00000003438,-0.5113782096494094,-0.5287051784278556,0.03028943698240357,0.09915012070932779,True,-0.017326968778446195,-0.5200416940386325
ENSRNOG00000003439,3.4650230431245332,0.792841769192552,0.012621977973069997,0.11408224974172676,True,-2.6721812739319812,2.1289324061585426
ENSRNOG00000003440,3.5680685402620615,3.211528429281033,0.05853133302706844,0.04655542509823351,True,-0.35654011098102867,3.389798484771547
ENSRNOG00000003441,0.0837237063865345,0.4979287079163353,0.0756807897539098,0.026049569241484886,True,0.41420500152980083,0.2908262071514349
ENSRNOG00000003442,0.11515988046393855,-0.21261405367498892,0.04464921201180014,0.05784632080028432,False,-0.32777393413892747,-0.04872708660552519
ENSRNOG00000003443,-0.6721973394291272,-0.5625390840205468,0.16362318178278604,0.10645526557785204,True,0.10965825540858043,-0.6173682117248369
ENSRNOG00000003444,1.9908113247050152,2.1532914367478506,0.011489249085638021,0.01892649818982439,True,0.1624801120428354,2.0720513807264327
ENSRNOG00000003445,-0.5920557666000789,-1.5951838125224467,0.6840213760695679,0.0068695088360896965,True,-1.003128045922368,-1.0936197895612627
ENSRNOG00000003446,-0.7584070943622587,-0.3013405633411866,0.31012624584485443,0.0902696758879877,True,0.45706653102107214,-0.5298738288517226
ENSRNOG00000003447,1.761467154596936,1.9322829619075983,0.007959198542350894,0.03647482169256753,True,0.17081580731066226,1.8468750582522673
ENSRNOG00000003448,-0.968938371569969,-2.530265873945183,0.2116206181105603,0.23472609496432362,True,-1.5613275023752138,-1.749602122757576
ENSRNOG00000003449,-0.06795906200735505,0.6729727438221189,0.14029659203260855,0.0026217418952326752,False,0.7409318058294739,0.30250684090738195
ENSRNOG00000003450,-2.8463594067197873,-3.693289982994101,0.016802141502670336,0.08478323345296157,True,-0.8469305762743136,-3.2698246948569443
ENSRNOG00000003451,1.2675426212217005,0.7384547743866472,0.009635744406971791,0.05793387127611099,True,-0.5290878468350533,1.0029986978041738
ENSRNOG00000003452,3.4935604905273636,1.1540604742586198,0.003986842607582146,0.01704808413438481,True,-2.339500016268744,2.3238104823929917
ENSRNOG00000003453,1.2982056710396255,2.385588764561461,0.00030414506122976813,0.03062714535337895,True,1.0873830935218356,1.8418972178005433
ENSRNOG00000003454,2.631238501585149,0.5742650742179365,0.008509089821553384,0.2626316264293222,True,-2.056973427367213,1.6027517879015427
ENSRNOG00000003455,-1.5229838451191957,-2.768328401244705,0.01095554658188095,0.16513506855731738,True,-1.2453445561255092,-2.14565612318195
ENSRNOG00000003456,0.4253837076507612,0.4292806698786491,0.019747546926971966,0.5215921674831175,True,0.003896962227887879,0.42733218876470513
ENSRNOG00000003457,-1.6976878638649013,-1.588815876449997,0.024251873517389274,0.004081386243671737,True,0.10887198741490423,-1.6432518701574492
ENSRNOG00000003458,-0.4099779820464171,-1.8586205178886934,0.05775182855452262,0.004763857017343867,True,-1.4486425358422763,-1.1342992499675553
ENSRNOG00000003459,1.3899806592345088,1.497292807392058,0.010836525593592137,0.02483914562024609,True,0.10731214815754919,1.4436367333132833
ENSRNOG00000003460,0.18327710358593752,-1.966445585133726,0.2696323622871092,0.005617048958722162,False,-2.149722688719663,-0.8915842407738942
ENSRNOG00000003461,-2.542753840682199,-2.8171256328761762,0.009390148400202025,0.036839935036714795,True,-0.27437179219397745,-2.6799397367791875
ENSRNOG00000003462,-2.3670523899679563,-2.2135748091200345,0.01892285790370628,0.08518966594279967,True,0.15347758084792185,-2.290313599543995
ENSRNOG00000003463,-2.4860950766833927,-0.8482111403818099,0.026061756456373812,0.039067682675129244,True,1.637883936301583,-1.6671531085326012
ENSRNOG00000003464,0.8846146618912626,1.9617797554498682,0.11494307715833146,0.0039130027270833385,True,1.0771650935586057,1.4231972086705653
ENSRNOG00000003465,3.715010164182003,3.684128271337714,0.004182947515800951,0.012225246860810205,True,-0.030881892844289105,3.6995692177598585
ENSRNOG00000003466,2.452424839200383,1.506711410670916,0.00035931889132798914,0.02997791989494572,True,-0.945713428529467,1.9795681249356496
ENSRNOG00000003467,-3.412773358462916,-4.869359540789697,0.011958271019304665,0.08936617346929965,True,-1.456586182326781,-4.141066449626306
ENSRNOG00000003468,2.557936688525611,2.149792620476902,0.021173337297908993,0.006594319192744816,True,-0.40814406804870895,2.3538646545012565
ENSRNOG00000003469,1.685520750626365,2.6902565366117726,0.020337813078094107,0.019188395695329326,True,1.0047357859854076,2.1878886436190688
ENSRNOG00000003470,-2.781539901951764,-0.595967205122953,0.051265013322238616,0.37167576528901947,True,2.185572696828811,-1.6887535535373583
ENSRNOG00000003471,-0.5457629100788955,0.11497768137725678,0.18227939503832843,0.19871749186493576,False,0.6607405914561524,-0.21539261435081938
ENSRNOG00000003472,1.9719403406924572,0.09194152911549569,0.012432018856226842,0.3205248699081342,True,-1.8799988115769615,1.0319409349039765
ENSRNOG00000003473,0.9907803196826136,0.12215826357434156,0.008536594696996599,0.16466997512001852,True,-0.868622056108272,0.5564692916284776
ENSRNOG00000003474,-2.356371094298374,0.42817277456006386,0.02032609268181337,0.021160627171292367,False,2.784543868858438,-0.9640991598691552
ENSRNOG00000003475,1.0993358804331494,-0.7400176127027989,0.02299126069075481,0.19346116361351862,False,-1.8393534931359483,0.1796591338651753
ENSRNOG00000003476,-3.847501072945058,-3.821534019160545,0.008523860602733581,0.005479654440637071,True,0.025967053784512917,-3.834517546052801
ENSRNOG00000003477,-0.40107991636298046,0.7169447855967217,0.023160555965266533,0.5227188530204679,False,1.118024701959702,0.15793243461687062
ENSRNOG00000003478,2.048322184920088,0.9401418786998555,0.01702805353813332,0.14669833919152886,True,-1.1081803062202322,1.4942320318099718
ENSRNOG00000003479,0.0331095880283757,-1.2183283584555575,0.17411680911900707,0.005139067671924558,False,-1.2514379464839331,-0.592609385213591
ENSRNOG00000003480,-0.8980875899315026,0.9936701765057447,0.1047935642699957,0.2574819902636736,False,1.8917577664372474,0.04779129328712106
ENSRNOG00000003481,1.6008232567902285,1.5726685916697523,0.006886031809631124,0.038954931349700433,True,-0.028154665120476263,1.5867459242299904
ENSRNOG00000003482,1.7545532671558468,0.7922049990699389,0.00559265016496219,0.2628340261701496,True,-0.9623482680859079,1.273379133112893
ENSRNOG00000003483,2.3580714471605106,0.40042500637465595,0.0027719285302450995,0.19552723834351562,True,-1.9576464407858547,1.3792482267675834
ENSRNOG00000003484,1.5738163712034972,3.219972024471313,0.011992997776306788,0.040796033896051805,True,1.6461556532678157,2.3968941978374048
ENSRNOG00000003485,1.9464746290868638,1.2979283380951296,0.0005750513737462435,0.04720402630288932,True,-0.6485462909917341,1.6222014835909966
ENSRNOG00000003486,1.3192354033875622,2.3642745398965115,0.0033080027538576182,0.04152309704666037,True,1.0450391365089493,1.841754971642037
ENSRNOG00000003487,0.47795156840964953,1.2633222883584736,0.017481897792136786,0.048068540738935656,True,0.785370719948824,0.8706369283840616
ENSRNOG00000003488,0.16111619957486537,-0.43738762403548737,0.06315142977935423,0.013718087915140816,False,-0.5985038236103527,-0.13813571223031101
ENSRNOG00000003489,-0.42706749437532365,-0.8289940669144904,0.0257857151391239,0.01832791189830386,True,-0.40192657253916675,-0.628030780644907
ENSRNOG00000003490,-2.1822629275075065,0.03469185212551129,0.004180102874121688,0.4123837042996824,False,2.216954779633018,-1.0737855376909975
ENSRNOG00000003491,-1.7195607158756558,0.3663419124555305,0.02517754652119112,0.253802340015693,False,2.085902628331186,-0.6766094017100627
ENSRNOG00000003492,-0.5076260674833775,-2.3159475008154677,0.008505963683995444,0.03888992534020985,True,-1.8083214333320903,-1.4117867841494225
ENSRNOG00000003493,0.4346138872843727,0.8728067173846754,0.10299917389314546,0.10517932024429316,True,0.4381928301003027,0.6537103023345241
ENSRNOG00000003494,2.593462676407674,1.6362790749974179,0.004277145719853816,0.0038826420091876397,True,-0.9571836014102562,2.114870875702546
ENSRNOG00000003495,-0.07523501017592256,-1.1361491280050586,0.2608263797710454,0.054459005358626765,True,-1.0609141178291361,-0.6056920690904906
ENSRNOG00000003496,1.8062573235797952,1.503088379487318,0.001400843378204679,0.03519031549700077,True,-0.3031689440924772,1.6546728515335567
ENSRNOG00000003497,1.9427681815778173,-0.09599426706279823,0.019515174498662715,0.3535022027537925,False,-2.0387624486406155,0.9233869572575095
ENSRNOG00000003498,-0.4166042358398238,-0.7730690027494852,0.14602971228017825,0.40169505002615735,True,-0.3564647669096614,-0.5948366192946545
ENSRNOG00000003499,1.070442380466331,-0.11049660069136091,0.006417371320849023,0.09361777847388104,False,-1.1809389811576918,0.47997288988748504
ENSRNOG00000003500,-0.4383504751047507,-0.822859150435029,0.3899015980339303,0.6343130880448041,True,-0.38450867533027827,-0.6306048127698899
ENSRNOG00000003501,2.3798446093412586,1.5432419160069655,0.021653724961987784,0.008743155418029145,True,-0.8366026933342932,1.961543262674112
ENSRNOG00000003502,1.144518008878678,-0.28807274896325985,0.030534680003078483,0.09471185433066841,False,-1.432590757841938,0.42822262995770904
ENSRNOG00000003503,-2.14287075843904,0.1946858645784153,0.017863175637652454,0.26851275718788215,False,2.337556623017455,-0.9740924469303123
ENSRNOG00000003504,0.29074437387692414,0.71565356930014,0.3026940236582077,0.19070830985394366,True,0.42490919542321587,0.5031989715885321
ENSRNOG00000003505,2.9666018912829832,3.9015804658735864,0.02132510142274353,0.004679697531972906,True,0.9349785745906032,3.434091178578285
ENSRNOG00000003506,-0.3262158621840621,-0.38991075381708273,0.4328338218797039,0.02773627839650868,True,-0.06369489163302061,-0.3580633080005724
ENSRNOG00000003507,0.8058870541711226,-0.028226263575601096,0.0887558286003631,0.26871846920698056,False,-0.8341133177467237,0.38883039529776076
ENSRNOG00000003508,0.9825819079304615,2.5144920926103937,0.19178463237694818,0.01561403138785086,True,1.5319101846799321,1.7485370002704277
ENSRNOG00000003509,-1.865921218496281,-1.8757891554451556,0.03928684736848287,0.020023326579867797,True,-0.009867936948874556,-1.8708551869707182
ENSRNOG00000003510,0.9192743085843251,0.4378999067487602,0.23193491905086822,0.015885017478401035,True,-0.4813744018355649,0.6785871076665426
ENSRNOG00000003511,-2.5089032736623262,-0.9500044450682015,0.023136732151267946,0.5483854916707592,True,1.5588988285941248,-1.7294538593652637
ENSRNOG00000003512,-1.126123391522513,-2.0653760049474514,0.000649059283985269,0.0020588754229146048,True,-0.9392526134249384,-1.5957496982349824
ENSRNOG00000003513,1.9363013414895456,2.0635443312462236,0.031010288067680695,0.005072288405705568,True,0.12724298975667803,1.9999228363678845
ENSRNOG00000003514,0.6421613225550444,1.049184118810263,0.06608680343616,0.0025349524214988836,True,0.40702279625521864,0.8456727206826538
ENSRNOG00000003515,-0.5480600539437486,0.9601107472579751,0.24861167735379747,0.03392584058661769,False,1.5081708012017236,0.20602534665711325
ENSRNOG00000003516,0.8036298382413374,1.4810150181647574,0.28720704233004857,0.0036052348735506955,True,0.6773851799234201,1.1423224282030473
ENSRNOG00000003517,-0.10816604595923661,1.2914243592691688,0.018097681632849267,0.006257198891085917,False,1.3995904052284054,0.5916291566549661
ENSRNOG00000003518,0.02264130423329985,-0.1005469086551868,0.42733536662599036,0.1846217314983867,False,-0.12318821288848665,-0.03895280221094347
ENSRNOG00000003519,1.1822733480962477,-0.10185795793696517,0.005459215536019993,0.06517022992656397,False,-1.284131306033213,0.5402076950796413
ENSRNOG00000003520,-1.3092619331864375,1.3251865702207533,0.014143722966953057,0.012176743307872549,False,2.6344485034071905,0.007962318517157896
ENSRNOG00000003521,0.07260552999844325,-1.5536586358991238,0.055675250028924754,0.0011222941433571732,False,-1.626264165897567,-0.7405265529503403
ENSRNOG00000003522,-0.5620827502919752,-1.8800550030160414,0.001526643229839956,0.027851794192861323,True,-1.3179722527240663,-1.2210688766540083
ENSRNOG00000003523,-2.85408607428046,-1.3473940879764403,0.008878988545540867,0.06556854558008415,True,1.5066919863040198,-2.1007400811284502
ENSRNOG00000003524,-1.6568203612487395,0.5795975049370743,0.000640964553064273,0.2552477525644144,False,2.236417866185814,-0.5386114281558326
ENSRNOG00000003525,2.822771604714898,2.118513079416004,0.007444322069186716,0.00877045520955185,True,-0.704258525298894,2.4706423420654513
ENSRNOG00000003526,0.6925019662534213,1.5201702217396427,0.0573791464962322,0.02444860710123647,True,0.8276682554862214,1.106336093996532
ENSRNOG00000003527,-2.3824589425225007,-3.715664944760857,0.02493828517923072,0.037022094265516226,True,-1.3332060022383563,-3.0490619436416786
ENSRNOG00000003528,-2.7726378765271393,-2.409915966328649,0.012270200475639734,0.03390185999396813,True,0.3627219101984904,-2.591276921427894
ENSRNOG00000003529,-0.2018950201990511,-2.1049338112357767,0.03102973132356046,0.044630017646915855,True,-1.9030387910367257,-1.153414415717414
ENSRNOG00000003530,2.810135759717668,2.7303238227481073,0.005045780084255012,0.0017448722699961118,True,-0.0798119369695609,2.7702297912328877
ENSRNOG00000003531,-0.33616464264783474,-1.8531848499189931,0.17667592652127853,0.04437325068626604,True,-1.5170202072711585,-1.0946747462834139
ENSRNOG00000003532,2.352599196127229,0.25805766503223593,0.0021262123501566226,0.11469623612454441,True,-2.094541531094993,1.3053284305797324
ENSRNOG00000003533,0.6334753874735833,0.9704897286915097,0.042466090421338434,0.044007635144554226,True,0.3370143412179264,0.8019825580825466
ENSRNOG00000003534,0.8482508241226085,1.6917261300219897,0.0052393556238728356,0.040053667005561594,True,0.8434753058993811,1.2699884770722991
ENSRNOG00000003535,-2.404296916748225,-1.8018384170294703,0.012239055316446054,0.025715249274682866,True,0.6024584997187545,-2.1030676668888475
ENSRNOG00000003536,1.6875412591495638,1.7462091855356388,0.016302262447937203,0.1271691002940336,True,0.05866792638607499,1.7168752223426011
ENSRNOG00000003537,-0.602877667092493,0.1547207615938515,0.01135042771665835,0.11575919493455916,False,0.7575984286863445,-0.22407845274932076
ENSRNOG00000003538,1.5535664164996348,0.8302269608051559,0.008549481820266125,0.6036823876116897,True,-0.7233394556944789,1.1918966886523954
ENSRNOG00000003539,-1.4655059675750035,-2.145984814981564,0.09140893441128652,0.011362744859426382,True,-0.6804788474065604,-1.8057453912782837
ENSRNOG00000003540,0.3186888255178425,0.8098443785810074,0.024790241095327986,0.011644447091453704,True,0.49115555306316494,0.5642666020494249
ENSRNOG00000003541,0.6336053170877367,1.0746020909334977,0.54804248099738,0.05886612403981528,True,0.44099677384576097,0.8541037040106172
ENSRNOG00000003542,-0.27725996983655976,0.750188843755911,0.18700861670765026,0.30067187044539495,False,1.0274488135924709,0.23646443695967562
ENSRNOG00000003543,0.7281813475550821,0.8228330616202981,0.025159314940319675,0.5504526757632626,True,0.094651714065216,0.7755072045876901
ENSRNOG00000003544,-0.4795147353465158,-1.5529949291889236,0.07145491076197452,0.020315166084065663,True,-1.073480193842408,-1.0162548322677196
ENSRNOG00000003545,-1.168307555474303,-0.069591968284887,0.025490068149683975,0.21628754477571024,True,1.098715587189416,-0.6189497618795949
ENSRNOG00000003546,2.8898700890291362,1.9636615263000543,0.003446813885585994,0.0012869800019766865,True,-0.9262085627290819,2.4267658076645953
ENSRNOG00000003547,1.888115159450596,0.7770439918868952,0.0033293099845864414,0.6927995391562453,True,-1.1110711675637008,1.3325795756687455
ENSRNOG00000003548,-1.3695565410867183,-1.2406660769923663,0.006384604936466591,0.002019426150802847,True,0.128890464094352,-1.3051113090395423
ENSRNOG00000003549,1.0231997500703032,-0.028994207262092564,0.005292619489906964,0.21326847002930843,False,-1.0521939573323957,0.4971027714041053
ENSRNOG00000003550,-1.3368219384620754,0.024247049642939,0.005236735726161345,0.021661774181957104,False,1.3610689881050144,-0.6562874444095682
ENSRNOG00000003551,-2.1324323585921836,-2.9390744741017065,0.045413023657019165,0.10053519704363065,True,-0.8066421155095229,-2.535753416346945
ENSRNOG00000003552,1.8608569945181572,0.22222252472560777,0.02513518520471515,0.5118799863816899,True,-1.6386344697925495,1.0415397596218825
ENSRNOG00000003553,-3.06737932616533,-2.431029470697704,0.004521208629883324,0.0034132594184736703,True,0.6363498554676261,-2.749204398431517
ENSRNOG00000003554,1.6683406444377742,2.828910028868636,0.01773383289407525,0.003716977227768368,True,1.1605693844308618,2.248625336653205
ENSRNOG00000003555,-0.4549001626315053,0.7976624659580678,0.19427336033883857,0.0495665847093799,False,1.252562628589573,0.17138115166328124
ENSRNOG00000003556,-0.3807838855449516,-1.981815885580154,0.05749860349814349,0.07230655388231003,True,-1.6010320000352025,-1.1812998855625527
ENSRNOG00000003557,0.7375521953219215,1.920449936009017,0.8192763851712118,0.007467826470440116,True,1.1828977406870955,1.3290010656654694
ENSRNOG00000003558,1.0461578615896543,2.128278573713833,0.007088407608265275,0.024203560908119252,True,1.082120712124179,1.5872182176517438
ENSRNOG00000003559,-1.487417718292035,-2.2441527907623593,0.006902132432932792,0.02566753849353457,True,-0.7567350724703243,-1.8657852545271971
ENSRNOG00000003560,1.2919060957501143,-1.7690350390161895,0.0096446985614752,0.0005271311910003553,False,-3.0609411347663036,-0.23856447163303762
ENSRNOG00000003561,0.20406696844540212,0.0629328350782689,0.19715132979877828,0.032316964490532195,True,-0.1411341333671332,0.13349990176183552
ENSRNOG00000003562,-2.2608986271624687,-0.3588654367056656,0.0828089246978785,0.14815989664529133,True,1.902033190456803,-1.3098820319340672
ENSRNOG00000003563,-0.30577407044353055,1.4628987003886116,0.12311642397456558,0.007537095852173695,False,1.7686727708321421,0.5785623149725405
ENSRNOG00000003564,2.4863022280060667,0.7763168874648128,0.005218539916409617,0.044443100552371426,True,-1.709985340541254,1.6313095577354397
ENSRNOG00000003565,3.017870636842254,3.8917300929488468,0.005343108519058514,0.0010898253769720972,True,0.8738594561065929,3.4548003648955503
ENSRNOG00000003566,1.291227223695619,-1.4612945034945155,0.010684866880943158,0.008839092019993985,False,-2.7525217271901345,-0.08503363989944823
ENSRNOG00000003567,-2.142618278703066,-1.843433574038837,0.002217344601319987,0.011993331550949391,True,0.2991847046642291,-1.9930259263709516
ENSRNOG00000003568,0.8830924244205989,0.1624316459294728,0.07133646289860798,0.006696762161326131,True,-0.7206607784911261,0.5227620351750358
ENSRNOG00000003569,1.531549626946547,2.2514076224941704,0.010350192254417797,0.02264880045318315,True,0.7198579955476234,1.8914786247203588
ENSRNOG00000003570,1.3062743699736998,2.251484160818885,0.05912864980355441,0.016086538402734846,True,0.9452097908451851,1.7788792653962924
ENSRNOG00000003571,1.4129177196382527,1.962718887559077,0.09655852125497463,0.0038605685099449157,True,0.5498011679208243,1.687818303598665
ENSRNOG00000003572,0.6538735426455555,-0.9734435421842116,0.3370363815571891,0.18425419907108373,False,-1.6273170848297671,-0.15978499976932803
ENSRNOG00000003573,-0.13034220989497866,0.8171172806602826,0.15629653988376682,0.27348961401408234,False,0.9474594905552612,0.34338753538265193
ENSRNOG00000003574,-1.095061492627233,-0.210147747963352,0.031619914788126445,0.1334039575982623,True,0.8849137446638811,-0.6526046202952925
ENSRNOG00000003575,-3.4162839333026933,-4.077869179189403,0.0009545131689727092,0.005525528999888,True,-0.6615852458867093,-3.747076556246048
ENSRNOG00000003576,0.6113551800840316,-1.75464299778463,0.028116084742749542,0.027632892891723028,False,-2.3659981778686614,-0.5716439088502993
ENSRNOG00000003577,0.3348951185739394,1.3176174351520937,0.023536507137096072,0.028283455430683,True,0.9827223165781543,0.8262562768630166
ENSRNOG00000003578,1.0036365170846693,0.49336856558936837,0.010401502328861941,0.018885057381839432,True,-0.5102679514953009,0.7485025413370188
ENSRNOG00000003579,-2.4075786479272097,-2.986594677668122,0.008168136890696072,0.004701795839747715,True,-0.5790160297409122,-2.6970866627976657
ENSRNOG00000003580,1.1610300407671086,0.5709199025774269,0.006985896410146057,0.0031309556941499267,True,-0.5901101381896817,0.8659749716722678
ENSRNOG00000003581,3.698181170317399,2.897006330984694,0.003638814579820631,0.003869563651970529,True,-0.8011748393327047,3.297593750651046
ENSRNOG00000003582,0.1412102354002404,0.009029277071239072,0.14294540754664684,0.038966677506902005,True,-0.13218095832900134,0.07511975623573974
ENSRNOG00000003583,-0.11099757457177349,-1.7050638114911967,0.01909129766176868,0.014706104553559914,True,-1.5940662369194232,-0.9080306930314851
ENSRNOG00000003584,0.5562042409542618,2.3580536325912136,0.004724607192050148,0.08565308157096539,True,1.8018493916369518,1.4571289367727376
ENSRNOG00000003585,3.658206644478608,3.54200938568274,0.005788975750568053,0.006733367835314195,True,-0.11619725879586795,3.600108015080674
ENSRNOG00000003586,-1.8425659710598037,-1.605091184577807,0.004039983810650921,0.020338670589722163,True,0.2374747864819966,-1.7238285778188054
ENSRNOG00000003587,0.3657724801090289,-0.061124102223262367,0.06825789340617784,0.2753249024518532,False,-0.4268965823322913,0.15232418894288327
ENSRNOG00000003588,-1.4393833601357595,-0.6013189204434817,0.004071957890144544,0.0005856123159484181,True,0.8380644396922778,-1.0203511402896206
ENSRNOG00000003589,-0.984608497520991,-1.855636243841622,0.07279879449185109,0.05165343287736993,True,-0.8710277463206311,-1.4201223706813066
ENSRNOG00000003590,-0.08926255418749082,0.2781117215163234,0.38737541302201034,0.05932191792248042,False,0.3673742757038142,0.09442458366441629
ENSRNOG00000003591,2.425181834904406,0.2518545890311923,0.002247803083550937,0.15237696383269891,True,-2.173327245873214,1.338518211967799
ENSRNOG00000003592,3.2417830812397264,2.1303515675555897,0.003916445627091841,0.05673395490466565,True,-1.1114315136841366,2.686067324397658
ENSRNOG00000003593,0.8066558603280714,-0.6784740898266133,0.07923490027681769,0.034655427758969286,False,-1.4851299501546846,0.06409088525072903
ENSRNOG00000003594,-0.6778705014422736,-1.6349401224237965,0.9558003445000836,0.011243783553443848,True,-0.9570696209815229,-1.156405311933035
ENSRNOG00000003595,4.486929959949333,4.779121117064667,5.4518365470140115e-05,0.001849241470491404,True,0.29219115711533394,4.633025538507001
ENSRNOG00000003596,-0.7695980663931363,-0.4611394961485509,0.06397482179104332,0.18851080479056187,True,0.30845857024458545,-0.6153687812708436
ENSRNOG00000003597,-1.0280446458475272,-0.4812935495050925,0.023753907545577064,0.1312861594825112,True,0.5467510963424347,-0.7546690976763099
ENSRNOG00000003598,-3.1948974802417083,-4.284479140699751,0.013928973645977416,0.01984902934940269,True,-1.0895816604580424,-3.7396883104707292
ENSRNOG00000003599,2.5129648246405383,1.0819642343084659,0.009231759522888544,0.016568878477489835,True,-1.4310005903320724,1.7974645294745022
ENSRNOG00000003600,1.7428420662683293,1.6694053297020286,0.002292581406988139,0.004042950438037544,True,-0.07343673656630068,1.7061236979851788
ENSRNOG00000003601,4.352049965009603,3.16323705545141,0.0010292966254666208,0.005613163110292336,True,-1.1888129095581927,3.7576435102305066
ENSRNOG00000003602,-2.5011420339926267,-3.962507895536377,0.035985512939535266,0.04436174640535971,True,-1.4613658615437504,-3.2318249647645017
ENSRNOG00000003603,2.6247074534623973,2.0022958808443656,0.018618425078126846,0.020304372975937967,True,-0.6224115726180317,2.3135016671533815
ENSRNOG00000003604,0.1262439330590293,0.4707326182073137,0.0266414738760613,0.3289730202531208,True,0.3444886851482844,0.2984882756331715
ENSRNOG00000003605,1.4509803902402454,2.3346167634720016,0.006687703399601115,0.012245752419678435,True,0.8836363732317563,1.8927985768561235
ENSRNOG00000003606,-2.9659988539880477,-2.7048718955971327,0.02604040302524805,0.06298984047336051,True,0.26112695839091504,-2.8354353747925902
ENSRNOG00000003607,2.642547280797535,-0.5572400052001307,0.015150447094059116,0.1261395130221412,False,-3.1997872859976657,1.0426536377987021
ENSRNOG00000003608,1.4157301523972947,-0.08391278576525285,0.019991049878532712,0.08489805501594747,False,-1.4996429381625476,0.6659086833160209
ENSRNOG00000003609,-0.07003806261519155,-1.1995441733903154,0.139188192331867,0.011543058371937373,True,-1.1295061107751239,-0.6347911180027535
ENSRNOG00000003610,1.1612028377900185,1.5631622513661856,0.010383479421928387,0.028403392452956852,True,0.40195941357616705,1.362182544578102
ENSRNOG00000003611,-1.3778915418760485,-3.7895396662907967,0.0010217875354982338,0.0005722720780546727,True,-2.4116481244147483,-2.5837156040834226
ENSRNOG00000003612,-1.0429921540470588,-1.1800089478282532,0.0011568569126342294,0.028517705991409046,True,-0.13701679378119436,-1.1115005509376559
ENSRNOG00000003613,-0.8342003045257133,0.9298290401786323,0.40119154007492563,0.013113412434755986,False,1.7640293447043456,0.047814367826459536
ENSRNOG00000003614,-3.3349101510425005,-2.260165816733584,0.023700207127278602,0.0340376765384522,True,1.0747443343089165,-2.7975379838880423
ENSRNOG00000003615,1.5511652895660608,1.9959250538901665,0.0011079871878870071,0.08289181545264226,True,0.4447597643241057,1.7735451717281137
ENSRNOG00000003616,2.144868505528619,-0.26537766646918093,0.01813062014123426,0.06753067563343788,False,-2.4102461719978,0.9397454195297191
ENSRNOG00000003617,-1.262419469574915,-2.540534228177581,0.006987375653561378,0.018026439550021752,True,-1.278114758602666,-1.901476848876248
ENSRNOG00000003618,0.6267654287006739,1.9353050722539544,0.0245057024306907,0.06763862059864885,True,1.3085396435532806,1.2810352504773141
ENSRNOG00000003619,-0.4779728543326254,-0.21874540690106942,0.04748545305523371,0.029328436511905774,True,0.25922744743155596,-0.3483591306168474
ENSRNOG00000003620,0.5908931317458549,0.5102454099067827,0.34431440430832133,0.6908948291602475,True,-0.0806477218390722,0.5505692708263188
ENSRNOG00000003621,-1.1296390341798526,-1.9422150127546463,0.01687212482465593,0.056780204280400114,True,-0.8125759785747937,-1.5359270234672495
ENSRNOG00000003622,-1.5901652809577445,-0.9754915756535233,0.00010882658515395157,0.06772314848909215,True,0.6146737053042212,-1.282828428305634
ENSRNOG00000003623,1.8937347948427365,0.08450521373595965,0.01923479200480563,0.13582721681840873,True,-1.809229581106777,0.9891200042893481
ENSRNOG00000003624,-0.11496705322408667,1.1680363751585536,0.000554270681994193,0.01900714210036333,False,1.2830034283826404,0.5265346609672334
ENSRNOG00000003625,3.6397961115362563,5.339283601206235,0.03327133946808664,0.050273990829418067,True,1.6994874896699788,4.489539856371246
ENSRNOG00000003626,0.08335793662945194,0.5648215032566232,0.14631731743650114,0.10026618774392779,True,0.4814635666271712,0.32408971994303754
ENSRNOG00000003627,-1.666940472630886,-1.8002132261236234,0.015352545404498099,0.025462507248892804,True,-0.13327275349273737,-1.7335768493772548
ENSRNOG00000003628,2.20849357758469,-1.1585656142618022,0.00024750836216682416,0.0036779902085755565,False,-3.3670591918464923,0.524963981661444
ENSRNOG00000003629,1.1354402954628358,-0.9965879193547298,0.0010688411017032553,0.21156767345730657,False,-2.1320282148175655,0.06942618805405298
ENSRNOG00000003630,1.3083711546535624,2.5222973077429156,0.010808929249477604,0.008631231431101054,True,1.2139261530893533,1.9153342311982389
ENSRNOG00000003631,2.1430812219622535,0.3766437954997057,0.005198965933839581,0.12007700354865682,True,-1.7664374264625478,1.2598625087309796
ENSRNOG00000003632,-1.1750333289224302,-1.1883992894380904,0.010520002521848778,0.021713715709658184,True,-0.013365960515660191,-1.1817163091802603
ENSRNOG00000003633,-0.2290559561735176,0.5323342231101453,0.08595083177207456,0.005118510743412155,False,0.7613901792836629,0.15163913346831387
ENSRNOG00000003634,-0.3086096966780278,1.3465496955888232,0.2694901490588426,0.007841612389889523,False,1.655159392266851,0.5189699994553977
ENSRNOG00000003635,-2.323343766448113,-1.7894400284067469,0.002175407028630223,0.05927903101740606,True,0.533903738041366,-2.05639189742743
ENSRNOG00000003636,-0.4744622702848383,-0.7475345569430265,0.06804575157247861,0.09145074095530434,True,-0.2730722866581882,-0.6109984136139324
ENSRNOG00000003637,2.4054830241782836,1.7109305363774507,0.005902308250191576,0.02204825365044399,True,-0.6945524878008329,2.0582067802778674
ENSRNOG00000003638,0.42720858682892465,-0.36851786842750933,0.30990889863062365,0.015122550457800542,False,-0.795726455256434,0.02934535920070766
ENSRNOG00000003639,-2.422910390120978,-2.250089228739868,0.014347085781356366,0.1148675143868629,True,0.17282116138111014,-2.336499809430423
ENSRNOG00000003640,-2.800510940996883,-1.4718733164673132,0.003911776403910301,0.07894679778875988,True,1.32863762452957,-2.136192128732098
ENSRNOG00000003641,2.9965969057468884,2.232241989634095,0.0069572788080496115,0.018544678885837593,True,-0.7643549161127936,2.6144194476904916
ENSRNOG00000003642,-0.16257421845923398,2.127635103334234,0.04028319652885009,0.0007836324786197525,False,2.290209321793468,0.9825304424374999
ENSRNOG00000003643,-1.1653383702629112,-0.33163883431157865,0.008420831731849257,0.31778840073190723,True,0.8336995359513326,-0.7484886022872449
ENSRNOG00000003644,-0.4931851768146056,0.8733369052645876,0.09974847930990578,0.08960154677211456,False,1.3665220820791932,0.190075864224991
ENSRNOG00000003645,-2.659153957771198,-2.933074126843702,0.01768390799957795,0.007895975127725509,True,-0.2739201690725044,-2.79611404230745
ENSRNOG00000003646,2.5615712691209156,2.2932836175340077,0.01051564919885328,0.019160340357900676,True,-0.2682876515869079,2.4274274433274616
ENSRNOG00000003647,-0.7074952876548533,-1.2402272095364122,0.3667618550785132,0.07984521122159757,True,-0.5327319218815589,-0.9738612485956327
ENSRNOG00000003648,2.4613227499291597,2.0889253964132144,0.013044997870054984,0.011084425137661164,True,-0.3723973535159453,2.2751240731711873
ENSRNOG00000003649,0.09297308600516728,0.786162026504097,0.03306387452721452,0.03772871824756305,True,0.6931889404989297,0.4395675562546321
ENSRNOG00000003650,2.573157554223192,1.8021094230733181,0.016494558478560354,0.05550858762335846,True,-0.7710481311498738,2.187633488648255
ENSRNOG00000003651,0.4620500982775537,2.841886074377269,0.13010121390395724,0.018378922396518872,True,2.379835976099715,1.6519680863274113
ENSRNOG00000003652,1.5358187931643368,2.5437355369156243,0.0018384733382291007,0.012158748132241982,True,1.0079167437512875,2.0397771650399807
ENSRNOG00000003653,1.2943674829590062,2.116277487882676,0.0007928673152464843,0.01831018893138708,True,0.8219100049236696,1.705322485420841
ENSRNOG00000003654,1.1219239192535473,1.5654087670809265,0.0034780760853640133,0.010912601132188037,True,0.4434848478273792,1.3436663431672369
ENSRNOG00000003655,0.6262820589288791,2.277400658688184,0.07189458124413843,0.01636034130866088,True,1.651118599759305,1.4518413588085317
ENSRNOG00000003656,-0.4191312890080528,-1.7938270388681525,0.015252635643783949,0.037134656755945336,True,-1.3746957498600998,-1.1064791639381026
ENSRNOG00000003657,3.4477824448311485,3.783289336375286,0.0011005022682778478,0.00566986540638119,True,0.3355068915441377,3.6155358906032173
ENSRNOG00000003658,-1.6324865731726212,-2.1508973973568817,0.011467875712297093,0.01094414195985924,True,-0.5184108241842604,-1.8916919852647514
ENSRNOG00000003659,0.007753756217687446,-0.5872835207920387,0.016801448397478543,0.25264313899797236,False,-0.5950372770097262,-0.2897648822871756
ENSRNOG00000003660,0.02679457537367181,0.6076823775188482,0.4586202268243781,0.08385377615926229,True,0.5808878021451764,0.31723847644626
ENSRNOG00000003661,0.7243933560183387,1.78746865587873,0.1171497538174003,0.036136369372178595,True,1.0630752998603914,1.2559310059485345
ENSRNOG00000003662,-0.7730507626101021,-1.7369299818409296,0.026523786097937645,0.0034735630638383468,True,-0.9638792192308275,-1.2549903722255158
ENSRNOG00000003663,0.566543350061258,-0.15292264351996204,0.5806962655068998,0.1251992473585346,False,-0.71946599358122,0.20681035327064798
ENSRNOG00000003664,-0.3039166533653391,-0.10425464816205457,0.1274980458708654,0.011441562190054532,True,0.1996620052032845,-0.20408565076369684
ENSRNOG00000003665,-2.8475145313882186,-2.1319941862744884,0.03378397785883884,0.020034459913483443,True,0.7155203451137302,-2.4897543588313535
ENSRNOG00000003666,0.01719411526232362,0.908425662675327,0.10461582103786869,0.012829102998087209,True,0.8912315474130034,0.4628098889688253
ENSRNOG00000003667,-1.9810175994542731,2.2606320291548405,0.008963499910911681,0.01359636792099042,False,4.241649628609114,0.1398072148502837
ENSRNOG00000003668,-3.121894372408022,-1.6826014292852813,0.043456900354488286,0.029415298418076788,True,1.4392929431227406,-2.4022479008466515
ENSRNOG00000003669,0.24637197724089294,-0.6044233155466249,0.19050188220016312,0.1271197877289636,False,-0.8507952927875178,-0.17902566915286597
ENSRNOG00000003670,0.8781900156352196,-0.7641645365389959,0.1322536259607604,0.18660483390987298,False,-1.6423545521742153,0.05701273954811187
ENSRNOG00000003671,0.9480564757882375,0.30316179427111567,0.08379912623216391,0.10163005346570467,True,-0.6448946815171218,0.6256091350296766
ENSRNOG00000003672,1.0209072726354496,-0.29304543493812385,0.011894985055869204,0.011507739248916926,False,-1.3139527075735735,0.36393091884866285
ENSRNOG00000003673,-3.478660237693099,-1.8745616800571132,0.017240620682514113,0.0728219640544909,True,1.6040985576359859,-2.676610958875106
ENSRNOG00000003674,-2.449830470233445,-1.1912620021853049,0.015978234352331047,0.0012922869502883928,True,1.2585684680481402,-1.820546236209375
ENSRNOG00000003675,3.5523385862646077,1.929263623908729,0.009288764028492854,0.018593651512231867,True,-1.6230749623558787,2.7408011050866685
ENSRNOG00000003676,-1.884975768138665,0.8024192421386802,0.004573303096256464,0.29333226917997784,False,2.687395010277345,-0.5412782629999924
ENSRNOG00000003677,1.0995138560460405,-0.024550263090581392,0.003466577025082814,0.03047500697213074,False,-1.1240641191366219,0.5374817964777295
ENSRNOG00000003678,-1.2364877189985228,-0.9662142702120786,0.005388844468818273,0.3660568978603499,True,0.2702734487864442,-1.1013509946053008
ENSRNOG00000003679,0.14341093068161603,0.7686402320478074,0.04236481639699722,0.05499502402400495,True,0.6252293013661914,0.4560255813647117
ENSRNOG00000003680,-1.1398575640924693,0.16155449487544082,4.185287270839062e-05,0.009905940128962938,False,1.3014120589679101,-0.48915153460851424
ENSRNOG00000003681,1.0107740783153607,2.0287817208748047,0.012987053253926373,0.00018510042880186335,True,1.018007642559444,1.5197778995950828
ENSRNOG00000003682,0.2461934111700583,0.6173328225385406,0.19711652928970366,0.02425328758393372,True,0.3711394113684823,0.43176311685429947
ENSRNOG00000003683,-0.8069215925596205,0.5547516528868547,0.3592032566046866,0.2754311369366718,False,1.3616732454464753,-0.1260849698363829
ENSRNOG00000003684,-1.8903098154252787,-1.9837742551185258,0.06181227092994953,0.01634803973227459,True,-0.09346443969324714,-1.9370420352719022
ENSRNOG00000003685,0.48199355548651995,1.2917416760987348,0.2310751335071544,0.019204107342440775,True,0.8097481206122148,0.8868676157926274
ENSRNOG00000003686,-2.1828938382766623,-0.534402202363911,0.009137211332209213,0.10400522848158143,True,1.6484916359127513,-1.3586480203202866
ENSRNOG00000003687,0.7694658758175092,2.111767804047119,0.05822817163671693,0.020736238662192118,True,1.3423019282296098,1.4406168399323143
ENSRNOG00000003688,4.72767283626642,1.4629597368211957,0.01646853611476882,0.003972096081432063,True,-3.264713099445224,3.0953162865438077
ENSRNOG00000003689,2.4303060922716218,0.7000658713635821,0.02924265222466148,0.03736426237038389,True,-1.7302402209080396,1.565185981817602
ENSRNOG00000003690,1.2930261964094931,1.7435558313941224,0.009108849463907673,0.04476680588710367,True,0.4505296349846293,1.5182910139018078
ENSRNOG00000003691,-0.15409313593406582,-2.8887160363106315,0.06170496656320583,0.006814703821613007,True,-2.7346229003765656,-1.5214045861223486
ENSRNOG00000003692,-3.4897547286063455,-1.8564267329745474,0.026114707515385083,0.004669416055210928,True,1.633327995631798,-2.6730907307904466
ENSRNOG00000003693,-2.380115512620332,-0.5056839024038902,0.0004475690062763006,0.2814883618323233,True,1.8744316102164418,-1.442899707512111
ENSRNOG00000003694,2.3090271409848846,0.9649444459417597,0.02512340881891396,0.22081604881178918,True,-1.344082695043125,1.636985793463322
ENSRNOG00000003695,-1.4215609442246038,-1.4183609421902381,0.002729486879853172,0.041501682194243834,True,0.0032000020343656566,-1.419960943207421
ENSRNOG00000003696,-1.258653776695284,-1.9837287827546923,0.001724263785290406,0.0021030332599799796,True,-0.7250750060594082,-1.621191279724988
ENSRNOG00000003697,-0.2981708562312386,-0.7503806579552159,0.13651587555175598,0.020898625200340228,True,-0.4522098017239773,-0.5242757570932273
ENSRNOG00000003698,-1.9116832659237986,-1.8171415478880286,0.03212884023499492,0.02358218890325674,True,0.09454171803576994,-1.8644124069059136
ENSRNOG00000003699,-2.2081837221929455,-2.2185482692800003,0.008816794772402055,0.017389730410697045,True,-0.01036454708705481,-2.213365995736473
ENSRNOG00000003700,-0.09085333100655929,-0.8363423517581821,0.13799488413746017,0.07863090347591963,True,-0.7454890207516227,-0.4635978413823707
ENSRNOG00000003701,-1.6047530184096652,-1.3757870766513856,0.04197279329111226,0.02793950094232387,True,0.22896594175827967,-1.4902700475305255
ENSRNOG00000003702,-1.3338334436020107,-1.204266273088295,0.003317431602509837,0.056157696850648114,True,0.1295671705137158,-1.2690498583451528
ENSRNOG00000003703,-1.4061438470646108,1.0116606788501739,0.01243330051794174,0.028132351821880258,False,2.417804525914785,-0.19724158410721848
ENSRNOG00000003704,0.9402483849020435,0.22547450146052894,0.22494063299542777,0.4927927870762706,True,-0.7147738834415146,0.5828614431812862
ENSRNOG00000003705,-0.4178262428916431,0.07723588183513408,0.2110703543131542,0.05085504003466516,False,0.4950621247267772,-0.17029518052825451
ENSRNOG00000003706,-0.32142954220893666,-0.8242992035021934,0.1555635964973117,0.03805476814682373,True,-0.5028696612932568,-0.572864372855565
ENSRNOG00000003707,1.07450261515599,0.11158621367254318,0.003553841993743119,0.027606653337071296,True,-0.9629164014834468,0.5930444144142666
ENSRNOG00000003708,-0.2556712948192923,-1.9634455450963724,0.0653496561318856,0.0397427227750372,True,-1.70777425027708,-1.1095584199578323
ENSRNOG00000003709,-0.5008567832229112,-1.9905171727932276,0.011606045543288363,0.060500462655420584,True,-1.4896603895703164,-1.2456869780080693
ENSRNOG00000003710,0.8468106400263076,-0.6915169584177605,0.19635632049018967,0.1890452581282628,False,-1.538327598444068,0.07764684080427353
ENSRNOG00000003711,1.2027561184037359,1.0107558370126148,0.0017132864329932173,0.0015910350636165577,True,-0.19200028139112102,1.1067559777081755
ENSRNOG00000003712,-0.2647322991154875,0.949964374650283,0.0014262563379781625,0.044045345043419656,False,1.2146966737657705,0.3426160377673978
ENSRNOG00000003713,0.14509399611693888,-1.7773338358807753,0.04230318666580108,0.0006560594584137328,False,-1.9224278319977142,-0.8161199198819182
ENSRNOG00000003714,-1.4072224135199904,-1.5334418826098515,0.009118688514533584,0.0947328227283701,True,-0.12621946908986104,-1.470332148064921
ENSRNOG00000003715,-1.549229477696146,-2.488711289651245,0.0032884293064673943,0.01066103872229403,True,-0.9394818119550992,-2.0189703836736954
ENSRNOG00000003716,1.384465503540254,0.6639455935671454,0.016585988378109876,0.018112570544305876,True,-0.7205199099731086,1.0242055485536996
ENSRNOG00000003717,0.8008957125803191,1.674167052947125,0.05286273173182049,0.026131028780504918,True,0.873271340366806,1.2375313827637222
ENSRNOG00000003718,0.819537189149837,0.08805876693351511,0.08659401923938403,0.04572471427060134,True,-0.7314784222163219,0.45379797804167604
ENSRNOG00000003719,0.50553782770594,0.29387290203035776,0.1976891018293829,0.505917927009651,True,-0.21166492567558226,0.3997053648681489
ENSRNOG00000003720,0.08316589646691643,1.584542625809433,0.07140422289010742,0.026182280461259977,True,1.5013767293425166,0.8338542611381747
ENSRNOG00000003721,1.2535414034809846,1.3332041314003744,0.010430585854729021,0.029330834871829903,True,0.07966272791938978,1.2933727674406796
ENSRNOG00000003722,1.683195769841011,0.3464766748842453,0.005033711090013282,0.13645320083241025,True,-1.3367190949567656,1.0148362223626282
ENSRNOG00000003723,1.6402104093431658,1.2822041284808643,0.010094025857672044,0.004165333698542311,True,-0.35800628086230146,1.461207268912015
ENSRNOG00000003724,-0.1814002487027763,-0.9922786310902932,0.02722930327114929,0.014133183960823553,True,-0.810878382387517,-0.5868394398965348
ENSRNOG00000003725,2.4965869138359085,2.1391852147812176,0.0018259635972617619,0.013396263218141299,True,-0.3574016990546909,2.317886064308563
ENSRNOG00000003726,0.4112292271181781,0.8207430362167585,0.5045818522679909,0.44574762371537646,True,0.4095138090985804,0.6159861316674683
ENSRNOG00000003727,1.1382771466184374,-0.6614892258228379,0.016996698867929354,0.0018798647663333618,False,-1.7997663724412751,0.23839396039779975
ENSRNOG00000003728,0.5077582035027836,0.5291824666369552,0.17551480639582676,0.6768629471317708,True,0.021424263134171673,0.5184703350698694
ENSRNOG00000003729,0.4446120734715134,0.1788842890649134,0.055962837357399264,0.15978128087697974,True,-0.26572778440659994,0.3117481812682134
ENSRNOG00000003730,-1.3243535824505754,-0.32864916903567387,0.006358684906834692,0.04872011532461929,True,0.9957044134149016,-0.8265013757431247
ENSRNOG00000003731,1.2624315090206868,1.731367829704157,0.018449938054247952,0.030743123389586555,True,0.46893632068347024,1.496899669362422
ENSRNOG00000003732,5.12152991083375,3.9839624236977857,0.02255526611186778,0.00845361079367996,True,-1.1375674871359647,4.552746167265768
ENSRNOG00000003733,-0.67463113462215,-0.777102192591802,0.011011827797233793,0.017168407835479158,True,-0.10247105796965206,-0.7258666636069759
ENSRNOG00000003734,0.1277904877649067,1.0668940535873368,0.02691236247817636,0.012853330387112049,True,0.93910356582243,0.5973422706761218
ENSRNOG00000003735,-0.8031694758250723,-1.4628711586868133,0.03896586565245564,0.007202595569835325,True,-0.659701682861741,-1.1330203172559428
ENSRNOG00000003736,-0.8784358228114821,-1.9838844525497823,0.15901683799150457,0.07808194271304914,True,-1.1054486297383002,-1.4311601376806322
ENSRNOG00000003737,2.780009060613611,-1.464644857571585,0.039143882761010634,0.008158954434819163,False,-4.244653918185196,0.6576821015210131
ENSRNOG00000003738,-1.2113478319094364,-0.8973645250224296,0.023012907462222763,0.0572428449652867,True,0.3139833068870068,-1.054356178465933
ENSRNOG00000003739,-0.8533448520594503,-1.4428982608685335,0.18171982208984835,0.010125636367978589,True,-0.5895534088090831,-1.148121556463992
ENSRNOG00000003740,-2.8574870827163426,-1.5254490163679946,0.0010480315964883538,0.02602969531426462,True,1.332038066348348,-2.1914680495421686
ENSRNOG00000003741,-1.3637011041760452,-2.9971055145862966,0.004738977719237748,0.022723900489566514,True,-1.6334044104102514,-2.180403309381171
ENSRNOG00000003742,-3.075119807316026,-2.770618947419373,0.03869490362728338,0.058622030227804225,True,0.304500859896653,-2.9228693773676993
ENSRNOG00000003743,1.137248458581472,1.2671123529931105,0.000763239886965851,0.03258626770216714,True,0.1298638944116386,1.2021804057872911
ENSRNOG00000003744,5.039454999307157,2.3455014458624373,0.02525081922370865,0.0021979143157803776,True,-2.69395355344472,3.692478222584797
ENSRNOG00000003745,-0.6600218285709398,-0.019095257384734,0.02801659855146708,0.457485059900663,True,0.6409265711862058,-0.33955854297783694
ENSRNOG00000003746,-3.0001642793824272,-2.6249854348014936,0.010586396387596583,0.0019206036330522472,True,0.37517884458093365,-2.8125748570919606
ENSRNOG00000003747,1.61999939597352,1.067150863992996,0.0005720325660259944,0.004211591974103421,True,-0.5528485319805239,1.343575129983258
ENSRNOG00000003748,-1.3084649260742824,-0.2648402429928137,0.027582130309903106,0.026474409608913528,True,1.0436246830814686,-0.7866525845335481
ENSRNOG00000003749,2.3388244749963727,2.5908375172686124,0.005500256334895531,0.04995038209861687,True,0.25201304227223975,2.4648309961324926
ENSRNOG00000003750,-0.5076522860219005,-0.24808652260825484,0.3170052826395815,0.29827268528061057,True,0.2595657634136457,-0.37786940431507765
ENSRNOG00000003751,-1.1372682403490053,-1.6280532130600058,0.01423819968808659,0.037957577362202684,True,-0.4907849727110005,-1.3826607267045055
ENSRNOG00000003752,-0.32032360034223567,-0.6987608537313528,0.5023029886253133,0.6659145680911507,True,-0.3784372533891171,-0.5095422270367942
ENSRNOG00000003753,1.3639981696851369,1.5963218866271993,0.025979281350665934,0.003532551692326523,True,0.23232371694206244,1.4801600281561682
ENSRNOG00000003754,-0.4093571353601816,-1.3506791147016606,0.001622384471965565,0.00034029144669819227,True,-0.941321979341479,-0.8800181250309211
ENSRNOG00000003755,-0.8941044650286698,-0.7949609626917115,0.08738312351162351,0.01575438393665171,True,0.09914350233695834,-0.8445327138601906
ENSRNOG00000003756,-0.3578968853619693,-0.6485481853256878,0.20357006145932202,0.04379542288334063,True,-0.2906512999637185,-0.5032225353438285
ENSRNOG00000003757,-2.289339332101593,-1.665280618313996,0.01266424736768613,0.026744019635114302,True,0.6240587137875968,-1.9773099752077945
ENSRNOG00000003758,0.7146568841291643,-0.5737799745040144,0.3633353370357492,0.19879749116867884,False,-1.2884368586331787,0.07043845481257494
ENSRNOG00000003759,-3.2161078689208384,-4.131494920688888,0.00925870295845343,0.0004396502218890514,True,-0.9153870517680494,-3.673801394804863
ENSRNOG00000003760,-0.7994186178579277,0.0031750866142347123,0.1842928203918376,0.27492424774749885,False,0.8025937044721624,-0.3981217656218465
ENSRNOG00000003761,1.3668933758953379,1.9418254902719108,0.0035543110176527552,0.034704907594471715,True,0.5749321143765729,1.6543594330836244
ENSRNOG00000003762,0.5454869092788902,-1.510852607063419,0.21556144338651945,0.00755840155962827,False,-2.0563395163423093,-0.48268284889226437
ENSRNOG00000003763,1.0625770313755025,1.109924850307869,0.008304494750897925,0.06535525050987029,True,0.04734781893236639,1.0862509408416856
ENSRNOG00000003764,-0.1170822108938564,1.057726157179613,0.044892814699794725,0.04164430451723775,False,1.1748083680734696,0.4703219731428783
ENSRNOG00000003765,2.1055431257739303,2.0574759246267122,0.02156301685927087,0.008610518342408207,True,-0.048067201147218075,2.081509525200321
ENSRNOG00000003766,1.6644585541856256,0.6943281292363557,0.04854884677348364,0.01215263857412232,True,-0.9701304249492699,1.1793933417109908
ENSRNOG00000003767,0.8030538076458142,-0.4445945990391419,0.053195697832955406,0.09496910964035324,False,-1.2476484066849562,0.17922960430333618
ENSRNOG00000003768,1.6695823991643775,1.2203430147492655,0.0009604476571839451,0.020893149849446308,True,-0.4492393844151119,1.4449627069568214
ENSRNOG00000003769,1.3507623979264383,1.1786927423792029,0.004383727828067872,0.0033213291698717473,True,-0.1720696555472354,1.2647275701528207
ENSRNOG00000003770,-0.7910343240244025,-0.4373054536229001,0.026187846658971354,0.08858389341770881,True,0.35372887040150247,-0.6141698888236513
ENSRNOG00000003771,-2.4190180410444007,-1.8340736295336364,0.03162426156814032,0.04717217298883524,True,0.5849444115107643,-2.1265458352890185
ENSRNOG00000003772,0.7566518265167229,-0.6222610682975237,0.2236351405474166,0.12714814030567764,False,-1.3789128948142466,0.0671953791095996
ENSRNOG00000003773,0.9829606154965717,1.112235924411963,0.029825660434569457,0.044615365883849796,True,0.1292753089153914,1.0475982699542674
ENSRNOG00000003774,1.9628495840494178,1.8291349362878042,0.037030350823652004,0.009888377295425842,True,-0.13371464776161357,1.895992260168611
ENSRNOG00000003775,-1.6853782950815284,-0.9351940089206839,0.01950709312532068,0.3206454370490643,True,0.7501842861608444,-1.3102861520011062
ENSRNOG00000003776,-1.631575906698894,-0.9929282892304279,0.04423383549876324,0.06556235471646965,True,0.6386476174684661,-1.3122520979646608
ENSRNOG00000003777,0.8278204793539867,2.3261298880941217,0.05140091313052933,0.045993144813016175,True,1.498309408740135,1.5769751837240542
ENSRNOG00000003778,-0.12810057993555596,-0.7427061181582439,0.15276746159407822,0.15257221560339465,True,-0.614605538222688,-0.4354033490468999
ENSRNOG00000003779,-3.3943708990280306,-0.9626653590095722,0.011749250803651893,0.017843863958378246,True,2.4317055400184584,-2.1785181290188014
ENSRNOG00000003780,0.6751946947575433,-0.3115933002478001,0.07662191231387759,0.07722689180599897,False,-0.9867879950053434,0.18180069725487163
ENSRNOG00000003781,-3.3343612469801185,-1.102967546342231,0.0020949308735135753,0.040123071662798285,True,2.2313937006378874,-2.2186643966611745
ENSRNOG00000003782,-1.7014617933720773,0.13804190809155825,0.012124310719268557,0.04358723498900708,False,1.8395037014636355,-0.7817099426402595
ENSRNOG00000003783,2.433026471148193,1.3467542368087946,0.0037974705266456414,0.041379357204551485,True,-1.0862722343393982,1.8898903539784937
ENSRNOG00000003784,3.2847822320528075,3.9776631245597844,0.02143884621316593,0.0027346612524867388,True,0.6928808925069769,3.6312226783062957
ENSRNOG00000003785,-2.188181463249531,-0.9954757139262875,0.057157393983798245,0.017829469793703822,True,1.1927057493232434,-1.591828588587909
ENSRNOG00000003786,-0.5929047673428497,-1.3243113049907338,0.19589891059934236,0.015268020073676601,True,-0.7314065376478841,-0.9586080361667917
ENSRNOG00000003787,0.07672054154167077,-0.3406944558603333,0.005579415495985294,0.17650436749364024,False,-0.41741499740200405,-0.1319869571593313
ENSRNOG00000003788,3.2062084696468225,3.3696221807718234,0.007457944628376316,0.04566980363611767,True,0.16341371112500092,3.287915325209323
ENSRNOG00000003789,-0.8871641060839228,0.3659463448334146,0.05790342693503803,0.2283205666709833,False,1.2531104509173374,-0.2606088806252541
ENSRNOG00000003790,-0.8583912414599005,-1.6946484656409877,0.16450221091349554,0.030889102798083344,True,-0.8362572241810872,-1.276519853550444
ENSRNOG00000003791,2.7877060052331513,1.749419905758521,0.03710175914467583,0.028457145468520004,True,-1.0382860994746304,2.268562955495836
ENSRNOG00000003792,-0.6746204748928645,-0.24504279101181045,0.47950727430707374,0.055770270731992595,True,0.429577683881054,-0.4598316329523375
ENSRNOG00000003793,1.2999630761396235,0.35099007324555465,0.016167538578285005,0.30215264355584315,True,-0.9489730028940688,0.8254765746925891
ENSRNOG00000003794,-2.6588573372023694,0.6676667202458437,0.008429113142335212,0.0706631900327976,False,3.3265240574482133,-0.9955953084782628
ENSRNOG00000003795,-0.3082189393661872,0.03575805180658448,0.11095998969645,0.11076698274144785,False,0.3439769911727717,-0.13623044377980137
ENSRNOG00000003796,-2.987274308987528,-2.096249330559721,0.006638640142864515,0.042182472649622174,True,0.891024978427807,-2.5417618197736247
ENSRNOG00000003797,-1.8997808057202679,-0.0414573514187877,0.005674252618019879,0.03651071930442255,True,1.8583234543014802,-0.9706190785695278
ENSRNOG00000003798,1.510562439274074,0.6437082471255935,0.007239342091243185,0.0720644788923346,True,-0.8668541921484805,1.0771353431998336
ENSRNOG00000003799,-0.08982970395608274,0.9967147924580528,0.005172547942686052,0.059831356329883414,False,1.0865444964141355,0.45344254425098507
ENSRNOG00000003800,-0.5743903329953544,-2.141704441798975,0.14332208798030674,0.1652110516505182,True,-1.5673141088036207,-1.3580473873971646
ENSRNOG00000003801,-1.3477493231656517,-1.3928062883104877,0.03725252230526187,0.03312061731874675,True,-0.045056965144836036,-1.3702778057380698
ENSRNOG00000003802,-0.39718093183430897,0.831440905648779,0.4683982291482294,0.0578148957937969,False,1.228621837483088,0.21712998690723503
ENSRNOG00000003803,0.5420037007812486,2.017270123150404,0.08732546192870856,0.005238500200751747,True,1.4752664223691554,1.2796369119658264
ENSRNOG00000003804,1.7692491716311713,0.39112893805290383,0.0037766597177086407,0.046326618184181496,True,-1.3781202335782674,1.0801890548420376
ENSRNOG00000003805,-4.725264031374245,-4.147492259364068,0.005403337441815861,0.040493120357754195,True,0.5777717720101769,-4.436378145369156
ENSRNOG00000003806,-1.4971701136730575,-0.4222569254086971,0.012623525341454112,0.07890363370062217,True,1.0749131882643606,-0.9597135195408772
ENSRNOG00000003807,0.2863732359402103,-0.4594517892242554,0.10162921631227152,0.04098833120816452,False,-0.7458250251644657,-0.08653927664202254
ENSRNOG00000003808,-0.17795360873211455,-0.4030152675810016,0.03094922237551813,0.30217279584119117,True,-0.22506165884888704,-0.29048443815655806
ENSRNOG00000003809,0.726077236548105,1.4139577968267272,0.07739876319405985,0.01793302420237411,True,0.6878805602786222,1.070017516687416
ENSRNOG00000003810,0.4815725150277969,-0.24383798047581073,0.1991077251897366,0.2549126832585908,False,-0.7254104955036076,0.11886726727599309
ENSRNOG00000003811,-0.5487621533881331,-2.4368553034164004,0.033819645735814294,0.0419825505735948,True,-1.8880931500282674,-1.4928087284022666
ENSRNOG00000003812,-0.9483357527769187,-2.0110069692744803,0.042346840268269195,0.01816881716404415,True,-1.0626712164975616,-1.4796713610256995
ENSRNOG00000003813,-0.4419026815239016,-0.29004045842995824,0.12814547576932026,0.3388704105766139,True,0.15186222309394337,-0.3659715699769299
ENSRNOG00000003814,2.067736229680937,-0.5505336697134915,0.030206973903022936,0.05236491857314207,False,-2.6182698993944284,0.7586012799837227
ENSRNOG00000003815,-1.317614279230286,-1.2079961480387813,0.00875606078347043,0.0008975521855001127,True,0.10961813119150476,-1.2628052136345338
ENSRNOG00000003816,-0.11305210165911987,-1.5385767711843932,0.02360788028147658,0.011911325035626552,True,-1.4255246695252732,-0.8258144364217566
ENSRNOG00000003817,0.33001598519715786,1.9463468271429458,0.02352728474100631,0.013440104463285507,True,1.616330841945788,1.138181406170052
ENSRNOG00000003818,2.8086316737740247,4.183269262670294,0.008157803490841605,0.026809000239301637,True,1.374637588896269,3.4959504682221594
ENSRNOG00000003819,-0.5405548648253639,-1.4786842655404193,0.5474949573797717,0.01969110626616119,True,-0.9381294007150555,-1.0096195651828916
ENSRNOG00000003820,1.7258519808197297,1.4431759609972303,0.04303490657832255,0.05720877300571023,True,-0.28267601982249935,1.5845139709084801
ENSRNOG00000003821,2.21756292587704,0.4995188709996923,0.0156406504100734,0.4660179331968939,True,-1.7180440548773477,1.358540898438366
ENSRNOG00000003822,-0.11475767698316686,-0.4028166025057903,0.19181485661300918,0.15673873942089897,True,-0.28805892552262347,-0.2587871397444786
ENSRNOG00000003823,-0.37929416233817254,1.6357227639636387,0.0938538388146386,0.05047028331465122,False,2.0150169263018114,0.6282143008127331
ENSRNOG00000003824,-0.592296609686789,-0.8927846696998262,0.2564430470276597,0.5049748491238781,True,-0.3004880600130372,-0.7425406396933076
ENSRNOG00000003825,-0.46048164163664823,-0.6134668516618902,0.01833998421160153,0.16357023079729863,True,-0.15298521002524196,-0.5369742466492692
ENSRNOG00000003826,1.537631749038299,0.05593385875696155,0.03615205682434247,0.08568196042168601,True,-1.4816978902813374,0.7967828038976302
ENSRNOG00000003827,0.415817959059925,1.4862550587088554,0.05329396028937795,0.043222447676513974,True,1.0704370996489305,0.9510365088843902
ENSRNOG00000003828,0.42352147650576494,-3.138435433626308,0.2713313693568638,0.051395087329393116,False,-3.561956910132073,-1.3574569785602715
ENSRNOG00000003829,-2.025402318683703,-1.8422107643131203,0.018529428553825347,0.058416455188831914,True,0.18319155437058288,-1.9338065414984116
ENSRNOG00000003830,-1.741482139275422,-1.2323882535495188,0.007140210781690631,0.0026151811313111953,True,0.5090938857259033,-1.4869351964124704
ENSRNOG00000003831,3.858204284598564,1.9294477171835633,0.010040895307377886,0.018425135607230626,True,-1.9287565674150007,2.893826000891064
ENSRNOG00000003832,-0.3200863055196413,0.6890640953643696,0.13515432337033734,0.10244345765955,False,1.0091504008840109,0.18448889492236417
ENSRNOG00000003833,-1.3945895920410483,0.31380772558108505,0.011738831347929237,0.2581316411640677,False,1.7083973176221332,-0.5403909332299817
ENSRNOG00000003834,2.575978498060735,0.26902389015780925,0.04113709102854537,0.12230186183827334,True,-2.3069546079029255,1.4225011941092722
ENSRNOG00000003835,0.5072553876303938,2.5430946500480127,0.17567794192904398,0.07703097578262093,True,2.035839262417619,1.5251750188392033
ENSRNOG00000003836,1.0406788503561388,-0.7867601473290169,0.003787306685519352,0.3915722293348122,False,-1.8274389976851557,0.12695935151356097
ENSRNOG00000003837,-0.24848473550676048,1.1840925956150368,0.43215518758320953,0.0002710640318347632,False,1.4325773311217973,0.4678039300541381
ENSRNOG00000003838,-0.5736115630382475,-0.23273677940352927,0.09845960221841954,0.1915197520495014,True,0.3408747836347182,-0.4031741712208884
ENSRNOG00000003839,-0.30525547049512264,-0.7364598719061888,0.023931382322019776,0.10518092887269634,True,-0.43120440141106614,-0.5208576712006557
ENSRNOG00000003840,-2.488928706537528,-2.122306796605147,0.0023233121970544363,0.008721765611918234,True,0.36662190993238086,-2.3056177515713374
ENSRNOG00000003841,-0.15826933695581547,-0.14281157932328403,0.06134775038636646,0.26031026638825794,True,0.015457757632531433,-0.15054045813954975
ENSRNOG00000003842,0.5328595386767112,0.5811832412571346,0.0008702894976534583,0.09055815474873737,True,0.0483237025804234,0.557021389966923
ENSRNOG00000003843,3.330833820918757,1.2988049292846533,0.010701158107101613,0.0147134786811992,True,-2.032028891634104,2.314819375101705
ENSRNOG00000003844,0.1547983170093879,-0.1403740999959261,0.0013768692628020878,0.10638061044335652,False,-0.295172417005314,0.007212108506730902
ENSRNOG00000003845,-4.201518675978549,-3.666239163739388,0.006019915239149946,0.03869694988302156,True,0.5352795122391609,-3.9338789198589685
ENSRNOG00000003846,-0.16917377901231856,-1.3908401731559432,0.08258552422122963,0.01712385145029739,True,-1.2216663941436248,-0.7800069760841308
ENSRNOG00000003847,4.931107439594951,2.494975771343775,0.0079213351264107,0.0013771900577712749,True,-2.4361316682511758,3.7130416054693627
ENSRNOG00000003848,1.5594592229730715,-0.1470410927085226,0.03044214632378086,0.26501983719427386,False,-1.706500315681594,0.7062090651322744
ENSRNOG00000003849,-1.4596000988554596,-1.4336907256097573,0.0004882483830971635,0.027421004232376638,True,0.025909373245702305,-1.4466454122326085
ENSRNOG00000003850,1.0639917259750022,1.1776130244048377,0.0158540810492983,0.0038676780937580003,True,0.11362129842983548,1.1208023751899199
ENSRNOG00000003851,-1.3356241648015326,-0.7814785601781817,0.0009159856011432419,0.06595196707691087,True,0.5541456046233508,-1.0585513624898573
ENSRNOG00000003852,-2.4368535351843437,0.4160016115683296,0.026240214101193603,0.12292385455559462,False,2.852855146752673,-1.0104259618080071
ENSRNOG00000003853,-0.6270648538213299,-2.747379765004417,0.023457076761831116,0.040734326354973316,True,-2.1203149111830872,-1.6872223094128735
ENSRNOG00000003854,0.16474759062995017,0.6048363761532641,0.10883691594917909,0.04821062148487167,True,0.440088785523314,0.38479198339160714
ENSRNOG00000003855,-3.3698799043801126,-2.284777084527907,0.02134899134595938,0.07706079544201896,True,1.0851028198522057,-2.82732849445401
ENSRNOG00000003856,-2.0684867229695447,-0.5501171121287252,0.02703037129463886,0.04619538743072976,True,1.5183696108408196,-1.309301917549135
ENSRNOG00000003857,0.018604013728238507,0.7649391938611314,0.24624735009971407,0.03882744569834046,True,0.7463351801328929,0.39177160379468495
ENSRNOG00000003858,-0.7347117167801175,-0.6728453050524158,0.09867990064288755,0.48440517886720874,True,0.06186641172770169,-0.7037785109162666
ENSRNOG00000003859,0.7106602880629634,0.6645328449824085,0.341750674823183,0.41011724403192723,True,-0.04612744308055494,0.687596566522686
ENSRNOG00000003860,-2.1864029891554106,-2.2680267061900885,0.026293989311061944,0.007422604169174132,True,-0.08162371703467786,-2.22721484767275
ENSRNOG00000003861,1.2854047473959413,1.5184392065514172,0.04317132645483873,0.024309675899771174,True,0.23303445915547583,1.4019219769736793
ENSRNOG00000003862,-2.130766374708351,-3.421740989530515,0.01532820330444922,0.0399632161849848,True,-1.2909746148221641,-2.776253682119433
ENSRNOG00000003863,2.956921743487734,2.8263745461534424,0.01863006218963807,0.0006044711679100273,True,-0.13054719733429154,2.8916481448205884
ENSRNOG00000003864,-3.0883649118809697,-2.124420256526975,0.006561886897886192,0.017452371333964923,True,0.9639446553539948,-2.6063925842039724
ENSRNOG00000003865,-1.9665976866901427,-1.8487015666719406,0.005101210761353304,0.035858192321932915,True,0.11789612001820204,-1.9076496266810417
ENSRNOG00000003866,0.7512674454572926,0.2667020034918965,0.004329260763550144,0.5921600151916517,True,-0.48456544196539614,0.5089847244745945
ENSRNOG00000003867,2.9956198526957487,1.8698654535153094,0.008938690604577965,0.02915594612466295,True,-1.1257543991804393,2.432742653105529
ENSRNOG00000003868,0.5670774650091074,1.7477816247107196,0.11379013405434918,0.004617831077479346,True,1.1807041597016124,1.1574295448599135
ENSRNOG00000003869,1.013144256328304,4.0841064407141845,0.0031593038609371202,0.0001553202925874132,True,3.0709621843858805,2.5486253485212442
ENSRNOG00000003870,0.031566423011505265,1.302329533005725,0.014474098505219855,0.0038227355897346047,True,1.2707631099942196,0.6669479780086152
ENSRNOG00000003871,-1.8475172174073482,-1.849903783021241,0.010112554483064756,0.04098437174499432,True,-0.0023865656138928326,-1.8487105002142945
ENSRNOG00000003872,-0.8822490268308828,0.0613415772545427,0.14197148714167218,0.15274810977158354,False,0.9435906040854255,-0.41045372478817005
ENSRNOG00000003873,-2.181437495966298,-0.7763818728967247,0.07633098373688595,0.12765869161835391,True,1.4050556230695734,-1.4789096844315113
ENSRNOG00000003874,-2.301677941998369,-2.536559759128472,0.022403066165299336,0.04875310538742244,True,-0.23488181713010325,-2.4191188505634207
ENSRNOG00000003875,0.7231480547755436,-0.8320985848343463,0.007095226803260107,0.13314124196958332,False,-1.5552466396098898,-0.054475265029401365
ENSRNOG00000003876,-2.021720367758331,-1.4412148254382933,0.009891528396764944,0.0022632763482567575,True,0.5805055423200378,-1.7314675965983122
ENSRNOG00000003877,0.5751972121020504,1.2392270870659008,0.007731756308534327,0.018197834998993745,True,0.6640298749638504,0.9072121495839756
ENSRNOG00000003878,-2.3432809539979758,-3.2858297297001235,0.004748079443200149,0.06370188134645753,True,-0.9425487757021478,-2.81455534184905
ENSRNOG00000003879,0.5334894362101584,-0.39416994441421865,0.0610691830583283,0.020581127116477888,False,-0.9276593806243771,0.06965974589796989
ENSRNOG00000003880,-0.8796286241333325,0.0031368300292605733,0.16371501293644405,1.0,False,0.8827654541625931,-0.438245897052036
ENSRNOG00000003881,2.5319079605711603,1.7655072071224982,0.02611340838355116,0.050127083252759254,True,-0.7664007534486621,2.1487075838468295
ENSRNOG00000003882,0.582694012042317,1.8833192298177208,0.09113521997985835,0.005091553151530804,True,1.3006252177754039,1.233006620930019
ENSRNOG00000003883,2.2244092073894546,0.030662434244668413,0.007937602013956114,0.026029996988604157,True,-2.1937467731447864,1.1275358208170614
ENSRNOG00000003884,-1.3601640895653466,1.5448615992174926,0.012613116382938097,0.04538550748042606,False,2.905025688782839,0.09234875482607297
ENSRNOG00000003885,0.10105801243950112,-1.5461726172891979,0.04163579927466528,0.10877960197619085,False,-1.647230629728699,-0.7225573024248484
ENSRNOG00000003886,-1.765956884609301,-3.331472586303998,0.005966978487256422,0.00016843955697152884,True,-1.565515701694697,-2.5487147354566497
ENSRNOG00000003887,-0.7444894369399526,-0.56811123559134,0.14445003689156913,0.16574520154838054,True,0.1763782013486126,-0.6563003362656463
ENSRNOG00000003888,-0.47178760094033234,-1.5119974432977359,0.04683764480710743,0.01748321184693436,True,-1.0402098423574035,-0.9918925221190341
ENSRNOG00000003889,-1.3065447972368507,-0.9291439093681815,0.0009266111533830886,0.062048211659193345,True,0.3774008878686692,-1.117844353302516
ENSRNOG00000003890,-2.1879051459222514,-1.565188722129531,0.006376521643170555,0.006751667605685449,True,0.6227164237927203,-1.8765469340258911
ENSRNOG00000003891,-2.544331182574775,-1.93570812686365,0.005397301990666798,0.0033598445068781487,True,0.608623055711125,-2.2400196547192124
ENSRNOG00000003892,-4.211546608273315,-3.748383277432472,0.004033982150586789,0.011372856101554684,True,0.4631633308408425,-3.9799649428528934
ENSRNOG00000003893,-1.901423634306224,-0.838679111119557,0.000558303532765325,0.33474370786216906,True,1.0627445231866672,-1.3700513727128905
ENSRNOG00000003894,1.1294890140093201,0.43484855902080966,0.05262341690352261,0.017358466291495667,True,-0.6946404549885105,0.7821687865150648
ENSRNOG00000003895,-2.8772973576239096,-0.7977140888917569,0.0036880697546305846,0.4481423343298218,True,2.0795832687321525,-1.8375057232578333
ENSRNOG00000003896,-2.462621123255949,-1.8639732289687674,0.01543979586087315,0.028066100887397763,True,0.5986478942871816,-2.163297176112358
ENSRNOG00000003897,3.223617428219247,1.179180057179169,0.00601664529864518,0.0016598337868276975,True,-2.044437371040078,2.201398742699208
ENSRNOG00000003898,-1.1456928897268572,-2.551167244449818,0.03750454238739789,0.03585527166303744,True,-1.405474354722961,-1.8484300670883376
ENSRNOG00000003899,0.5778828164967044,0.21224541219696896,0.016249494876197316,0.07000871767308786,True,-0.3656374042997354,0.39506411434683664
ENSRNOG00000003900,1.1561708637008905,-0.5464686126141481,0.03369027884821161,0.08571188577491708,False,-1.7026394763150385,0.3048511255433712
ENSRNOG00000003901,1.1925470336063044,-0.6065279638527298,0.0009020051477053563,0.16716220245231522,False,-1.799074997459034,0.2930095348767873
ENSRNOG00000003902,-2.7401656150945075,-1.3094824436599288,0.030103706963637678,0.022881496807869463,True,1.4306831714345787,-2.024824029377218
ENSRNOG00000003903,-0.4159074238190824,-2.1493706124185374,0.21741075377436372,0.0936150251258471,True,-1.7334631885994551,-1.2826390181188099
ENSRNOG00000003904,-2.912809085133106,-0.49790713064095415,0.01090384943622044,0.25291304335102216,True,2.414901954492152,-1.7053581078870301
ENSRNOG00000003905,4.403372146038582,3.1619952629215535,0.01751214112814471,0.017974957146829194,True,-1.2413768831170287,3.7826837044800676
ENSRNOG00000003906,-2.87077547522808,-1.9981620857313038,0.0018824620646138812,0.013932216299977266,True,0.8726133894967762,-2.434468780479692
ENSRNOG00000003907,-1.8861123939656763,-2.369060665474775,0.013581278707974544,0.009758299014628838,True,-0.4829482715090987,-2.127586529720226
ENSRNOG00000003908,-1.8730815387147084,-0.47110453516591677,0.02892176379940037,0.004650010723454008,True,1.4019770035487915,-1.1720930369403126
ENSRNOG00000003909,-2.693988858101185,-1.834962603786071,0.06321937150043952,0.047114654376164584,True,0.8590262543151139,-2.264475730943628
ENSRNOG00000003910,2.4346690375617817,0.9351734706641696,0.0011506515397282431,0.0692659944772537,True,-1.499495566897612,1.6849212541129757
ENSRNOG00000003911,4.360406221950293,3.1748921624103676,0.016845263593118526,0.03051704999626322,True,-1.1855140595399254,3.7676491921803303
ENSRNOG00000003912,-0.8563484147627113,-2.3492416502499927,0.04596837448313746,0.01780209185595271,True,-1.4928932354872813,-1.602795032506352
ENSRNOG00000003913,-2.3767616643199383,-3.3332914198641537,0.005521150609755615,0.03745958744456506,True,-0.9565297555442154,-2.855026542092046
ENSRNOG00000003914,-4.026465897706839,-3.9141922000067826,0.007060519798875911,0.012356013964435204,True,0.11227369770005602,-3.9703290488568106
ENSRNOG00000003915,-0.4393956933397827,0.06821455951914734,0.1189798400095875,0.3602684150519132,False,0.50761025285893,-0.18559056691031767
ENSRNOG00000003916,-0.5694577616905989,-0.39065251584604543,0.44997999000545236,0.10823290094199255,True,0.17880524584455348,-0.4800551387683222
ENSRNOG00000003917,-1.1723330274482602,0.3042417701687232,0.002411219462421973,0.011202813739559541,False,1.4765747976169834,-0.4340456286397685
ENSRNOG00000003918,0.3984754571572111,-0.695026033910102,0.17265934250542608,0.06394602088502706,False,-1.093501491067313,-0.14827528837644544
ENSRNOG00000003919,0.7113116570678754,1.0870931593115642,0.004567230504244963,0.019111896760796287,True,0.3757815022436889,0.8992024081897199
ENSRNOG00000003920,0.5815498642882212,0.2758898277009452,0.12220260184766481,0.3673965634777708,True,-0.305660036587276,0.42871984599458324
ENSRNOG00000003921,-0.569024769543277,-1.3771342977674035,0.02165075371588971,0.015488060154440562,True,-0.8081095282241265,-0.9730795336553402
ENSRNOG00000003922,-1.9829192932336714,-0.9438120651503319,0.012422410062339581,0.008254303758310997,True,1.0391072280833396,-1.4633656791920018
ENSRNOG00000003923,1.1984995760520885,0.745667260557926,0.01711933972961819,0.11560417242985552,True,-0.4528323154941625,0.9720834183050072
ENSRNOG00000003924,0.022524766958754817,-0.6452583123207155,0.08909347607942737,0.14019635087520613,False,-0.6677830792794703,-0.31136677268098034
ENSRNOG00000003925,1.5990435447023705,1.1314486518989084,0.006941759419191477,0.017616694917095593,True,-0.4675948928034621,1.3652460983006396
ENSRNOG00000003926,1.4221359890500165,0.8310455673197497,0.010397213410881241,0.954475852690439,True,-0.5910904217302668,1.126590778184883
ENSRNOG00000003927,-2.559171724284808,-1.9016092444570474,0.0070123112969340175,0.01328017330053513,True,0.6575624798277608,-2.2303904843709277
ENSRNOG00000003928,-2.581599973423686,-2.1887107893344457,0.02512502007439212,0.03831890885408981,True,0.3928891840892401,-2.385155381379066
ENSRNOG00000003929,-1.3599732937329512,-2.2949778055767265,0.017641493616522536,0.03317439100330677,True,-0.9350045118437753,-1.8274755496548387
ENSRNOG00000003930,-1.9012777349232024,-1.214365173058162,0.011292067111340013,0.010372423171928078,True,0.6869125618650405,-1.557821453990682
ENSRNOG00000003931,1.3594531967569814,0.08157808138726208,0.01278871114157267,0.010717822507283065,True,-1.2778751153697194,0.7205156390721217
ENSRNOG00000003932,0.632357416778252,-0.6413422676170598,0.07589098186409506,0.20208718302317133,False,-1.2736996843953117,-0.004492425419403923
ENSRNOG00000003933,1.9785311888135593,1.0926663720854828,0.002298949017999516,0.035412287545333605,True,-0.8858648167280765,1.535598780449521
ENSRNOG00000003934,0.713676271339653,1.2560277358917513,0.035290569252865056,0.02822202296343396,True,0.5423514645520984,0.9848520036157021
ENSRNOG00000003935,0.37556924737206426,0.4502812712885339,0.09807140496896685,0.14594572162151315,True,0.07471202391646964,0.4129252593302991
ENSRNOG00000003936,2.159513604619507,0.9107699323657965,0.0013178828123492352,0.3307798546696548,True,-1.2487436722537104,1.5351417684926516
ENSRNOG00000003937,0.8455092115230873,-0.02496709692555088,0.35440669510596834,0.08952650031564582,False,-0.8704763084486382,0.4102710572987682
ENSRNOG00000003938,0.12258173418789385,0.7509595045459743,0.2120998595540824,0.04830521347489347,True,0.6283777703580804,0.43677061936693407
ENSRNOG00000003939,2.664815461075234,-0.704498044388443,0.01873067509858804,0.10710068064721642,False,-3.369313505463677,0.9801587083433955
ENSRNOG00000003940,0.2073255896750221,0.9782146396384696,0.1881811577647722,0.40942709361659174,True,0.7708890499634474,0.5927701146567458
ENSRNOG00000003941,-0.547813088852259,-2.3402294640963923,0.013551942313429545,0.02541019646747755,True,-1.7924163752441333,-1.4440212764743257
ENSRNOG00000003942,-1.5080818657997694,-2.511673972482973,0.008903217985129375,0.005208211554891826,True,-1.0035921066832034,-2.0098779191413714
ENSRNOG00000003943,1.2654458262817403,0.32052403904519666,0.03366354427024911,0.03537120004386226,True,-0.9449217872365436,0.7929849326634685
ENSRNOG00000003944,2.226690975316444,3.7927802132925694,0.014263364995369756,0.021425839160987115,True,1.5660892379761253,3.009735594304507
ENSRNOG00000003945,-0.09105732258017413,1.6993713486604616,0.1699699369798677,0.014558787456502617,False,1.7904286712406356,0.8041570130401438
ENSRNOG00000003946,2.3542481228037095,2.342700867093515,0.11616740986048242,0.003329214671063853,True,-0.011547255710194548,2.3484744949486123
ENSRNOG00000003947,-3.546027057548837,-2.0369289019229866,0.00111381974546269,0.02943506713230862,True,1.5090981556258503,-2.7914779797359115
ENSRNOG00000003948,-0.09981607465424663,-2.023265747177986,0.0335408594648459,0.05116970522859542,True,-1.9234496725237393,-1.0615409109161162
ENSRNOG00000003949,-0.07217084178798515,0.11551989860890391,0.039708074116082674,0.05359918393657433,False,0.18769074039688904,0.02167452841045938
ENSRNOG00000003950,-1.3085898703332246,-1.4665237063145626,0.010927053200662637,0.021217684663514907,True,-0.15793383598133803,-1.3875567883238937
ENSRNOG00000003951,4.290949868367372,2.060343110185955,0.05586201846460604,0.0012086015162079593,True,-2.230606758181417,3.1756464892766636
ENSRNOG00000003952,-0.11914673883977009,0.08152346206234858,0.06847866232785134,0.05282543008183198,False,0.20067020090211868,-0.018811638388710757
ENSRNOG00000003953,-0.7339153888879799,-0.9937279743628602,0.44931928067246213,0.9901608906274866,True,-0.2598125854748803,-0.8638216816254201
ENSRNOG00000003954,0.04673180418030903,0.9445421501099032,0.0030776609339403425,0.24802002897324893,True,0.8978103459295941,0.49563697714510613
ENSRNOG00000003955,-3.6050647293464935,-4.484196521948917,0.018574436704094484,0.003200763257110668,True,-0.8791317926024234,-4.044630625647705
ENSRNOG00000003956,-1.3677622656208472,-0.851316347158895,0.02807807324783729,0.27627403485957125,True,0.5164459184619522,-1.109539306389871
ENSRNOG00000003957,1.7698319450017275,0.28043363791142917,0.003952779296550775,0.19911190345735114,True,-1.4893983070902983,1.0251327914565782
ENSRNOG00000003958,-1.1321016388789944,-1.1999467347991946,0.004347329827928519,0.019077269271482147,True,-0.06784509592020016,-1.1660241868390946
ENSRNOG00000003959,-1.4919752930404888,-0.6946854588143289,0.025473185873831,0.11558750410141053,True,0.79728983422616,-1.093330375927409
ENSRNOG00000003960,2.357146145725921,0.429686123353056,0.008242424977840897,0.0915558772410605,True,-1.9274600223728648,1.3934161345394884
ENSRNOG00000003961,2.412457921713292,1.812915133043127,0.009901616280023295,0.00249576814422357,True,-0.5995427886701652,2.1126865273782096
ENSRNOG00000003962,0.9305828498900552,0.40984122245550986,0.14493206965506542,0.31368709129544653,True,-0.5207416274345453,0.6702120361727826
ENSRNOG00000003963,-0.8192112012696011,-1.2506798252990619,0.0823990475028428,0.026602269484813236,True,-0.43146862402946073,-1.0349455132843315
ENSRNOG00000003964,-0.43104791720938235,-0.7872136940138458,0.15421373384574047,0.05522935743244427,True,-0.35616577680446343,-0.609130805611614
ENSRNOG00000003965,-1.4474699308349261,-1.1465590387140223,0.00335876941563518,0.0008699087140800907,True,0.30091089212090383,-1.2970144847744742
ENSRNOG00000003966,-1.7905916142515608,-2.023830635882434,0.04104208170261109,0.0010594031683995619,True,-0.2332390216308733,-1.9072111250669974
ENSRNOG00000003967,-1.8799496789551784,-1.2709165825976294,0.03562452816360427,0.0015446413879396177,True,0.609033096357549,-1.5754331307764038
ENSRNOG00000003968,-1.1124979322133735,-1.0485840466544736,0.007960933269184182,0.014237222164181848,True,0.06391388555889987,-1.0805409894339235
ENSRNOG00000003969,-1.8624977832325411,-1.9083451565184368,0.0020833398836081715,0.03749189473744346,True,-0.04584737328589572,-1.885421469875489
ENSRNOG00000003970,-2.8146692133776683,-0.2446407194986817,0.007240585976826297,0.06062056494423201,True,2.5700284938789864,-1.5296549664381751
ENSRNOG00000003971,0.39492480555703036,0.7045507864684827,0.04843143439150891,0.2224371344720956,True,0.3096259809114523,0.5497377960127565
ENSRNOG00000003972,0.42227204560818676,-0.1147028532405352,0.02439568389635376,0.0008864041973860785,False,-0.536974898848722,0.15378459618382578
ENSRNOG00000003973,3.0614269651709702,2.234923788682204,0.01242630392146899,0.010778242276844196,True,-0.826503176488766,2.648175376926587
ENSRNOG00000003974,-1.2030090630384647,-1.8962073064783396,0.007455734273554769,0.07531933113676463,True,-0.6931982434398749,-1.549608184758402
ENSRNOG00000003975,0.532981061321887,-0.0961830654186292,0.1383418825546875,0.1243872270443987,False,-0.6291641267405162,0.21839899795162893
ENSRNOG00000003976,0.562882642694643,0.04667887407219734,0.07996983758447417,0.10112233856537903,True,-0.5162037686224457,0.3047807583834202
ENSRNOG00000003977,-0.45690761002595953,-1.6198307802230294,0.5685739397043755,0.05768133560425237,True,-1.16292317019707,-1.0383691951244944
ENSRNOG00000003978,1.339800459749417,1.3177860630237426,0.0009522207076525742,0.007126920875350428,True,-0.022014396725674512,1.3287932613865798
ENSRNOG00000003979,1.395412536331286,0.41798718696180737,0.024282169706596198,0.0130444833146082,True,-0.9774253493694786,0.9066998616465467
ENSRNOG00000003980,0.5893399713555719,0.027511179702014943,0.07742457945350574,0.17816843995881304,True,-0.5618287916535569,0.30842557552879346
ENSRNOG00000003981,-0.460151469086032,-0.9100588510580248,0.011820992337148286,0.23054089020757174,True,-0.44990738197199276,-0.6851051600720284
ENSRNOG00000003982,-0.643554195398163,2.6694282673045038,0.19313883474443452,0.02145126580905955,False,3.3129824627026667,1.0129370359531704
ENSRNOG00000003983,-2.4619570178347066,-2.3698766798103144,0.008368926660000508,0.008217510509560618,True,0.0920803380243922,-2.4159168488225102
ENSRNOG00000003984,-1.450652001511845,-3.1585541626081737,0.020646114176949528,0.023321781709620387,True,-1.7079021610963288,-2.304603082060009
ENSRNOG00000003985,-1.1196135430230383,-2.4412657787624434,0.013751491721659256,0.025107039628333,True,-1.3216522357394052,-1.7804396608927409
ENSRNOG00000003986,-2.0231491723729813,-0.5784736833834209,0.028427876720061567,0.09843220140815817,True,1.4446754889895606,-1.300811427878201
ENSRNOG00000003987,0.7918631400377957,1.9417422614929873,0.08650980765730679,0.0023003113339354377,True,1.1498791214551916,1.3668027007653916
ENSRNOG00000003988,2.153930164176618,0.7487854606986039,0.044750694654784734,0.3727795730245488,True,-1.405144703478014,1.451357812437611
ENSRNOG00000003989,-1.6345123781924702,0.23142873594635738,0.007873616547109,0.4760966307480618,False,1.8659411141388276,-0.7015418211230564
ENSRNOG00000003990,0.5101945843403469,1.1256018171861073,0.004849691268438617,0.0645488085877448,True,0.6154072328457604,0.8178982007632272
ENSRNOG00000003991,-1.8614000511534785,-1.4647061723197587,0.07962819401756555,0.02330573833035645,True,0.39669387883371976,-1.6630531117366187
ENSRNOG00000003992,-0.5488599076904919,-0.6466933351885967,0.08068479636549115,0.039744866466595134,True,-0.09783342749810486,-0.5977766214395444
ENSRNOG00000003993,-1.2425932425199966,-0.6550496671771618,0.005706425539438841,0.13776589545685927,True,0.5875435753428347,-0.9488214548485792
ENSRNOG00000003994,1.0834121674915949,1.6580488871556076,0.00366799937478533,0.007207056001921822,True,0.5746367196640128,1.3707305273236012
ENSRNOG00000003995,-1.2218187129159208,-0.4136774309080529,0.006869290116591184,0.2005403189884258,True,0.808141282007868,-0.8177480719119868
ENSRNOG00000003996,1.8209887446719641,0.527623629488305,0.01079538405146847,0.05138679715271167,True,-1.2933651151836592,1.1743061870801346
ENSRNOG00000003997,-0.44229739259195827,-0.4836796263401579,0.06603546204082449,0.2646833271091156,True,-0.041382233748199604,-0.4629885094660581
ENSRNOG00000003998,-1.1692866772706956,1.2852116869139474,0.011725585902325867,0.008372735912244682,False,2.454498364184643,0.057962504821625904
ENSRNOG00000003999,-2.2559494722212934,-1.2702711539494782,0.007370430193083495,0.0066672503556502345,True,0.9856783182718152,-1.7631103130853858
ENSRNOG00000004000,0.45576811853162963,1.2227140188282544,0.12910447974218045,0.014103552050622237,True,0.7669459002966248,0.839241068679942
ENSRNOG00000004001,1.6113931240071244,1.6626265609365387,0.0015512882215446542,0.02169274267445942,True,0.05123343692941429,1.6370098424718316
ENSRNOG00000004002,0.4919782617663736,0.621570849198722,0.02972582741252065,0.40780994860530495,True,0.12959258743234836,0.5567745554825478
ENSRNOG00000004003,4.029896999545963,2.854463804707078,0.005161072238194323,0.007814686652986904,True,-1.1754331948388854,3.4421804021265205
ENSRNOG00000004004,2.573617414446753,2.6923199984150203,0.006484732859988231,0.059334134313724834,True,0.11870258396826738,2.6329687064308867
ENSRNOG00000004005,-0.5535499764906281,0.3781603630625904,0.06354819535918892,0.20305586655256583,False,0.9317103395532185,-0.08769480671401886
ENSRNOG00000004006,-0.5724493808527247,-0.11217742706772676,0.13190776300411425,0.17233636742364214,True,0.4602719537849979,-0.3423134039602257
ENSRNOG00000004007,0.8454540950736358,-0.15354186717521023,0.7193695808846123,0.2822720687939787,False,-0.998995962248846,0.3459561139492128
ENSRNOG00000004008,-1.5084345247662332,-0.6208987310151433,0.0063628624065593916,0.05259168286227613,True,0.8875357937510899,-1.0646666278906882
ENSRNOG00000004009,2.0993189517584763,1.3571785539042762,0.040361777354955816,0.01126532081051605,True,-0.7421403978542,1.7282487528313761
ENSRNOG00000004010,0.6508809393184507,0.11893033182421675,0.25041308172835103,0.004046566592932389,True,-0.531950607494234,0.3849056355713337
ENSRNOG00000004011,0.461626039545359,3.1266204806052156,0.28661868927099665,0.03528230456953864,True,2.6649944410598567,1.7941232600752872
ENSRNOG00000004012,1.2365166019874694,-0.7751725837417399,0.007173683891168374,0.0184329108944512,False,-2.0116891857292094,0.23067200912286473
ENSRNOG00000004013,3.101093790064306,3.115182279254085,0.015078540722705223,0.05107886994062317,True,0.014088489189779008,3.108138034659196
ENSRNOG00000004014,0.30771963393750934,-0.6965551403890158,0.20441333569741074,0.1539686313935026,False,-1.0042747743265252,-0.19441775322575322
ENSRNOG00000004015,-0.20347266756849183,-0.0006061501360085375,0.029060620025729345,0.2558404197271102,True,0.2028665174324833,-0.10203940885225019
ENSRNOG00000004016,2.715695321980641,4.54368971399153,0.03187236979658698,0.014982173234797766,True,1.8279943920108894,3.6296925179860855
ENSRNOG00000004017,1.7415907487840436,0.1737942646078836,0.006268236399868137,0.1839491513744737,True,-1.56779648417616,0.9576925066959636
ENSRNOG00000004018,-0.5777637126907001,-1.152945612198303,0.039102557153940086,8.850579458785639e-05,True,-0.5751818995076029,-0.8653546624445017
ENSRNOG00000004019,0.009335607586236154,-0.012041210850539753,0.26250151282977147,0.008801348119697515,False,-0.021376818436775906,-0.0013528016321517995
ENSRNOG00000004020,0.3516856486898375,-0.6504315644038403,0.2385357192259276,0.18907476385487085,False,-1.0021172130936777,-0.14937295785700141
ENSRNOG00000004021,0.6512633002889692,1.371118212683815,0.1796209425454288,0.024413678560621713,True,0.7198549123948459,1.0111907564863922
ENSRNOG00000004022,-2.4418797316904053,-2.2217341254159355,1.354855311308041e-05,0.018503172463606374,True,0.22014560627446977,-2.3318069285531706
ENSRNOG00000004023,-2.7764722940428084,-1.201291037792306,0.011455729783281578,0.06078874807742561,True,1.5751812562505023,-1.9888816659175572
ENSRNOG00000004024,-1.5973020396044169,-2.481813975321076,0.003159561618793605,0.004239514706477864,True,-0.8845119357166593,-2.0395580074627464
ENSRNOG00000004025,-1.736529197420416,-3.0780129315078195,0.002986789113513791,0.030370087256470685,True,-1.3414837340874035,-2.4072710644641178
ENSRNOG00000004026,-1.1588832251505046,-1.0284748210030452,0.0317023559143431,0.016019311342786093,True,0.13040840414745936,-1.093679023076775
ENSRNOG00000004027,1.1424791557620078,-0.8700474040213094,0.0050867114470068845,0.2360285803586588,False,-2.0125265597833173,0.13621587587034917
ENSRNOG00000004028,-0.304072481384529,1.3874130710622432,0.1378528440881353,0.019645887853574528,False,1.6914855524467722,0.5416702948388571
ENSRNOG00000004029,0.35351028901833886,-1.3659066684872774,0.061226382559003374,0.033114930449988145,False,-1.7194169575056162,-0.5061981897344693
ENSRNOG00000004030,-2.203746138076071,-2.588118395945961,0.005624709267437988,0.014222008925320103,True,-0.38437225786989027,-2.395932267011016
ENSRNOG00000004031,-0.8309559652577013,-0.13074917662689622,0.10616970065442019,0.13109146721004228,True,0.7002067886308051,-0.4808525709422988
ENSRNOG00000004032,1.0570637911407128,0.10312123041057819,0.003451316350160357,0.20594397463326247,True,-0.9539425607301346,0.5800925107756455
ENSRNOG00000004033,1.0709144247182432,-0.8660855595525789,0.04427112940270032,0.04693942327410021,False,-1.936999984270822,0.10241443258283212
ENSRNOG00000004034,-1.3042328907382343,1.255084002373558,0.006196110471102205,0.017950115441522575,False,2.5593168931117924,-0.024574444182338118
ENSRNOG00000004035,0.2909922954831965,-0.8538407323889792,0.31059378613773053,0.32292237706968036,False,-1.1448330278721757,-0.28142421845289134
ENSRNOG00000004036,3.957926136268198,2.4853190747909983,0.006517990118632684,0.020859097239422506,True,-1.4726070614771998,3.221622605529598
ENSRNOG00000004037,-0.03167627266014865,-0.24119201152023284,0.1051783302905549,0.013964071727369165,True,-0.20951573886008418,-0.13643414209019075
ENSRNOG00000004038,-1.2477365030564016,-0.10263621251344635,0.0004800579356523411,0.05778413090889858,True,1.1451002905429553,-0.675186357784924
ENSRNOG00000004039,-0.31277230085188845,0.2727849191253277,0.17279401473152914,0.4249727460217917,False,0.5855572199772161,-0.019993690863280372
ENSRNOG00000004040,0.16591879354829947,-0.7553163100047123,0.33624844792236,0.06170983880318666,False,-0.9212351035530117,-0.29469875822820646
ENSRNOG00000004041,-0.27210308524298893,-0.5271486762807046,0.2983969124155814,0.14875877023243772,True,-0.2550455910377157,-0.3996258807618468
ENSRNOG00000004042,-0.056438461217703226,-0.2766467088469447,0.1448299463784104,0.2130704879237675,True,-0.22020824762924146,-0.16654258503232397
ENSRNOG00000004043,-2.598204234486311,-0.9803714063422017,0.002332151115610452,0.2019473354260113,True,1.6178328281441097,-1.7892878204142564
ENSRNOG00000004044,-1.7327348551547122,-2.4049977121067356,0.01456980585952183,0.03495111470378002,True,-0.6722628569520235,-2.068866283630724
ENSRNOG00000004045,-0.26880342672869556,1.936229754418058,0.05963520925787104,0.026200714183871526,False,2.2050331811467534,0.8337131638446812
ENSRNOG00000004046,-0.2974823460403861,-0.999430552139879,0.07017892752094357,0.10764610325212257,True,-0.7019482060994928,-0.6484564490901326
ENSRNOG00000004047,-1.019140694748001,-0.7022025390230637,0.03366999338974512,0.004698504151855198,True,0.31693815572493733,-0.8606716168855324
ENSRNOG00000004048,-0.3186244549375865,-1.4346535410354628,0.16741836159202902,0.019510508293552227,True,-1.1160290860978763,-0.8766389979865247
ENSRNOG00000004049,0.10982673974556964,-1.2883847791956604,0.09277568791160298,0.0150874343568673,False,-1.39821151894123,-0.5892790197250454
ENSRNOG00000004050,1.6009442217441456,0.1704922412545139,0.05528784983110928,0.08890300776538215,True,-1.4304519804896318,0.8857182314993297
ENSRNOG00000004051,-0.17858112340689158,-1.140484542464154,0.03235785677697896,0.02732060302540546,True,-0.9619034190572625,-0.6595328329355228
ENSRNOG00000004052,0.7183857695368558,0.053532447922489956,0.0903190620452157,0.045216226156480376,True,-0.6648533216143659,0.3859591087296729
ENSRNOG00000004053,-0.9748805425810578,-1.6908320491570472,0.024560653613284317,0.004623313737632933,True,-0.7159515065759894,-1.3328562958690524
ENSRNOG00000004054,1.0297723024772676,1.4305752080434622,0.02708539777727143,0.016264452728873866,True,0.4008029055661946,1.2301737552603649
ENSRNOG00000004055,0.6763145357022421,-0.36223920580676916,0.018415008629758756,0.06571379664408288,False,-1.0385537415090114,0.15703766494773647
ENSRNOG00000004056,1.558470605723675,0.12125374376758802,0.034962819273717125,0.1398259387103712,True,-1.437216861956087,0.8398621747456315
ENSRNOG00000004057,1.2842288324000781,0.46065829870892105,0.007347829243056486,0.13286093506344074,True,-0.8235705336911571,0.8724435655544995
ENSRNOG00000004058,1.059724121186063,1.763093225037632,0.001374571197200887,0.021130886698094785,True,0.703369103851569,1.4114086731118476
ENSRNOG00000004059,-0.17715133558400448,0.10515707409379613,0.03244821229788892,0.10862645623242745,False,0.2823084096778006,-0.035997130745104175
ENSRNOG00000004060,0.4408906086800427,0.19513160752058567,0.17425661530580602,0.030274954789686212,True,-0.24575900115945704,0.3180111081003142
ENSRNOG00000004061,1.9143160712127476,-0.20296208004244454,0.003403543962367315,0.26576920590756903,False,-2.117278151255192,0.8556769955851515
ENSRNOG00000004062,-1.17373422492503,-1.9979831558059153,0.006590766212216328,0.0014559266438626504,True,-0.8242489308808854,-1.5858586903654728
ENSRNOG00000004063,-1.131134001654358,-2.1115015581665686,0.004315845848100685,0.051172443218913094,True,-0.9803675565122105,-1.6213177799104632
ENSRNOG00000004064,0.32657651631065154,1.5942658159472072,0.25149618163885373,0.043942745721282934,True,1.2676892996365556,0.9604211661289294
ENSRNOG00000004065,0.7475034424778163,1.065393620173145,0.1371278573738455,0.03987266789847613,True,0.3178901776953288,0.9064485313254806
ENSRNOG00000004066,-1.483391698675208,-1.9134078894695454,0.025768923623565237,0.03458350040656313,True,-0.4300161907943374,-1.6983997940723767
ENSRNOG00000004067,-0.13457261414395505,-0.6840996036348277,0.013946525253791886,0.374249539837297,True,-0.5495269894908726,-0.40933610888939137
ENSRNOG00000004068,-0.1691977936118126,-0.9816091847052332,0.05851496094287859,0.41539054266319003,True,-0.8124113910934205,-0.5754034891585229
ENSRNOG00000004069,-3.9875042080862473,-3.6416571386983922,0.0012702354388555075,0.013760604408342092,True,0.34584706938785503,-3.81458067339232
ENSRNOG00000004070,-0.3952691806657675,0.2145330399242677,0.0815187976212952,0.6498285171271642,False,0.6098022205900352,-0.0903680703707499
ENSRNOG00000004071,-0.28317209912723934,-0.4944700592300516,0.05175539884941061,0.10456777204094024,True,-0.21129796010281227,-0.3888210791786455
ENSRNOG00000004072,-0.2885272970814345,1.9890275694969612,0.001444060317088549,0.005265370924106243,False,2.2775548665783956,0.8502501362077634
ENSRNOG00000004073,2.5486456942390827,3.0459568878254246,0.0035364907587689455,0.06798845701505143,True,0.4973111935863419,2.7973012910322534
ENSRNOG00000004074,-2.1884369373159758,-0.1131827598848052,0.003973633179489907,0.03998718483289729,True,2.0752541774311704,-1.1508098486003906
ENSRNOG00000004075,-1.4843206281683028,-0.3044132034589133,0.013847783491955706,0.01785284254932094,True,1.1799074247093895,-0.894366915813608
ENSRNOG00000004076,-4.701952436974802,-3.641119681175414,0.00043160307401786765,0.07333783125299545,True,1.0608327557993875,-4.171536059075108
ENSRNOG00000004077,-0.8656499991134533,0.039038429358914994,0.659505982798441,0.009382551274373473,False,0.9046884284723683,-0.41330578487726916
ENSRNOG00000004078,-0.7121583974268018,-0.850542039505316,0.16621876397648677,0.2757120861099883,True,-0.13838364207851428,-0.7813502184660589
ENSRNOG00000004079,-0.9179589174016612,1.0875777894316512,0.19698693012286378,0.12637613770346606,False,2.0055367068333125,0.08480943601499497
ENSRNOG00000004080,1.993819211070768,1.7802904157305388,0.004305518117099091,0.0315457412536454,True,-0.21352879534022917,1.8870548134006535
ENSRNOG00000004081,1.5491115402065339,1.3288742238736089,0.008732528716442716,0.0341280145443175,True,-0.22023731633292498,1.4389928820400715
ENSRNOG00000004082,0.14014210368114746,0.22872292605416483,0.4222765795542804,0.16357763993210225,True,0.08858082237301737,0.18443251486765616
ENSRNOG00000004083,-0.667103496371752,1.3736493711961097,0.11863662972762389,0.013366234302949863,False,2.040752867567862,0.35327293741217886
ENSRNOG00000004084,1.847141402592355,-0.24938169676582356,0.054337084971681694,0.04987856054879894,False,-2.0965230993581785,0.7988798529132657
ENSRNOG00000004085,-0.035564147704532936,1.9060185986130802,0.018626969313912514,0.11620894951763644,False,1.9415827463176132,0.9352272254542736
ENSRNOG00000004086,-1.4728860700532243,-1.197024025463037,0.14076710950710203,0.054682418899651,True,0.27586204459018715,-1.3349550477581307
ENSRNOG00000004087,-3.089247619472193,-3.5771448058475253,0.009546298314559741,0.023142210947798583,True,-0.4878971863753323,-3.333196212659859
ENSRNOG00000004088,-0.7943660890122288,-1.3299891587535244,0.014454633271906922,0.0028467543829806914,True,-0.5356230697412956,-1.0621776238828766
ENSRNOG00000004089,1.3583585109106955,-0.809663838440489,0.038382857101434104,0.007911635880667558,False,-2.1680223493511845,0.27434733623510327
ENSRNOG00000004090,4.097769641177561,3.4728229388656637,0.0037852667799447124,0.008819251738087092,True,-0.6249467023118975,3.7852962900216127
ENSRNOG00000004091,0.11089862314105665,-1.014796534127927,0.10198023306061173,0.006300466691467666,False,-1.1256951572689837,-0.45194895549343517
ENSRNOG00000004092,-1.3776399272165478,-0.7596941009923174,0.0016565773548582092,0.7049371142801523,True,0.6179458262242304,-1.0686670141044325
ENSRNOG00000004093,-2.132937374911585,-0.25946953326573796,0.008675416028916264,0.2451455153557547,True,1.873467841645847,-1.1962034540886615
ENSRNOG00000004094,0.9935188133500779,-0.03002498191639069,0.016040759094137626,0.021236666417619027,False,-1.0235437952664685,0.4817469157168436
ENSRNOG00000004095,-3.176308894291683,-2.4413989257939566,0.0055381255212976176,0.06583782301065541,True,0.7349099684977265,-2.80885391004282
ENSRNOG00000004096,0.9906211825287988,-0.6949125362922333,0.06965307433297298,0.18235565917580537,False,-1.685533718821032,0.14785432311828278
ENSRNOG00000004097,1.4718808912732422,0.5931040416670472,0.025947708020391258,0.09334544151286489,True,-0.878776849606195,1.0324924664701447
ENSRNOG00000004098,0.7853030158191553,3.2367308572940665,0.05754643069386975,0.006962003729513225,True,2.4514278414749113,2.011016936556611
ENSRNOG00000004099,-0.39539100948940337,0.5479639358631696,0.0555425333807711,0.32248886460802995,False,0.9433549453525729,0.07628646318688312
ENSRNOG00000004100,1.0168931763842661,0.41352042010301593,0.01039079456266236,0.19383170640192562,True,-0.6033727562812502,0.715206798243641
ENSRNOG00000004101,0.3076890680309399,-0.43304387172976166,0.019393627661875416,0.03417997300586156,False,-0.7407329397607016,-0.06267740184941087
ENSRNOG00000004102,-1.4006229153490652,-0.9971886478766195,0.008752086417932082,0.32680449808372636,True,0.4034342674724457,-1.1989057816128423
ENSRNOG00000004103,3.3307421802750463,2.4014579723903533,0.008578427135958721,0.1049589956780204,True,-0.929284207884693,2.8661000763326996
ENSRNOG00000004104,-0.6330228832989294,-0.8704787531463178,0.16686772550928752,0.036096280642887224,True,-0.23745586984738842,-0.7517508182226236
ENSRNOG00000004105,1.396354140809837,1.506082971310375,0.001691082545071965,0.01636712085881459,True,0.10972883050053794,1.4512185560601059
ENSRNOG00000004106,-4.353505708852286,-3.9615037465829843,0.004026854616860783,0.005463439886080125,True,0.39200196226930206,-4.157504727717635
ENSRNOG00000004107,2.2976475890056722,0.5560933017903757,0.0256642825415405,0.4122922756272224,True,-1.7415542872152965,1.4268704453980239
ENSRNOG00000004108,2.6437747403782472,2.186472053359923,0.008016081826033774,0.005014452631481351,True,-0.4573026870183243,2.415123396869085
ENSRNOG00000004109,0.05370081682794879,-1.1905572857996125,0.08622910994590437,0.005400149224113477,False,-1.2442581026275612,-0.5684282344858319
ENSRNOG00000004110,1.0057878625279653,1.4494038620246832,0.00796256490959199,0.06278698522462457,True,0.4436159994967179,1.2275958622763241
ENSRNOG00000004111,1.005327326893613,0.6686279392708767,0.0027263729595264643,0.08490536922495497,True,-0.3366993876227362,0.8369776330822448
ENSRNOG00000004112,-1.1570104253533038,-2.7060717688933207,0.026193759656476884,0.07114421075726013,True,-1.549061343540017,-1.9315410971233122
ENSRNOG00000004113,0.9848201497908124,0.7846517836967467,0.2846896948513037,0.01156998698005749,True,-0.20016836609406574,0.8847359667437795
ENSRNOG00000004114,-1.4555348457705997,-2.7591676509424525,0.00899600863921924,0.03636838424178713,True,-1.3036328051718529,-2.107351248356526
ENSRNOG00000004115,-1.095762462561587,-0.017088364403434753,0.009067787729996179,0.22004769032723653,True,1.0786740981581522,-0.5564254134825108
ENSRNOG00000004116,2.028497657782138,1.1182283615787278,0.016638978582022432,0.007481078194749437,True,-0.91026929620341,1.573363009680433
ENSRNOG00000004117,1.754383843260365,3.1366194407492087,0.04117274435410364,0.0018549390684241861,True,1.3822355974888438,2.445501642004787
ENSRNOG00000004118,-1.2714759038084267,0.2602748720015071,0.0957161299439952,0.0018504156144300205,False,1.5317507758099338,-0.5056005159034598
ENSRNOG00000004119,-1.3204374183018732,-2.01162457598869,0.0025636900478759163,0.048673602307647085,True,-0.6911871576868167,-1.6660309971452816
ENSRNOG00000004120,-1.1620738844238099,-2.911987098441679,0.0054529533931808516,0.06899317512632332,True,-1.7499132140178693,-2.0370304914327444
ENSRNOG00000004121,1.3187512196378834,0.10389450972281822,0.00651222896470519,0.14767479844348685,True,-1.2148567099150651,0.7113228646803509
ENSRNOG00000004122,-1.7999726054587148,-2.5063029046838157,0.015188393647924672,0.011668505682891904,True,-0.7063302992251008,-2.153137755071265
ENSRNOG00000004123,0.6420827502647146,2.3536412614009548,0.2087305669030046,0.0018698308377459861,True,1.7115585111362401,1.4978620058328347
ENSRNOG00000004124,1.3443242591417304,0.9033101039722178,0.01074179201241396,0.120906171893658,True,-0.4410141551695126,1.1238171815569742
ENSRNOG00000004125,-0.1588418105275802,0.8720773132335705,0.015591595048088543,0.5345910839981224,False,1.0309191237611508,0.35661775135299517
ENSRNOG00000004126,1.8181146543568698,0.9370355067845565,0.005770260618364908,0.35405149825892984,True,-0.8810791475723133,1.3775750805707132
ENSRNOG00000004127,-0.5477583050816264,-0.5611265101501839,0.23881795185980031,0.1425973161095751,True,-0.013368205068557515,-0.5544424076159051
ENSRNOG00000004128,-0.38494008178904593,-0.2960176292509049,0.1996319056854198,0.018370416514047232,True,0.08892245253814102,-0.3404788555199754
ENSRNOG00000004129,-1.7590432160373417,-0.03428310238332388,0.0009377348740945791,0.16629791305310218,True,1.7247601136540178,-0.8966631592103328
ENSRNOG00000004130,1.8309192257163696,1.5722310669454598,0.015693978274143486,0.0028069241472382872,True,-0.2586881587709098,1.7015751463309146
ENSRNOG00000004131,-1.3797368045619667,-2.048421562752636,0.016274135138976645,0.057916360189976035,True,-0.6686847581906692,-1.7140791836573013
ENSRNOG00000004132,0.6295892718871066,2.1317605498739707,0.37895301863530506,0.04783469954098983,True,1.5021712779868641,1.3806749108805385
ENSRNOG00000004133,-0.12836892082668258,-0.39474714009777295,0.6292547320384497,0.3142392680384998,True,-0.2663782192710904,-0.26155803046222775
ENSRNOG00000004134,-1.8950095136009928,-1.766902599319156,8.675051495421854e-05,0.00017541333601436243,True,0.12810691428183674,-1.8309560564600744
ENSRNOG00000004135,-1.0963856588819774,-3.7165228154012313,0.019000412556319495,0.005750683995643747,True,-2.620137156519254,-2.4064542371416042
ENSRNOG00000004136,2.4891700302733213,2.3587551913052627,0.015073115247295082,0.04792889277673938,True,-0.1304148389680586,2.423962610789292
ENSRNOG00000004137,0.36298357674206494,0.35289210382958164,0.0013995363799896995,0.13673788615702961,True,-0.010091472912483301,0.3579378402858233
ENSRNOG00000004138,-1.8164706144603155,-1.1302780784010176,0.004118740840248822,0.026319612499917197,True,0.686192536059298,-1.4733743464306666
ENSRNOG00000004139,0.5495909172276453,-0.04924408095156013,0.12919790105891124,0.0713864780068493,False,-0.5988349981792054,0.2501734181380426
ENSRNOG00000004140,-0.2630052568701812,-0.7828223068111451,0.2891712606869549,0.2622517316983664,True,-0.5198170499409638,-0.5229137818406632
ENSRNOG00000004141,6.2172835240395266,3.8396933481749267,0.048735156905404704,0.022231312310871245,True,-2.3775901758646,5.028488436107226
ENSRNOG00000004142,0.5132229144160904,0.835310496486585,0.049708376243677195,0.19550618061883596,True,0.3220875820704946,0.6742667054513376
ENSRNOG00000004143,-0.6851247247194562,0.20518884887578792,0.09602375939595201,0.0964408226814648,False,0.8903135735952441,-0.23996793792183413
ENSRNOG00000004144,2.556050252016788,1.4955310035780875,0.018627309072767738,0.008295387790982846,True,-1.0605192484387003,2.025790627797438
ENSRNOG00000004145,-3.313865101127122,-1.2570438997338464,0.010136952621132449,0.0004408217201365547,True,2.0568212013932756,-2.2854545004304843
ENSRNOG00000004146,0.1697762814859754,0.03252498134211172,0.1857640935083301,0.012152451257907185,True,-0.13725130014386366,0.10115063141404357
ENSRNOG00000004147,3.5899712904259307,1.9117427384597945,0.023323212357658937,0.0045784115311426786,True,-1.6782285519661362,2.750857014442863
ENSRNOG00000004148,-0.2091587118475573,0.0661084295963936,0.29014306672900436,0.0076657280937658286,False,0.2752671414439509,-0.07152514112558185
ENSRNOG00000004149,-3.1199418803665417,-3.5489162180678013,0.018633491225081997,0.04112850149884986,True,-0.4289743377012596,-3.3344290492171718
ENSRNOG00000004150,-0.712652335939076,-0.24024936390536072,0.17333412924640076,0.23150358860170406,True,0.47240297203371523,-0.4764508499222183
ENSRNOG00000004151,2.6181324737262663,0.161038871331171,0.006109150123734836,0.060574626494880164,True,-2.457093602395095,1.3895856725287188
ENSRNOG00000004152,0.6769252733773881,-0.6188041220863285,0.0423867481067391,0.15437824587755672,False,-1.2957293954637166,0.029060575645529774
ENSRNOG00000004153,-1.509940997122532,-3.1463858550957777,0.03546555668360231,0.020926016093262625,True,-1.6364448579732458,-2.328163426109155
ENSRNOG00000004154,-1.2334370529222431,-1.022609996292201,0.016491262926799716,0.05850768413665089,True,0.2108270566300421,-1.128023524607222
ENSRNOG00000004155,-1.007460488069664,1.0050422555371772,0.016691568881003805,0.003234264439464216,False,2.0125027436068414,-0.0012091162662434263
ENSRNOG00000004156,0.6501561912971932,0.3191757159465845,0.015092719519659247,0.5550230590554479,True,-0.33098047535060865,0.4846659536218888
ENSRNOG00000004157,2.4087530392895755,2.313716715121695,0.019203218779073356,0.00047262471022750663,True,-0.09503632416788044,2.3612348772056353
ENSRNOG00000004158,1.8943614230385077,3.7580953598441935,2.445369538371457e-05,0.035353828052463496,True,1.8637339368056858,2.826228391441351
ENSRNOG00000004159,0.8208219277964313,0.9824175514276741,0.05780428046322092,0.018408915942332776,True,0.1615956236312428,0.9016197396120527
ENSRNOG00000004160,-2.39696056810347,-2.4334058331277832,0.0065646262446682705,0.04045259812675957,True,-0.03644526502431322,-2.4151832006156266
ENSRNOG00000004161,-2.390278525188194,-2.2843364300006015,0.022003916976698755,0.006100275152795974,True,0.10594209518759268,-2.337307477594398
ENSRNOG00000004162,0.9598536381847741,0.6533915925998031,0.05928953019533969,0.06860262283314429,True,-0.30646204558497103,0.8066226153922886
ENSRNOG00000004163,-2.42184797627921,-2.3113960013938337,0.014476093902582208,0.06393401407494366,True,0.11045197488537628,-2.366621988836522
ENSRNOG00000004164,-0.4060206379234877,-0.8620853835920752,0.15659342865672088,0.23995895926795002,True,-0.4560647456685875,-0.6340530107577814
ENSRNOG00000004165,0.5474708031351185,1.4067967508543449,0.6045289524226235,0.02698525512136716,True,0.8593259477192263,0.9771337769947317
ENSRNOG00000004166,-2.04766919165284,-0.31495095551310825,0.03468029858346304,0.21337745846035874,True,1.7327182361397315,-1.181310073582974
ENSRNOG00000004167,-1.8436722018459544,-2.982934203406346,0.017438060451169673,0.017418160922340442,True,-1.1392620015603918,-2.4133032026261505
ENSRNOG00000004168,-0.16941791622207358,-0.9742821768262406,0.03731237191274064,0.04567154960979716,True,-0.804864260604167,-0.5718500465241572
ENSRNOG00000004169,0.9065705175432969,0.12926334567037973,0.15756732207651722,0.4941317123908716,True,-0.7773071718729172,0.5179169316068383
ENSRNOG00000004170,1.9107337867447622,1.928342368459953,0.010515966148855062,0.062334367739113966,True,0.017608581715190752,1.9195380776023576
ENSRNOG00000004171,1.0926961825869934,1.9432627720900946,0.0010455428520602067,0.04896609914895498,True,0.8505665895031012,1.517979477338544
ENSRNOG00000004172,0.13258187098595015,2.9272220032580245,0.21119793273355217,0.01660692629874166,True,2.7946401322720744,1.5299019371219873
ENSRNOG00000004173,-1.3431505564026889,-1.402299339450623,0.005610183760620432,0.030870004799185072,True,-0.05914878304793403,-1.372724947926656
ENSRNOG00000004174,-1.9276325925201345,-1.747305312972822,0.011744653040591652,0.00330984956300816,True,0.18032727954731254,-1.8374689527464783
ENSRNOG00000004175,-0.9195787589924657,-0.007315039695276804,0.19246140561536068,0.0764117957278058,True,0.9122637192971889,-0.46344689934387123
ENSRNOG00000004176,0.7378840529650209,-0.21456639888638795,0.3129553360264779,0.054823585122449475,False,-0.9524504518514089,0.2616588270393165
ENSRNOG00000004177,0.6059226719292172,0.26401746234682477,0.1510326716261489,0.17638899650120787,True,-0.34190520958239246,0.434970067138021
ENSRNOG00000004178,-3.7798235743052206,-3.006070044750273,0.041407805560130094,0.0015231452428157667,True,0.7737535295549476,-3.392946809527747
ENSRNOG00000004179,-1.4142186508815053,-3.714405300598812,0.0006074885271373292,0.01297067020616224,True,-2.3001866497173067,-2.5643119757401585
ENSRNOG00000004180,2.1681135928910806,1.603712134825058,0.005034344452667851,0.0096121041952917,True,-0.5644014580660226,1.8859128638580693
ENSRNOG00000004181,0.142587086047451,-0.09451978875566312,0.25737214052456664,0.043716059700364865,False,-0.2371068748031141,0.024033648645893933
ENSRNOG00000004182,-2.5506160435853746,-0.39962630686831035,0.013780175431197663,0.18951633574311633,True,2.1509897367170643,-1.4751211752268425
ENSRNOG00000004183,4.240478126876672,2.88929005418931,0.007547204596538116,0.009364019460461488,True,-1.3511880726873624,3.564884090532991
ENSRNOG00000004184,-0.05209511816657636,-1.3529095325831528,0.06864827909777028,0.047988965087634505,True,-1.3008144144165765,-0.7025023253748646
ENSRNOG00000004185,0.6918011267641344,0.19942094957111195,0.21281943114985188,0.028009955894533645,True,-0.49238017719302246,0.44561103816762315
ENSRNOG00000004186,0.7191445608812421,-1.706618683894215,0.03827431416109521,0.0013450740945364303,False,-2.425763244775457,-0.49373706150648644
ENSRNOG00000004187,-0.6616718390883349,-1.7214005775396926,0.35542267817617096,0.009107558376089998,True,-1.0597287384513576,-1.1915362083140137
ENSRNOG00000004188,-1.3096326272785097,-0.2232689199887391,0.007671754467913015,0.01892092810288143,True,1.0863637072897707,-0.7664507736336243
ENSRNOG00000004189,3.819014973118693,2.3372227197693647,0.0012476448541121489,0.005138671053828915,True,-1.4817922533493282,3.0781188464440286
ENSRNOG00000004190,1.8057705653119511,2.196557635885096,0.017864692674975993,0.07047587065935514,True,0.3907870705731449,2.0011641005985235
ENSRNOG00000004191,1.4794869619956177,-1.0591857292649298,0.0016454928700732716,0.003906628110745334,False,-2.5386726912605475,0.21015061636534393
ENSRNOG00000004192,1.0373205450927794,0.4507935034731494,0.02338828207791138,0.01584185006604692,True,-0.58652704161963,0.7440570242829644
ENSRNOG00000004193,-1.8059713026510322,-1.7273486091098766,0.007480532288213729,0.0129346163065514,True,0.07862269354115559,-1.7666599558804545
ENSRNOG00000004194,2.299554345132493,2.5673379664339615,0.02304203184888488,0.0057501984554358095,True,0.2677836213014686,2.433446155783227
ENSRNOG00000004195,-1.5176387844211487,-0.3255934668314274,0.014852704151376869,0.4469978290642038,True,1.1920453175897214,-0.921616125626288
ENSRNOG00000004196,0.5099162366711624,1.0211077985291033,0.0638219093955477,0.06352160322579445,True,0.5111915618579409,0.7655120176001329
ENSRNOG00000004197,-2.950901829836224,-0.3881327043003262,0.013349481274086713,0.42436582580733556,True,2.562769125535898,-1.6695172670682752
ENSRNOG00000004198,-3.673545931165535,-2.8845026979434585,0.01985466391964228,0.046055921346674675,True,0.7890432332220767,-3.279024314554497
ENSRNOG00000004199,0.5729241647756065,1.7914233091131675,0.02555782743102411,0.010195060335013112,True,1.218499144337561,1.182173736944387
ENSRNOG00000004200,-1.4563786809508346,-2.0867539614702904,0.014288508101859962,0.011186355617456387,True,-0.6303752805194558,-1.7715663212105626
ENSRNOG00000004201,-3.580501628335092,-3.5696627445218416,0.0036510281750680024,0.027047503846100822,True,0.010838883813250266,-3.5750821864284665
ENSRNOG00000004202,0.973097105304736,1.4520899316804763,0.02055985101316159,0.00478269742386885,True,0.47899282637574025,1.2125935184926062
ENSRNOG00000004203,3.8161453878914204,1.015001088436924,0.02642989688704414,0.010107538828444052,True,-2.8011442994544966,2.415573238164172
ENSRNOG00000004204,2.5012084654441114,2.3022256663419016,0.005369298292199591,0.005957300007982579,True,-0.19898279910220973,2.4017170658930063
ENSRNOG00000004205,-0.46317219347821054,-0.2085782381577908,0.39522465114015665,0.15628417282088847,True,0.25459395532041973,-0.33587521581800067
ENSRNOG00000004206,0.015921552054502297,1.136272020484678,0.19810387756509035,0.03459989254425277,True,1.1203504684301757,0.57609678626959
ENSRNOG00000004207,1.5978712622110438,1.024136295100876,0.0022339608622811598,0.009441096820131936,True,-0.5737349671101679,1.3110037786559599
ENSRNOG00000004208,2.0198304357028323,1.4323360898882296,0.008652785219369474,0.0011652073993132911,True,-0.5874943458146027,1.726083262795531
ENSRNOG00000004209,-0.6183642938862577,0.114240522728496,0.1686923550551937,0.07999834112800808,False,0.7326048166147536,-0.2520618855788809
ENSRNOG00000004210,0.06151988830423373,-0.6539485035158885,0.28483050115536035,0.08480049633680754,False,-0.7154683918201222,-0.2962143076058274
ENSRNOG00000004211,0.5411066521761656,-0.3735640993849398,0.2576662209133619,0.9660146475058343,False,-0.9146707515611054,0.08377127639561291
ENSRNOG00000004212,0.9969773765018973,1.1760955278568805,0.14163348964674422,0.013312881026511658,True,0.1791181513549832,1.086536452179389
ENSRNOG00000004213,-0.23953759562028046,-0.19363776460896004,0.3961245434028554,0.030381982489790973,True,0.04589983101132042,-0.21658768011462026
ENSRNOG00000004214,-0.2161534411237397,-0.5746639531336374,0.06846378157596371,0.05157550409565712,True,-0.3585105120098977,-0.39540869712868854
ENSRNOG00000004215,2.483698193557899,1.6019914669368207,0.006007503309844497,0.03232228440808707,True,-0.8817067266210783,2.04284483024736
ENSRNOG00000004216,2.1771372643971953,3.1547408230203393,0.007709110171966683,0.02659425687767871,True,0.977603558623144,2.665939043708767
ENSRNOG00000004217,0.8593390321849589,0.11918121480888488,0.31646395149358564,0.29217890120935425,True,-0.740157817376074,0.4892601234969219
ENSRNOG00000004218,3.0943963260412715,1.6085689077619483,0.030461109052275285,0.012640956033693586,True,-1.4858274182793232,2.3514826169016096
ENSRNOG00000004219,-0.6956023720075507,-2.2658260488607542,0.012475504787958976,0.04572757974324852,True,-1.5702236768532036,-1.4807142104341524
ENSRNOG00000004220,2.921352207532885,1.942048916057391,0.02967682041276811,0.017064505497657204,True,-0.9793032914754938,2.4317005617951377
ENSRNOG00000004221,0.9765277983639908,1.3537665896899256,0.03526353723042716,0.0542815968457518,True,0.37723879132593474,1.1651471940269582
ENSRNOG00000004222,5.887847019986261,4.881743995055569,0.006506336846922138,0.06847691093942666,True,-1.0061030249306926,5.384795507520915
ENSRNOG00000004223,-2.14646746820846,-1.3459693966696937,0.00042261994135278977,0.119601429364583,True,0.8004980715387662,-1.7462184324390768
ENSRNOG00000004224,-1.2408214539912148,0.15986666302090147,0.003983416997305763,0.04909211117109142,False,1.4006881170121162,-0.5404773954851567
ENSRNOG00000004225,0.7538360907609858,1.2804004636917243,0.03791960940865004,0.0023514202186000832,True,0.5265643729307385,1.0171182772263552
ENSRNOG00000004226,0.7150212953621854,1.6548122220231618,0.1055247955224519,0.004090917412940917,True,0.9397909266609764,1.1849167586926737
ENSRNOG00000004227,3.5102501715150334,3.420487904881663,0.0074497803074577386,0.1399542942478398,True,-0.08976226663337039,3.4653690381983484
ENSRNOG00000004228,-1.203074429939161,0.8303864935539843,0.0009439252207870852,0.07092180407678694,False,2.0334609234931453,-0.1863439681925883
ENSRNOG00000004229,1.6288533336489917,0.9294424419867523,0.032101618602380394,0.018813090410864406,True,-0.6994108916622394,1.279147887817872
ENSRNOG00000004230,2.0924334084275924,0.029443773251178973,0.027374335881459478,0.07271310515098714,True,-2.0629896351764136,1.0609385908393856
ENSRNOG00000004231,1.2683660979971656,1.5593936275077638,0.03335771511802094,0.015071039879538213,True,0.2910275295105982,1.4138798627524647
ENSRNOG00000004232,-1.7297934154637762,-0.3566786737264527,0.007449491889633738,1.0,True,1.3731147417373235,-1.0432360445951145
ENSRNOG00000004233,2.5339658494575565,3.371591940681335,0.022813831819733083,0.017142396319100587,True,0.8376260912237785,2.9527788950694456
ENSRNOG00000004234,2.2127848763677447,2.8500485899082575,0.0024431445733671987,0.015782666554298976,True,0.6372637135405128,2.531416733138001
ENSRNOG00000004235,1.0792521356226794,2.776637530881216,0.01862924859216827,0.023889097186541433,True,1.6973853952585365,1.9279448332519475
ENSRNOG00000004236,0.3678258369761174,0.9009682484866197,0.0361152853220117,0.04000910551033352,True,0.5331424115105023,0.6343970427313685
ENSRNOG00000004237,0.4069944180798683,0.5170073258298701,0.26176941864089787,0.0729790905252906,True,0.11001290775000178,0.46200087195486916
ENSRNOG00000004238,-0.1417244260308799,-1.5506048870930322,0.3349078603687584,0.07609513417954508,True,-1.4088804610621524,-0.846164656561956
ENSRNOG00000004239,1.1534132416547553,1.1078223655650181,0.0031459829681914847,0.031071663860598567,True,-0.04559087608973722,1.1306178036098866
ENSRNOG00000004240,0.0560427353009596,-0.5420194647102313,0.1445018113648723,0.07988200192650281,False,-0.5980622000111909,-0.24298836470463586
ENSRNOG00000004241,-1.5273449556347543,-0.8165090557275385,0.017209624139783164,0.2510734705655153,True,0.7108358999072157,-1.1719270056811464
ENSRNOG00000004242,-1.8874649606896656,-1.2262373276438339,0.004511960515000801,0.0028533369280185025,True,0.6612276330458318,-1.5568511441667496
ENSRNOG00000004243,-1.3536652565741258,-0.42517210617776396,0.010157171489164143,0.30322420897069435,True,0.9284931503963618,-0.8894186813759449
ENSRNOG00000004244,0.3998380365890132,0.16969261986509282,0.3280302771180392,0.17082884490949166,True,-0.23014541672392036,0.284765328227053
ENSRNOG00000004245,-0.04852050558337318,0.9487772564725202,0.17661985570551877,0.47075175992885915,False,0.9972977620558934,0.4501283754445735
ENSRNOG00000004246,0.3876188279197486,-2.595731225533382,0.10991154343780356,0.0009983243214631919,False,-2.9833500534531305,-1.1040561988068167
ENSRNOG00000004247,0.9014636403829999,0.8124885293761767,0.1721097053802469,0.10909112073628924,True,-0.0889751110068232,0.8569760848795882
ENSRNOG00000004248,-1.129177666650382,0.49477345478793033,0.04839139040056872,0.11032790124258793,False,1.6239511214383124,-0.3172021059312259
ENSRNOG00000004249,2.638188303021626,3.757518979933731,0.0010108159943588587,0.11385562156291326,True,1.1193306769121052,3.1978536414776784
ENSRNOG00000004250,-0.48187948868545394,0.4408813529982073,0.02609217131764987,0.45679347974325196,False,0.9227608416836612,-0.02049906784362332
ENSRNOG00000004251,-0.7801685726067162,1.2386125443390987,0.2750398450281263,0.03297534796400719,False,2.018781116945815,0.22922198586619125
ENSRNOG00000004252,0.8682952271984143,0.7678235500416013,0.17229919454627338,0.11195620679398291,True,-0.10047167715681304,0.8180593886200078
ENSRNOG00000004253,-3.305718364275131,-2.2448827829836735,0.0011464619008273228,0.015669662778214875,True,1.0608355812914576,-2.7753005736294023
ENSRNOG00000004254,-1.4229620095012547,-0.41172774107171406,0.0016430260663846813,0.18262098212063466,True,1.0112342684295408,-0.9173448752864843
ENSRNOG00000004255,1.7659310376452992,1.1974791085631853,0.023223134449049523,0.008821147906810574,True,-0.568451929082114,1.4817050731042423
ENSRNOG00000004256,-3.1273594723117992,-2.9480797825902525,0.010701226251022065,0.020690846884774322,True,0.17927968972154673,-3.037719627451026
ENSRNOG00000004257,2.0116335544796806,0.8269085607076885,0.02091061791658522,0.23233506525938066,True,-1.1847249937719921,1.4192710575936847
ENSRNOG00000004258,2.7200458194464425,0.6818706058436159,0.03475340473963502,0.14914743420929172,True,-2.038175213602827,1.700958212645029
ENSRNOG00000004259,-0.6650196080827471,0.10258261611223884,0.07367433210852421,0.1461602407509784,False,0.7676022241949859,-0.2812184959852541
ENSRNOG00000004260,0.5252629813673582,0.3691402304553047,0.0763219415377616,0.0839432615242153,True,-0.15612275091205347,0.4472016059113314
ENSRNOG00000004261,2.0143567527318478,0.9914621692616542,0.0038449844690525577,0.05912902091750683,True,-1.0228945834701935,1.502909460996751
ENSRNOG00000004262,-0.8402205384783354,-1.166367910844423,0.22694672057166254,0.009175058081097769,True,-0.3261473723660875,-1.0032942246613792
ENSRNOG00000004263,1.5619959369471266,1.592466400633654,0.00027681653025099956,0.03407631697359828,True,0.030470463686527394,1.5772311687903904
ENSRNOG00000004264,-1.2080678312352089,-0.002015535599368401,0.04643065379686341,0.18161626097497502,True,1.2060522956358404,-0.6050416834172887
ENSRNOG00000004265,-0.8596841279997228,-1.7716249033702534,0.013067581414511364,0.007427945108651501,True,-0.9119407753705305,-1.3156545156849881
ENSRNOG00000004266,-1.4388056357849528,-2.3304567355981667,0.025760727133636523,0.02950655260326973,True,-0.8916510998132139,-1.8846311856915596
ENSRNOG00000004267,0.6167649585506462,1.4216356252165054,0.008190743763343247,0.023386083191737187,True,0.8048706666658593,1.0192002918835759
ENSRNOG00000004268,2.0843442946179893,-0.02653578007279256,0.0016981825167180355,0.0024338840732959343,False,-2.110880074690782,1.0289042572725984
ENSRNOG00000004269,-0.33140327781089574,0.3495069466021996,0.06471202161266296,0.0691659560100899,False,0.6809102244130953,0.009051834395651936
ENSRNOG00000004270,-2.288248487842326,0.14174568695893197,0.00789143091505722,0.10314590636503497,False,2.4299941748012577,-1.073251400441697
ENSRNOG00000004271,-1.9488722801162683,0.3749633930837286,0.010448372117300906,0.0800778690729529,False,2.323835673199997,-0.7869544435162699
ENSRNOG00000004272,0.7102789584669728,1.2577559119212378,0.15695454789823976,0.0857984116481849,True,0.5474769534542651,0.9840174351941053
ENSRNOG00000004273,3.3194095441096847,3.0014484810828126,0.017494945197933983,0.011234032903047673,True,-0.3179610630268721,3.1604290125962486
ENSRNOG00000004274,0.7087049987659155,2.8464222218671003,0.05590762396742223,0.02394336009281145,True,2.137717223101185,1.7775636103165078
ENSRNOG00000004275,-0.6964137911722548,-2.9246768240355925,0.06469412678707943,0.033056555260580524,True,-2.228263032863338,-1.8105453076039235
ENSRNOG00000004276,1.3791311403305115,0.4502567155400811,0.0020376392718051404,0.37902651697304995,True,-0.9288744247904304,0.9146939279352964
ENSRNOG00000004277,-0.4310975440561435,0.597770111572254,0.1456170917704139,0.11366489372318395,False,1.0288676556283975,0.08333628375805527
ENSRNOG00000004278,-0.6809133912555715,-0.8171724642878435,0.028983937729208903,0.009462167120777677,True,-0.13625907303227203,-0.7490429277717074
ENSRNOG00000004279,-1.7252263902514746,0.1286132786663834,0.012769265728077434,0.11264775708835578,False,1.853839668917858,-0.7983065557925456
ENSRNOG00000004280,2.5352079196434407,1.6826196220318375,0.05175680356672959,0.0483578516857097,True,-0.8525882976116033,2.1089137708376393
ENSRNOG00000004281,-4.570574251492195,-2.9696594376602152,0.0029024626236674807,0.0016589090755343761,True,1.6009148138319795,-3.770116844576205
ENSRNOG00000004282,1.4361465605026846,0.688171263683591,0.0003528522443858738,0.2562662817700351,True,-0.7479752968190936,1.0621589120931378
ENSRNOG00000004283,-0.8347408880355665,-1.116260310612649,0.3587444083933417,0.018341449239558626,True,-0.2815194225770825,-0.9755005993241077
ENSRNOG00000004284,-0.7386133166129029,-1.0767225166018086,0.05227131667956499,0.023481271902010936,True,-0.33810919998890576,-0.9076679166073558
ENSRNOG00000004285,3.0461672810120626,2.356118362766818,0.008468870846029541,0.0026683548515481215,True,-0.6900489182452447,2.70114282188944
ENSRNOG00000004286,-1.2854359659600925,-1.6873896709668732,0.009925087983897525,0.009149478703662922,True,-0.40195370500678074,-1.4864128184634828
ENSRNOG00000004287,-1.2241244772511384,0.1684604831350779,0.044191242030311655,0.03937485886501423,False,1.3925849603862162,-0.5278319970580303
ENSRNOG00000004288,-0.23470963005515466,0.5262846723954594,0.27432746041996,0.042738196903326045,False,0.7609943024506141,0.14578752117015237
ENSRNOG00000004289,0.7449252944620288,1.660936463252512,0.0033134625372814646,0.052327303528946795,True,0.9160111687904833,1.2029308788572703
ENSRNOG00000004290,-0.795340408127165,-1.726202051319121,0.2363499781250505,0.012068391270421025,True,-0.930861643191956,-1.260771229723143
ENSRNOG00000004291,-2.832946074964594,-3.71085370510169,0.018132039021765852,0.041473872967848824,True,-0.8779076301370963,-3.2718998900331417
ENSRNOG00000004292,-1.5582567255871778,-1.0640096168126327,0.00924287752404822,0.08138515814883833,True,0.49424710877454503,-1.3111331711999052
ENSRNOG00000004293,2.306400941636135,4.612093284550069,0.028977031269700092,0.009907856443761041,True,2.3056923429139338,3.4592471130931015
ENSRNOG00000004294,0.1345982204439206,1.421046006901165,0.16801456532957523,0.017826144680760995,True,1.2864477864572443,0.7778221136725428
ENSRNOG00000004295,0.8119571106668797,-0.030037788678570432,0.09606195610451711,0.4743436965087815,False,-0.8419948993454501,0.39095966099415463
ENSRNOG00000004296,-0.4705581729114676,0.12575818357311008,0.04501117684825441,0.36770709673142626,False,0.5963163564845777,-0.17239999466917877
ENSRNOG00000004297,-1.1870958531118854,-0.0432589273002143,0.008190556352924738,0.09840350940211685,True,1.1438369258116712,-0.6151773902060498
ENSRNOG00000004298,3.0196250097757398,0.6165373538779988,0.028699639056778397,0.13627460734359492,True,-2.4030876558977408,1.8180811818268694
ENSRNOG00000004299,-0.3387453426919452,1.2077603294558124,0.7254741621319384,0.05549287931392742,False,1.5465056721477575,0.4345074933819336
ENSRNOG00000004300,-0.7980657831488284,-0.7184800657031911,0.053326911065107674,0.21184704742718483,True,0.07958571744563725,-0.7582729244260098
ENSRNOG00000004301,1.9730562594396113,1.2464633695806824,0.009769868437222036,0.0024734627346443424,True,-0.7265928898589289,1.6097598145101468
ENSRNOG00000004302,-1.3002486459612934,-0.8591951868481312,0.03428837005016425,0.7130392926706763,True,0.4410534591131622,-1.0797219164047123
ENSRNOG00000004303,-1.0705092187931942,0.47382087749391766,0.0309455771043289,0.09114986734688577,False,1.5443300962871118,-0.29834417064963825
ENSRNOG00000004304,0.018444031230416404,-0.7803993248747952,0.18703126425890473,0.04549235155551455,False,-0.7988433561052116,-0.38097764682218943
ENSRNOG00000004305,0.0004861873587234631,-1.791987897619743,0.029500334294026494,0.04820326177283051,False,-1.7924740849784664,-0.8957508551305098
ENSRNOG00000004306,0.4673004262257859,0.6568673473785811,0.15643410443207864,0.19708686735965164,True,0.18956692115279522,0.5620838868021835
ENSRNOG00000004307,3.7650043609118784,0.4143619749382923,0.001012731651641469,0.21023387119092019,True,-3.350642385973586,2.0896831679250853
ENSRNOG00000004308,0.6052468434342668,0.09540907864298437,0.28559447440041874,0.19043214026869998,True,-0.5098377647912824,0.3503279610386256
ENSRNOG00000004309,-4.2804971329514405,-1.6645200460552205,0.006172287468397023,0.0038107986077355158,True,2.61597708689622,-2.9725085895033305
ENSRNOG00000004310,0.5873380981768096,1.0074385054444057,0.08957172641248294,0.00654713654465723,True,0.4201004072675961,0.7973883018106076
ENSRNOG00000004311,0.06818399008127789,1.1408389822668088,0.3598889617512353,0.06176238211582518,True,1.0726549921855308,0.6045114861740434
ENSRNOG00000004312,0.07821004383262378,0.7045517632691546,0.41246370460740006,0.6238294234622638,True,0.6263417194365308,0.39138090355088917
ENSRNOG00000004313,0.4427051569131073,2.831890719923492,0.07892421564674712,0.002764249778763788,True,2.3891855630103844,1.6372979384182997
ENSRNOG00000004314,-0.05162091781463888,-0.6527538331536102,0.05589612883757586,0.2162742833489058,True,-0.6011329153389714,-0.35218737548412454
ENSRNOG00000004315,-0.0947017674997002,0.3536410589589433,0.023575006752599627,0.1574305613862347,False,0.44834282645864354,0.12946964572962155
ENSRNOG00000004316,1.103479577587415,0.2903396179861594,0.01706052324032225,0.01624449992485269,True,-0.8131399596012556,0.6969095977867873
ENSRNOG00000004317,-0.9757454349501018,0.3411344376445453,0.0891811553920477,0.21587744992291477,False,1.3168798725946471,-0.31730549865277824
ENSRNOG00000004318,-1.7058354041505162,-1.2246216946753719,0.0030451938472787973,0.02252180208116952,True,0.4812137094751443,-1.465228549412944
ENSRNOG00000004319,5.442806614720304,5.505895621426054,0.007080416261687673,0.011991513183970388,True,0.06308900670575035,5.474351118073179
ENSRNOG00000004320,-1.28854339880622,-1.433566264360305,0.024354934068533195,0.04261570526257646,True,-0.14502286555408506,-1.3610548315832625
ENSRNOG00000004321,0.18025724242813765,1.6000577768539672,0.07187005244430544,0.07641126069376987,True,1.4198005344258295,0.8901575096410524
ENSRNOG00000004322,-2.692188451575661,-1.2078916400002804,0.020752894545155838,0.056798564218859385,True,1.4842968115753807,-1.9500400457879707
ENSRNOG00000004323,0.20964314709255946,0.10847321748161082,0.09060165949215332,0.7443336098820694,True,-0.10116992961094864,0.15905818228708513
ENSRNOG00000004324,-1.6798059912408032,-0.5727036192908257,0.012518300832627578,0.05075920360678577,True,1.1071023719499775,-1.1262548052658143
ENSRNOG00000004325,-0.7964512971300197,-0.2672592751427616,0.24984024278975187,0.18700412216317708,True,0.5291920219872581,-0.5318552861363907
ENSRNOG00000004326,1.8811163983880228,1.6529115651682562,0.014661571726897069,0.018013371990421103,True,-0.2282048332197666,1.7670139817781396
ENSRNOG00000004327,0.8496172230805328,0.3605250849456519,0.019869053451428607,0.13720402278262717,True,-0.4890921381348809,0.6050711540130923
ENSRNOG00000004328,1.0231371442346744,-0.04093467485316227,0.005486580486401963,0.012376593785193986,False,-1.0640718190878367,0.49110123469075606
ENSRNOG00000004329,-3.188168709105353,-2.5197793981522976,0.02092542389859944,0.014693264844004251,True,0.6683893109530556,-2.8539740536288254
ENSRNOG00000004330,3.3064113056922233,0.4810574610250784,0.0034029421833895565,0.12185293122874091,True,-2.825353844667145,1.8937343833586509
ENSRNOG00000004331,-2.145386359695375,-0.5748169754335982,0.008649555400022603,0.11167105402476135,True,1.570569384261777,-1.3601016675644866
ENSRNOG00000004332,2.751409465728957,0.5740362659114371,0.0009431174677222588,0.09678872941066459,True,-2.17737319981752,1.662722865820197
ENSRNOG00000004333,1.8387789587666752,1.0218402839638545,0.016482281890298836,0.012571421950010904,True,-0.8169386748028207,1.4303096213652648
ENSRNOG00000004334,1.0391989352124242,1.3871025694995334,0.022345090009628293,0.011082620305993707,True,0.34790363428710913,1.2131507523559788
ENSRNOG00000004335,-1.5389726056350868,-0.16513481887695214,0.010156689852444575,0.06827859334801326,True,1.3738377867581346,-0.8520537122560194
ENSRNOG00000004336,0.27286172067514125,-1.6778385636200046,0.07247261589361353,0.06356273903120684,False,-1.950700284295146,-0.7024884214724316
ENSRNOG00000004337,-0.8476585391607477,-0.6728482856156401,0.020724700149862958,0.29781593822798447,True,0.1748102535451076,-0.7602534123881939
ENSRNOG00000004338,0.05227122870952527,0.5182763699437404,0.36998589278925126,0.14831360978435848,True,0.4660051412342151,0.2852737993266328
ENSRNOG00000004339,-0.4497700663540078,-0.2512267303952822,0.1079105802500311,0.1032347284634583,True,0.1985433359587256,-0.350498398374645
ENSRNOG00000004340,-3.669498911830335,-1.083980554487406,0.01983873421110448,0.029617919443608923,True,2.585518357342929,-2.3767397331588707
ENSRNOG00000004341,2.0192114717722585,0.5101665558948034,0.0255576404615493,0.26544309472077593,True,-1.509044915877455,1.264689013833531
ENSRNOG00000004342,-0.14599288178885012,-2.250768346316125,0.1083260415149139,0.002234800298127908,True,-2.104775464527275,-1.1983806140524875
ENSRNOG00000004343,-0.8726407191040266,0.25744662861620915,0.08963877057847829,0.05547025040477912,False,1.1300873477202358,-0.30759704524390874
ENSRNOG00000004344,-1.008589019093582,-1.249780958583048,0.008183994041336875,0.047416918816305345,True,-0.24119193948946593,-1.129184988838315
ENSRNOG00000004345,0.6452272374601827,-1.4077131059923738,0.18994940200316987,0.02469689642879367,False,-2.0529403434525566,-0.3812429342660955
ENSRNOG00000004346,-1.60876140893005,-1.2603957681672315,0.004896921413449162,0.01173935335200632,True,0.3483656407628184,-1.4345785885486406
ENSRNOG00000004347,-4.059316005253279,-1.468249008843943,0.015817386290541125,0.056416224441186755,True,2.5910669964093356,-2.763782507048611
ENSRNOG00000004348,0.7328336457748971,-0.8280883695764032,0.05929656301200571,0.06758940500721619,False,-1.5609220153513004,-0.04762736190075306
ENSRNOG00000004349,0.934385396322279,3.088177821143781,0.42302453094933085,0.0002501111241688365,True,2.1537924248215017,2.01128160873303
ENSRNOG00000004350,-0.3593372844197392,-1.1241250276689176,0.11179162080321135,0.007654147224340664,True,-0.7647877432491784,-0.7417311560443285
ENSRNOG00000004351,-2.066225175342016,-1.3136717224005336,0.034138745578089526,0.05979210699564169,True,0.7525534529414826,-1.689948448871275
ENSRNOG00000004352,0.1600839736007136,-1.1712319366915036,0.15033188443675374,0.009905178148833724,False,-1.3313159102922172,-0.505573981545395
ENSRNOG00000004353,-2.6361582629644595,-1.7488967526850177,0.0004262622876678299,0.019835170644639428,True,0.8872615102794419,-2.192527507824739
ENSRNOG00000004354,-1.8490150740377869,-1.397765463192306,0.027738069900841187,0.010981534404625208,True,0.4512496108454809,-1.6233902686150463
ENSRNOG00000004355,-1.3512562857074901,-2.482822871728735,0.0011601061035323727,0.03208326264824521,True,-1.131566586021245,-1.9170395787181125
ENSRNOG00000004356,1.519090327604801,4.00009974016972,0.04451605927788781,0.025225441197617732,True,2.481009412564919,2.75959503388726
ENSRNOG00000004357,-0.6526997107864508,-0.963939830804416,0.08331037385803108,0.028507952577140835,True,-0.3112401200179652,-0.8083197707954335
ENSRNOG00000004358,-0.8061595411976291,-1.0673741731857178,0.6660325379807479,0.0029588570220878594,True,-0.2612146319880887,-0.9367668571916734
ENSRNOG00000004359,3.5184465277402435,3.410031312184703,0.01750945462836502,0.0238538104337418,True,-0.10841521555554046,3.4642389199624732
ENSRNOG00000004360,0.6344324949396851,2.3363817240748785,0.07035231771931753,0.0016149248536354087,True,1.7019492291351934,1.4854071095072818
ENSRNOG00000004361,0.6101901188546869,1.5976879922257052,0.34554397180729934,0.06156590843289956,True,0.9874978733710184,1.103939055540196
ENSRNOG00000004362,-0.6654613413757948,-1.7137528413134562,0.05508655869815084,0.02683548911316239,True,-1.0482914999376614,-1.1896070913446255
ENSRNOG00000004363,-1.0734690017461999,-0.5053544612180201,0.007924206406425516,0.9609329899375586,True,0.5681145405281798,-0.78941173148211
ENSRNOG00000004364,-3.935531592030871,-4.651602589085237,3.520166105707521e-05,0.058526240590338396,True,-0.7160709970543659,-4.293567090558054
ENSRNOG00000004365,1.743732957462405,2.13252874646291,0.0018681956828072797,0.03033212946492563,True,0.38879578900050493,1.9381308519626574
ENSRNOG00000004366,0.8069574703614825,-1.1682164656111773,0.18022840867152456,0.024315948577785237,False,-1.9751739359726597,-0.18062949762484742
ENSRNOG00000004367,-0.32249878778414404,-1.0626605654829169,0.010480980225703951,0.08366347586687159,True,-0.7401617776987728,-0.6925796766335305
ENSRNOG00000004368,-0.24700806330526034,-0.17132706228045327,0.19991356230663496,0.1428950238231117,True,0.07568100102480707,-0.2091675627928568
ENSRNOG00000004369,1.3250596720698993,1.3682974662055944,0.013421293138263181,0.04444722746511685,True,0.04323779413569517,1.346678569137747
ENSRNOG00000004370,-2.7984781315437357,-2.1769464840148256,0.0007641637029735074,0.015858915700965585,True,0.6215316475289101,-2.4877123077792804
ENSRNOG00000004371,-1.06178639679685,0.8730231107476679,0.040624117234265816,0.17412867905377205,False,1.934809507544518,-0.09438164302459101
ENSRNOG00000004372,-2.0453451532065547,-0.631433142878564,0.0005936459900173115,0.26178125679281433,True,1.4139120103279907,-1.3383891480425594
ENSRNOG00000004373,3.1887167084761434,2.845288353531197,0.006881250379333205,0.037996445923389945,True,-0.3434283549449466,3.01700253100367
ENSRNOG00000004374,1.5761799573359412,-0.2190685760954567,0.02275302461414229,0.24483800572673753,False,-1.795248533431398,0.6785556906202422
ENSRNOG00000004375,-3.9648467540436556,-0.9117595003270131,0.001874597532314535,0.09410959544400523,True,3.0530872537166425,-2.4383031271853346
ENSRNOG00000004376,-2.724770927951956,-2.6960626324997676,0.0109855386650486,0.024178516133503736,True,0.028708295452188448,-2.710416780225862
ENSRNOG00000004377,-0.23822221204347532,1.6624284504468856,0.17264369682875289,0.02312050683243635,False,1.900650662490361,0.7121031192017051
ENSRNOG00000004378,-0.8503923817303645,1.5450379901952023,0.021413212618806587,0.007523226665347428,False,2.395430371925567,0.3473228042324189
ENSRNOG00000004379,-2.383887974538399,-1.0827544637041475,0.006421232135966159,0.08686315178263378,True,1.3011335108342514,-1.7333212191212732
ENSRNOG00000004380,3.500572027770881,3.464002731447591,0.0009829569261532156,0.0032563466569560653,True,-0.03656929632328998,3.482287379609236
ENSRNOG00000004381,0.5625718451686426,-2.8545168964950354,0.015333099739473263,0.021277019698600817,False,-3.4170887416636777,-1.1459725256631965
ENSRNOG00000004382,0.8546693811535647,0.3764226429195278,0.0021572283539272184,0.3122437301287752,True,-0.4782467382340369,0.6155460120365462
ENSRNOG00000004383,-1.245626908617985,0.3102476240552867,0.015632912935821676,0.01015282213281437,False,1.5558745326732717,-0.4676896422813491
ENSRNOG00000004384,1.3000934649204043,1.8547993378756638,0.007165935412240144,0.004763801588192381,True,0.5547058729552594,1.577446401398034
ENSRNOG00000004385,-0.6847789697676212,-1.746359204446854,0.00032523193997718283,0.047437226522105656,True,-1.061580234679233,-1.2155690871072378
ENSRNOG00000004386,-0.5100177126734989,-0.6552201864792468,0.19645485422555373,0.12393875261330785,True,-0.1452024738057479,-0.582618949576373
ENSRNOG00000004387,1.0998035276854679,-1.9153173816350861,0.00922228112877835,0.02270482956767007,False,-3.015120909320554,-0.40775692697480914
ENSRNOG00000004388,-2.9321956171085395,-1.5602505374524158,0.014475895906246058,0.030959468727581856,True,1.3719450796561237,-2.2462230772804777
ENSRNOG00000004389,2.874650147731769,-0.02273272083056188,0.002196907444059605,0.016947731336850347,False,-2.897382868562331,1.4259587134506035
ENSRNOG00000004390,0.32830058650297644,1.4102461337489745,0.013214631792612322,0.044535637314803304,True,1.081945547245998,0.8692733601259754
ENSRNOG00000004391,2.305699575804764,2.809736815300519,0.010594161584055583,0.006911815897630178,True,0.5040372394957551,2.5577181955526416
ENSRNOG00000004392,-1.935755561913873,-1.8143989372282574,0.009700355220815577,0.03340058216618325,True,0.1213566246856157,-1.8750772495710653
ENSRNOG00000004393,-1.6616972232507476,-0.5826143848337156,0.028468972412479466,0.25425175604182365,True,1.079082838417032,-1.1221558040422317
ENSRNOG00000004394,-2.091420398879662,-1.650119531501704,0.01637468119129847,0.06486628780233103,True,0.44130086737795793,-1.870769965190683
ENSRNOG00000004395,0.45053581079671,0.5603681661073723,0.050562413909454915,0.025691551706740624,True,0.10983235531066227,0.5054519884520412
ENSRNOG00000004396,0.11876994345284296,-1.1238588328573742,0.15619334527736325,0.004298779566399634,False,-1.242628776310217,-0.5025444447022657
ENSRNOG00000004397,-0.835941274616125,0.08517718766293969,0.007533681168346788,0.27909312762437133,False,0.9211184622790647,-0.37538204347659265
ENSRNOG00000004398,-1.825324547193503,-2.964465183827219,0.020769293543279867,0.022218326369788002,True,-1.139140636633716,-2.394894865510361
ENSRNOG00000004399,-2.2798732855155164,-3.4717405045964025,0.01738345962364192,0.003372645140025938,True,-1.191867219080886,-2.8758068950559594
ENSRNOG00000004400,-0.21847698045888758,0.189649195285857,0.0425308406022178,0.0752165927595292,False,0.4081261757447446,-0.014413892586515292
ENSRNOG00000004401,0.19777661968515065,1.0970015894065188,0.07997147137281141,0.07843167163713155,True,0.8992249697213681,0.6473891045458348
ENSRNOG00000004402,0.1996802636554278,3.359041820765303,0.027796928307576855,0.020468441966107413,True,3.159361557109875,1.7793610422103656
ENSRNOG00000004403,-0.3262525734586207,3.3081048091533507,0.39314806766110344,0.06365814835376178,False,3.6343573826119715,1.490926117847365
ENSRNOG00000004404,-0.6277755576217032,1.1938867645745108,0.0327509373612492,0.03610920126751113,False,1.821662322196214,0.2830556034764038
ENSRNOG00000004405,-0.8091102485498223,0.9932208836218143,0.0884829518899706,0.30903704106281693,False,1.8023311321716364,0.092055317535996
ENSRNOG00000004406,0.02794219604486066,0.1236741634961982,0.14925474150990606,0.057317429403740607,True,0.09573196745133754,0.07580817977052942
ENSRNOG00000004407,0.11921588594676727,1.670227652968076,0.0013815052296815066,0.02086100868294534,True,1.5510117670213086,0.8947217694574217
ENSRNOG00000004408,-0.4727126310609657,1.7458114767893076,0.1096347998148094,0.021763808093560297,False,2.218524107850273,0.6365494228641709
ENSRNOG00000004409,0.41841293302054505,2.3106006287772214,0.1636462211641959,0.03860197210151207,True,1.8921876957566763,1.3645067808988833
ENSRNOG00000004410,0.06088725971856487,2.4196367619926478,0.6930968875579411,0.020454450809990143,True,2.3587495022740828,1.2402620108556064
ENSRNOG00000004411,0.5397810459661411,1.4223202741018304,0.013920863623107968,0.033287025627597173,True,0.8825392281356893,0.9810506600339857
ENSRNOG00000004412,0.1482143479934364,2.100425087283626,0.037124545282619596,0.0590896238422689,True,1.9522107392901897,1.1243197176385313
ENSRNOG00000004413,-0.42653342875166056,0.9694250189381176,0.04392319745316239,0.08131545931680764,False,1.3959584476897782,0.2714457950932285
ENSRNOG00000004414,0.18331248531605956,2.083338280024617,0.3348316229683418,0.011779351409589047,True,1.9000257947085577,1.1333253826703384
ENSRNOG00000004415,0.26804427794884056,1.1434911296338972,0.1251819591714561,0.010016224578760417,True,0.8754468516850566,0.7057677037913689
ENSRNOG00000004416,-0.2190494343548023,2.013512664370244,0.027485398688337014,0.009735268844192405,False,2.2325620987250465,0.8972316150077209
ENSRNOG00000004417,-0.57683719892395,1.9406511927568288,0.17747503868938597,0.012286553076295656,False,2.5174883916807786,0.6819069969164394
ENSRNOG00000004418,0.04011842572264251,1.661923263125558,0.006696228522769104,0.004548951376212068,True,1.6218048374029155,0.8510208444241003
ENSRNOG00000004419,-0.40033785412647394,2.315085746343419,0.043994443248839374,0.008052767718326883,False,2.715423600469893,0.9573739461084725
ENSRNOG00000004420,0.44835506522445273,0.18664083577538304,0.13851461916213997,0.027501458578479628,True,-0.2617142294490697,0.3174979504999179
ENSRNOG00000004421,-0.16287067217063703,0.6415754036011541,0.23131351637300468,0.21646096080997318,False,0.8044460757717911,0.23935236571525853
ENSRNOG00000004422,0.6898404425973195,1.3569462938022692,0.234998442627617,0.061454298480626154,True,0.6671058512049497,1.0233933681997942
ENSRNOG00000004423,-0.8496634670075344,0.3010629510940095,0.19909038627804643,0.15618547094110796,False,1.1507264181015437,-0.27430025795676244
ENSRNOG00000004424,0.053918241658059196,1.2338219369007652,0.19581306980971372,0.06456766229912991,True,1.179903695242706,0.6438700892794122
ENSRNOG00000004425,0.5717570560405281,1.2628327344302048,0.23167839119532757,0.02033732449806229,True,0.6910756783896768,0.9172948952353664
ENSRNOG00000004426,-0.35612172635491873,2.7787154080000245,0.021020824207076096,0.0014325224164229069,False,3.1348371343549433,1.2112968408225528
ENSRNOG00000004427,-0.06368037425081421,1.7282803320623161,0.26543597188268636,0.01004379992759027,False,1.7919607063131304,0.8322999789057509
ENSRNOG00000004428,-0.16121428574561758,2.5264866184574903,0.11477380109448253,0.014381312239885232,False,2.687700904203108,1.1826361663559364
ENSRNOG00000004429,-0.27350705686091314,1.8715072469287464,0.13280151908415638,0.015803871274346227,False,2.1450143037896594,0.7990000950339167
ENSRNOG00000004430,0.09784905644571253,1.1178994558911413,0.10957414609035156,0.03579350901113134,True,1.0200503994454286,0.6078742561684269
ENSRNOG00000004431,-0.5181686403996415,1.720345126971861,0.03919822669361966,0.017869471720914354,False,2.2385137673715025,0.6010882432861098
ENSRNOG00000004432,-0.04438751253209026,2.256483700538956,0.09767388393683822,0.03140262875805003,False,2.300871213071046,1.106048094003433
ENSRNOG00000004433,0.20639769507382938,2.674061193798323,0.047633132707726976,0.014006170675357477,True,2.4676634987244936,1.4402294444360764
ENSRNOG00000004434,-0.08603748455465725,1.48092094335901,0.012579296927334551,0.01195091550494461,False,1.5669584279136672,0.6974417294021764
ENSRNOG00000004435,-0.40008167999431027,0.11724042053235029,0.09607322415161743,0.4406275143106171,False,0.5173221005266606,-0.14142062973098
ENSRNOG00000004436,0.4120741594406007,0.05397796832028834,0.1319152623325963,0.5415232377547677,True,-0.3580961911203124,0.23302606388044453
ENSRNOG00000004437,0.29210278464674005,1.306228650894802,0.0005779543158920738,0.01887476762295815,True,1.014125866248062,0.7991657177707711
ENSRNOG00000004438,-0.4164748685214965,-0.5041113510331754,0.12206233497010409,0.31215640377054166,True,-0.08763648251167888,-0.46029310977733595
ENSRNOG00000004439,-0.5176430260090166,3.215594019163148,0.029407279335778337,0.027234123884234834,False,3.7332370451721646,1.3489754965770655
ENSRNOG00000004440,-0.38076976639752974,2.13723990825976,0.052552072604490026,0.03653343303247191,False,2.5180096746572898,0.8782350709311151
ENSRNOG00000004441,0.21810926619488613,1.0278996914524798,0.1306910075483191,0.00038136781506906126,True,0.8097904252575937,0.623004478823683
ENSRNOG00000004442,0.11022915958501828,0.6013171653920839,0.10360679744002743,0.02892721099320504,True,0.49108800580706563,0.35577316248855106
ENSRNOG00000004443,0.3160330849782857,2.525307186378499,0.10232730796994895,0.0021179614713264685,True,2.2092741014002133,1.4206701356783924
ENSRNOG00000004444,-0.13046008722024596,0.5977265599140951,0.3787208936822382,0.030728850622729474,False,0.728186647134341,0.23363323634692457
ENSRNOG00000004445,-0.3698936950000429,0.6835959127590528,0.2680341891946846,0.11374489589477915,False,1.0534896077590958,0.15685110887950499
ENSRNOG00000004446,0.36753859536579964,0.9106486539759775,0.15763971455135922,0.27241604213266035,True,0.5431100586101778,0.6390936246708886
ENSRNOG00000004447,-0.2213794053804656,1.7026786731168928,0.2620715569036277,0.0013781106943183922,False,1.9240580784973584,0.7406496338682136
ENSRNOG00000004448,0.07461922234159143,2.1587176952326588,0.017586547501715104,0.006836784063116454,True,2.084098472891067,1.1166684587871252
ENSRNOG00000004449,-0.6199699356461497,2.673405010074097,0.27096200735970705,0.00963379528276314,False,3.2933749457202466,1.0267175372139736
ENSRNOG00000004450,-0.22792416972911972,2.5404741690520316,0.08962343710820754,0.033835985699873346,False,2.7683983387811515,1.1562749996614559
ENSRNOG00000004451,0.40375852837660536,1.6006963383112676,0.13384372436255138,0.0020292877334324912,True,1.1969378099346621,1.0022274333439365
ENSRNOG00000004452,-0.28650982666794306,2.5184697763807007,0.11104745529515904,0.000561262860371323,False,2.804979603048644,1.1159799748563788
ENSRNOG00000004453,0.3258015285805998,0.9961003474212757,0.1686345835118805,0.12189765085142738,True,0.670298818840676,0.6609509380009377
ENSRNOG00000004454,-0.9324078784752775,-0.038779413015769704,0.09321040204546904,0.2484225798620411,True,0.8936284654595078,-0.4855936457455236
ENSRNOG00000004455,-0.22375666385727444,0.9959820354605428,0.1175072296432991,0.052245920263282786,False,1.2197386993178172,0.38611268580163416
ENSRNOG00000004456,-0.06854185835125302,0.8743655371513414,0.10093112022060094,0.12665670589797737,False,0.9429073955025944,0.40291183940004416
ENSRNOG00000004457,0.6970161213369623,1.031211635380741,0.5455846783308579,0.0121607381060911,True,0.3341955140437787,0.8641138783588517
ENSRNOG00000004458,-0.46762515200578075,0.7365627436822998,0.0374556002453562,0.26872109595139515,False,1.2041878956880805,0.13446879583825952
ENSRNOG00000004459,0.2683973181788359,1.1850013801782593,0.07700406637585717,0.01834158078194766,True,0.9166040619994233,0.7266993491785476
ENSRNOG00000004460,0.42277271249951753,2.1580154926842203,0.12679838204084296,0.0836941162603653,True,1.7352427801847028,1.2903941025918688
ENSRNOG00000004461,-0.2885958588977098,3.1437313923963144,0.1107722142366552,0.0431161712988826,False,3.432327251294024,1.4275677667493023
ENSRNOG00000004462,-0.14940957950907593,0.047188173166879066,0.030368731103630454,0.3507336367316108,False,0.196597752675955,-0.051110703171098434
ENSRNOG00000004463,0.056651509524761404,0.44103883578933023,0.1595883375590201,0.023112058207879108,True,0.38438732626456884,0.2488451726570458
ENSRNOG00000004464,-0.5925939868770118,0.8876983671446493,0.07335363453514497,0.09655081322125296,False,1.4802923540216613,0.14755219013381876
ENSRNOG00000004465,-0.18204128474454268,2.289167689692934,0.005949054276225131,0.02764324728207227,False,2.4712089744374763,1.0535632024741957
ENSRNOG00000004466,0.5104448163785664,1.4155473013242554,0.14253568997045318,0.08682195929584464,True,0.905102484945689,0.9629960588514109
ENSRNOG00000004467,0.20906192434576823,0.9483016992067396,0.22127738211782608,0.008771574937429241,True,0.7392397748609714,0.5786818117762539
ENSRNOG00000004468,-0.06270051579329712,2.2450597069348794,0.019401940936116198,0.011900156661954962,False,2.3077602227281764,1.0911795955707912
ENSRNOG00000004469,0.04522894473459333,2.460751239707772,0.009575853202256514,0.01764262654247688,True,2.4155222949731785,1.2529900922211827
ENSRNOG00000004470,0.23236214621190865,1.583116036518733,0.1037033117324775,0.007101620621420858,True,1.3507538903068244,0.9077390913653207
ENSRNOG00000004471,0.30896405916404546,0.8654026960415107,0.0037549485985544882,0.05023825956390245,True,0.5564386368774652,0.5871833776027781
ENSRNOG00000004472,-0.22256565895164085,1.8432516105118535,0.17883047800801583,0.008722857507963751,False,2.065817269463494,0.8103429757801063
ENSRNOG00000004473,0.6138883773118678,1.39005861239269,0.2006240463021039,0.05505849451468356,True,0.7761702350808221,1.001973494852279
ENSRNOG00000004474,0.5265392804818644,1.3830880805930856,0.13060034962332706,0.005477836245126507,True,0.8565488001112213,0.954813680537475
ENSRNOG00000004475,0.27090305214128513,1.1388398032583473,0.12600054258483556,0.003271400557269841,True,0.8679367511170621,0.7048714276998163
ENSRNOG00000004476,-0.33718394633835647,2.43248492258988,0.0021631847102281223,0.000599961684731193,False,2.7696688689282367,1.0476504881257618
ENSRNOG00000004477,-0.40808956270823726,1.8248922036941146,0.3573511907634128,0.07245655294705636,False,2.232981766402352,0.7084013204929387
ENSRNOG00000004478,-0.1306415186386373,2.5321307937006674,0.027199180295423876,0.005892838306683618,False,2.6627723123393046,1.2007446375310151
ENSRNOG00000004479,0.024306039057764326,2.802693530930313,0.12965559538923138,0.018728937770142916,True,2.778387491872549,1.4134997849940387
ENSRNOG00000004480,-0.7073967462236209,2.0130826919799767,0.6595988431104033,0.03724346940889261,False,2.7204794382035975,0.6528429728781779
ENSRNOG00000004481,0.19787725341810247,1.1441705966033633,0.07450401517445432,0.023913045121708738,True,0.9462933431852608,0.6710239250107328
ENSRNOG00000004482,0.5149849055393888,2.5362936089978065,0.062028148507647735,0.010278096400003382,True,2.0213087034584176,1.5256392572685977
ENSRNOG00000004483,0.23058965593235095,2.019098232050519,0.19566946722910422,0.0005081935986590574,True,1.7885085761181678,1.1248439439914348
ENSRNOG00000004484,-0.27042112112169403,3.9430309991268753,0.04278195870608656,0.008570962743690208,False,4.2134521202485695,1.8363049390025905
ENSRNOG00000004485,-0.31776135896019625,1.879092599645218,0.0710021983214099,0.07681904190425778,False,2.196853958605414,0.7806656203425109
ENSRNOG00000004486,0.11994093766963149,2.2279192351126755,0.048920949784801444,0.0012841920802038117,True,2.107978297443044,1.1739300863911535
ENSRNOG00000004487,-0.06132148613527191,1.8613815021664286,0.25880248683973395,0.026763600386127642,False,1.9227029883017006,0.9000300080155783
ENSRNOG00000004488,0.17721646970236324,1.5108112673186938,0.15444284741936987,0.01783379817746328,True,1.3335947976163305,0.8440138685105285
ENSRNOG00000004489,0.2406885490422539,1.3670876053711902,0.08684182602521655,0.0014299124415743136,True,1.1263990563289363,0.8038880772067221
ENSRNOG00000004490,0.43675621155786487,1.8648194601927102,1.0,0.01850442878320894,True,1.4280632486348452,1.1507878358752874
ENSRNOG00000004491,-0.45284937157180877,2.0690581766324696,0.13511640718161044,0.01633609857813132,False,2.5219075482042785,0.8081044025303304
ENSRNOG00000004492,0.0886475791397248,2.6389491096799826,0.028071752053813976,0.005404905844915698,True,2.5503015305402577,1.3637983444098538
ENSRNOG00000004493,-0.1453900015845294,1.877965502473388,0.19540161867149936,0.003947976280369316,False,2.023355504057917,0.8662877504444293
ENSRNOG00000004494,-0.03945401757414457,1.183399742117294,0.4062620637999886,0.0001990263092739467,False,1.2228537596914384,0.5719728622715747
ENSRNOG00000004495,0.3457635410674976,1.305831403060915,0.1717838629575255,0.07638614168500502,True,0.9600678619934174,0.8257974720642063
ENSRNOG00000004496,0.3892503492204974,0.40935675138713745,0.14858866517345704,0.07679146678674362,True,0.02010640216664006,0.3993035503038174
ENSRNOG00000004497,0.5593774601534617,3.095092459215079,0.06505021895409158,0.06302958014973996,True,2.5357149990616175,1.8272349596842703
ENSRNOG00000004498,0.17023610014730708,1.1129437478312363,0.04725392929258226,0.023938721370365044,True,0.9427076476839292,0.6415899239892717
ENSRNOG00000004499,-0.044006716302317735,2.470696414124116,0.27100905049234514,0.03582387845529605,False,2.514703130426434,1.213344848910899
ENSRNOG00000004500,-0.10115138778015348,1.8488957716982803,0.045069378353510756,0.05236000015900078,False,1.9500471594784339,0.8738721919590634
ENSRNOG00000004501,-0.6939020009578676,1.8733586477554662,7.818084143354276e-05,0.0038968346706322013,False,2.567260648713334,0.5897283233987993
ENSRNOG00000004502,0.5358940179594416,1.4942969122548968,0.05445986910600873,0.014151918612765109,True,0.9584028942954552,1.0150954651071693
ENSRNOG00000004503,-0.128759365514268,0.890981000235994,0.01877970239935731,0.051042574147600064,False,1.019740365750262,0.381110817360863
ENSRNOG00000004504,0.2023588240011642,0.7283181395572225,0.1667598384305147,0.1585713019095078,True,0.5259593155560582,0.46533848177919335
ENSRNOG00000004505,0.27159861029697313,3.1556188499244433,0.048449153707264145,0.0005890409951582605,True,2.8840202396274703,1.7136087301107081
ENSRNOG00000004506,-0.4981262036200558,1.7025649709535216,0.1126479231725683,0.01791184052893328,False,2.2006911745735773,0.6022193836667329
ENSRNOG00000004507,-0.36933855698385387,2.612740971568886,0.013603461306421493,0.011237330669460427,False,2.98207952855274,1.1217012072925159
ENSRNOG00000004508,0.6188079628221976,2.846416243880726,0.452881139654986,0.007306566125425489,True,2.2276082810585285,1.7326121033514617
ENSRNOG00000004509,0.11617420627341767,1.2302377629107073,0.19188647671108347,0.017675897464662707,True,1.1140635566372896,0.6732059845920625
ENSRNOG00000004510,-0.23223426571940642,1.9811551893350599,0.16597715696034618,0.017863555828598842,False,2.2133894550544664,0.8744604618078267
ENSRNOG00000004511,-0.05053880445101751,1.6405096979422131,0.2686421508239931,0.013100046742923421,False,1.6910485023932307,0.7949854467455978
ENSRNOG00000004512,0.4344947619331356,0.5585075772848,0.0024398803155571127,0.13399310300942693,True,0.12401281535166447,0.49650116960896784
ENSRNOG00000004513,0.3737257918937217,1.4330680216861698,0.5877856346341839,0.003381728232109465,True,1.0593422297924482,0.9033969067899457
ENSRNOG00000004514,-0.5864327048958573,2.128755931215305,0.049993768234827055,0.039091630639579135,False,2.7151886361111623,0.7711616131597238
ENSRNOG00000004515,0.653713537468757,1.150873670490228,0.3374998402617012,0.04174528012389117,True,0.497160133021471,0.9022936039794925
ENSRNOG00000004516,0.3864592123994719,1.307641124165325,0.09893944008857154,0.05938894635707377,True,0.9211819117658531,0.8470501682823984
ENSRNOG00000004517,-0.06099009973663449,1.4439698301529196,0.07144566215987984,0.02457712365004466,False,1.504959929889554,0.6914898652081426
ENSRNOG00000004518,-0.47668897723468817,3.5003763981790934,0.17202659290212896,0.008407067940004245,False,3.9770653754137815,1.5118437104722027
ENSRNOG00000004519,0.4216034560243702,-0.05064404339399542,0.36751250048827466,0.5172597003062327,False,-0.47224749941836563,0.1854797063151874
ENSRNOG00000004520,0.19057100011784786,2.051478969124533,0.1896148728265981,0.019104999574645034,True,1.8609079690066852,1.1210249846211904
ENSRNOG00000004521,-0.5831193512311061,1.3719948304730516,0.04814959054016522,0.015384579672307643,False,1.9551141817041577,0.3944377396209727
ENSRNOG00000004522,-0.09283123014335082,1.0234105823478097,0.033998227481645014,0.006060221086890663,False,1.1162418124911606,0.46528967610222943
ENSRNOG00000004523,1.2504691771169956,1.3499118635593612,0.006925382914376011,0.022563592725859102,True,0.09944268644236565,1.3001905203381785
ENSRNOG00000004524,0.006600702965768611,2.2006386194500807,0.17257324628340467,0.07760448196954647,True,2.1940379164843122,1.1036196612079245
ENSRNOG00000004525,-0.29678823773426277,2.252071234618505,0.10351748227685499,0.018436274848419035,False,2.5488594723527678,0.9776414984421211
ENSRNOG00000004526,-0.40339865012265624,1.7674154101912778,0.1756555210608825,0.06627650942759941,False,2.170814060313934,0.6820083800343107
ENSRNOG00000004527,0.7088395933717679,2.5834671848109645,0.3118946622355606,0.04830825957364451,True,1.8746275914391966,1.6461533890913662
ENSRNOG00000004528,0.3391037958310752,2.741949695590519,0.0159873725196593,0.09061206450378924,True,2.402845899759444,1.540526745710797
ENSRNOG00000004529,0.5629756455668911,2.334738347755553,0.10432831154165581,0.045848905429454336,True,1.771762702188662,1.4488569966612221
ENSRNOG00000004530,1.6354562429036656,0.7052512764082138,0.016695662090895083,0.07338674739580017,True,-0.9302049664954518,1.1703537596559397
ENSRNOG00000004531,0.52223998875976,-0.3774666068129957,0.05168688338146016,0.32885495375643603,False,-0.8997065955727557,0.07238669097338213
ENSRNOG00000004532,3.229617202791456,2.456458852643146,0.06233148378885151,0.006031663255456919,True,-0.7731583501483099,2.843038027717301
ENSRNOG00000004533,-2.698011503298256,-1.3691773189240062,0.016692690095426437,0.0018256335771572462,True,1.32883418437425,-2.0335944111111313
ENSRNOG00000004534,-0.01390730599022719,0.44501128195975415,0.04725008446741851,0.1414860041523215,False,0.45891858794998136,0.21555198798476347
ENSRNOG00000004535,0.6594065440813098,-0.5772538018205905,0.029665233194605324,0.23411682906295755,False,-1.2366603459019003,0.04107637113035967
ENSRNOG00000004536,-1.6461990842290597,-2.8476982563261277,0.05172068737485798,0.06828645535097487,True,-1.201499172097068,-2.2469486702775936
ENSRNOG00000004537,0.541286175271911,0.6435824575421645,0.18331899080669475,0.009700033399553071,True,0.10229628227025345,0.5924343164070378
ENSRNOG00000004538,-1.9918484888181807,-1.8856719659531473,0.007243862955070968,0.01448705179069721,True,0.10617652286503332,-1.938760227385664
ENSRNOG00000004539,1.2430031728936557,2.775470156238811,0.006908709663095844,0.027289649762238254,True,1.5324669833451554,2.0092366645662336
ENSRNOG00000004540,1.904102582632032,3.273524937005475,0.0006710451430539511,0.008717778451433348,True,1.3694223543734432,2.5888137598187537
ENSRNOG00000004541,0.490200122030991,2.423560367096916,0.24534524338989258,0.03929744120994883,True,1.933360245065925,1.4568802445639535
ENSRNOG00000004542,-3.3350360671169024,-3.2549409717259428,0.00966215315000201,0.004210151260332121,True,0.0800950953909596,-3.2949885194214223
ENSRNOG00000004543,-1.7402283380988623,-0.5855177288280283,0.021906918979833705,0.38788719356233425,True,1.154710609270834,-1.1628730334634454
ENSRNOG00000004544,1.0164780057836895,1.6057051870469672,0.007132892874481922,0.044258954208330425,True,0.5892271812632777,1.3110915964153285
ENSRNOG00000004545,0.03815755832225844,0.822219084880758,0.09180235714850363,0.07539367192170872,True,0.7840615265584996,0.4301883216015082
ENSRNOG00000004546,-4.849204711846479,-3.6695770454591576,0.006617736528974405,0.018183296280052184,True,1.1796276663873213,-4.259390878652818
ENSRNOG00000004547,2.2370946909628326,2.8643475379683188,0.0005556265347642496,0.004344411880903271,True,0.6272528470054861,2.550721114465576
ENSRNOG00000004548,0.24598171125689824,0.16776629933953974,0.017526621491127558,0.4411980956395194,True,-0.07821541191735851,0.20687400529821898
ENSRNOG00000004549,-1.4743343952000811,-0.8680359575538439,0.003611679406747211,0.1164276552261558,True,0.6062984376462373,-1.1711851763769625
ENSRNOG00000004550,1.7909200756199957,-0.39689947294440375,0.010803726670915793,0.08284412061119208,False,-2.1878195485643994,0.697010301337796
ENSRNOG00000004551,-1.219572023232418,-0.1523057577464063,0.026222456066325072,0.3530943744298942,True,1.067266265486012,-0.6859388904894121
ENSRNOG00000004552,-1.2392138116875864,-1.1160976911985903,0.006454015262601047,0.01418694366562286,True,0.12311612048899612,-1.1776557514430883
ENSRNOG00000004553,0.6450347718252651,0.9266414500467317,0.016842185972475398,0.01550847439865463,True,0.28160667822146657,0.7858381109359984
ENSRNOG00000004554,3.2058692266361306,2.426860458907418,0.007659308295008094,0.02565491095325532,True,-0.7790087677287127,2.8163648427717742
ENSRNOG00000004555,2.9224569203511956,2.1772541113357726,6.236398881196923e-05,0.007610855174881169,True,-0.745202809015423,2.5498555158434844
ENSRNOG00000004556,0.6474806980273919,0.39228762356860813,0.04570219340929129,0.16779239242397112,True,-0.2551930744587838,0.519884160798
ENSRNOG00000004557,0.8322941859305756,1.391889767826268,0.028475429994041734,0.018521112895567453,True,0.5595955818956925,1.1120919768784219
ENSRNOG00000004558,1.424698077752685,0.7599575291425065,0.0295077201088559,0.014148560684074982,True,-0.6647405486101785,1.0923278034475956
ENSRNOG00000004559,-2.262570615664828,-3.0665053090777157,0.01736611236919702,0.05675549680284084,True,-0.8039346934128875,-2.6645379623712717
ENSRNOG00000004560,1.1594670068735686,1.3858409513666574,4.034299193197348e-05,0.023539066076382544,True,0.22637394449308879,1.272653979120113
ENSRNOG00000004561,-1.3213322426583507,-1.747961726164899,0.00434938758798142,0.03797065495089759,True,-0.4266294835065483,-1.5346469844116248
ENSRNOG00000004562,0.5732605202338452,-1.0006577810572321,0.031314043988918044,0.12100367747426884,False,-1.5739183012910773,-0.21369863041169346
ENSRNOG00000004563,-0.4094417296932072,-1.351775877041109,0.02655862868533575,0.02117209961394566,True,-0.9423341473479019,-0.8806088033671581
ENSRNOG00000004564,0.9021749888055859,0.9109779907125655,0.03461389234047186,0.02291103371679839,True,0.00880300190697958,0.9065764897590757
ENSRNOG00000004565,0.21258623701162818,0.043213897918314564,0.030793591167374953,0.40877648653904125,True,-0.16937233909331362,0.12790006746497137
ENSRNOG00000004566,-5.53145448747834,-6.000706232641761,0.02979144940467669,0.06402239591080132,True,-0.4692517451634215,-5.76608036006005
ENSRNOG00000004567,0.3220050810693251,-0.18387528507816198,0.05595679089557109,0.046357150459439625,False,-0.5058803661474871,0.06906489799558158
ENSRNOG00000004568,1.1558753141386728,2.0136879998378,0.008073486988078695,0.013346367844261315,True,0.8578126856991273,1.5847816569882365
ENSRNOG00000004569,0.8026710270092167,0.07195584388621956,0.004221422547003069,0.06033523460384945,True,-0.7307151831229971,0.4373134354477181
ENSRNOG00000004570,-0.18465470317544336,-0.2993155792582736,0.1872512249125834,0.04703090021199234,True,-0.11466087608283027,-0.2419851412168585
ENSRNOG00000004571,2.955891045474731,3.1051469201163275,0.01874623592019016,0.05574153939113318,True,0.14925587464159662,3.0305189827955292
ENSRNOG00000004572,0.56047163241899,1.2163844311596759,0.03830245923816309,0.005591788015117974,True,0.6559127987406859,0.8884280317893329
ENSRNOG00000004573,0.7878119403475914,1.6085507614706587,0.2924003613573115,0.020809224508660323,True,0.8207388211230673,1.198181350909125
ENSRNOG00000004574,1.8800854092910237,-1.632723212238492,0.0006014034112794215,0.009125483876987245,False,-3.5128086215295156,0.12368109852626585
ENSRNOG00000004575,0.6526673994538779,2.264013021992853,0.19844454147978233,0.017974654228822468,True,1.6113456225389753,1.4583402107233656
ENSRNOG00000004576,-1.6164319561455665,-0.4309532729796597,0.03115337774224056,0.5723320012211588,True,1.1854786831659068,-1.023692614562613
ENSRNOG00000004577,-4.38900734480332,-0.3999747597409007,0.025598961280886862,0.1715371228019225,True,3.9890325850624198,-2.3944910522721106
ENSRNOG00000004578,-0.8588176236325467,-1.4054383163831299,0.2579416858441973,0.015588475647743617,True,-0.5466206927505832,-1.1321279700078382
ENSRNOG00000004579,1.3697019465860099,-0.9202258122528691,0.05935031068294576,0.06202576593442213,False,-2.289927758838879,0.22473806716657035
ENSRNOG00000004580,-0.6355733965520505,-0.4246105300939591,0.11278610319586625,0.20995017546856032,True,0.21096286645809137,-0.5300919633230048
ENSRNOG00000004581,1.4421210701071132,0.6915013814278181,0.006376537105463974,0.22015489726723372,True,-0.7506196886792951,1.0668112257674656
ENSRNOG00000004582,0.2677107166564914,0.8683904701219766,0.0413341588336048,0.24678014942640028,True,0.6006797534654852,0.5680505933892339
ENSRNOG00000004583,2.3185189264719326,2.7052676318165876,0.0005981223742608575,0.011085699487594679,True,0.386748705344655,2.5118932791442603
ENSRNOG00000004584,-0.53139007281719,-0.45300410163916116,0.0788240782868806,0.051652946561572335,True,0.07838597117802881,-0.49219708722817557
ENSRNOG00000004585,0.8417066878218386,0.3196170996154882,0.0007036568561204728,0.06043377406489304,True,-0.5220895882063503,0.5806618937186634
ENSRNOG00000004586,0.9105931161636466,1.1680591294832134,0.15815268136096072,0.024421341025090488,True,0.25746601331956687,1.03932612282343
ENSRNOG00000004587,2.7028833707361475,1.5688155931234578,0.012892441646970324,0.032517438575449746,True,-1.1340677776126897,2.1358494819298026
ENSRNOG00000004588,-3.0719471514017003,-2.4459052688947835,0.021420863141828693,0.030632805436330398,True,0.6260418825069167,-2.7589262101482417
ENSRNOG00000004589,-0.8251348941956836,0.5278999575559853,0.040571974430227656,0.13478533679918725,False,1.3530348517516688,-0.14861746831984918
ENSRNOG00000004590,1.527328989699307,2.36135046274428,0.026857111050177185,0.09202370502707621,True,0.8340214730449731,1.9443397262217936
ENSRNOG00000004591,2.7826136636015666,3.030341847305314,0.005765616959437819,0.012144893134796112,True,0.24772818370374727,2.90647775545344
ENSRNOG00000004592,0.43212872275574465,0.1172063331121046,0.6639448485631071,0.46909825683128215,True,-0.31492238964364005,0.2746675279339246
ENSRNOG00000004593,-0.5268674959586765,-2.605048334392742,0.1743243917067709,0.01533897458592606,True,-2.0781808384340654,-1.5659579151757093
ENSRNOG00000004594,1.3628130636140006,0.7710964925450298,0.0003998431092880618,0.1296275420633405,True,-0.5917165710689708,1.0669547780795152
ENSRNOG00000004595,1.5636648154170294,0.26741306117267893,0.0006012241961782637,1.0,True,-1.2962517542443504,0.9155389382948542
ENSRNOG00000004596,-0.6473910216011529,-0.5764371646499015,0.04223581075370684,0.17954170395993432,True,0.07095385695125145,-0.6119140931255271
ENSRNOG00000004597,0.5945531619195832,-0.30034928724817267,0.02090191739277408,0.40285901003481334,False,-0.8949024491677559,0.14710193733570526
ENSRNOG00000004598,2.1249490723415447,1.4231885209533686,0.0036184496485890693,0.04388318352083994,True,-0.7017605513881762,1.7740687966474566
ENSRNOG00000004599,3.4028261878940134,1.2226823970747864,0.004267161322972408,0.021628849754220837,True,-2.180143790819227,2.3127542924844
ENSRNOG00000004600,3.4540557203625637,0.22409264204607893,0.028659328598037024,0.10736047084735166,True,-3.2299630783164845,1.8390741812043214
ENSRNOG00000004601,3.7085990263363904,0.7270096176663933,0.000880744168855279,0.21045171846817576,True,-2.981589408669997,2.217804322001392
ENSRNOG00000004602,3.191275003798599,-0.3241601947739553,0.013187238744703771,0.2057418671788363,False,-3.515435198572554,1.4335574045123218
ENSRNOG00000004603,2.224324636887925,0.18129549045752913,0.02325579142486366,0.3525745517245702,True,-2.0430291464303956,1.202810063672727
ENSRNOG00000004604,2.332077869298198,0.2435267574863681,0.001193417936937621,0.2453070202874654,True,-2.08855111181183,1.287802313392283
ENSRNOG00000004605,2.5953963431229483,0.7912234659376104,0.0008977450871962016,0.11714024168143312,True,-1.804172877185338,1.6933099045302793
ENSRNOG00000004606,3.0326247356955673,0.2594215200702277,0.01878751459026974,0.24563601238573876,True,-2.7732032156253394,1.6460231278828976
ENSRNOG00000004607,2.8144347290846845,-0.2127558708681074,0.007699777415268681,0.09542666335632248,False,-3.027190599952792,1.3008394291082885
ENSRNOG00000004608,2.1133875540583604,0.13203691946018703,0.01339834089346686,0.027940058513014725,True,-1.9813506345981735,1.1227122367592737
ENSRNOG00000004609,2.109195975979464,-0.7382066012301204,0.018289901249494922,0.19438540178274505,False,-2.8474025772095843,0.6854946873746719
ENSRNOG00000004610,1.4310347575653215,-1.0604843666351336,0.001934594436879142,0.005096437602563299,False,-2.491519124200455,0.18527519546509397
ENSRNOG00000004611,0.7163675532923928,0.5156706850541436,0.08082443619088647,0.017598925987392083,True,-0.20069686823824917,0.6160191191732682
ENSRNOG00000004612,2.8077527239315523,-0.08737194315317201,0.03670043964324329,0.16484148331526546,False,-2.8951246670847244,1.36019039038919
ENSRNOG00000004613,4.524161262599999,-0.030708649490133855,0.006116127358511308,0.1949410237115801,False,-4.554869912090133,2.2467263065549323
ENSRNOG00000004614,4.157745666653998,0.5154733396833074,0.03404404791157759,0.03750967384877548,True,-3.6422723269706907,2.3366095031686527
ENSRNOG00000004615,2.21523801151392,0.7985051925222995,0.0093130588170146,0.19467840722886592,True,-1.4167328189916204,1.5068716020181097
ENSRNOG00000004616,3.0049323081734274,0.36724397741379156,0.0035778721469268706,0.20772439071119733,True,-2.637688330759636,1.6860881427936094
ENSRNOG00000004617,1.874794342964884,1.064036415108906,0.08325108881898657,0.012386181723362958,True,-0.810757927855978,1.469415379036895
ENSRNOG00000004618,1.9815233283993154,0.3513445670286387,0.016970537628061628,0.289964382373651,True,-1.6301787613706766,1.1664339477139771
ENSRNOG00000004619,2.0617691816587342,0.2511067317899974,0.07470173077203313,0.01429648575793757,True,-1.810662449868737,1.156437956724366
ENSRNOG00000004620,2.7421509208907167,0.22019441125229958,0.021507502393824655,0.20209338406487617,True,-2.521956509638417,1.481172666071508
ENSRNOG00000004621,2.7722782728516164,-0.5427477810668082,0.00042830231625668293,0.01333314277119377,False,-3.315026053918425,1.114765245892404
ENSRNOG00000004622,3.076891379564801,0.5779993028200612,0.0051798927914115485,0.026256834240660047,True,-2.49889207674474,1.8274453411924312
ENSRNOG00000004623,3.364251472792998,-1.122733010007643,0.005148918919712418,0.008031929339593045,False,-4.486984482800641,1.1207592313926775
ENSRNOG00000004624,2.664183353623389,-0.19312642863788912,0.011512489077805705,0.32736447586917805,False,-2.8573097822612783,1.23552846249275
ENSRNOG00000004625,2.9253413794638394,0.11146517528380624,0.01748955603095428,0.016226141072188546,True,-2.8138762041800334,1.5184032773738227
ENSRNOG00000004626,2.1343312453168535,-0.29488116170668144,0.019603000836227766,0.21107128777132558,False,-2.429212407023535,0.919725041805086
ENSRNOG00000004627,1.9588520830199732,-0.1258779615364107,0.009047171974934098,0.14740685173487247,False,-2.084730044556384,0.9164870607417812
ENSRNOG00000004628,1.8507193577661831,1.0196877831136144,0.03333503446357073,0.0012206576471124968,True,-0.8310315746525687,1.4352035704398989
ENSRNOG00000004629,3.3544734607897593,0.6520119428908393,0.006591640397984,0.054272663594357576,True,-2.7024615178989198,2.0032427018402994
ENSRNOG00000004630,2.6634645063382294,-0.24291384040336952,0.0031660794952952883,0.3146481743612711,False,-2.906378346741599,1.2102753329674298
ENSRNOG00000004631,1.5902158160229178,-0.13478325548618822,0.06039029750289279,0.07851102323874691,False,-1.7249990715091061,0.7277162802683648
ENSRNOG00000004632,2.855837733121473,-0.538501974275922,0.009982180083473909,0.29009476179506166,False,-3.394339707397395,1.1586678794227756
ENSRNOG00000004633,2.0258250677497416,0.4524968930030685,0.009696001041601508,0.03982325289611139,True,-1.5733281747466732,1.239160980376405
ENSRNOG00000004634,4.06226517328108,-0.02487122520523788,0.00047389508056350633,0.22446993897764922,False,-4.087136398486318,2.0186969740379213
ENSRNOG00000004635,2.4948247948892215,-0.883233235447274,0.02340261265853649,0.05656599190271241,False,-3.3780580303364953,0.8057957797209738
ENSRNOG00000004636,3.377054190073385,0.1503917959050291,0.01139734306003071,0.034208660170408266,True,-3.226662394168356,1.7637229929892069
ENSRNOG00000004637,3.662274119169491,0.3194894418009128,0.006178472893547563,0.09083850374260953,True,-3.3427846773685785,1.990881780485202
ENSRNOG00000004638,2.231550083210071,0.5815704865875264,0.08385145484401454,0.15781374318229213,True,-1.6499795966225448,1.4065602848987988
ENSRNOG00000004639,2.9532329822882954,0.06332260271161255,0.01358401695910129,0.01368680913673543,True,-2.889910379576683,1.508277792499954
ENSRNOG00000004640,3.2874275309717023,-0.08633558139319081,0.007758048588221302,0.06302402387503632,False,-3.3737631123648932,1.6005459747892556
ENSRNOG00000004641,2.9808823206870745,1.0931323402447641,0.026545014618164713,0.009037165837862966,True,-1.8877499804423103,2.0370073304659195
ENSRNOG00000004642,3.1527705315168726,0.10329307804977593,0.04021654710902647,0.04751871280930333,True,-3.0494774534670968,1.6280318047833242
ENSRNOG00000004643,1.9692594245085924,0.4597809157989674,0.001945685613630155,0.09542960965394758,True,-1.509478508709625,1.2145201701537798
ENSRNOG00000004644,3.2878253538001667,-0.1697698216881293,0.06822973842636738,0.010636370996551224,False,-3.457595175488296,1.5590277660560188
ENSRNOG00000004645,2.559685064079104,0.44495482581791646,0.06224609854856308,0.3874891400704679,True,-2.1147302382611874,1.50231994494851
ENSRNOG00000004646,3.1446158562988984,-0.627814496202049,0.03998661462489449,0.20770119752385888,False,-3.7724303525009475,1.2584006800484246
ENSRNOG00000004647,3.5439921918860247,-0.1310337728593168,0.0021819248054160507,0.01132143156024765,False,-3.6750259647453416,1.7064792095133539
ENSRNOG00000004648,3.3681659552627914,-0.504137119713027,0.01035350353376797,0.030294891503031777,False,-3.8723030749758185,1.4320144177748821
ENSRNOG00000004649,3.1441038078426313,-0.20248666093473375,0.009522364596731878,0.05580188156530786,False,-3.346590468777365,1.4708085734539489
ENSRNOG00000004650,3.3494898073291615,0.7252350201155354,0.004711704557764347,0.07532133164975513,True,-2.624254787213626,2.0373624137223483
ENSRNOG00000004651,3.3818877377221495,-0.2061629446518489,0.003840159131134731,0.8842436261651502,False,-3.588050682373998,1.5878623965351504
ENSRNOG00000004652,3.946850812968748,0.4591280627370421,0.0014647425447347716,0.2061948901834816,True,-3.487722750231706,2.202989437852895
ENSRNOG00000004653,2.8761645103760602,0.8586325910285201,0.008142095576857517,0.0251902901860558,True,-2.0175319193475403,1.86739855070229
ENSRNOG00000004654,3.014769895409672,0.08621134319834056,0.007337941334783718,0.07767954819474995,True,-2.9285585522113315,1.5504906193040062
ENSRNOG00000004655,3.552446766283278,0.59688355252814,0.0065470283964656805,0.08161782885937756,True,-2.9555632137551378,2.074665159405709
ENSRNOG00000004656,2.5567286731655408,0.36554297906933764,0.10974947776824732,0.28428618485614016,True,-2.191185694096203,1.4611358261174392
ENSRNOG00000004657,1.96531276912541,0.15821846529176642,0.008077038713929311,0.08758766756349035,True,-1.8070943038336436,1.061765617208588
ENSRNOG00000004658,3.2452611222079395,0.47515779465846475,0.0192503097302723,0.12158673768328004,True,-2.770103327549475,1.860209458433202
ENSRNOG00000004659,2.7557834207688385,1.0199690449959269,0.014381144542337106,0.05646111529835347,True,-1.7358143757729116,1.8878762328823826
ENSRNOG00000004660,2.0547308117859426,-0.21863445625427627,0.005603233219680961,0.060503458231675744,False,-2.273365268040219,0.9180481777658331
ENSRNOG00000004661,3.2503793505658862,-0.37960045008803744,0.038945562659726055,0.3260362627952221,False,-3.6299798006539237,1.4353894502389244
ENSRNOG00000004662,3.9017931105204737,-0.4089572728276717,0.0004762498145236455,0.10158305255551314,False,-4.310750383348146,1.746417918846401
ENSRNOG00000004663,1.7591802175976399,0.5972139848682774,0.011112790750920639,0.052385278308223086,True,-1.1619662327293625,1.1781971012329586
ENSRNOG00000004664,3.6156274966515367,0.6646838115641764,0.016963244976351315,0.10688601699112489,True,-2.9509436850873603,2.140155654107857
ENSRNOG00000004665,1.1240527389780228,-0.16851846666696754,0.03579949262752843,0.16109296392942488,False,-1.2925712056449903,0.4777671361555276
ENSRNOG00000004666,2.6197993588729402,-0.9680067747196736,0.005557699404714257,0.15440466361564426,False,-3.587806133592614,0.8258962920766333
ENSRNOG00000004667,4.188361138569806,-0.23737836996154285,0.01621685756477501,0.11992337406445926,False,-4.425739508531349,1.9754913843041315
ENSRNOG00000004668,2.670173166040993,0.37392708890349813,0.03913167424290978,0.03053213134841804,True,-2.296246077137495,1.5220501274722456
ENSRNOG00000004669,2.9629568770746944,0.0666384305085835,0.0004326028547146701,0.43628327379465004,True,-2.8963184465661107,1.514797653791639
ENSRNOG00000004670,3.4340063405414885,0.1901738733776835,0.042885413488211004,0.06746797590023086,True,-3.243832467163805,1.812090106959586
ENSRNOG00000004671,1.6984685401575432,-0.16167220913779892,0.0008816826923823196,0.17696311739815943,False,-1.8601407492953421,0.7683981655098722
ENSRNOG00000004672,2.9504663605878285,0.6070445623548822,0.002012448334287102,0.15158038672549837,True,-2.343421798232946,1.7787554614713554
ENSRNOG00000004673,2.9449491503729157,0.27159590087731816,0.05183582354239461,0.06909518301490718,True,-2.6733532494955976,1.608272525625117
ENSRNOG00000004674,4.203624681274118,0.393231736181901,0.0036398514613636052,0.39960192782654036,True,-3.8103929450922167,2.2984282087280095
ENSRNOG00000004675,2.034981418301524,0.17953284151334076,0.021779265150636655,0.0192768682434789,True,-1.855448576788183,1.1072571299074323
ENSRNOG00000004676,2.632922478484915,0.36218408180542183,0.053035575244259434,0.09952234105218716,True,-2.2707383966794934,1.4975532801451683
ENSRNOG00000004677,2.250150946423469,0.32928584409048073,0.034236750678789216,0.38922391214794094,True,-1.9208651023329884,1.2897183952569748
ENSRNOG00000004678,2.175911737416034,-0.36403731406789097,0.002120181151518531,0.008300884990292447,False,-2.539949051483925,0.9059372116740716
ENSRNOG00000004679,3.689181908945205,0.28653154768756406,0.0015269878117078668,0.37265757972316604,True,-3.402650361257641,1.9878567283163844
ENSRNOG00000004680,2.905405061444078,2.3364578172596686,0.006040008274568005,0.0136191615976936,True,-0.5689472441844092,2.6209314393518732
ENSRNOG00000004681,0.18162276326472215,-0.717028976605441,0.11223088557701287,0.11421163016890772,False,-0.8986517398701631,-0.2677031066703594
ENSRNOG00000004682,-1.1218125302030428,-3.08412991361923,0.008671454192924285,0.02010489055107019,True,-1.962317383416187,-2.1029712219111363
ENSRNOG00000004683,-1.1185100883848127,-0.3195734582458995,0.021410729748317252,0.00989773795294616,True,0.7989366301389131,-0.7190417733153561
ENSRNOG00000004684,-1.1684216189488636,-1.737119469809241,0.059694910867349744,0.011464186521372736,True,-0.5686978508603773,-1.4527705443790522
ENSRNOG00000004685,-1.2761262378825151,-0.14425023879406262,0.019550864096081075,0.03840860266332658,True,1.1318759990884524,-0.7101882383382889
ENSRNOG00000004686,-2.3096660446865878,-2.364488034621017,0.028441610536003584,0.060801883448924045,True,-0.054821989934429105,-2.3370770396538023
ENSRNOG00000004687,-2.7007567239969155,-2.873810048671202,1.9237262926461397e-05,0.029252468354081122,True,-0.17305332467428647,-2.7872833863340585
ENSRNOG00000004688,-0.3510078797779545,-0.07785485562644553,0.3386508893464289,0.06972218890988907,True,0.273153024151509,-0.2144313677022
ENSRNOG00000004689,-1.0672665665767191,1.7498429262555184,0.011398895542429734,0.010905014168255744,False,2.8171094928322375,0.34128817983939963
ENSRNOG00000004690,1.9928867137979314,2.1416444560549954,0.012166286090322487,0.0026993362434149033,True,0.14875774225706406,2.0672655849264636
ENSRNOG00000004691,0.5275379758804498,0.5017560877648504,0.03509920358958251,0.027212097678305926,True,-0.02578188811559945,0.5146470318226501
ENSRNOG00000004692,0.47757182414036964,0.701542953615468,0.49933181097172513,0.3195563381067397,True,0.2239711294750984,0.5895573888779189
ENSRNOG00000004693,-1.3376167335980111,-2.748251033406525,0.0318658001392653,0.000763950681966558,True,-1.4106342998085137,-2.042933883502268
ENSRNOG00000004694,-0.21785114840395625,-1.3265961702048745,0.1247161088926823,0.010555961665194914,True,-1.1087450218009183,-0.7722236593044154
ENSRNOG00000004695,0.6498019865365926,-2.194609957454613,0.22074621334624708,0.057761745000507694,False,-2.8444119439912057,-0.7724039854590103
ENSRNOG00000004696,1.2891523314828157,2.6929911747137685,0.02438957354198549,0.04691384475735455,True,1.4038388432309528,1.991071753098292
ENSRNOG00000004697,-0.16900528773305792,1.4888317349550566,0.024647224617564457,0.017466062935541635,False,1.6578370226881145,0.6599132236109994
ENSRNOG00000004698,1.9424228027835762,1.7333069584184873,0.025106338055631623,0.07274981920597531,True,-0.2091158443650889,1.8378648806010318
ENSRNOG00000004699,0.014380756034296883,0.15164977234173685,0.2107716690454996,0.44465156476792916,True,0.13726901630743996,0.08301526418801687
ENSRNOG00000004700,1.4271248133318237,-0.6587246295568191,0.009009780978219776,0.36778645210332717,False,-2.0858494428886427,0.3842000918875023
ENSRNOG00000004701,-0.8817339754604705,-0.8298440615763456,0.1569764947894161,0.11315085560222803,True,0.051889913884124894,-0.855789018518408
ENSRNOG00000004702,-3.262659059823555,-0.3365966883559308,2.2771419124414983e-05,0.004897868692956824,True,2.9260623714676246,-1.799627874089743
ENSRNOG00000004703,0.4830461784333408,0.46645819944017186,0.4305801903062196,0.3311876207048249,True,-0.01658797899316894,0.4747521889367563
ENSRNOG00000004704,1.305583313663926,0.29491786376897866,0.0010881955720178197,0.033301821232750245,True,-1.0106654498949474,0.8002505887164524
ENSRNOG00000004705,1.035625197253625,-1.141749058871329,0.015953010908944982,0.006351942174401842,False,-2.177374256124954,-0.05306193080885202
ENSRNOG00000004706,0.759935990587392,1.9660774877167722,0.3478136127694284,0.026748302565854358,True,1.20614149712938,1.3630067391520821
ENSRNOG00000004707,-0.6274565387189771,-0.5002584374079436,0.20035000671244543,0.15804151952601667,True,0.12719810131103348,-0.5638574880634604
ENSRNOG00000004708,-1.4521432526020661,-2.832027957800376,0.022857357688114626,0.062213171725744996,True,-1.3798847051983099,-2.142085605201221
ENSRNOG00000004709,0.9931108842788049,-0.29516356486553186,0.019522938118295807,0.0718243536347274,False,-1.2882744491443368,0.3489736597066365
ENSRNOG00000004710,0.767605349156895,-0.8194432807993483,0.3697996988494156,0.5733930503116014,False,-1.5870486299562434,-0.025918965821226603
ENSRNOG00000004711,-1.0096183635188873,-0.824871189190414,0.01732541829568233,0.03367601591055986,True,0.18474717432847332,-0.9172447763546507
ENSRNOG00000004712,1.9969635405457025,1.5756411256645373,0.006988977855984969,0.012994661713023497,True,-0.4213224148811652,1.78630233310512
ENSRNOG00000004713,-1.589157926185681,-1.6090053072987138,0.02177120041094106,0.005775140459586174,True,-0.019847381113032858,-1.5990816167421973
ENSRNOG00000004714,-1.050342081823873,0.10166631067099219,0.001073048874701142,0.38155287555240314,False,1.152008392494865,-0.47433788557644035
ENSRNOG00000004715,2.9455653822149968,2.085726812402262,0.023231140637767978,0.018375255426878824,True,-0.8598385698127347,2.5156460973086294
ENSRNOG00000004716,1.563447487921043,2.178572296322046,0.00664065765646762,0.013127819106654502,True,0.615124808401003,1.8710098921215446
ENSRNOG00000004717,-0.6444167506038406,-0.8132571723953665,0.001438662069762462,0.4278847237878703,True,-0.16884042179152592,-0.7288369614996035
ENSRNOG00000004718,0.5172852773583909,3.549345860215409,0.12123722275620313,0.005270556409658582,True,3.032060582857018,2.0333155687869
ENSRNOG00000004719,0.278626040142909,-0.4032474523504773,0.1523068898086176,0.03879518507756348,False,-0.6818734924933862,-0.06231070610378417
ENSRNOG00000004720,-4.942104956959281,-4.309127862075977,0.011620026982426913,0.012027155038775023,True,0.6329770948833042,-4.6256164095176295
ENSRNOG00000004721,-1.631653109052087,-2.1871396917559647,0.000665307159983267,0.028970417606063583,True,-0.5554865827038777,-1.9093964004040258
ENSRNOG00000004722,-0.09152391079670674,-0.2837240222237812,0.20760812921385974,0.0033672319648154554,True,-0.19220011142707444,-0.18762396651024396
ENSRNOG00000004723,-0.6419006578067512,-2.242005342717664,0.04020481218711658,0.004957423858203222,True,-1.6001046849109126,-1.4419530002622074
ENSRNOG00000004724,0.444784616694757,0.611744525371636,0.10994235407663354,0.29998707764212346,True,0.16695990867687904,0.5282645710331966
ENSRNOG00000004725,2.0330681633062557,-0.6180826069947936,0.009205856938069282,0.15338389842434477,False,-2.651150770301049,0.7074927781557311
ENSRNOG00000004726,-0.5787644123770694,-0.22380533015631457,0.14115744415082598,0.03795725762369886,True,0.3549590822207549,-0.401284871266692
ENSRNOG00000004727,-1.9037786330211568,-2.7133838017555574,0.004893843625252637,0.033881944626013995,True,-0.8096051687344006,-2.3085812173883573
ENSRNOG00000004728,0.5847329853198815,-0.0027396477315779766,0.004174916011325067,0.021924893800283958,False,-0.5874726330514595,0.29099666879415176
ENSRNOG00000004729,-0.5879220004220463,0.23498045880198581,0.042426635115690385,0.20875260372484647,False,0.8229024592240322,-0.17647077081003026
ENSRNOG00000004730,-0.28091430147942476,2.2282178430641624,0.028356353364819842,0.012046859517167396,False,2.509132144543587,0.9736517707923689
ENSRNOG00000004731,-0.5251926944755416,-1.489031579063583,0.1943966465165656,0.06648535890202113,True,-0.9638388845880415,-1.0071121367695623
ENSRNOG00000004732,4.035308040019775,2.586176145315736,0.020307624146776396,0.0078022278961833525,True,-1.4491318947040388,3.3107420926677555
ENSRNOG00000004733,-4.0332676697963015,-3.5025686239758045,0.0043560038905136175,0.01262953841999458,True,0.530699045820497,-3.767918146886053
ENSRNOG00000004734,-0.6990010256387631,-1.3886845361231943,0.11805051704963018,0.013237344265543637,True,-0.6896835104844312,-1.0438427808809787
ENSRNOG00000004735,-0.006640246167105693,-0.7552373638616536,0.14430336999103807,0.019927465158168806,True,-0.748597117694548,-0.38093880501437966
ENSRNOG00000004736,-1.406056486109002,-0.09084861113533527,0.011909933454884258,0.039276968438871955,True,1.3152078749736666,-0.7484525486221686
ENSRNOG00000004737,1.6196864978309096,0.58892816108312,0.06074992826294798,0.09234919813936583,True,-1.0307583367477897,1.1043073294570147
ENSRNOG00000004738,1.463863821695351,3.3572057319372366,0.018984058701134676,0.006241731519416112,True,1.8933419102418856,2.4105347768162937
ENSRNOG00000004739,-0.0859583132793731,0.37832656565949696,0.5354865268729797,0.07183336614376921,False,0.46428487893887005,0.14618412619006194
ENSRNOG00000004740,-0.48721275961864946,-1.3918158707734607,0.1010929131780437,0.06870927843012507,True,-0.9046031111548112,-0.9395143151960551
ENSRNOG00000004741,-0.2015223016169646,-0.5220756063518671,0.006945903944127321,0.12115169816592217,True,-0.3205533047349025,-0.36179895398441586
ENSRNOG00000004742,-0.1886159765660593,-0.9701982036069092,0.075138978664566,0.08507675911854326,True,-0.7815822270408499,-0.5794070900864843
ENSRNOG00000004743,-0.1410714506263728,0.7441434991681161,0.10941674571029811,0.09698095071030223,False,0.8852149497944889,0.3015360242708716
ENSRNOG00000004744,-0.3383983827302391,-1.950829539650078,0.43386068329672556,0.0008966926917466322,True,-1.612431156919839,-1.1446139611901587
ENSRNOG00000004745,0.454408766266307,-1.099000988396512,0.16555580020134397,0.0287572992089051,False,-1.553409754662819,-0.3222961110651025
ENSRNOG00000004746,1.3557817166901571,0.3008081426627084,0.01048589699747708,0.03808589200004649,True,-1.0549735740274486,0.8282949296764328
ENSRNOG00000004747,-2.2144682656774384,-0.7887442878654164,0.023585730457309256,0.7219397070311545,True,1.425723977812022,-1.5016062767714273
ENSRNOG00000004748,-1.8911950186196682,0.008700675902536537,0.00518938145358523,0.004989679668673477,False,1.8998956945222047,-0.9412471713585658
ENSRNOG00000004749,-3.1473324530703426,-0.6906167677763475,0.006681801766736313,0.2757772348666528,True,2.456715685293995,-1.9189746104233452
ENSRNOG00000004750,1.5595153206436791,1.6167620139826087,0.0029626950594224383,0.06947099430382975,True,0.05724669333892951,1.588138667313144
ENSRNOG00000004751,0.4505819277428337,0.21936169768920585,0.058271675217758535,0.010269529052560945,True,-0.23122023005362782,0.3349718127160198
ENSRNOG00000004752,0.9094815286789871,1.4528045424314038,0.029699983648024945,0.0754293816991682,True,0.5433230137524167,1.1811430355551955
ENSRNOG00000004753,-2.573096829054243,-2.9514314920601814,0.00694038158328632,0.006006286878380622,True,-0.3783346630059383,-2.762264160557212
ENSRNOG00000004754,3.2129066211842487,0.24788641928825128,0.008168705268000722,0.06353871409837614,True,-2.9650202018959977,1.73039652023625
ENSRNOG00000004755,-1.095931634661644,-0.28676405499910446,0.021616518339777357,0.3671796383516202,True,0.8091675796625395,-0.6913478448303741
ENSRNOG00000004756,0.3027704528002606,-0.8500784301021154,0.521247531883117,0.050791838347481945,False,-1.152848882902376,-0.2736539886509274
ENSRNOG00000004757,1.5378923892210694,0.9771947558965725,0.008525091799831498,0.3704956200036883,True,-0.560697633324497,1.2575435725588209
ENSRNOG00000004758,-1.7765635604329295,-1.082454854427937,0.03552696860695579,0.004659336081606433,True,0.6941087060049924,-1.4295092074304332
ENSRNOG00000004759,-0.9833838453228003,-0.4081754776822929,0.4088181680907992,0.19837108942105164,True,0.5752083676405074,-0.6957796615025467
ENSRNOG00000004760,0.32250919428157365,1.2039873675627748,0.017633188438602985,0.020045540990456953,True,0.8814781732812011,0.7632482809221742
ENSRNOG00000004761,5.143451535836471,4.371225992075119,0.03415202061537276,0.06300875106496942,True,-0.7722255437613521,4.757338763955795
ENSRNOG00000004762,0.5420245371336437,0.5733267557769526,0.006500635025462321,0.14195137589477003,True,0.03130221864330884,0.5576756464552981
ENSRNOG00000004763,2.891450071135293,1.5020700038791237,0.005910307396362495,0.04907526061944857,True,-1.3893800672561694,2.1967600375072083
ENSRNOG00000004764,2.1702116613455202,1.5888941228250908,0.010319545104099107,0.00543291953796744,True,-0.5813175385204294,1.8795528920853055
ENSRNOG00000004765,0.6624180656901337,-0.17557665283937662,0.0017498200184337769,0.03988714952762615,False,-0.8379947185295104,0.24342070642537855
ENSRNOG00000004766,-1.7805523889352217,-1.4170259925824304,0.01652991493026384,0.021610398835598604,True,0.36352639635279127,-1.598789190758826
ENSRNOG00000004767,1.9075564994728231,4.046220514400954,0.005407073888308342,0.16776439091888842,True,2.1386640149281306,2.9768885069368887
ENSRNOG00000004768,-2.6965986149664847,-1.6423878722494922,0.011005584525676067,0.01076671038350577,True,1.0542107427169924,-2.1694932436079886
ENSRNOG00000004769,2.8815752226187654,2.4322284192701864,0.011637868806783082,0.03008502610075106,True,-0.449346803348579,2.656901820944476
ENSRNOG00000004770,0.36000955479285957,-0.4959481842227358,0.030044348163857884,0.01205046749005002,False,-0.8559577390155954,-0.06796931471493811
ENSRNOG00000004771,-4.770402385136717,-2.1727965346416065,0.008035701159471961,0.00010352449325343137,True,2.5976058504951105,-3.4715994598891617
ENSRNOG00000004772,-0.6129109710573101,0.38150658347762473,0.04403659689175846,0.5125902826141034,False,0.9944175545349347,-0.11570219378984267
ENSRNOG00000004773,1.177106077661293,1.6061523151975186,0.05552939182266746,0.003990212519099078,True,0.4290462375362256,1.3916291964294056
ENSRNOG00000004774,-0.4266429714715801,-0.06448141150953801,0.05975202671450351,0.4267255906935047,True,0.3621615599620421,-0.24556219149055905
ENSRNOG00000004775,1.287010459788432,1.9610667132112432,0.007460883380526442,0.03963780179431099,True,0.6740562534228112,1.6240385864998377
ENSRNOG00000004776,-1.530043501882132,0.29483987518662014,0.015375415264129319,0.09182801429922031,False,1.824883377068752,-0.6176018133477559
ENSRNOG00000004777,-2.3507682710176936,-1.301268558975272,0.010472028643225459,0.06961187339109448,True,1.0494997120424217,-1.8260184149964829
ENSRNOG00000004778,-0.12860172548568968,-0.20779215028060793,0.2136266243969821,0.333923472374102,True,-0.07919042479491825,-0.16819693788314882
ENSRNOG00000004779,0.056818201121846615,0.9779359163833545,0.05960085058402781,0.007438883971978791,True,0.9211177152615079,0.5173770587526005
ENSRNOG00000004780,-0.6270918319121785,-1.3757540175880123,0.4098592337211579,0.012673693003968896,True,-0.7486621856758338,-1.0014229247500954
ENSRNOG00000004781,2.2091240639559464,0.7483460688439507,0.027037324302028713,0.06983515088655434,True,-1.4607779951119957,1.4787350663999486
ENSRNOG00000004782,-1.5303732752503039,-1.096619187199353,0.023377432636230742,0.005416045599458575,True,0.43375408805095095,-1.3134962312248284
ENSRNOG00000004783,0.563698093198229,-1.4451102184852571,0.18762336762567886,0.001427430446245505,False,-2.0088083116834863,-0.44070606264351403
ENSRNOG00000004784,0.12234594809452541,0.9521702819458728,0.07407984815186726,0.2547445408615561,True,0.8298243338513475,0.5372581150201992
ENSRNOG00000004785,-2.80208871384495,-2.916479907253681,0.0016249465607581868,0.05146762791775247,True,-0.11439119340873072,-2.8592843105493158
ENSRNOG00000004786,-2.374254330603322,-2.109558517387104,0.0008533377628505215,0.005578357023672023,True,0.26469581321621805,-2.2419064239952133
ENSRNOG00000004787,0.021439829247536537,-0.2093644915754348,0.10548399173382116,0.09326986210166985,False,-0.23080432082297134,-0.09396233116394913
ENSRNOG00000004788,3.566159997636535,2.466239961041922,0.010474206211056733,0.07263570125185294,True,-1.0999200365946131,3.0161999793392287
ENSRNOG00000004789,1.04268566141786,0.3481903095199507,0.01101355018784035,0.16038283061880323,True,-0.6944953518979091,0.6954379854689053
ENSRNOG00000004790,-3.106142685260339,-2.182916625568897,0.02634397197294811,0.004377462434063713,True,0.9232260596914417,-2.644529655414618
ENSRNOG00000004791,-5.598878517214808,-3.8698464057160042,0.019846029551199178,0.029302419557322282,True,1.7290321114988036,-4.734362461465406
ENSRNOG00000004792,1.3194964674078837,0.42787509232887844,0.004167663604877141,0.019810389629684615,True,-0.8916213750790053,0.873685779868381
ENSRNOG00000004793,-0.17318426927075825,-0.9296194836248192,0.1927495034411021,0.18053724592920822,True,-0.7564352143540609,-0.5514018764477887
ENSRNOG00000004794,2.054278745118665,2.532457167254074,0.015295765376036559,0.00716530924799602,True,0.47817842213540906,2.2933679561863696
ENSRNOG00000004795,-1.5852922572805948,-3.2876247223308424,0.008168870798152986,0.0028359793893332637,True,-1.7023324650502476,-2.4364584898057187
ENSRNOG00000004796,0.6303824961453471,0.21265918041887918,0.0817444447093812,0.11973902448986347,True,-0.4177233157264679,0.4215208382821132
ENSRNOG00000004797,1.5231122334501528,0.5433718732676778,0.008473779371186185,0.1594455114986985,True,-0.979740360182475,1.0332420533589153
ENSRNOG00000004798,-0.8054345487716673,-0.1079644321019228,0.0005625423140751817,0.01812382066718858,True,0.6974701166697446,-0.45669949043679503
ENSRNOG00000004799,-0.7669540264159178,-2.0485361743077832,0.19040220735065283,0.018111542203473448,True,-1.2815821478918654,-1.4077451003618506
ENSRNOG00000004800,0.045473095977102876,-0.49385290304135443,0.3152273566513935,0.09653058272867218,False,-0.5393259990184573,-0.22418990353212578
ENSRNOG00000004801,0.9768174238085919,0.5567581275005988,0.04450957239588841,0.07481201410639873,True,-0.4200592963079931,0.7667877756545953
ENSRNOG00000004802,-0.02580120812143969,1.1060324693664032,0.2981106639424728,0.04456160185243933,False,1.1318336774878428,0.5401156306224818
ENSRNOG00000004803,1.7531934079670757,1.5409657325528066,0.008666737298344617,0.01775811162373311,True,-0.21222767541426912,1.6470795702599412
ENSRNOG00000004804,-0.831483340680654,-1.8080712930751497,0.8497997659621661,0.01174390626058747,True,-0.9765879523944957,-1.319777316877902
ENSRNOG00000004805,-2.3911113698335975,-2.1378062861435394,0.009825250489755586,0.002668031784375959,True,0.2533050836900581,-2.2644588279885687
ENSRNOG00000004806,3.558555662603724,3.350171770864258,0.06063677547693464,0.0010473388544461363,True,-0.2083838917394658,3.454363716733991
ENSRNOG00000004807,-1.0883407257764035,-2.000885302747175,0.027706259438217844,0.03532912564530405,True,-0.9125445769707716,-1.5446130142617893
ENSRNOG00000004808,-1.0231957506919451,-0.778349592261512,0.00242074293590639,0.0722512744580193,True,0.24484615843043311,-0.9007726714767286
ENSRNOG00000004809,-0.11844597792993183,-0.090119740144943,0.0904719162749774,0.29875383817486373,True,0.028326237784988828,-0.10428285903743742
ENSRNOG00000004810,0.12092599737716613,-0.32284253470032975,0.15337906467032625,0.002589351503390337,False,-0.4437685320774959,-0.10095826866158181
ENSRNOG00000004811,-0.6960305564789091,2.3572385935332028,0.4434103415945463,0.0749147934926267,False,3.053269150012112,0.8306040185271468
ENSRNOG00000004812,-0.03138101450821627,-0.4547071222855135,0.05932063288595922,0.10447825134927158,True,-0.42332610777729723,-0.2430440683968649
ENSRNOG00000004813,-0.07157201657071312,0.4235844460681025,0.08955529413440902,0.08531236800193746,False,0.49515646263881563,0.1760062147486947
ENSRNOG00000004814,0.3146747886374525,-0.5906373199567808,0.18631950302148123,0.18624723556285797,False,-0.9053121085942333,-0.13798126565966415
ENSRNOG00000004815,-4.243477426177169,-2.3314292582011005,0.0009372203503325992,0.01616828798498191,True,1.9120481679760681,-3.2874533421891345
ENSRNOG00000004816,3.385577352614129,3.2165195764721397,0.03301019086578028,0.22619489376433838,True,-0.16905777614198936,3.3010484645431344
ENSRNOG00000004817,-0.26511896436220356,-0.7976431343497014,0.10710239872615143,0.12339194460595751,True,-0.5325241699874979,-0.5313810493559524
ENSRNOG00000004818,1.0451207150045736,0.6532451802236505,0.0012269947825697832,0.2452059073875072,True,-0.3918755347809231,0.8491829476141121
ENSRNOG00000004819,-2.4805824147612436,-2.626839800423063,0.003641333834776992,0.011327494469279734,True,-0.14625738566181923,-2.5537111075921533
ENSRNOG00000004820,-0.8478004702486504,-1.7781283224214686,0.4137664573604961,0.03489471725662356,True,-0.9303278521728182,-1.3129643963350595
ENSRNOG00000004821,-1.2101685593767462,0.2657205837490293,0.004472021214547486,0.2216046061886831,False,1.4758891431257755,-0.47222398781385844
ENSRNOG00000004822,2.6455027761153813,1.2172408945806292,0.014718143578893785,0.0384894798891554,True,-1.428261881534752,1.9313718353480054
ENSRNOG00000004823,-1.0544644923045892,-3.2513287997005946,0.0040828382209516755,0.01931655357605603,True,-2.1968643073960052,-2.152896646002592
ENSRNOG00000004824,1.3645439764921643,2.7815138683329756,0.014856139019477776,0.0095910018400687,True,1.4169698918408113,2.07302892241257
ENSRNOG00000004825,-1.1707568148117513,-1.6383147232877273,0.008234893498088411,0.00286125213179343,True,-0.467557908475976,-1.4045357690497393
ENSRNOG00000004826,-0.8147140913770994,-0.8126972780718599,0.11383070394429215,0.4661319143886643,True,0.0020168133052395065,-0.8137056847244797
ENSRNOG00000004827,-0.44199029736123474,1.4223984285633908,0.2732233417987159,0.011307842309010838,False,1.8643887259246257,0.49020406560107804
ENSRNOG00000004828,2.3109212282927407,1.422597236342042,0.04021695939145439,0.005818725962978982,True,-0.8883239919506987,1.8667592323173914
ENSRNOG00000004829,-3.4017347862542135,-2.484683086964822,0.005824210928451559,0.0037133987292002715,True,0.9170516992893916,-2.9432089366095178
ENSRNOG00000004830,-2.3681943994939787,-2.8999538884339655,0.0006661827590337348,0.011553052066367229,True,-0.5317594889399868,-2.6340741439639723
ENSRNOG00000004831,-3.5051492982416703,-4.100076907413281,0.02554056752989097,0.003116793199900754,True,-0.5949276091716107,-3.8026131028274754
ENSRNOG00000004832,-1.9575038155706106,-1.50580817241395,0.047950289980389915,0.0044217926285498735,True,0.45169564315666055,-1.7316559939922804
ENSRNOG00000004833,-1.460880092145793,-0.6124481998804997,0.013404505296407966,0.1808687298170623,True,0.8484318922652933,-1.0366641460131463
ENSRNOG00000004834,-2.9060662573627,-1.655323376385325,0.0065723972428321075,0.007471534324785564,True,1.250742880977375,-2.2806948168740124
ENSRNOG00000004835,-1.3214659439064043,-1.4039209763490315,0.020294455127481747,0.11166744373748065,True,-0.0824550324426272,-1.3626934601277179
ENSRNOG00000004836,-3.626486065680147,-2.4447398353482104,0.01618920707113685,0.02663587079476239,True,1.1817462303319366,-3.035612950514179
ENSRNOG00000004837,-1.8323797027818263,-3.175088692986008,0.002169675818555737,0.029558688089150704,True,-1.3427089902041816,-2.503734197883917
ENSRNOG00000004838,2.160756719838361,1.952489941220338,0.006940813362185469,0.009555670484706284,True,-0.208266778618023,2.0566233305293498
ENSRNOG00000004839,0.7264585265059851,0.6634679350326181,0.16487149634902545,0.041705613231319875,True,-0.06299059147336694,0.6949632307693017
ENSRNOG00000004840,0.3374418099105499,2.3018043696311747,0.21588119614619475,0.025442976527455346,True,1.964362559720625,1.3196230897708623
ENSRNOG00000004841,-1.805001401302406,-1.2195473241351367,0.025775335709793512,0.05312622895472552,True,0.5854540771672694,-1.5122743627187714
ENSRNOG00000004842,-2.7649529262805035,-2.8699708096241254,0.007281073967554903,0.03770104714193861,True,-0.10501788334362194,-2.8174618679523142
ENSRNOG00000004843,-2.0504809359617053,-1.4475863272472198,0.023062063267437115,0.013945579265574722,True,0.6028946087144855,-1.7490336316044626
ENSRNOG00000004844,-0.07777768841282698,-0.39707861813735124,0.22474240170021653,0.10431478064274587,True,-0.3193009297245243,-0.2374281532750891
ENSRNOG00000004845,1.562718203508003,1.51909164059436,0.0011466151556476702,0.0025809327365875377,True,-0.043626562913642974,1.5409049220511815
ENSRNOG00000004846,1.6242613508435768,1.1327343833850776,0.00016540084167634817,0.036278455411825165,True,-0.4915269674584992,1.3784978671143273
ENSRNOG00000004847,1.1351022524699994,-0.5510745044256764,0.008483508854004377,0.12822573836420673,False,-1.6861767568956758,0.2920138740221615
ENSRNOG00000004848,-1.3276023553222995,-2.6203000542228843,0.016952432708460367,0.05200531759578038,True,-1.2926976989005847,-1.9739512047725918
ENSRNOG00000004849,0.044189698327178464,0.3061026076271482,0.06170352102780233,0.04912857763805215,True,0.26191290929996974,0.17514615297716332
ENSRNOG00000004850,-0.5784165540670426,1.058947011357112,0.08884363861793179,0.028337460255461137,False,1.6373635654241547,0.2402652286450347
ENSRNOG00000004851,-0.3621415742905505,-0.16294099226326914,0.10084878636775679,0.5379680685508514,True,0.19920058202728136,-0.26254128327690984
ENSRNOG00000004852,3.6668302145276637,3.3474067674950287,0.00066177993500665,0.000797268691658681,True,-0.3194234470326349,3.5071184910113464
ENSRNOG00000004853,-3.1716004266065028,-1.0932386781786418,0.01621866829191228,0.01751672095265689,True,2.078361748427861,-2.132419552392572
ENSRNOG00000004854,-0.42241826866006954,-0.007112984604445538,0.09908297732183878,0.026869717087533322,True,0.415305284055624,-0.21476562663225754
ENSRNOG00000004855,2.181148032953082,0.6279646001536172,0.003228281347805394,0.2806082599833443,True,-1.5531834327994647,1.4045563165533497
ENSRNOG00000004856,-2.638604691060369,-1.5891777006232084,0.007206847395750089,0.005669141674577411,True,1.0494269904371605,-2.1138911958417888
ENSRNOG00000004857,-1.1587453654792508,0.4794796834546141,0.09139480623620069,0.2212464921176016,False,1.6382250489338648,-0.33963284101231833
ENSRNOG00000004858,-0.9522692956217512,-0.09115804394288096,0.4205459664602103,0.22062206740792698,True,0.8611112516788703,-0.5217136697823161
ENSRNOG00000004859,-0.4019214996971721,0.5123509901760115,0.43750411711839,0.28685809823219005,False,0.9142724898731835,0.05521474523941969
ENSRNOG00000004860,-2.872722887291191,-2.4391251171344273,0.01419894074788246,0.020042756465249913,True,0.43359777015676393,-2.655924002212809
ENSRNOG00000004861,1.071514908608471,0.516158690121004,0.007286206668256602,0.0051325961813135645,True,-0.555356218487467,0.7938367993647375
ENSRNOG00000004862,1.1993171085236594,0.690871957350703,0.006127168526120142,0.003631360525936615,True,-0.5084451511729564,0.9450945329371812
ENSRNOG00000004863,0.9150755850323059,0.5683464951583324,0.001711754998691694,0.3855836210119383,True,-0.34672908987397355,0.7417110400953191
ENSRNOG00000004864,-1.5666726137239464,0.1610188544806932,0.027410077201141962,0.41319005332070496,False,1.7276914682046396,-0.7028268796216266
ENSRNOG00000004865,0.15571942341713121,-2.3586432068314265,0.014805639530768843,0.052427353194388265,False,-2.5143626302485576,-1.1014618917071477
ENSRNOG00000004866,-1.6189924312243575,-1.0688496334216337,0.009118768528798686,0.023920733701750022,True,0.5501427978027238,-1.3439210323229958
ENSRNOG00000004867,-0.5986739893887228,-0.49056950726392845,0.3554260234548605,0.3062522919428621,True,0.1081044821247944,-0.5446217483263256
ENSRNOG00000004868,3.87624226890758,1.1957685443407982,0.009877513573097588,0.005369276445944414,True,-2.680473724566782,2.5360054066241893
ENSRNOG00000004869,0.17225167967326074,0.8224867195946556,0.0026000557423190083,0.04754419514785023,True,0.6502350399213949,0.49736919963395815
ENSRNOG00000004870,-2.1375478367769123,-2.2142577305504716,0.03188902031952504,0.011214379548600469,True,-0.0767098937735593,-2.175902783663692
ENSRNOG00000004871,0.32460361319504494,-0.1541538248481871,0.0170610442509798,0.2394976180794155,False,-0.478757438043232,0.08522489417342892
ENSRNOG00000004872,-2.4332326669139577,0.2866227896402542,0.01586835985292533,0.1293294736382347,False,2.719855456554212,-1.0733049386368516
ENSRNOG00000004873,-2.158218706527021,-0.40711638842236564,0.0033174561183749772,0.27128468110962645,True,1.7511023181046554,-1.2826675474746934
ENSRNOG00000004874,-1.8740216447078237,-0.6711234322989483,0.008190666155164504,0.0852155615930452,True,1.2028982124088754,-1.2725725385033861
ENSRNOG00000004875,-0.7997570139522303,-0.14401898811089225,0.056381734432236416,0.2674940381990844,True,0.6557380258413381,-0.47188800103156125
ENSRNOG00000004876,1.6865441920605628,0.973936027033573,0.009524949613087723,0.21733519792665087,True,-0.7126081650269899,1.330240109547068
ENSRNOG00000004877,1.0411167564303105,2.807305523011218,0.0025786136597055584,0.060184962255283046,True,1.7661887665809073,1.9242111397207642
ENSRNOG00000004878,0.941391590845191,1.482422294786981,0.06571151678694745,0.01266976601673947,True,0.54103070394179,1.211906942816086
ENSRNOG00000004879,-1.9780642180629764,-2.1321110779463393,0.01157433478681584,0.03046160998683349,True,-0.15404685988336286,-2.055087648004658
ENSRNOG00000004880,-0.9743658397841676,-2.132676163181771,0.07018745312022887,0.06231102772323959,True,-1.158310323397603,-1.5535210014829692
ENSRNOG00000004881,0.48960199238973906,0.9281092569137555,0.027773877178636875,0.33325735050007416,True,0.4385072645240164,0.7088556246517472
ENSRNOG00000004882,-1.1309759736991434,-0.8277262484877844,0.03157986224503023,0.015643141059452432,True,0.30324972521135896,-0.9793511110934638
ENSRNOG00000004883,-0.5010595925419772,-1.8411055982220206,0.38752195277484597,0.04775797426594638,True,-1.3400460056800434,-1.171082595381999
ENSRNOG00000004884,0.7944456465539091,0.9902385136538193,0.40892418830150895,0.3996784827794497,True,0.19579286709991017,0.8923420801038642
ENSRNOG00000004885,-0.6277908261623436,-0.7093762801174904,0.03885245291793781,0.07332604520796986,True,-0.08158545395514682,-0.668583553139917
ENSRNOG00000004886,0.40690726038364544,0.8338951088647224,0.09352461476416442,0.1365701652586322,True,0.42698784848107696,0.6204011846241839
ENSRNOG00000004887,2.8669112208352234,2.413326855477904,0.03709405285786958,0.01247122258938655,True,-0.4535843653573193,2.6401190381565636
ENSRNOG00000004888,-0.3093458381765956,-0.8490323925811163,0.787366730574906,0.23719781714317503,True,-0.5396865544045206,-0.579189115378856
ENSRNOG00000004889,2.1228080574945714,2.107996481741724,0.0016936498164836884,0.07131763053693212,True,-0.014811575752847528,2.115402269618148
ENSRNOG00000004890,1.0068661211532448,0.16186862561756232,0.01513965772639713,0.09652196939992783,True,-0.8449974955356825,0.5843673733854036
ENSRNOG00000004891,-2.6410355882761802,-2.2504301668678224,0.0025465148715421377,0.020855646027837155,True,0.39060542140835786,-2.4457328775720013
ENSRNOG00000004892,-1.9838466526743437,-1.9079007007710007,0.0158567299918446,0.004119359629673401,True,0.07594595190334297,-1.9458736767226723
ENSRNOG00000004893,-1.5004725895258135,0.1672017883190311,0.007413342281971852,0.11451726660750529,False,1.6676743778448446,-0.6666354006033912
ENSRNOG00000004894,-1.5387028504790101,-1.3409189457828057,0.03999464139972584,0.009761449492729606,True,0.19778390469620444,-1.439810898130908
ENSRNOG00000004895,-0.16252154299226557,1.3305506903577238,0.012087302073944447,0.016257485692222184,False,1.4930722333499893,0.5840145736827291
ENSRNOG00000004896,1.1063592865472802,2.6249834285483535,0.006000218240894619,0.03558951107719111,True,1.5186241420010733,1.865671357547817
ENSRNOG00000004897,2.259285150068501,0.7606588083494096,0.012608619498975543,0.2876839730160531,True,-1.4986263417190915,1.5099719792089552
ENSRNOG00000004898,0.5547151597051481,-2.6898387718322794,0.06650557755395736,0.0029819419584954866,False,-3.2445539315374274,-1.0675618060635657
ENSRNOG00000004899,-0.8022232008957777,0.5512232438257076,0.10008974826666057,0.35939900590948537,False,1.3534464447214853,-0.12549997853503503
ENSRNOG00000004900,-3.7480342385337737,-2.9077337744311142,0.0030503287362770516,0.0031400412891797462,True,0.8403004641026595,-3.327884006482444
ENSRNOG00000004901,0.1270612357512083,-0.8230940934777694,0.2540880800017361,0.17485390015253022,False,-0.9501553292289777,-0.34801642886328055
ENSRNOG00000004902,0.046386348650984316,-0.5866112943779472,0.2711639626642257,0.3003766876022909,False,-0.6329976430289316,-0.27011247286348145
ENSRNOG00000004903,0.32927175637012385,-0.21164971810264657,0.010540314707581154,0.15222320466955855,False,-0.5409214744727704,0.05881101913373864
ENSRNOG00000004904,3.791232535865999,3.9400908696173067,0.01693371887359502,0.051162265626122354,True,0.14885833375130764,3.8656617027416527
ENSRNOG00000004905,2.23307378314753,1.6863969738237108,0.01070532652196412,0.009179960969974647,True,-0.5466768093238192,1.9597353784856204
ENSRNOG00000004906,1.4131096528499745,2.308693125551525,0.008583014707248869,0.050209002378858086,True,0.8955834727015506,1.8609013892007498
ENSRNOG00000004907,-1.7317388341288797,-0.658651281965218,0.018726228519600163,0.10983599067364684,True,1.0730875521636616,-1.195195058047049
ENSRNOG00000004908,-0.9233905485541383,-0.9525978331648226,0.3608989157283456,0.16922552588209408,True,-0.029207284610684336,-0.9379941908594804
ENSRNOG00000004909,-0.1707202924713039,-0.5259648622502068,0.1380521817240467,0.332656951709127,True,-0.35524456977890284,-0.34834257736075536
ENSRNOG00000004910,-1.3957328232186366,-0.3594091315015917,0.0018455630384890574,0.06600770355011006,True,1.0363236917170449,-0.8775709773601141
ENSRNOG00000004911,0.9008361449732125,1.4740154893811286,0.009227883010335778,0.03506429577666377,True,0.5731793444079161,1.1874258171771706
ENSRNOG00000004912,0.6424359285882681,1.4834887514259352,0.1435501855747122,0.007988659765394614,True,0.841052822837667,1.0629623400071018
ENSRNOG00000004913,-1.9589540274984465,-1.606704175643474,0.011540849717283844,0.022599280683608704,True,0.3522498518549726,-1.78282910157096
ENSRNOG00000004914,2.154270076373024,1.6488698011583522,0.00544623419831208,0.013216943110813539,True,-0.5054002752146716,1.9015699387656881
ENSRNOG00000004915,0.18415860085594854,0.7384702783001378,0.041416347442366865,0.06649440969623151,True,0.5543116774441892,0.4613144395780432
ENSRNOG00000004916,-3.1123280641360522,-2.5195463608462205,0.007884387344674884,0.07065871503477182,True,0.5927817032898317,-2.8159372124911366
ENSRNOG00000004917,-0.09241714502094502,-1.254530694107148,0.023037078816215487,0.013759800461529524,True,-1.162113549086203,-0.6734739195640465
ENSRNOG00000004918,0.5061716206612287,-0.5023879179875941,0.07050514842093163,0.062336567870949725,False,-1.0085595386488229,0.0018918513368172962
ENSRNOG00000004919,1.751026250584333,0.9376106357219619,0.0038475916501276614,0.0203141130611133,True,-0.8134156148623711,1.3443184431531474
ENSRNOG00000004920,-0.6074575256279093,0.2822463787543377,0.030641842725631314,0.3789957939443731,False,0.889703904382247,-0.1626055734367858
ENSRNOG00000004921,1.490288881404973,2.3353228097060885,0.005840658517874503,0.02903218055827417,True,0.8450339283011155,1.9128058455555308
ENSRNOG00000004922,0.3368555761863883,-1.1947877773646076,0.018886277041782692,0.028841332333819757,False,-1.531643353550996,-0.42896610058910967
ENSRNOG00000004923,-2.3670982962676432,-2.236839106088479,0.04927765462204258,0.0012009584617153376,True,0.1302591901791641,-2.301968701178061
ENSRNOG00000004924,-2.547300192268525,-2.1079197526590114,0.003987920287095921,0.003208433866917952,True,0.43938043960951356,-2.327609972463768
ENSRNOG00000004925,2.0206077662688275,2.2084661649847788,0.012195281046354747,0.05180673759272664,True,0.18785839871595122,2.114536965626803
ENSRNOG00000004926,2.1527715210871845,0.9093685721813604,0.05307660643099239,0.05377475921565802,True,-1.2434029489058243,1.5310700466342724
ENSRNOG00000004927,0.5812366147285014,-0.05597805367946451,0.07646309207215245,0.028024183191662753,False,-0.6372146684079659,0.26262928052451845
ENSRNOG00000004928,2.6922720981240515,0.34815282071662,0.05961552255086074,0.020478407847548074,True,-2.3441192774074313,1.520212459420336
ENSRNOG00000004929,1.9018977282748921,1.8008681369988486,0.052110758368700306,0.018369066788858048,True,-0.1010295912760435,1.8513829326368705
ENSRNOG00000004930,1.230531713063498,0.6672925365567964,0.023334168425977696,0.05176543158749794,True,-0.5632391765067016,0.9489121248101473
ENSRNOG00000004931,-1.6403606797206094,-1.8021925489385908,0.00044827996703084195,0.027044850119125885,True,-0.16183186921798143,-1.7212766143296
ENSRNOG00000004932,3.1165717518582183,1.8467799055573875,0.005359912929499953,0.04354542995053689,True,-1.2697918463008309,2.481675828707803
ENSRNOG00000004933,0.9653425779748914,1.8397782300507524,0.24569375604086255,0.06538649491578341,True,0.8744356520758609,1.402560404012822
ENSRNOG00000004934,-0.694509794300919,-1.5273979138604603,0.05592982130050048,0.016217932273758034,True,-0.8328881195595413,-1.1109538540806896
ENSRNOG00000004935,-1.2028860095495364,-1.701705099152461,0.0017791152221192873,0.008456181026078856,True,-0.49881908960292454,-1.4522955543509988
ENSRNOG00000004936,0.4622108067249424,1.6291684184118629,0.016073603142307623,0.021308546422859637,True,1.1669576116869205,1.0456896125684025
ENSRNOG00000004937,-3.0079063527092185,-1.9658127504224683,0.008539638991669037,0.019475568953583853,True,1.0420936022867502,-2.4868595515658436
ENSRNOG00000004938,1.2594118956351528,1.5596418905794172,0.010169244967784218,0.07243159108302195,True,0.3002299949442644,1.409526893107285
ENSRNOG00000004939,-1.7164274664492483,-0.7453311716795179,0.006293898174807347,0.28679703373697385,True,0.9710962947697304,-1.2308793190643832
ENSRNOG00000004940,0.6670945958837161,0.4165230452922811,0.2003751081770712,0.03949645739145191,True,-0.250571550591435,0.5418088205879986
ENSRNOG00000004941,-0.9389166072446871,-1.0041773680323716,0.34398682198108443,0.050044983643144796,True,-0.0652607607876845,-0.9715469876385293
ENSRNOG00000004942,-0.47595368290446655,0.5494874192329724,0.03934255169302101,0.050003091061975986,False,1.025441102137439,0.036766868164252925
ENSRNOG00000004943,-1.3624377709771167,0.29399571193727336,0.012084517038549156,0.2246361197105197,False,1.65643348291439,-0.5342210295199217
ENSRNOG00000004944,-0.2902129761254427,0.9410529406016006,0.02003353415237369,0.17189308095568814,False,1.2312659167270432,0.32541998223807894
ENSRNOG00000004945,3.400883182831237,1.0678553489951734,0.04899252049960763,0.027050073113037913,True,-2.3330278338360637,2.2343692659132053
ENSRNOG00000004946,2.4931073286875534,3.065469552244082,0.0247669826720373,0.004720682911801588,True,0.5723622235565284,2.779288440465818
ENSRNOG00000004947,0.6380621189918221,0.05805022400691173,0.28603249790527663,0.09826184403044926,True,-0.5800118949849103,0.3480561714993669
ENSRNOG00000004948,-0.04552967801691426,-0.8237411954735778,0.3432777500282251,0.13733316768320258,True,-0.7782115174566636,-0.434635436745246
ENSRNOG00000004949,1.519562143247193,0.8555081758011944,0.006319367591410221,0.2384039683409915,True,-0.6640539674459986,1.1875351595241939
ENSRNOG00000004950,2.033946709393602,2.2557686193988182,0.011189253431495244,0.05611360419963897,True,0.22182191000521634,2.14485766439621
ENSRNOG00000004951,-1.4936730879735527,-0.44821030659255034,0.04148872532341927,0.00879119419131981,True,1.0454627813810022,-0.9709416972830516
ENSRNOG00000004952,-0.13938996173796397,-0.3629409064287967,0.26558249936979267,0.03416989272046561,True,-0.2235509446908327,-0.2511654340833803
ENSRNOG00000004953,-3.2795248132225447,-1.3505277127694573,0.030488273588283044,0.013653950263749402,True,1.9289971004530875,-2.315026262996001
ENSRNOG00000004954,2.021583798469611,1.5215305927567422,0.003415612316488319,0.004739305545774297,True,-0.5000532057128688,1.7715571956131766
ENSRNOG00000004955,3.71704366386154,1.925969652609504,0.0008399861654745294,0.042864060250347114,True,-1.7910740112520358,2.821506658235522
ENSRNOG00000004956,0.1441487243215539,-0.6454159145677613,0.025023101268111626,0.39227999341616737,False,-0.7895646388893152,-0.2506335951231037
ENSRNOG00000004957,-3.82501822482543,-2.170265806238592,0.0029001448499108673,0.04832261272410892,True,1.6547524185868379,-2.997642015532011
ENSRNOG00000004958,1.096002929838656,0.6586383696839044,0.019402991167973865,0.03485584900062107,True,-0.43736456015475156,0.8773206497612802
ENSRNOG00000004959,-1.6273604990683446,-2.5508855504507926,0.03432113665542907,0.022685781548069016,True,-0.923525051382448,-2.0891230247595685
ENSRNOG00000004960,-1.1940289949960279,0.07757985112567922,0.007748499018637075,0.17464127463262885,False,1.271608846121707,-0.5582245719351744
ENSRNOG00000004961,1.127837501623807,0.2626407210485473,0.008728006392505457,0.10282465219381189,True,-0.8651967805752596,0.6952391113361771
ENSRNOG00000004962,0.4581974259229039,1.9832998800158088,0.006038174009647286,0.008242008580230081,True,1.525102454092905,1.2207486529693563
ENSRNOG00000004963,-0.8785957956094831,-2.0705846254268954,0.23323352838633069,0.026320718406880116,True,-1.1919888298174124,-1.4745902105181892
ENSRNOG00000004964,-1.169290138682996,-0.9848613205139491,0.03391999647137501,0.06400647697611107,True,0.18442881816904677,-1.0770757295984725
ENSRNOG00000004965,0.22650489939749893,-0.5809532370708896,0.23247909009989232,0.01653530118586359,False,-0.8074581364683886,-0.17722416883669534
ENSRNOG00000004966,-0.7370379945222615,-1.5253794826713436,0.13057904589695726,0.018910378486083273,True,-0.7883414881490821,-1.1312087385968026
ENSRNOG00000004967,-1.9966268404854133,-1.8688365041263766,0.004185849859233647,0.04992608608764787,True,0.1277903363590367,-1.932731672305895
ENSRNOG00000004968,-0.5986137266610482,1.4520386553593179,0.18066899623971702,0.0009086419905046193,False,2.050652382020366,0.42671246434913485
ENSRNOG00000004969,0.6112667218593315,0.5662000494478242,0.04610285179229924,0.29258889671919325,True,-0.0450666724115073,0.5887333856535779
ENSRNOG00000004970,-0.32058624027534005,-1.0492920841245317,0.03993001916075991,0.019022922818337923,True,-0.7287058438491916,-0.6849391621999359
ENSRNOG00000004971,-2.5443154768467333,-3.650194355110054,0.008180420467452288,0.01969211920967285,True,-1.1058788782633209,-3.097254915978394
ENSRNOG00000004972,1.780316318475971,-0.5968155771014103,0.011020602357832398,0.3247330144863079,False,-2.3771318955773815,0.5917503706872803
ENSRNOG00000004973,-4.929860586498001,-3.915591500143313,0.008015235440840828,0.0003667817080562572,True,1.014269086354688,-4.422726043320657
ENSRNOG00000004974,-0.8034572790511834,-1.2117233331003978,0.05706380852702485,0.001745785384528801,True,-0.40826605404921446,-1.0075903060757905
ENSRNOG00000004975,-1.1163572181970487,-0.994376149920203,0.02236807091187814,0.051446905216809044,True,0.12198106827684574,-1.0553666840586258
ENSRNOG00000004976,0.2667219801685467,-2.2044220439430324,0.0664011958264027,0.0359205061528204,False,-2.471144024111579,-0.9688500318872428
ENSRNOG00000004977,1.0109912540449237,0.591208377951688,0.03340581002208753,0.0984148162356164,True,-0.4197828760932357,0.8010998159983058
ENSRNOG00000004978,2.0281766548698634,2.4582763892159702,0.004283030763794386,0.051371028914632966,True,0.4300997343461068,2.243226522042917
ENSRNOG00000004979,-1.2823287720338883,0.831999744749361,0.01701636335276437,0.17169559050676206,False,2.1143285167832495,-0.22516451364226364
ENSRNOG00000004980,1.0558482072002673,-1.2711916744168144,2.7101852191800387e-06,0.03674250406126081,False,-2.3270398816170816,-0.10767173360827353
ENSRNOG00000004981,0.35247309818663003,-0.6017806904342049,0.17377867119101906,0.8980313528620282,False,-0.9542537886208349,-0.12465379612378744
ENSRNOG00000004982,-3.080770875329802,-2.9918697492475275,0.01297273433336019,0.013818723711538361,True,0.08890112608227474,-3.036320312288665
ENSRNOG00000004983,3.4209724597813977,2.479268771553283,0.015106679122378286,0.03385923279619398,True,-0.9417036882281149,2.9501206156673403
ENSRNOG00000004984,-2.589795229032359,-3.0418218470122804,3.95760569542583e-05,0.03036796210651429,True,-0.4520266179799215,-2.8158085380223197
ENSRNOG00000004985,0.7550950901574869,2.279841072470106,0.04986492257352606,0.043098293685827786,True,1.5247459823126193,1.5174680813137966
ENSRNOG00000004986,0.7019278995559459,0.52300956696807,0.18685096125788928,0.4752006253429583,True,-0.17891833258787593,0.612468733262008
ENSRNOG00000004987,0.49614620819233884,0.2080758178066181,0.09587878206808509,0.12042179711634396,True,-0.28807039038572074,0.35211101299947845
ENSRNOG00000004988,-0.8902383878908935,1.066987316706109,0.1458589761034622,0.027474634811845117,False,1.9572257045970025,0.08837446440760777
ENSRNOG00000004989,1.4890547720529042,0.9957072397084594,0.009211661170457096,0.5106471141625021,True,-0.49334753234444473,1.2423810058806817
ENSRNOG00000004990,-2.8086614530975718,-1.4895712112827257,0.02419938754488693,0.029798230468254378,True,1.319090241814846,-2.1491163321901485
ENSRNOG00000004991,-0.11849181961306125,-0.8689126242935333,0.09713362965709259,0.047401370072535615,True,-0.7504208046804721,-0.49370222195329727
ENSRNOG00000004992,-1.0149744177944253,-2.129209772407312,0.004816266760253091,0.03875727064790227,True,-1.1142353546128865,-1.5720920951008686
ENSRNOG00000004993,-1.2191362957206568,-1.4698923941694888,0.003526660144492475,0.010598835592158516,True,-0.25075609844883195,-1.3445143449450727
ENSRNOG00000004994,0.7717460174163824,2.8211119227352057,0.7000477662050169,0.019670658889062703,True,2.0493659053188233,1.796428970075794
ENSRNOG00000004995,1.9394613768954296,1.983505731990196,0.00960569622220018,0.010674321901585966,True,0.04404435509476645,1.9614835544428129
ENSRNOG00000004996,-0.617860371306359,-0.13188347352172164,0.19780164914146667,0.6020077521606665,True,0.4859768977846373,-0.3748719224140403
ENSRNOG00000004997,1.4052259618663994,-0.0696384056253081,0.041351549394468196,0.4427593705642244,False,-1.4748643674917075,0.6677937781205456
ENSRNOG00000004998,0.08953319780027727,1.0176959155372267,0.12888366326369236,0.0027701155540473476,True,0.9281627177369495,0.553614556668752
ENSRNOG00000004999,-1.6069179766284154,-2.5182821621368037,0.0068313448131925286,0.04837945423178741,True,-0.9113641855083883,-2.0626000693826096
