SMILES,Activity
CCCN(CCC)[C@@H]1CCc2ccc(O)cc2C1,1
CCCNC1CCc2c(O)cccc2C1,1
CCCN(C)C1CCc2ccc(O)cc2C1,1
CCCN(CCC)[C@H]1CCc2c(ccc(O)c2O)C1,1
CCCN(CCC)C1CCc2ccc(O)cc2C1,1
CCN(C)C1CCc2ccc(O)cc2C1,1
NC1CCc2ccc(O)cc2C1,1
CCCN(C/C=C/I)C1CCc2c(O)cccc2C1,1
CCCNC1CCc2ccc(O)cc2C1,1
CN(C)C1CCc2ccc(O)cc2C1,1
CCCN(CCC)C1CCc2c(O)cccc2C1,1
CCCN(CCC)[C@H]1CCc2c(O)cccc2C1,1
CCCN(CCC)[C@@H]1CCc2c(cccc2OC)C1,1
CCCN(C/C=C/I)C1CCc2ccc(O)cc2C1,1
CN(C)C1CCc2cc(O)c(O)cc2C1,1
CCCN[C@H]1CCc2c(cccc2CS(=O)(=O)C(F)(F)F)C1,1
CCCN(C/C=C/I)C1CCc2cc(O)ccc2C1,1
CCCN(CCC)[C@@H]1CCc2c(OC)cccc2[C@@H]1C,1
CCCN(CCC)[C@@H]1Cc2cccc(O)c2C[C@H]1C,1
CCCN[C@@H]1CCc2c(OC)cccc2[C@@H]1C,1
Cc1ccc2c(c1C)CC(N)CC2,1
CCCN(CCC)C1CCc2cc(O)c(O)cc2C1,1
CCCN(CCC)[C@@H]1CCc2c(F)cccc2C1,1
CCCN(CCC)[C@@H]1CCc2cccc(O)c2[C@@H]1C,1
Cc1cc2c(cc1C)CC(N)CC2,1
CCCN(CCC)[C@@H]1CCc2cccc(OC)c2[C@@H]1C,1
CCCN(CCC)[C@@H]1CCc2cccc(C(C)=O)c2[C@@H]1C,1
CCCCN(CCC)[C@@H]1CCc2c(F)cccc2C1,1
CCCN[C@@H]1CCc2ccc(OS(=O)(=O)C(F)(F)F)cc2C1,1
CCCN(CCC)[C@@H]1CCc2c(O)cccc2C1,1
CCCN(CCC)[C@@H]1CCc2cccc(C(=O)OC)c2[C@@H]1C,1
CCCN(CCC)C1CCc2cccc(OS(=O)(=O)C(F)(F)F)c2C1,1
CCCN[C@@H]1CCc2cccc(CS(=O)(=O)C(F)(F)F)c2C1,1
CCCN[C@@H]1CCc2c(cccc2OC)C1,1
CCCN(CCC)C1CCc2cccc(O)c2C1,1
CCCN(CCC)[C@@H]1CCc2ccccc2[C@@H]1C,1
CCCN(CCC)[C@@H]1CCc2cccc(O)c2C1,1
CCCNC1CCc2cccc(OS(=O)(=O)C(F)(F)F)c2C1,1
CCN(CC)C1CCc2c(cccc2OC)C1,1
CCCN(CCC)[C@@H]1CCc2cccc(OS(=O)(=O)C(F)(F)F)c2[C@@H]1C,1
CNC1CCc2c(cccc2OC)C1,1
CCCN[C@@H]1CCc2c(F)cccc2C1,1
CCNC1CCc2c(cccc2OC)C1,1
COc1cccc2c1CCC(N(C)C)C2,1
CCCN[C@H]1CCc2cccc(CS(=O)(=O)C(F)(F)F)c2C1,1
CCCCN[C@@H]1CCc2c(F)cccc2C1,1
CCCN(CCC)[C@H]1CCc2ccc(O)cc2C1,1
COc1cccc2c1CCC(N)C2,1
CCCNC1CCc2c(cccc2OC)C1,1
CCCN(CCC)C1CCc2c(cccc2OC)C1,1
CCCN(CCC)[C@@H]1CCc2c(OS(=O)(=O)C(F)(F)F)cccc2[C@@H]1C,1
N[C@@H]1CCc2c(F)cccc2C1,1
CCCN(C(C)C)[C@@H]1CCc2cccc(O)c2[C@@H]1C,1
CCCCNC1CCc2c(cccc2OC)C1,1
COc1ccc(C(F)(F)F)cc1S(=O)(=O)N[C@H]1CC[C@H](N2CCN(c3ccccc3OC(C)C)CC2)CC1,1
CC(C)Oc1ccccc1N1CCN([C@H]2CC[C@H](NS(=O)(=O)c3ccccc3C#N)CC2)CC1,1
CCN([C@H]1CC[C@H](N2CCN(c3ccccc3OC(C)C)CC2)CC1)S(=O)(=O)c1ccc(OC)c(OC)c1,1
CC(C)Oc1ccccc1N1CCN([C@H]2CC[C@H](NS(=O)(=O)c3ccc(S(C)(=O)=O)cc3)CC2)CC1,1
COc1ccc([N+](=O)[O-])cc1S(=O)(=O)N[C@H]1CC[C@H](N2CCN(c3ccccc3OC(C)C)CC2)CC1,1
CC(C)Oc1ccccc1N1CCN([C@H]2CC[C@H](NS(=O)(=O)c3ccc(F)cc3)CC2)CC1,1
CC(C)Oc1ccccc1N1CCN([C@H]2CC[C@H](NS(=O)(=O)c3ccccc3F)CC2)CC1,1
CC(C)Oc1ccccc1N1CCN([C@H]2CC[C@H](NS(=O)(=O)c3ccccc3)CC2)CC1,1
COc1ccc(Br)cc1S(=O)(=O)N[C@H]1CC[C@H](N2CCN(c3ccccc3OC(C)C)CC2)CC1,1
COc1ccc(Br)cc1S(=O)(=O)N[C@H]1CC[C@@H](N2CCN(c3ccccc3OC(C)C)CC2)CC1,1
CC(C)Oc1ccccc1N1CCN([C@H]2CC[C@H](NS(=O)(=O)c3cccc(C(F)(F)F)c3)CC2)CC1,1
CC(C)Oc1ccccc1N1CCN([C@H]2CC[C@@H](NS(=O)(=O)c3ccc(Cl)cc3Cl)CC2)CC1,1
CC(C)Oc1ccccc1N1CCN([C@H]2CC[C@H](NS(=O)(=O)c3ccc(Cl)cc3F)CC2)CC1,1
COc1ccc([N+](=O)[O-])cc1S(=O)(=O)N[C@H]1CC[C@@H](N2CCN(c3ccccc3OC(C)C)CC2)CC1,1
COc1ccc(C)cc1S(=O)(=O)N[C@H]1CC[C@H](N2CCN(c3ccccc3OC(C)C)CC2)CC1,1
CC(C)Oc1ccccc1N1CCN([C@H]2CC[C@@H](NS(=O)(=O)c3ccccc3[N+](=O)[O-])CC2)CC1,1
Cc1ccc(S(=O)(=O)N[C@H]2CC[C@H](N3CCN(c4ccccc4OC(C)C)CC3)CC2)cc1Cl,1
CC(C)Oc1ccccc1N1CCN([C@H]2CC[C@@H](NS(=O)(=O)c3ccccc3C#N)CC2)CC1,1
CC(C)Oc1ccccc1N1CCN([C@H]2CC[C@H](NS(=O)(=O)c3ccc(OC(F)(F)F)cc3)CC2)CC1,1
Cc1ccc(S(=O)(=O)N[C@H]2CC[C@@H](N3CCN(c4ccccc4OC(C)C)CC3)CC2)cc1Cl,1
COc1ccc(S(=O)(=O)N[C@H]2CC[C@H](N3CCN(c4ccccc4OC(C)C)CC3)CC2)cc1OC,1
COc1ccc(OC)c(S(=O)(=O)N[C@H]2CC[C@H](N3CCN(c4ccccc4OC(C)C)CC3)CC2)c1,1
CC(C)Oc1ccccc1N1CCN([C@H]2CC[C@H](NS(=O)(=O)c3cccc(F)c3)CC2)CC1,1
CC(C)Oc1ccccc1N1CCN([C@H]2CC[C@@H](NS(=O)(=O)c3ccc(F)cc3)CC2)CC1,1
CC(C)Oc1ccccc1N1CCN([C@H]2CC[C@@H](NS(=O)(=O)c3cccc(F)c3)CC2)CC1,1
CC(C)Oc1ccccc1N1CCN([C@H]2CC[C@H](NS(=O)(=O)c3ccc(Cl)cc3Cl)CC2)CC1,1
COc1ccc(Cl)cc1S(=O)(=O)N[C@H]1CC[C@H](N2CCN(c3ccccc3OC(C)C)CC2)CC1,1
COc1ccc(OC)c(S(=O)(=O)N[C@H]2CC[C@@H](N3CCN(c4ccccc4OC(C)C)CC3)CC2)c1,1
CC(C)Oc1ccccc1N1CCN([C@H]2CC[C@H](NS(=O)(=O)c3ccccc3[N+](=O)[O-])CC2)CC1,1
COc1ccc(S(=O)(=O)N[C@H]2CC[C@@H](N3CCN(c4ccccc4OC(C)C)CC3)CC2)cc1OC,1
COc1ccc(Cl)cc1S(=O)(=O)N[C@H]1CC[C@@H](N2CCN(c3ccccc3OC(C)C)CC2)CC1,1
COc1ccc(C)cc1S(=O)(=O)N[C@H]1CC[C@@H](N2CCN(c3ccccc3OC(C)C)CC2)CC1,1
CCN([C@H]1CC[C@@H](N2CCN(c3ccccc3OC(C)C)CC2)CC1)S(=O)(=O)c1ccc(OC)c(OC)c1,1
COc1ccc(S(=O)(=O)N[C@H]2CC[C@H](N3CCN(c4ccccc4OCC(F)(F)F)CC3)CC2)cc1OC,1
CC(C)Oc1ccccc1N1CCN([C@H]2CC[C@@H](NS(=O)(=O)c3cccc(C(F)(F)F)c3)CC2)CC1,1
CC(C)Oc1ccccc1N1CCN([C@H]2CC[C@@H](NS(=O)(=O)c3ccc(S(C)(=O)=O)cc3)CC2)CC1,1
CC(C)Oc1ccccc1N1CCN([C@H]2CC[C@@H](NS(=O)(=O)c3ccc(Cl)cc3F)CC2)CC1,1
COc1ccc(F)cc1S(=O)(=O)N[C@H]1CC[C@H](N2CCN(c3ccccc3OC(C)C)CC2)CC1,1
CC(C)Oc1ccccc1N1CCN([C@H]2CC[C@@H](NS(=O)(=O)c3ccccc3F)CC2)CC1,1
COc1ccc(F)cc1S(=O)(=O)N[C@H]1CC[C@@H](N2CCN(c3ccccc3OC(C)C)CC2)CC1,1
CC(C)Oc1ccccc1N1CCN([C@H]2CC[C@@H](NS(=O)(=O)c3ccccc3)CC2)CC1,1
COc1ccc(S(=O)(=O)N[C@H]2CC[C@@H](N3CCN(c4ccccc4OCC(F)(F)F)CC3)CC2)cc1OC,1
COc1ccc(C(F)(F)F)cc1S(=O)(=O)N[C@H]1CC[C@@H](N2CCN(c3ccccc3OC(C)C)CC2)CC1,1
CC(C)Oc1ccccc1N1CCN([C@H]2CC[C@@H](NS(=O)(=O)c3cccc(Cl)c3F)CC2)CC1,1
CC(C)Oc1ccccc1N1CCN([C@H]2CC[C@H](NS(=O)(=O)c3cccc(Cl)c3F)CC2)CC1,1
CC(C)Oc1ccccc1N1CCN([C@H]2CC[C@@H](NS(=O)(=O)c3cc(Cl)ccc3F)CC2)CC1,1
CC(C)Oc1ccccc1N1CCN([C@H]2CC[C@@H](NS(=O)(=O)c3ccc(OC(F)(F)F)cc3)CC2)CC1,1
O=C(CCCN1CCC(O)(c2ccc(Cl)cc2)CC1)c1ccc(F)cc1,1
O=C(CCCN1CCC(O)(c2cccc(Cl)c2Cl)CC1)c1ccc(F)cc1,1
O=C(CCCN1CCC(O)(c2ccc(Cl)c(Cl)c2)CC1)c1ccc(F)cc1,1
O=C(CCC(F)N1CCC(O)(c2cccc(C(F)(F)F)c2)CC1)c1ccccc1,1
O=C(CCCN1CCC(O)(c2ccc(C(F)(F)F)cc2)CC1)c1ccc(F)cc1,1
O=C(CCCN1CCC(O)(c2cc(Cl)cc(Cl)c2)CC1)c1ccc(F)cc1,1
CCCCCCCCCC(=O)OC1(c2ccc(Cl)cc2)CCN(CCCC(=O)c2ccc(F)cc2)CC1,1
Cc1ccc(C2(O)CCN(CCCC(=O)c3ccc(F)cc3)CC2)cc1,1
O=C(CCCN1CCC(O)(c2cc(Cl)ccc2Cl)CC1)c1ccc(F)cc1,1
O=C(CCCN1CCC(O)(c2cccc(Cl)c2)CC1)c1ccc(F)cc1,1
O=C(CCCN1CCC(O)(c2ccc(Br)cc2)CC1)c1ccc(F)cc1,1
O=C(CCCN1CCC(O)(c2c(Cl)cccc2Cl)CC1)c1ccc(F)cc1,1
CCC(=O)OC1(c2ccc(Cl)cc2)CCN(CCCC(=O)c2ccc(F)cc2)CC1,1
O=C(CCCN1CCC(c2ccc(Cl)cc2)CC1)c1ccc(F)cc1,1
O=C(CCCN1CCC(O)(c2ccc(Cl)cc2)CC1)c1ccccc1,1
CN(C)CCC(=O)OC1(c2ccc(Cl)cc2)CCN(CCCC(=O)c2ccc(F)cc2)CC1,1
COC1(c2ccc(Cl)cc2)CCN(CCCC(=O)c2ccc(F)cc2)CC1,1
O=C(CCCN1CCC(O)(c2ccccc2Cl)CC1)c1ccc(F)cc1,1
O=C(CCCN1CCC(O)(c2ccc(Cl)cc2Cl)CC1)c1ccc(F)cc1,1
O=C(CCCN1CCC(O)(c2ccc(F)cc2)CC1)c1ccc(F)cc1,1
Cc1ccc(C)c(C2(O)CCN(CCCC(=O)c3ccc(F)cc3)CC2)c1,1
Cc1ccccc1C(=O)CCCN1CCC(O)(c2ccc(Cl)cc2)CC1,1
O=C(CCCN1CCC(O)(c2ccc(Cl)cc2)CC1)c1ccccc1Cl,1
CC(=O)OC1(c2ccc(Cl)cc2)CCN(CCCC(=O)c2ccc(F)cc2)CC1,1
O=C(CCCN1CCC(O)(c2ccc(Cl)cc2)CC1)c1ccc(Cl)cc1,1
CN(C)c1ccc(C2(O)CCN(CCCC(=O)c3ccc(F)cc3)CC2)cc1,1
O=C(CCCN1CCC(O)(c2ccccc2)CC1)c1ccc(F)cc1,1
O=C(CCCN1CCC(c2ccccc2)CC1)c1ccc(F)cc1,1
O=C(CCCN1CCC(O)(c2ccc(Cl)cc2)CC1)c1ccc(F)c(F)c1,1
O=C(CCCN1CCC(CO)(c2ccc(Cl)cc2)CC1)c1ccc(F)cc1,1
O=C(CCCN1CCC(O)(c2ccc(Cl)cc2)CC1)c1ccccc1F,1
Cc1ccc(C)c(C(=O)CCCN2CCC(O)(c3ccc(Cl)cc3)CC2)c1,1
O=C(CCCN1CCC(O)(c2ccc(F)cc2)CC1)c1ccc(Cl)cc1,1
O=C(CCCN1CCC(O)(c2ccccc2)CC1)c1ccccc1,1
O=C(CCCN1CCC(O)(c2ccc(Cl)cc2)CC1)c1cccc(F)c1,1
Cc1ccc(C)c(C(=O)CCCN2CCC(O)(c3cc(C)ccc3C)CC2)c1,1
O=C(CCCN1CCC(O)(c2ccc(Cl)cc2)CC1)c1cccc(F)c1F,1
O=C(CCCN1CCC(O)(c2ccc(Cl)cc2)CC1)c1c(F)cccc1F,1
O=C(CCCN1CCC(O)(c2ccc(Cl)cc2)CC1)c1ccc(OCCSSCCO)cc1,1
O=C(CCCN1CCC(O)(c2ccc(Cl)cc2)CC1)c1ccc(F)cc1F,1
O=C(CCCN1CCC(O)(c2ccc(Cl)cc2)CC1)c1cc(F)ccc1F,1
O=C(CCCN1CCC(O)(c2ccc(Cl)cc2)CC1)c1cc(F)cc(F)c1,1
Cc1ccc(C)c(C(=O)CCCN2CCC(c3ccc(Cl)cc3)CC2)c1,1
Cc1ccc(C)c(C(=O)CCCN2CCC(c3cc(C)ccc3C)CC2)c1,1
CC(C)C(=O)Nc1cccc(C2CCN(CCCC(=O)c3ccc(Cl)cc3)CC2)c1,1
CCCCN1CCN(c2cccc(CC)c2Cl)CC1,1
CCCCN1CCN(c2cccc(Cl)c2Cl)CC1,1
CCCN1CCN(c2cccc(Cl)c2Cl)CC1,1
COc1ccccc1N1CCN(CCCCCNC(=O)OC(C)(C)C)CC1,1
CCCCN1CCN(c2ccccc2OCCF)CC1,1
CCC(=O)NCCCCN1CCN(c2cccc(Cl)c2Cl)CC1,1
COc1ccccc1N1CCN(CCCNC(=O)OC(C)(C)C)CC1,1
COc1ccccc1N1CCN(CCCCNC(=O)OC(C)(C)C)CC1,1
COc1ccccc1N1CCN(CCCCNC(=O)C(C)(C)C)CC1,1
CCCN1CCN(c2ccccc2OC)CC1,1
CCCCN1CCN(c2ccccc2OC)CC1,1
CCCCN1CCN(c2cc(CC)cc(Cl)c2OC)CC1,1
CC(C)(C)OC(=O)NCCCCCN1CCN(c2cccc(Cl)c2Cl)CC1,1
CN1CCN(c2cccc(Cl)c2Cl)CC1,1
CCc1cccc(N2CCN(C)CC2)c1Cl,1
CC(C)(C)C(=O)NCCCCN1CCN(c2ccccc2Cl)CC1,1
OCCN1CCN(c2cccc(Cl)c2Cl)CC1,1
CCCN1CCN(c2cccc(O)c2)CC1,1
COc1ccccc1N1CCN(CCCCCCNC(=O)OC(C)(C)C)CC1,1
CCC(=O)NCCCCN1CCN(c2ccccc2OC)CC1,1
CC[C@H](O)CN1CCN(c2cccc(Cl)c2Cl)CC1,1
Clc1cccc(N2CCNCC2)c1Cl,1
CCc1cccc(N2CCNCC2)c1Cl,1
COc1cc(Cl)ccc1N1CCN(CCCCNC(=O)C(C)(C)C)CC1,1
COc1ccccc1N1CCN(CCNC(=O)OC(C)(C)C)CC1,1
NS(=O)(=O)NCCCCCCN1CCN(c2cccc(Cl)c2)CC1,1
CCc1cc(Cl)c(OC)c(N2CCN(C)CC2)c1,1
NC(=O)NCCCCCCN1CCN(c2cccc(Cl)c2)CC1,1
CC(C)(C)C(=O)NCCCCN1CCN(c2cccc(Cl)c2)CC1,1
CCCN1CCN(c2cccc(C#N)c2)CC1,1
COc1ccccc1N1CCN(C)CC1,1
CCCN1CCN(c2cccc(OC)c2)CC1,1
C[C@H](O)CN1CCN(c2cccc(Cl)c2Cl)CC1,1
CC(C)(C)C(=O)NCCCCCN1CCN(c2ccc(Cl)cc2)CC1,1
CCCN1CCN(c2ccccc2)CC1,1
CCCCN1CCN(c2cccc(C#N)c2)CC1,1
CCCN1CCN(c2ccccc2S(C)(=O)=O)CC1,1
CC[C@@H](O)CN1CCN(c2cccc(Cl)c2Cl)CC1,1
CCc1cc(Cl)c(OC)c(N2CCNCC2)c1,1
CCCN1CCN(c2cccc(S(C)(=O)=O)c2)CC1,1
COc1ccccc1N1CCNCC1,1
CC(C)(C)C(=O)NCCCCN1CCN(c2ccccc2)CC1,1
CC1Cc2ccccc2N1C(=O)CN1CCN(Cc2ccc(Cl)cc2)CC1,1
COc1ccc(Cl)cc1CN1CCN(CC(=O)N2c3ccccc3C[C@H]2C)CC1,1
C[C@@H]1Cc2ccccc2N1C(=O)CN1CCN(Cc2ccc(Cl)c(Cl)c2)CC1,1
COc1ccc(OC)c(CN2CCN(CC(=O)N3c4ccccc4C[C@H]3C)CC2)c1,1
C[C@@H]1Cc2ccccc2N1C(=O)CN1CCN(Cc2cc(Cl)ccc2Cl)CC1,1
CC[C@@H]1Cc2ccccc2N1C(=O)CN1CCN(Cc2ccc(C)cc2)CC1,1
Cc1ccc(CN2CCN(CC(=O)N3c4ccccc4C[C@H]3C)CC2)cc1,1
CC1(C)Cc2ccccc2N1C(=O)CN1CCN(Cc2ccc(Cl)cc2)CC1,1
Cc1ccc(C)c(CN2CCN(CC(=O)N3c4ccccc4CC3C)CC2)c1,1
C[C@@H]1c2ccccc2N(C(=O)CN2CCN(Cc3ccc(Cl)cc3)CC2)[C@@H]1C,1
CCC1(CC)Cc2ccccc2N1C(=O)CN1CCN(Cc2ccc(Cl)cc2)CC1,1
CCOc1ccc(Cl)cc1CN1CCN(CC(=O)N2c3ccccc3C[C@H]2C)CC1,1
Cc1ccc(CN2CCN(CC(=O)N3c4ccccc4CC3C)CC2)cc1,1
C[C@@H]1[C@@H](C)c2ccccc2N1C(=O)CN1CCN(Cc2ccc(Cl)cc2)CC1,1
C[C@@H]1Cc2ccccc2N1C(=O)CN1CCN(Cc2ccc(Cl)cc2)CC1,1
C[C@@H]1Cc2ccccc2N1C(=O)CN1CCN(Cc2ccc(F)c(F)c2Cl)CC1,1
CC1Cc2ccccc2N1C(=O)CN1CCN(Cc2cc(Cl)cc(Cl)c2)CC1,1
CC(C)c1ccc(Cl)cc1CN1CCN(CC(=O)N2c3ccccc3C[C@H]2C)CC1,1
CC[C@@H]1Cc2ccccc2N1C(=O)CN1CCN(Cc2ccc(Cl)cc2)CC1,1
COc1ccccc1CN1CCN(CC(=O)N2c3ccccc3CC2C)CC1,1
C[C@@H]1Cc2ccccc2N1C(=O)CN1CCN(Cc2cc(Cl)cc(Cl)c2)CC1,1
C=C[C@@H]1Cc2ccccc2N1C(=O)CN1CCN(Cc2ccc(Cl)cc2)CC1,1
COc1cc(Cl)ccc1CN1CCN(CC(=O)N2c3ccccc3C[C@H]2C)CC1,1
C[C@@H]1Cc2ccccc2N1C(=O)CN1CCN(Cc2ccc(F)cc2)CC1,1
CC(C)CC1Cc2ccccc2N1C(=O)CN1CCN(Cc2ccc(Cl)cc2)CC1,1
O=C(CN1CCN(Cc2ccc(Cl)cc2)CC1)N1CCc2ccc([N+](=O)[O-])cc21,1
COc1cccc2c1CCN2C(=O)CN1CCN(Cc2ccc(Cl)cc2)CC1,1
COC(=O)[C@@H]1Cc2ccccc2N1C(=O)CN1CCN(Cc2ccc(C)cc2)CC1,1
CCC1Cc2ccccc2N1C(=O)CN1CCN(Cc2ccc(Cl)cc2)CC1,1
O=C(CN1CCN(Cc2ccc(Cl)cc2)CC1)N1CCc2ccc(Cl)cc21,1
CC1Cc2ccccc2N1C(=O)CN1CCN(Cc2cccc(OC(F)(F)F)c2)CC1,1
COc1ccc(CN2CCN(CC(=O)N3c4ccccc4C[C@H]3C)CC2)cc1,1
O=C(CN1CCN(Cc2ccc(Cl)cc2)CC1)N1CCc2ccccc21,1
Cc1ccc(CN2CCN(CC(=O)N3c4ccccc4C[C@H]3C)CC2)cc1F,1
C[C@@H]1Cc2ccccc2N1C(=O)CN1CCN(Cc2cccc(Cl)c2)CC1,1
CCc1ccc(CN2CCN(CC(=O)N3c4ccccc4CC3C)CC2)cc1,1
CCc1ccc(CN2CCN(CC(=O)N3c4ccccc4C[C@H]3C)CC2)cc1,1
CC1N(C(=O)CN2CCN(Cc3ccc(Cl)cc3)CC2)c2ccccc2C1(C)C,1
CC1Cc2ccccc2N1C(=O)CN1CCN(Cc2ccc(F)cc2)CC1,1
CCCN1CCc2cccc3c2[C@H]1Cc1ccc(O)c(O)c1-3,1
CCCN1CCc2cc(F)cc3c2C1Cc1ccc(O)c(O)c1-3,1
CN1CCc2cccc3c2[C@H]1Cc1ccc(O)c(O)c1-3,1
CCCN1CCc2cccc3c2[C@H]1Cc1cccc(O)c1-3,1
CN1CCc2cc(O)c(O)c3c2C1Cc1ccccc1-3,1
CN1CCc2ccc(CO)c3c2[C@H]1Cc1ccc(O)c(O)c1-3,1
Cc1ccc2c3c1-c1c(ccc(O)c1O)C[C@H]3N(C)CC2,1
CCCC(=O)Oc1cccc2c1-c1cccc3c1[C@@H](C2)N(CCC)CC3,1
CN1CCc2cccc3c2[C@H]1Cc1cccc(O)c1-3,1
CCCN1CCc2cccc3c2[C@@H]1Cc1cccc(O)c1-3,1
CCc1cccc2c1-c1cccc3c1[C@@H](C2)N(C)CC3,1
COc1cc2c3c(c1OC)-c1ccccc1CC3N(C)CC2,1
C=Cc1cccc2c1-c1cccc3c1[C@@H](C2)N(C)CC3,1
CN1CCc2cccc3c2[C@H]1Cc1cccc(C#N)c1-3,1
CN1CCc2cccc3c2[C@H]1Cc1cccc(OS(=O)(=O)C(F)(F)F)c1-3,1
Cc1cccc2c1-c1cccc3c1[C@@H](C2)N(C)CC3,1
COc1cc2c3c(c1O)-c1cc(N)ccc1CC3N(C)CC2,1
COc1cc2c3c(c1)-c1c(O)cccc1C[C@H]3N(C)CC2,1
CCCN1CCc2cccc3c2[C@H]1Cc1ccc(C)c(OC)c1-3,1
COc1c(C)ccc2c1-c1cccc3c1[C@@H](C2)N(C)CC3,1
CCCN1CCc2cccc3c2[C@H]1Cc1ccc(C)c(O)c1-3,1
COc1cc2c3c(c1OC)-c1cc(N)ccc1CC3N(C)CC2,1
CN1CCc2cccc3c2[C@@H]1Cc1ccc(O)c(O)c1-3,1
CC(=O)c1cccc2c1-c1cccc3c1[C@@H](C2)N(C)CC3,1
COc1cc2c3c(c1O)-c1cc([N+](=O)[O-])ccc1CC3N(C)CC2,1
CCCN1CCc2cccc3c2[C@H]1Cc1cccc(N)c1-3,1
CCCN1CCc2cccc3c2[C@H]1Cc1ccc(OS(=O)(=O)C(F)(F)F)c(OC)c1-3,1
CCc1ccc2c(c1OC)-c1cccc3c1[C@@H](C2)N(C)CC3,1
C#CCOc1c(OC)cc2c3c1-c1cc(N)ccc1CC3N(C)CC2,1
COc1cc2c3c(c1OC)-c1cc([N+](=O)[O-])ccc1CC3N(C)CC2,1
CN1CCc2cccc3c2[C@H]1Cc1ccccc1-3,1
COc1cccc2c1-c1cccc3c1[C@@H](C2)N(C)CC3,1
CN1CCc2cccc3c2C1Cc1ccc(N)cc1-3,1
C=CCOc1c(OC)cc2c3c1-c1cc(N)ccc1CC3N(C)CC2,1
CCCN1CCc2cccc3c2[C@H]1Cc1cccc(OC)c1-3,1
CCCN1CCc2cccc3c2C1Cc1cccc(O)c1-3,1
C#CCOc1c(OC)cc2c3c1-c1cc(NC(C)=O)ccc1CC3N(C)CC2,1
CCCN1CCc2cccc3c2[C@H]1Cc1cccc(OC(=O)NC(C)(C)C)c1-3,1
COc1cc2c3c(c1OC)-c1cc(NC(C)=O)ccc1CC3N(C)CC2,1
O=C(NCCCCN1CCN(c2ccccc2OCCF)CC1)c1ccc(OCCOCCF)cc1,1
C#Cc1cccc(C(=O)NCCCCN2CCN(c3cccc(Cl)c3Cl)CC2)c1,1
C#Cc1ccc(C(=O)NCCCCN2CCN(c3cccc(Cl)c3Cl)CC2)cc1,1
CN(C)c1ccc(C(=O)NCCCCN2CCN(c3ccccc3OCCF)CC2)cc1,1
O=C(NCCCCN1CCN(c2ccccc2OCCF)CC1)c1ccc(OCCF)cc1,1
COc1ccccc1N1CCN(CCCCNC(=O)c2ccccc2I)CC1,1
O=C(NCCCCN1CCN(c2cccc(Cl)c2Cl)CC1)c1ccc(F)cc1,1
COc1ccccc1N1CCN(CCCCNC(=O)c2cc(C)ccc2C)CC1,1
COc1ccccc1N1CCN(CCCCNC(=O)c2ccc(C(C)=O)cc2)CC1,1
COc1ccccc1N1CCN(CCCCNC(=O)c2ccc(Cl)cc2)CC1,1
COc1ccccc1N1CCN(CCCCNC(=O)c2ccc(OCCOCCF)cc2)CC1,1
O=C(NCCCCN1CCN(c2ccccc2OCCF)CC1)c1ccc(CCF)cc1,1
COc1ccccc1N1CCN(CCCCNC(=O)c2ccc(C(C)(C)C)cc2)CC1,1
COc1ccccc1N1CCN(CCCCNC(=O)c2ccc(OCCF)cc2)CC1,1
O=C(NCCCCN1CCN(c2ccccc2OCCF)CC1)c1ccc(OCCOCCOCCF)cc1,1
COc1ccccc1N1CCN(CCCCNC(=O)c2ccc(N(C)C)cc2)CC1,1
O=C(NCCCCN1CCN(c2cccc(Cl)c2Cl)CC1)c1ccc(I)cc1,1
COc1ccccc1N1CCN(CCCCNC(=O)c2ccc(Br)cc2)CC1,1
CCOCCOc1cccc(C(=O)NCCCCN2CCN(c3ccccc3OC)CC2)c1,1
COc1ccccc1N1CCN(CCCCNC(=O)c2ccc(OCCOCCOCCF)cc2)CC1,1
COc1ccccc1N1CCN(CCCCNC(=O)c2ccc(CCF)cc2)CC1,1
COc1cc(Br)cc(C(=O)NCCCCN2CCN(c3cccc(Cl)c3Cl)CC2)c1OC,1
COc1ccccc1N1CCN(CCCCNC(=O)c2cccc(I)c2)CC1,1
COc1cccc(C(=O)NCCCCN2CCN(c3cccc(C)c3C)CC2)c1,1
C#Cc1cccc(C(=O)NCCCCN2CCN(c3ccccc3OC)CC2)c1,1
CCOCCOCc1ccc(C(=O)NCCCCN2CCN(c3ccccc3OC)CC2)cc1,1
Cc1ccc(C)c(C(=O)NCCCCN2CCN(c3cc(C)ccc3C)CC2)c1,1
COc1ccccc1N1CCN(CCCCNC(=O)c2ccccc2)CC1,1
COc1ccccc1N1CCN(CCCCNC(=O)c2ccc(F)cc2)CC1,1
COc1ccc(OC)c(N2CCN(CCCCNC(=O)c3ccc(Br)cc3)CC2)c1,1
COc1ccccc1N1CCN(CCCCNC(=O)c2ccc(I)cc2)CC1,1
C#Cc1ccc(C(=O)NCCCCN2CCN(c3ccccc3OC)CC2)cc1,1
COc1ccc(C(=O)NCCCCN2CCN(c3ccccc3Cl)CC2)cc1OC,1
O=C(NCCCCN1CCN(c2ccc(Cl)cc2)CC1)c1ccccc1,1
O=C(NCCCCN1CCN(c2ccccc2)CC1)c1ccc(Br)cc1,1
O=C(NCCCCN1CCN(c2ccccc2Cl)CC1)c1ccc(Cl)cc1,1
COc1cccc(C(=O)NCCCCN2CCN(c3ccccc3OC)CC2)c1,1
CC(C)=CC(=O)N[C@H]1CC[C@H](CCN2CCC(c3coc4ccccc34)CC2)CC1,1
CC#CC(=O)N[C@H]1CC[C@H](CCN2CCC(c3coc4ccccc34)CC2)CC1,1
CC[C@H](O)CC(=O)N[C@H]1CC[C@H](CCN2CCC(c3coc4ccccc34)CC2)CC1,1
O=C(N[C@H]1CC[C@H](CCN2CCC(c3coc4ccccc34)CC2)CC1)C(F)(F)F,1
CC(C)(C)C(=O)N[C@H]1CC[C@H](CCN2CCC(c3coc4ccccc34)CC2)CC1,1
O=CN[C@H]1CC[C@H](CCN2CCC(c3coc4ccccc34)CC2)CC1,1
CC(C)C(=O)N[C@H]1CC[C@H](CCN2CCC(c3coc4ccccc34)CC2)CC1,1
CC(C)(O)CC(=O)N[C@H]1CC[C@H](CCN2CCC(c3coc4ccccc34)CC2)CC1,1
N#CCC(=O)N[C@H]1CC[C@H](CCN2CCC(c3coc4ccccc34)CC2)CC1,1
O=C(CC(F)(F)F)N[C@H]1CC[C@H](CCN2CCC(c3coc4ccccc34)CC2)CC1,1
CC(C)CC(=O)N[C@H]1CC[C@H](CCN2CCC(c3coc4ccccc34)CC2)CC1,1
CCCC(=O)N[C@H]1CC[C@H](CCN2CCC(c3coc4ccccc34)CC2)CC1,1
CCC(C)C(=O)N[C@H]1CC[C@H](CCN2CCC(c3coc4ccccc34)CC2)CC1,1
O=C(N[C@H]1CC[C@H](CCN2CCC(c3coc4ccccc34)CC2)CC1)C(O)C(F)(F)F,1
O=C(CO)N[C@H]1CC[C@H](CCN2CCC(c3coc4ccccc34)CC2)CC1,1
CN(C)S(=O)(=O)N[C@H]1CC[C@H](CCN2CCC(c3coc4ccccc34)CC2)CC1,1
CS(=O)(=O)N[C@H]1CC[C@H](CCN2CCC(c3coc4ccccc34)CC2)CC1,1
CCS(=O)(=O)N[C@H]1CC[C@H](CCN2CCC(c3coc4ccccc34)CC2)CC1,1
CCC(=O)N[C@H]1CC[C@H](CCN2CCC(c3coc4ccccc34)CC2)CC1,1
COC(CC(=O)N[C@H]1CC[C@H](CCN2CCC(c3coc4ccccc34)CC2)CC1)OC,1
CC(=O)N[C@H]1CC[C@H](CCN2CCC(c3coc4ccccc34)CC2)CC1,1
O=C(C[C@@H](O)C(F)(F)F)N[C@H]1CC[C@H](CCN2CCC(c3coc4ccccc34)CC2)CC1,1
CS(=O)(=O)CC(=O)N[C@H]1CC[C@H](CCN2CCC(c3coc4ccccc34)CC2)CC1,1
CC(C)(C)CC(=O)N[C@H]1CC[C@H](CCN2CCC(c3coc4ccccc34)CC2)CC1,1
CC(C)(O)C(=O)N[C@H]1CC[C@H](CCN2CCC(c3coc4ccccc34)CC2)CC1,1
CC[C@@H](O)CC(=O)N[C@H]1CC[C@H](CCN2CCC(c3coc4ccccc34)CC2)CC1,1
C/C=C/CC(=O)N[C@H]1CC[C@H](CCN2CCC(c3coc4ccccc34)CC2)CC1,1
O=C(CCC(F)(F)F)N[C@H]1CC[C@H](CCN2CCC(c3coc4ccccc34)CC2)CC1,1
O=C(CCO)N[C@H]1CC[C@H](CCN2CCC(c3coc4ccccc34)CC2)CC1,1
CCCCC(=O)N[C@H]1CC[C@H](CCN2CCC(c3coc4ccccc34)CC2)CC1,1
CC(C)CCC(=O)N[C@H]1CC[C@H](CCN2CCC(c3coc4ccccc34)CC2)CC1,1
COCCC(=O)N[C@H]1CC[C@H](CCN2CCC(c3coc4ccccc34)CC2)CC1,1
COCC(=O)N[C@H]1CC[C@H](CCN2CCC(c3coc4ccccc34)CC2)CC1,1
CN(C)C(=O)CCC(=O)N[C@H]1CC[C@H](CCN2CCC(c3coc4ccccc34)CC2)CC1,1
COc1cccc2[nH]cc(CN3CCC(O)(c4ccc(I)cc4)CC3)c12,1
COc1ccc2[nH]cc(CN3CCC(O)(c4ccc(I)cc4)CC3)c2c1,1
COc1cccc2[nH]cc(CN3CCC(O)(c4ccc(Br)cc4)CC3)c12,1
OC1(c2ccc(Cl)cc2)CCN(Cc2c[nH]c3ccccc23)CC1,1
COc1ccc2[nH]cc(CN3CCC(O)(c4ccc(Br)cc4)CC3)c2c1,1
OC1(c2ccc(I)cc2)CCN(Cc2c[nH]c3ccccc23)CC1,1
COc1ccc2[nH]cc(CN3CCC(O)(c4ccc(Cl)cc4)CC3)c2c1,1
COc1cccc2[nH]cc(CN3CCC(O)(c4ccc(Cl)cc4)CC3)c12,1
OC1(c2ccc(Br)cc2)CCN(Cc2c[nH]c3ccccc23)CC1,1
COc1ccc2[nH]cc(CN3CCC(O)(c4ccc(SC)cc4)CC3)c2c1,1
OC1(c2ccc(Cl)c(Cl)c2)CCN(Cc2c[nH]c3ccccc23)CC1,1
OC1(c2ccc(Br)cc2)CCN(Cc2c[nH]c3ccc(OCCF)cc23)CC1,1
Cc1[nH]c2ccccc2c1CN1CCC(O)(c2ccc(Cl)cc2)CC1,1
CSc1ccc(C2(O)CCN(Cc3c[nH]c4ccccc34)CC2)cc1,1
OC1(c2cccc(Cl)c2Cl)CCN(Cc2c[nH]c3ccccc23)CC1,1
OC1(c2ccc(Br)cc2)CCN(Cc2c[nH]c3cccc(OCCF)c23)CC1,1
Cn1cc(CN2CCC(O)(c3ccc(Cl)cc3)CC2)c2ccccc21,1
CCOC(=O)C1(c2ccc(Cl)cc2)CCN(Cc2c[nH]c3ccccc23)CC1,1
COC(=O)C1(c2ccc(Cl)cc2)CCN(Cc2c[nH]c3ccccc23)CC1,1
COC1(c2ccc(Cl)cc2)CCN(Cc2c[nH]c3ccccc23)CC1,1
CC(=O)NC1(c2ccc(Cl)cc2)CCN(Cc2c[nH]c3ccccc23)CC1,1
OC1(c2cccc(C(F)(F)F)c2)CCN(Cc2c[nH]c3ccccc23)CC1,1
c1ccc(C2CCN(Cc3c[nH]c4ccccc34)CC2)cc1,1
FC1(c2ccc(Cl)cc2)CCN(Cc2c[nH]c3ccccc23)CC1,1
OC1(c2ccc(F)cc2)CCN(Cc2c[nH]c3ccccc23)CC1,1
OC1(c2cccc(Cl)c2)CCN(Cc2c[nH]c3ccccc23)CC1,1
CCCCCCOc1ccc(C2(O)CCN(Cc3c[nH]c4ccccc34)CC2)cc1,1
C=CCOC1(c2ccc(Cl)cc2)CCN(Cc2c[nH]c3ccccc23)CC1,1
COc1ccc(C2(O)CCN(Cc3c[nH]c4ccccc34)CC2)cc1,1
NC1(c2ccc(Cl)cc2)CCN(Cc2c[nH]c3ccccc23)CC1,1
CCCCCCn1cc(CN2CCC(O)(c3ccc(Cl)cc3)CC2)c2ccccc21,1
N#CC1(c2ccc(Cl)cc2)CCN(Cc2c[nH]c3ccccc23)CC1,1
OC1(c2ccccc2Cl)CCN(Cc2c[nH]c3ccccc23)CC1,1
CC1(c2ccc(Cl)cc2)CCN(Cc2c[nH]c3ccccc23)CC1,1
CN1CCN(C2=Nc3cc(Cl)ccc3N(NC(=O)c3ccccc3I)c3ccc(Cl)cc32)CC1,1
CN1CCN(C2=Nc3cc(Cl)ccc3N(NC(=O)c3cc(F)ccc3C(F)(F)F)c3ccc(Cl)cc32)CC1,1
CN1CCN(C2=Nc3cc(Cl)ccc3N(NC(=O)c3c(N)cccc3C(F)(F)F)c3ccccc32)CC1,1
COc1cccc(OC)c1C(=O)NN1c2ccc(Cl)cc2N=C(N2CCN(C)CC2)c2cc(Cl)ccc21,1
COc1cccc(C(=O)NN2c3ccc(Cl)cc3N=C(N3CCN(C)CC3)c3cc(Cl)ccc32)c1,1
CN1CCN(C2=Nc3cc(Cl)ccc3N(NC(=O)c3cccc(C#N)c3)c3ccc(Cl)cc32)CC1,1
Cc1ccccc1C(=O)NN1c2ccc(Cl)cc2N=C(N2CCN(C)CC2)c2cc(Cl)ccc21,1
CN1CCN(C2=Nc3cc(Cl)ccc3N(NC(=O)c3ccccc3Cl)c3ccccc32)CC1,1
CN1CCN(C2=Nc3cc(Cl)ccc3N(NC(=O)c3cccc(Cl)c3)c3ccccc32)CC1,1
CN1CCN(C2=Nc3cc(Cl)ccc3N(NC(=O)c3ccc(C#N)cc3)c3ccc(Cl)cc32)CC1,1
COc1cccc(OC)c1C(=O)NN1c2ccccc2N=C(N2CCN(C)CC2)c2cc(Cl)ccc21,1
CN1CCN(C2=Nc3ccccc3N(NC(=O)c3ccccc3I)c3ccc(Cl)cc32)CC1,1
CN1CCN(C2=Nc3cc(Cl)ccc3N(NC(=O)c3c(Cl)cccc3Cl)c3ccccc32)CC1,1
COc1cc(C(=O)NN2c3ccc(Cl)cc3N=C(N3CCN(C)CC3)c3cc(Cl)ccc32)cc(OC)c1OC,1
CN1CCN(C2=Nc3cc(Cl)ccc3N(NC(=O)c3cc(F)c(F)c(F)c3F)c3ccc(Cl)cc32)CC1,1
Cc1cccc(C)c1C(=O)NN1c2ccc(Cl)cc2N=C(N2CCN(C)CC2)c2ccccc21,1
COc1cccc(OC)c1C(=O)NN1c2ccc(Cl)cc2N=C(N2CCN(C)CC2)c2ccccc21,1
CN1CCN(C2=Nc3cc(Cl)ccc3N(NC(=O)c3cccc(I)c3)c3ccccc32)CC1,1
CN1CCN(C2=Nc3cc(Cl)ccc3N(NC(=O)c3ccccc3F)c3ccccc32)CC1,1
CN1CCN(C2=Nc3cc(Cl)ccc3N(NC(=O)c3c(F)cccc3C(F)(F)F)c3ccccc32)CC1,1
CN1CCN(C2=Nc3cc(Cl)ccc3N(NC(=O)c3c(Cl)cc(Cl)cc3Cl)c3ccccc32)CC1,1
CCCN1CCN(C2=Nc3cc(Cl)ccc3N(NC(=O)c3ccccc3Cl)c3ccccc32)CC1,1
CN1CCN(C2=Nc3ccccc3N(NC(=O)c3cc(F)ccc3C(F)(F)F)c3ccc(Cl)cc32)CC1,1
CN1CCN(C2=Nc3cc(Cl)ccc3N(NC(=O)c3c(N)cccc3Cl)c3ccccc32)CC1,1
Cc1cccc(C(=O)NN2c3ccc(Cl)cc3N=C(N3CCN(C)CC3)c3ccccc32)c1,1
CN1CCN(C2=Nc3cc(Cl)ccc3N(NC(=O)c3cccc(F)c3F)c3ccccc32)CC1,1
CN1CCN(C2=Nc3cc(Cl)ccc3N(NC(=O)c3cc(Cl)cc(Cl)c3)c3ccccc32)CC1,1
CCN1CCN(C2=Nc3cc(Cl)ccc3N(NC(=O)c3ccccc3Cl)c3ccccc32)CC1,1
CN1CCN(C2=Nc3ccccc3N(NC(=O)c3cc(F)c(F)c(F)c3F)c3ccc(Cl)cc32)CC1,1
CN1CCN(C2=Nc3cc(Cl)ccc3N(NC(=O)c3ccccc3Br)c3ccccc32)CC1,1
CN1CCN(C2=Nc3cc(Cl)ccc3N(NC(=O)c3cccc(F)c3)c3ccccc32)CC1,1
CC(C)N1CCN(C2=Nc3cc(Cl)ccc3N(NC(=O)c3ccccc3Cl)c3ccccc32)CC1,1
CCc1cccc(N2CCN(CCCCNC(=O)c3cc4ccccc4[nH]3)CC2)c1Cl,1
CCc1cccc(N2CCN(CCC(O)CNC(=O)c3cc4ccccc4[nH]3)CC2)c1Cl,1
COc1ccccc1N1CCN(CCCCNC(=O)c2cc3cc(O)ccc3[nH]2)CC1,1
COc1ccccc1N1CCN(CCCCNC(=O)c2cc3cc(OCCOCCF)ccc3[nH]2)CC1,1
COc1ccccc1N1CCN(CCCCNC(=O)c2cc3cc(OCCF)ccc3[nH]2)CC1,1
CCc1cc(Cl)c(OC)c(N2CCN(CCCCNC(=O)c3cc4ccccc4[nH]3)CC2)c1,1
O=C(NCCCCN1CCN(c2cccc(Cl)c2Cl)CC1)c1cc2cc(F)ccc2[nH]1,1
COc1ccccc1N1CCN(CCCCNC(=O)c2cc3ccccc3[nH]2)CC1,1
COc1ccccc1N1CCN(CCCCNC(=O)c2cc3cc(OCCOCCOCCF)ccc3[nH]2)CC1,1
O=C(NCCCCN1CCN(c2cccc(C(F)(F)F)c2)CC1)c1cc2ccccc2[nH]1,1
COc1c(Cl)cccc1N1CCN(CCCCNC(=O)c2cc3ccccc3[nH]2)CC1,1
CCc1cccc(N2CCN(C[C@H](O)CCNC(=O)c3cc4ccccc4[nH]3)CC2)c1Cl,1
CCc1cccc(N2CCN(C[C@H](F)CCNC(=O)c3cc4ccccc4[nH]3)CC2)c1Cl,1
O=C(NCCCCN1CCN(c2cccc(Cl)c2Cl)CC1)c1cc2ccccc2[nH]1,1
COc1ccccc1N1CCN(CCCCNC(=O)c2cc3cc(Br)ccc3[nH]2)CC1,1
CCc1cccc(N2CCN(CC(O)CCNC(=O)c3cc4ccccc4[nH]3)CC2)c1Cl,1
CCc1cccc(N2CCN(CC(F)CCNC(=O)c3cc4ccccc4[nH]3)CC2)c1Cl,1
COc1ccccc1N1CCN(CCCCNC(=O)c2cc3cc(C#N)ccc3[nH]2)CC1,1
COc1ccccc1N1CCN(CCCCNC(=O)c2cc3ccc(C#N)cc3[nH]2)CC1,1
CCc1cccc(N2CCN(C[C@@H](O)CCNC(=O)c3cc4ccccc4[nH]3)CC2)c1Cl,1
COc1ccc2[nH]c(C(=O)NCCC(O)CN3CCN(c4cccc(Cl)c4Cl)CC3)cc2c1,1
COc1cccc(N2CCN(CCCCNC(=O)c3cc4ccccc4n3C)CC2)c1,1
COc1ccc2[nH]c(C(=O)NCCC(F)CN3CCN(c4cccc(Cl)c4Cl)CC3)cc2c1,1
O=C(NCC[C@@H](O)CN1CCN(c2cccc(Cl)c2Cl)CC1)c1cc2ccccc2[nH]1,1
COc1ccc2[nH]c(C(=O)NCCC(F)CN3CCN(c4ccccc4OC)CC3)cc2c1,1
O=C(NCCC(O)CN1CCN(c2cccc(Cl)c2Cl)CC1)c1cc2cc(F)ccc2[nH]1,1
N#Cc1ccc2cc(C(=O)NCCCCN3CCN(c4cccc(Cl)c4Cl)CC3)[nH]c2c1,1
COc1ccccc1N1CCN(CC(F)CCNC(=O)c2cc3ccccc3[nH]2)CC1,1
O=C(NCCC(F)CN1CCN(c2cccc(Cl)c2Cl)CC1)c1cc2ccccc2[nH]1,1
O=C(NCC[C@H](O)CN1CCN(c2cccc(Cl)c2Cl)CC1)c1cc2ccccc2[nH]1,1
O=C(NCCC(O)CN1CCN(c2cccc(Cl)c2Cl)CC1)c1cc2ccccc2[nH]1,1
CCc1cccc(N2CCN(C[C@@H](F)CCNC(=O)c3cc4ccccc4[nH]3)CC2)c1Cl,1
O=C(NC/C=C\CN1CCN(c2cccc(Cl)c2Cl)CC1)c1ccccc1,1
O=C(NC/C=C/CN1CCN(c2cccc(Cl)c2Cl)CC1)c1ccccc1,1
COc1ccccc1C(=O)NC/C=C/CN1CCN(c2cccc(Cl)c2Cl)CC1,1
O=C(NC/C=C/CN1CCN(c2cccc(Cl)c2Cl)CC1)c1ccc(F)cc1,1
O=C(NC/C=C/CN1CCN(c2cccc(Cl)c2Cl)CC1)c1ccccc1O,1
O=C(NC/C=C/CN1CCN(c2cccc(Cl)c2Cl)CC1)c1ccccc1[N+](=O)[O-],1
O=C(NC/C=C/CN1CCN(c2cccc(Cl)c2Cl)CC1)c1cccc(F)c1,1
O=C(NC/C=C/CN1CCN(c2cccc(Cl)c2Cl)CC1)c1ccccc1F,1
O=C(NC/C=C/CN1CCN(c2cccc(Cl)c2Cl)CC1)c1ccccc1Cl,1
O=C(NC/C=C/CN1CCN(c2cccc(Cl)c2Cl)CC1)c1ccccc1I,1
COc1ccccc1N1CCN(C/C=C/CNC(=O)c2cc(I)ccc2OCCF)CC1,1
COc1ccccc1N1CCN(C/C=C/CNC(=O)c2cc(Br)ccc2OCCF)CC1,1
O=C(NC/C=C/CN1CCN(c2cccc(Cl)c2Cl)CC1)c1ccc(O)cc1,1
O=C(NC/C=C/CN1CCN(c2cccc(Cl)c2Cl)CC1)c1cccc(Cl)c1,1
O=C(NC/C=C/CN1CCN(c2cccc(Cl)c2Cl)CC1)c1ccc(Cl)cc1,1
O=C(NC/C=C/CN1CCN(c2ccccc2OCCF)CC1)c1ccc(CCF)cc1,1
COc1ccccc1N1CCN(C/C=C/CNC(=O)c2cc(C)ccc2OCCF)CC1,1
Nc1ccccc1C(=O)NC/C=C/CN1CCN(c2cccc(Cl)c2Cl)CC1,1
O=C(NC/C=C/CN1CCN(c2cccc(Cl)c2Cl)CC1)c1ccc([N+](=O)[O-])cc1,1
O=C(NC/C=C/CN1CCN(c2cccc(Cl)c2Cl)CC1)c1cccc([N+](=O)[O-])c1,1
O=C(NC/C=C/CN1CCN(c2cccc(Cl)c2Cl)CC1)c1cccc(I)c1,1
Nc1cccc(C(=O)NC/C=C/CN2CCN(c3cccc(Cl)c3Cl)CC2)c1,1
COc1ccc(C(=O)NC/C=C/CN2CCN(c3cccc(Cl)c3Cl)CC2)cc1,1
CN(C)c1ccc(C(=O)NC/C=C/CN2CCN(c3ccccc3OCCF)CC2)cc1,1
O=C(NC/C=C/CN1CCN(c2cccc(Cl)c2Cl)CC1)c1ccc(I)cc1,1
O=C(NC/C=C/CN1CCN(c2ccccc2OCCF)CC1)c1ccc(OCCF)cc1,1
COc1cccc(C(=O)NC/C=C/CN2CCN(c3cccc(Cl)c3Cl)CC2)c1,1
COc1ccccc1N1CCN(C/C=C/CNC(=O)c2ccc(OCCF)cc2)CC1,1
COc1ccccc1N1CCN(C/C=C/CNC(=O)c2cc(Br)cc(OC)c2OCCF)CC1,1
COc1ccccc1N1CCN(C/C=C/CNC(=O)c2ccc(OCCOCCF)cc2)CC1,1
O=C(NC/C=C/CN1CCN(c2ccccc2OCCF)CC1)c1ccc(OCCOCCF)cc1,1
COc1ccccc1N1CCN(C/C=C/CNC(=O)c2ccc(CCF)cc2)CC1,1
CN(C)C(=O)N[C@H]1CC[C@H](CCN2CCC(c3cccc4c3CCO4)CC2)CC1,1
CC(C)=CC(=O)N[C@H]1CC[C@H](CCN2CCC(c3cccc4c3CCO4)CC2)CC1,1
CC#CC(=O)N[C@H]1CC[C@H](CCN2CCC(c3cccc4c3CCO4)CC2)CC1,1
N#CCC(=O)N[C@H]1CC[C@H](CCN2CCC(c3cccc4c3CCO4)CC2)CC1,1
O=CN[C@H]1CC[C@H](CCN2CCC(c3cccc4c3CCO4)CC2)CC1,1
CC(C)(O)CC(=O)N[C@H]1CC[C@H](CCN2CCC(c3cccc4c3CCO4)CC2)CC1,1
CCCC(=O)N[C@H]1CC[C@H](CCN2CCC(c3cccc4c3CCO4)CC2)CC1,1
CC(C)CC(=O)N[C@H]1CC[C@H](CCN2CCC(c3cccc4c3CCO4)CC2)CC1,1
O=C(C[C@@H](O)C(F)(F)F)N[C@H]1CC[C@H](CCN2CCC(c3cccc4c3CCO4)CC2)CC1,1
O=C(N[C@H]1CC[C@H](CCN2CCC(c3cccc4c3CCO4)CC2)CC1)C(O)C(F)(F)F,1
CN(C)S(=O)(=O)N[C@H]1CC[C@H](CCN2CCC(c3cccc4c3CCO4)CC2)CC1,1
O=C(CCC(F)(F)F)N[C@H]1CC[C@H](CCN2CCC(c3cccc4c3CCO4)CC2)CC1,1
CC(C)C(=O)N[C@H]1CC[C@H](CCN2CCC(c3cccc4c3CCO4)CC2)CC1,1
O=C(N[C@H]1CC[C@H](CCN2CCC(c3cccc4c3CCO4)CC2)CC1)C(F)(F)F,1
CC(=O)N[C@H]1CC[C@H](CCN2CCC(c3cccc4c3CCO4)CC2)CC1,1
CS(=O)(=O)N[C@H]1CC[C@H](CCN2CCC(c3cccc4c3CCO4)CC2)CC1,1
CCS(=O)(=O)N[C@H]1CC[C@H](CCN2CCC(c3cccc4c3CCO4)CC2)CC1,1
O=C(CCO)N[C@H]1CC[C@H](CCN2CCC(c3cccc4c3CCO4)CC2)CC1,1
O=C(CC(F)(F)F)N[C@H]1CC[C@H](CCN2CCC(c3cccc4c3CCO4)CC2)CC1,1
CCC(=O)N[C@H]1CC[C@H](CCN2CCC(c3cccc4c3CCO4)CC2)CC1,1
CC[C@@H](O)CC(=O)N[C@H]1CC[C@H](CCN2CCC(c3cccc4c3CCO4)CC2)CC1,1
COC(CC(=O)N[C@H]1CC[C@H](CCN2CCC(c3cccc4c3CCO4)CC2)CC1)OC,1
CC(C)(C)C(=O)N[C@H]1CC[C@H](CCN2CCC(c3cccc4c3CCO4)CC2)CC1,1
CC(C)(C)CC(=O)N[C@H]1CC[C@H](CCN2CCC(c3cccc4c3CCO4)CC2)CC1,1
CCCCC(=O)N[C@H]1CC[C@H](CCN2CCC(c3cccc4c3CCO4)CC2)CC1,1
CS(=O)(=O)CC(=O)N[C@H]1CC[C@H](CCN2CCC(c3cccc4c3CCO4)CC2)CC1,1
C/C=C/CC(=O)N[C@H]1CC[C@H](CCN2CCC(c3cccc4c3CCO4)CC2)CC1,1
CC(C)(O)C(=O)N[C@H]1CC[C@H](CCN2CCC(c3cccc4c3CCO4)CC2)CC1,1
COCCC(=O)N[C@H]1CC[C@H](CCN2CCC(c3cccc4c3CCO4)CC2)CC1,1
O=C(CO)N[C@H]1CC[C@H](CCN2CCC(c3cccc4c3CCO4)CC2)CC1,1
COCC(=O)N[C@H]1CC[C@H](CCN2CCC(c3cccc4c3CCO4)CC2)CC1,1
CN(C)C(=O)N[C@H]1CC[C@H](CCN2CCN(c3cccc4c3OCO4)CC2)CC1,1
CC(=O)N[C@H]1CC[C@H](CCN2CCN(c3cccc4c3OCO4)CC2)CC1,1
COC(=O)N[C@H]1CC[C@H](CCN2CCN(c3cccc4c3OCO4)CC2)CC1,1
CC(C)[C@H](O)C(=O)N[C@H]1CC[C@H](CCN2CCN(c3cccc4c3OCO4)CC2)CC1,1
O=S(=O)(CC(F)(F)F)N[C@H]1CC[C@H](CCN2CCN(c3cccc4c3OCO4)CC2)CC1,1
CCC(=O)N[C@H]1CC[C@H](CCN2CCN(c3cccc4c3OCO4)CC2)CC1,1
N#CCC(=O)N[C@H]1CC[C@H](CCN2CCN(c3cccc4c3OCO4)CC2)CC1,1
CC(C)(O)CC(=O)N[C@H]1CC[C@H](CCN2CCN(c3cccc4c3OCO4)CC2)CC1,1
CO[C@@H](C(=O)N[C@H]1CC[C@H](CCN2CCN(c3cccc4c3OCO4)CC2)CC1)C(C)C,1
C[C@@H](O)C(=O)N[C@H]1CC[C@H](CCN2CCN(c3cccc4c3OCO4)CC2)CC1,1
CC(C)[C@@H](O)C(=O)N[C@H]1CC[C@H](CCN2CCN(c3cccc4c3OCO4)CC2)CC1,1
O=C(CC(F)(F)F)N[C@H]1CC[C@H](CCN2CCN(c3cccc4c3OCO4)CC2)CC1,1
CS(=O)(=O)CC(=O)N[C@H]1CC[C@H](CCN2CCN(c3cccc4c3OCO4)CC2)CC1,1
CO[C@H](C(=O)N[C@H]1CC[C@H](CCN2CCN(c3cccc4c3OCO4)CC2)CC1)C(C)C,1
O=C(N[C@H]1CC[C@H](CCN2CCN(c3cccc4c3OCO4)CC2)CC1)C(F)(F)F,1
COC(C)(C)C(=O)N[C@H]1CC[C@H](CCN2CCN(c3cccc4c3OCO4)CC2)CC1,1
CCC(O)C(=O)N[C@H]1CC[C@H](CCN2CCN(c3cccc4c3OCO4)CC2)CC1,1
O=C(CF)N[C@H]1CC[C@H](CCN2CCN(c3cccc4c3OCO4)CC2)CC1,1
CN(C)S(=O)(=O)N[C@H]1CC[C@H](CCN2CCN(c3cccc4c3OCO4)CC2)CC1,1
CC(C)CC(=O)N[C@H]1CC[C@H](CCN2CCN(c3cccc4c3OCO4)CC2)CC1,1
CC(C)C(=O)N[C@H]1CC[C@H](CCN2CCN(c3cccc4c3OCO4)CC2)CC1,1
CCCC(=O)N[C@H]1CC[C@H](CCN2CCN(c3cccc4c3OCO4)CC2)CC1,1
CS(=O)(=O)N[C@H]1CC[C@H](CCN2CCN(c3cccc4c3OCO4)CC2)CC1,1
CO[C@@H](C)C(=O)N[C@H]1CC[C@H](CCN2CCN(c3cccc4c3OCO4)CC2)CC1,1
COCCC(=O)N[C@H]1CC[C@H](CCN2CCN(c3cccc4c3OCO4)CC2)CC1,1
CC(C)(O)C(=O)N[C@H]1CC[C@H](CCN2CCN(c3cccc4c3OCO4)CC2)CC1,1
COC(C)CC(=O)N[C@H]1CC[C@H](CCN2CCN(c3cccc4c3OCO4)CC2)CC1,1
O=C(CO)N[C@H]1CC[C@H](CCN2CCN(c3cccc4c3OCO4)CC2)CC1,1
COCC(=O)N[C@H]1CC[C@H](CCN2CCN(c3cccc4c3OCO4)CC2)CC1,1
CO[C@H](C)C(=O)N[C@H]1CC[C@H](CCN2CCN(c3cccc4c3OCO4)CC2)CC1,1
Cn1c(SCCCN2CC3CCN(c4ccccc4OC(F)(F)F)C3C2)nnc1-c1cnccn1,1
Cn1c(SCCCN2CC3CCN(c4cccc(C(F)(F)F)c4)C3C2)nnc1-c1cnccn1,1
Cn1c(SCCCN2CC3CCN(c4cccc(C#N)c4)C3C2)nnc1-c1cnccn1,1
Cn1c(SCCCN2CC3CCN(c4cccc(OC(F)(F)F)c4)C3C2)nnc1-c1cnccn1,1
Cn1c(SCCCN2CC3CCN(c4ccc(F)cc4)C3C2)nnc1-c1cnccn1,1
Cn1c(SCCCN2CC3CCN(c4cccc(F)c4)C3C2)nnc1-c1cnccn1,1
Cn1c(SCCCN2C[C@H]3CCN(c4ccc(C(F)(F)F)cc4)[C@H]3C2)nnc1-c1cnccn1,1
Cn1c(SCCCN2C[C@@H]3CCN(c4ccc(C(F)(F)F)cc4)[C@@H]3C2)nnc1-c1cnccn1,1
Cn1c(SCCCN2CC3CCN(c4ccc(C(F)(F)F)cc4)C3C2)nnc1-c1cnccn1,1
Cc1cccc(N2CCC3CN(CCCSc4nnc(-c5cnccn5)n4C)CC32)c1,1
Cn1c(SCCCN2CC3CCN(c4ccc(OC(F)(F)F)cc4)C3C2)nnc1-c1cnccn1,1
Cn1c(SCCCN2CC3CCN(c4ccccc4C#N)C3C2)nnc1-c1cnccn1,1
Cn1c(SCCCN2C[C@@H]3CCN(c4ccccc4C(F)(F)F)[C@@H]3C2)nnc1-c1cnccn1,1
Cn1c(SCCCN2CC3CCN(c4ccc(F)cc4F)C3C2)nnc1-c1cnccn1,1
Cn1c(SCCCN2CC3CCN(c4ccccc4F)C3C2)nnc1-c1cnccn1,1
CC(C)Oc1ccccc1N1CCC2CN(CCCSc3nnc(-c4cnccn4)n3C)CC21,1
Cn1c(SCCCN2CC3CCN(c4ccccc4C(F)(F)F)C3C2)nnc1-c1cnccn1,1
CC(C)Oc1ccccc1N1CC[C@@H]2CN(CCCSc3nnc(-c4cnccn4)n3C)C[C@@H]21,1
Cn1c(SCCCN2C[C@H]3CCN(c4ccc(F)cc4F)[C@H]3C2)nnc1-c1cnccn1,1
COc1ccccc1N1CCC2CN(CCCSc3nnc(-c4cnccn4)n3C)CC21,1
Cn1c(SCCCN2CC3CCN(c4c(F)cccc4C(F)(F)F)C3C2)nnc1-c1cnccn1,1
COc1cccc(N2CCC3CN(CCCSc4nnc(-c5cnccn5)n4C)CC32)c1,1
COc1cc(N2CC[C@@H]3CN(CCCSc4nnc(-c5cnccn5)n4C)C[C@@H]32)ccc1F,1
COc1cc(N2CCC3CN(CCCSc4nnc(-c5cnccn5)n4C)CC32)ccc1F,1
COc1cc(N2CC[C@H]3CN(CCCSc4nnc(-c5cnccn5)n4C)C[C@H]32)ccc1F,1
Cn1c(SCCCN2CC3CCN(c4c(F)cc(F)cc4F)C3C2)nnc1-c1cnccn1,1
Cc1ccc(N2CCC3CN(CCCSc4nnc(-c5cnccn5)n4C)CC32)cc1,1
Cn1c(SCCCN2CC3CCN(c4c(F)cccc4F)C3C2)nnc1-c1cnccn1,1
Cn1c(SCCCN2C[C@H]3CCN(c4ccccc4C(F)(F)F)[C@H]3C2)nnc1-c1cnccn1,1
Cn1c(SCCCN2C[C@@H]3CCN(c4ccc(F)cc4F)[C@@H]3C2)nnc1-c1cnccn1,1
COc1cc2c(cc1O)[C@@H]1Cc3ccc(O)c(OC)c3CN1CC2,1
COCCOc1c(O)ccc2c1CN1CCc3cc(OC)c(O)cc3[C@@H]1C2,1
CCCCCOc1c(O)ccc2c1CN1CCc3cc(OC)c(O)cc3[C@@H]1C2,1
CCCOc1c(O)ccc2c1CN1CCc3cc(OC)c(O)cc3[C@@H]1C2,1
COc1cc2c(cc1O)[C@@H]1Cc3ccc(OC)c(OC)c3CN1CC2,1
COc1cc2c(cc1O)CCN1Cc3c(ccc(OC)c3OC)C[C@@H]21,1
CCCOc1c(O)cc(Br)c2c1CN1CCc3cc(OC)c(O)cc3[C@@H]1C2,1
CCCOc1ccc2c(c1OC)CN1CCc3cc(OC)c(O)cc3C1C2,1
COc1cc2c(cc1O)C1Cc3ccc(OC)c(OC)c3CN1CC2,1
CCC(C)Oc1c(O)ccc2c1CN1CCc3cc(OC)c(O)cc3[C@@H]1C2,1
COc1cc2c(cc1O)[C@H]1Cc3ccc(OC)c(OC)c3CN1CC2,1
CCCCOc1c(O)cc(Br)c2c1CN1CCc3cc(OC)c(O)cc3[C@@H]1C2,1
COc1cc2c(cc1O)CCN1Cc3c(ccc(O)c3OC)C[C@@H]21,1
COc1cc2c(cc1O)C1Cc3ccc(O)c(OC)c3CN1CC2,1
CCCCOc1ccc2c(c1OC)CN1CCc3cc(OC)c(O)cc3C1C2,1
COc1cc2c(cc1O)[C@@H]1Cc3c(CO)c(OC)cc(OC)c3CN1CC2,1
CCOc1ccc2c(c1OC)CN1CCc3cc(OC)c(O)cc3C1C2,1
COc1cc2c(cc1O)[C@@H]1Cc3cc(C)cc(C)c3CN1CC2,1
COc1cc2c(cc1O)C1Cc3ccc(OCCCO)c(OC)c3CN1CC2,1
COc1cc2c(cc1O)[C@@H]1Cc3ccc(OC)c(O)c3CN1CC2,1
COc1cc2c(cc1OC)[C@@H]1Cc3cc(C)cc(C)c3CN1CC2,1
CCCCCOc1ccc2c(c1OC)CN1CCc3cc(OC)c(O)cc3C1C2,1
COc1cc2c(cc1OC)[C@@H]1Cc3ccc(O)c(OC)c3CN1CC2,1
COc1ccc2c(c1)CCN1Cc3ccccc3CC21,1
CCC(C)Oc1c(O)cc(Br)c2c1CN1CCc3cc(OC)c(O)cc3[C@@H]1C2,1
COc1cc2c(cc1OC)[C@@H]1Cc3c(OC)ccc(OC)c3CN1CC2,1
COc1ccc2c(c1)C[C@H]1c3cc(O)c(OC)cc3CCN1C2,1
CCCCCOc1c(O)cc(Br)c2c1CN1CCc3cc(OC)c(O)cc3[C@@H]1C2,1
Oc1ccc2c(c1)CCN1Cc3ccccc3CC21,1
CCCCCCOc1c(O)cc(Br)c2c1CN1CCc3cc(OC)c(O)cc3[C@@H]1C2,1
CN(C)C(=O)N[C@H]1CC[C@H](CCN2CCC(c3cccc4c3OCO4)CC2)CC1,1
COC(=O)N[C@H]1CC[C@H](CCN2CCC(c3cccc4c3OCO4)CC2)CC1,1
CS(=O)(=O)CC(=O)N[C@H]1CC[C@H](CCN2CCC(c3cccc4c3OCO4)CC2)CC1,1
N#CCC(=O)N[C@H]1CC[C@H](CCN2CCC(c3cccc4c3OCO4)CC2)CC1,1
CCC(=O)N[C@H]1CC[C@H](CCN2CCC(c3cccc4c3OCO4)CC2)CC1,1
O=C(N[C@H]1CC[C@H](CCN2CCC(c3cccc4c3OCO4)CC2)CC1)[C@H](O)C(F)(F)F,1
O=C(CC(F)(F)F)N[C@H]1CC[C@H](CCN2CCC(c3cccc4c3OCO4)CC2)CC1,1
CN(C)S(=O)(=O)N[C@H]1CC[C@H](CCN2CCC(c3cccc4c3OCO4)CC2)CC1,1
O=C(CF)N[C@H]1CC[C@H](CCN2CCC(c3cccc4c3OCO4)CC2)CC1,1
O=C(N[C@H]1CC[C@H](CCN2CCC(c3cccc4c3OCO4)CC2)CC1)C(O)C(F)(F)F,1
CC(C)CC(=O)N[C@H]1CC[C@H](CCN2CCC(c3cccc4c3OCO4)CC2)CC1,1
CC(=O)N[C@H]1CC[C@H](CCN2CCC(c3cccc4c3OCO4)CC2)CC1,1
C[C@@H](O)C(=O)N[C@H]1CC[C@H](CCN2CCC(c3cccc4c3OCO4)CC2)CC1,1
CCCC(=O)N[C@H]1CC[C@H](CCN2CCC(c3cccc4c3OCO4)CC2)CC1,1
CC(C)(O)CC(=O)N[C@H]1CC[C@H](CCN2CCC(c3cccc4c3OCO4)CC2)CC1,1
O=C(N[C@H]1CC[C@H](CCN2CCC(c3cccc4c3OCO4)CC2)CC1)[C@@H](O)C(F)(F)F,1
O=C(CO)N[C@H]1CC[C@H](CCN2CCC(c3cccc4c3OCO4)CC2)CC1,1
O=C(N[C@H]1CC[C@H](CCN2CCC(c3cccc4c3OCO4)CC2)CC1)C(F)(F)F,1
CCC(C)C(=O)N[C@H]1CC[C@H](CCN2CCC(c3cccc4c3OCO4)CC2)CC1,1
CCOCCC(=O)N[C@H]1CC[C@H](CCN2CCC(c3cccc4c3OCO4)CC2)CC1,1
CC(C)C(=O)N[C@H]1CC[C@H](CCN2CCC(c3cccc4c3OCO4)CC2)CC1,1
COC(C)CC(=O)N[C@H]1CC[C@H](CCN2CCC(c3cccc4c3OCO4)CC2)CC1,1
CC(C)(O)C(=O)N[C@H]1CC[C@H](CCN2CCC(c3cccc4c3OCO4)CC2)CC1,1
O=C(CCC(F)(F)F)N[C@H]1CC[C@H](CCN2CCC(c3cccc4c3OCO4)CC2)CC1,1
CS(=O)(=O)N[C@H]1CC[C@H](CCN2CCC(c3cccc4c3OCO4)CC2)CC1,1
COCCC(=O)N[C@H]1CC[C@H](CCN2CCC(c3cccc4c3OCO4)CC2)CC1,1
CO[C@@H](C)C(=O)N[C@H]1CC[C@H](CCN2CCC(c3cccc4c3OCO4)CC2)CC1,1
CO[C@H](C)C(=O)N[C@H]1CC[C@H](CCN2CCC(c3cccc4c3OCO4)CC2)CC1,1
COCC(=O)N[C@H]1CC[C@H](CCN2CCC(c3cccc4c3OCO4)CC2)CC1,1
Cc1ncoc1-c1nnc(SCCCN2CC[C@]3(C[C@@H]3c3ccc(C(F)(F)F)cc3F)C2)n1C,1
Cc1ncoc1-c1nnc(SCCCN2CC[C@@]3(C[C@H]3c3ccc(C(F)(F)F)cc3F)C2)n1C,1
Cc1ncoc1-c1nnc(SCCCN2CC[C@]3(C[C@@H]3c3ccc(F)cc3)C2)n1C,1
Cc1ncoc1-c1nnc(SCCCN2CC[C@@]3(C[C@H]3c3ccc(F)cc3)C2)n1C,1
Cc1ncoc1-c1nnc(SCCCN2CC[C@]3(C[C@@H]3c3cc(Cl)cc(Cl)c3)C2)n1C,1
Cc1ncoc1-c1nnc(SCCCN2CC[C@@]3(C[C@@H]3c3ccccc3C(F)(F)F)C2)n1C,1
Cc1ncoc1-c1nnc(SCCCN2CC[C@]3(C[C@H]3c3cc(Cl)cc(Cl)c3)C2)n1C,1
Cc1ncoc1-c1nnc(SCCCN2CC[C@@]3(C[C@H]3c3ccc(F)cc3F)C2)n1C,1
Cc1ncoc1-c1nnc(SCCCN2CC[C@]3(C[C@@H]3c3ccc(F)cc3F)C2)n1C,1
Cc1ncoc1-c1nnc(SCCCN2CC[C@]3(CC3c3ccc(C(F)(F)F)cc3F)C2)n1C,1
Cc1ncoc1-c1nnc(SCCCN2CC[C@]3(C[C@@H]3c3ccc(C(F)(F)F)cc3)C2)n1C,1
Cc1ncoc1-c1nnc(SCCCN2CC[C@@]3(C[C@H]3c3ccc(C(F)(F)F)cc3)C2)n1C,1
Cc1ncoc1-c1nnc(SCCCN2CC[C@]3(CC3c3ccc(F)cc3F)C2)n1C,1
Cc1ncoc1-c1nnc(SCCCN2CC[C@]3(CC3c3ccc(F)cc3)C2)n1C,1
Cc1ncoc1-c1nnc(SCCCN2CC[C@]3(C[C@H]3c3ccccc3C(F)(F)F)C2)n1C,1
Cc1ncoc1-c1nnc(SCCCN2CC[C@@]3(C[C@@H]3c3ccc(C(F)(F)F)cc3F)C2)n1C,1
Cc1ncoc1-c1nnc(SCCCN2CC[C@]3(C[C@H]3c3ccc(F)cc3C(F)(F)F)C2)n1C,1
Cc1ncoc1-c1nnc(SCCCN2CC[C@]3(C[C@H]3c3ccc(C(F)(F)F)cc3)C2)n1C,1
Cc1ncoc1-c1nnc(SCCCN2CC[C@]3(C[C@H]3c3ccc(C(F)(F)F)cc3F)C2)n1C,1
Cc1ncoc1-c1nnc(SCCCN2CC[C@]3(CC3c3ccc(C(F)(F)F)cc3)C2)n1C,1
Cc1ncoc1-c1nnc(SCCCN2CC[C@@]3(C[C@@H]3c3ccc(C(F)(F)F)cc3)C2)n1C,1
Cc1ncoc1-c1nnc(SCCCN2CC[C@]3(C[C@H]3c3ccccc3)C2)n1C,1
Cc1ncoc1-c1nnc(SCCCN2CC[C@]3(C[C@H]3c3ccc(F)cc3F)C2)n1C,1
Cc1ncoc1-c1nnc(SCCCN2CC[C@@]3(C[C@H]3c3ccccc3)C2)n1C,1
Cc1ncoc1-c1nnc(SCCCN2CC[C@]3(CC3c3ccccc3)C2)n1C,1
Cc1ncoc1-c1nnc(SCCCN2CC[C@@]3(C[C@@H]3c3ccccc3)C2)n1C,1
Cc1ncoc1-c1nnc(SCCCN2CC[C@@]3(C[C@@H]3c3ccc(F)cc3)C2)n1C,1
Cc1ncoc1-c1nnc(SCCCN2CC[C@@]3(C[C@@H]3c3ccc(F)cc3F)C2)n1C,1
Cc1ncoc1-c1nnc(SCCCN2CC[C@]3(C[C@H]3c3ccc(F)cc3)C2)n1C,1
Cc1ncoc1-c1nnc(SCCCN2CC3CC3(c3ccc(Cl)c(Cl)c3)C2)n1C,1
Cc1ncoc1-c1nnc(SCCCN2CC3CC3(c3cc(F)cc(C(F)(F)F)c3)C2)n1C,1
Cc1ncoc1-c1nnc(SCCCN2CC3CC3(c3cccc(OC(F)(F)F)c3)C2)n1C,1
Cc1ncoc1-c1nnc(SCCCN2CC3CC3(c3ccc(F)c(C(F)(F)F)c3)C2)n1C,1
Cc1ncoc1-c1nnc(SCCCN2CC3CC3(c3cccc(C(F)(F)F)c3)C2)n1C,1
Cc1ncoc1-c1nnc(SCCCN2CC3CC3(c3cccc(S(F)(F)(F)(F)F)c3)C2)n1C,1
Cc1ncoc1-c1nnc(SCCCN2CC3CC3(c3cccc(Cl)c3)C2)n1C,1
Cc1ncoc1-c1nnc(SCCCN2CC3CC3(c3cccc(C(F)(F)F)c3F)C2)n1C,1
Cc1ncoc1-c1nnc(SCCCN2C[C@@H]3C[C@]3(c3ccc(C(C)(C)C)cc3)C2)n1C,1
Cc1ncoc1-c1nnc(SCCCN2CC3CC3(c3ccc(C(C)(C)C)cc3)C2)n1C,1
Cc1ncoc1-c1nnc(SCCCN2CC3CC3(c3ccc(C(F)(F)F)c(F)c3)C2)n1C,1
COc1cccc(C23CC2CN(CCCSc2nnc(-c4ocnc4C)n2C)C3)c1,1
Cc1ncoc1-c1nnc(SCCCN2C[C@@H]3C[C@]3(c3ccc(C(F)(F)F)cc3)C2)n1C,1
Cc1ncoc1-c1nnc(SCCCN2CC3CC3(c3ccc(C(F)(F)F)cc3)C2)n1C,1
Cc1ncoc1-c1nnc(SCCCN2CC3CC3(c3ccc(Br)cc3)C2)n1C,1
COc1ccc(C23CC2CN(CCCSc2nnc(-c4ocnc4C)n2C)C3)cc1,1
Cc1ncoc1-c1nnc(SCCCN2CC3CC3(c3cccc(F)c3)C2)n1C,1
Cc1ncoc1-c1nnc(SCCCN2CC3CC3(c3ccc(OC(F)(F)F)cc3)C2)n1C,1
COc1ccc(C23CC2CN(CCCSc2nnc(-c4ocnc4C)n2C)C3)cc1C(F)(F)F,1
Cc1ncoc1-c1nnc(SCCCN2CC3CC3(c3ccc(S(F)(F)(F)(F)F)cc3)C2)n1C,1
Cc1ncoc1-c1nnc(SCCCN2CC3CC3(c3ccc(Cl)cc3)C2)n1C,1
Cc1ncoc1-c1nnc(SCCCN2CC3CC3(c3cc(C(F)(F)F)ccc3F)C2)n1C,1
Cc1ncoc1-c1nnc(SCCCN2CC3CC3(c3ccccc3)C2)n1C,1
Cc1ncoc1-c1nnc(SCCCN2CC3CC3(c3ccc(C(F)(F)F)cc3F)C2)n1C,1
Cc1ncoc1-c1nnc(SCCCN2CC3CC3(c3ccc(F)cc3)C2)n1C,1
Cc1ncoc1-c1nnc(SCCCN2CC3CC3(c3ccc(Cl)cc3F)C2)n1C,1
COc1ccc(C23CC2CN(CCCSc2nnc(-c4ocnc4C)n2C)C3)cc1Cl,1
Cc1ccc(C23CC2CN(CCCSc2nnc(-c4ocnc4C)n2C)C3)c(F)c1,1
CC(C)=CC(=O)N[C@H]1CC[C@H](CCN2CCN(c3nccc4c3CCO4)CC2)CC1,1
CN(C)C(=O)N[C@H]1CC[C@H](CCN2CCN(c3nccc4c3CCO4)CC2)CC1,1
CC#CC(=O)N[C@H]1CC[C@H](CCN2CCN(c3nccc4c3CCO4)CC2)CC1,1
CC(C)(C)CC(=O)N[C@H]1CC[C@H](CCN2CCN(c3nccc4c3CCO4)CC2)CC1,1
CC(C)(C)C(=O)N[C@H]1CC[C@H](CCN2CCN(c3nccc4c3CCO4)CC2)CC1,1
CC(C)CC(=O)N[C@H]1CC[C@H](CCN2CCN(c3nccc4c3CCO4)CC2)CC1,1
CO[C@H](C)C(=O)N[C@H]1CC[C@H](CCN2CCN(c3nccc4c3CCO4)CC2)CC1,1
O=C(CC(F)(F)F)N[C@H]1CC[C@H](CCN2CCN(c3nccc4c3CCO4)CC2)CC1,1
N#CCC(=O)N[C@H]1CC[C@H](CCN2CCN(c3nccc4c3CCO4)CC2)CC1,1
CC(C)C(=O)N[C@H]1CC[C@H](CCN2CCN(c3nccc4c3CCO4)CC2)CC1,1
CCC(C)C(=O)N[C@H]1CC[C@H](CCN2CCN(c3nccc4c3CCO4)CC2)CC1,1
O=C(C[C@@H](O)C(F)(F)F)N[C@H]1CC[C@H](CCN2CCN(c3nccc4c3CCO4)CC2)CC1,1
O=C(CCO)N[C@H]1CC[C@H](CCN2CCN(c3nccc4c3CCO4)CC2)CC1,1
CC(=O)N[C@H]1CC[C@H](CCN2CCN(c3nccc4c3CCO4)CC2)CC1,1
O=C(N[C@H]1CC[C@H](CCN2CCN(c3nccc4c3CCO4)CC2)CC1)C(F)(F)F,1
CN(C)S(=O)(=O)N[C@H]1CC[C@H](CCN2CCN(c3nccc4c3CCO4)CC2)CC1,1
CO[C@@H](C)C(=O)N[C@H]1CC[C@H](CCN2CCN(c3nccc4c3CCO4)CC2)CC1,1
COC(C)CC(=O)N[C@H]1CC[C@H](CCN2CCN(c3nccc4c3CCO4)CC2)CC1,1
CCC(=O)N[C@H]1CC[C@H](CCN2CCN(c3nccc4c3CCO4)CC2)CC1,1
CCCC(=O)N[C@H]1CC[C@H](CCN2CCN(c3nccc4c3CCO4)CC2)CC1,1
O=CN[C@H]1CC[C@H](CCN2CCN(c3nccc4c3CCO4)CC2)CC1,1
O=C(N[C@H]1CC[C@H](CCN2CCN(c3nccc4c3CCO4)CC2)CC1)C(O)C(F)(F)F,1
CC[C@@H](O)CC(=O)N[C@H]1CC[C@H](CCN2CCN(c3nccc4c3CCO4)CC2)CC1,1
CC[C@H](O)CC(=O)N[C@H]1CC[C@H](CCN2CCN(c3nccc4c3CCO4)CC2)CC1,1
CC(=O)N[C@H]1CC[C@H](CCN2CCN(c3nc(C)cc4c3CCO4)CC2)CC1,1
C/C=C/CC(=O)N[C@H]1CC[C@H](CCN2CCN(c3nccc4c3CCO4)CC2)CC1,1
CC(C)(O)CC(=O)N[C@H]1CC[C@H](CCN2CCN(c3nccc4c3CCO4)CC2)CC1,1
CO/N=C(/CCN1CCN(c2ccccn2)CC1)c1cccc(F)c1,1
CO/N=C(/CCN1CCN(c2ccccn2)CC1)c1ccc(Cl)c(C)c1,1
CO/N=C(\CCN1CCN(c2ccccn2)CC1)c1ccc(Cl)cc1,1
CO/N=C(\CCN1CCN(c2ccccn2)CC1)c1ccc(Cl)c(Cl)c1,1
CO/N=C(/CCN1CCN(c2ccccn2)CC1)c1cccc(C)c1,1
CO/N=C(\CCN1CCN(c2ccccn2)CC1)c1cccc(C)c1,1
CO/N=C(\CCN1CCN(c2ccccn2)CC1C)c1ccc(Cl)cc1,1
CO/N=C(\CCN1CCN(c2ccccn2)CC1)c1cccc(Cl)c1,1
CO/N=C(\CCN1CCN(c2ccccn2)CC1)c1cccc(F)c1,1
CO/N=C(\CCN1CCN(c2ccccn2)CC1)c1ccccc1C,1
CO/N=C(/CCN1CCN(c2ccccn2)CC1)c1cccc(C#N)c1,1
CCO/N=C(\CCN1CCN(c2ccccn2)CC1)c1ccccc1,1
CO/N=C(\CCN1CCN(c2ccccn2)CC1)c1cc(F)cc(F)c1,1
CO/N=C(\CCN1CCN(c2ccccn2)CC1)c1ccc(C)c(C)c1,1
N#CCO/N=C(\CCN1CCN(c2ccccn2)CC1)c1ccccc1,1
CO/N=C(/c1ccc(Cl)cc1)C(C)CN1CCN(c2ccccn2)CC1,1
CO/N=C(/c1ccc(Cl)cc1)C(CNOC)CN1CCN(c2ccccn2)CC1,1
CO/N=C(\CCN1CCN(c2ccccn2)CC1)c1ccc(F)cc1,1
CO/N=C(\CCN1CCN(c2ccccn2)CC1)c1ccc(F)c(Cl)c1,1
CO/N=C(\CCN1CCN(c2ccccn2)CC1)c1ccccc1,1
CO/N=C(/CCN1CCN(c2ccccn2)CC1)c1ccc(F)cc1,1
CO/N=C(/CCN1CCN(c2ccccn2)CC1)c1cc(F)cc(F)c1,1
O/N=C(\CCN1CCN(c2ccccn2)CC1)c1ccccc1,1
CO/N=C(/c1ccc(Cl)cc1)C(O)CN1CCN(c2ccccn2)CC1,1
CO/N=C(\c1ccc(Cl)cc1)C(O)CN1CCN(c2ccccn2)CC1,1
COc1ccccc1N1CCN(CCCNC(=O)NN(Cc2ccccc2)c2ccc(F)cc2)CC1,1
COc1ccc(N(Cc2ccccc2)NC(=O)NCCCN2CCN(c3ccccc3OC)CC2)cc1,1
COc1ccc(N(Cc2ccccc2F)NC(=O)NCCCN2CCN(c3ccccc3OC)CC2)cc1,1
COc1ccccc1N1CCN(CCCNC(=O)NN(Cc2ccccc2F)c2ccc(Br)cc2)CC1,1
COc1ccccc1N1CCN(CCCNC(=O)NN(Cc2ccccc2)c2ccc(Cl)cc2)CC1,1
COc1ccccc1N1CCN(CCCNC(=O)NN(Cc2ccccc2)c2ccc(Cl)cc2Cl)CC1,1
COc1ccccc1N1CCN(CCCNC(=O)NN(Cc2ccccc2F)c2ccc(Cl)cc2)CC1,1
COc1ccccc1N1CCN(CCCNC(=O)NN(Cc2ccc(F)cc2)c2ccc(F)cc2)CC1,1
COc1ccccc1N1CCN(CCCNC(=O)NN(Cc2ccccc2)c2ccc(Br)cc2)CC1,1
COc1ccc(N(Cc2cccc(F)c2)NC(=O)NCCCN2CCN(c3ccccc3OC)CC2)cc1,1
COc1ccccc1N1CCN(CCCNC(=O)NN(Cc2cccc(F)c2)c2ccc(F)cc2)CC1,1
COc1ccccc1N1CCN(CCCNC(=O)NN(Cc2ccccc2F)c2ccc(F)cc2)CC1,1
COc1cccc(CN(NC(=O)NCCCN2CCN(c3ccccc3OC)CC2)c2ccc(F)cc2)c1,1
COc1ccccc1N1CCN(CCCNC(=O)NN(Cc2ccccc2)c2ccccc2)CC1,1
COc1ccccc1N1CCN(CCCNC(=O)NN(Cc2ccc(C#N)cc2)c2ccc(Cl)cc2Cl)CC1,1
COc1ccc(N(Cc2cccc(OC)c2)NC(=O)NCCCN2CCN(c3ccccc3OC)CC2)cc1,1
COc1ccccc1N1CCN(CCCNC(=O)NN(Cc2ccc(F)cc2)c2ccccc2)CC1,1
COc1ccc(N(Cc2ccc(C#N)cc2)NC(=O)NCCCN2CCN(c3ccccc3OC)CC2)cc1,1
COc1ccc(N(Cc2ccc(F)cc2)NC(=O)NCCCN2CCN(c3ccccc3OC)CC2)cc1,1
COc1ccccc1N1CCN(CCCNC(=O)NN(Cc2ccc(C#N)cc2)c2ccc(F)cc2)CC1,1
O=C(NCCCN1CCN(c2ccc(Cl)cc2)CC1)NN(Cc1ccc(F)cc1)c1ccccc1,1
O=C(NCCCN1CCN(c2ccc(Cl)cc2)CC1)NN(Cc1ccccc1)c1ccccc1,1
O=C(NCCCN1CCN(c2ccc(Br)cc2)CC1)NN(Cc1ccccc1)c1ccccc1,1
O=C(NCCCN1CCN(c2ccc(Br)cc2)CC1)NN(Cc1ccc(F)cc1)c1ccccc1,1
O=C(NCCCN1CCN(c2ccc(I)cc2)CC1)NN(Cc1ccccc1)c1ccccc1,1
Cc1c(OCCCN2CCN(c3cccc4cc(F)ccc34)CC2)ccc2c1C(=O)NC2,1
O=C1NCc2cc(F)c(OCCCN3CCN(c4cccc5cc(F)ccc45)CC3)cc21,1
Cc1cc2c(cc1OCCCN1CCN(c3cccc4cc(F)ccc34)CC1)C(=O)NC2,1
O=C1NCc2ccc(OCCCN3CCN(c4cccc5cccc(F)c45)CC3)c(F)c21,1
O=C1NCc2cc(F)c(OCCCN3CCN(c4cccc5ccc(F)cc45)CC3)cc21,1
Cc1c(OCCCN2CCN(c3cccc4ccccc34)CC2)ccc2c1C(=O)NC2,1
O=C1NCc2ccc(OCCCN3CCN(c4cccc5cc(F)ccc45)CC3)c(F)c21,1
O=C1NCc2cc(F)c(OCCCN3CCN(c4cccc5ccccc45)CC3)cc21,1
O=C1NCc2ccc(OCCCN3CCN(c4cccc5cccc(F)c45)CC3)c(Cl)c21,1
O=C1NCc2cc(F)c(OCCCN3CCN(c4cccc5cccc(F)c45)CC3)cc21,1
O=C1NCc2ccc(OCCCN3CCN(c4cccc5cc(F)c(F)cc45)CC3)cc21,1
O=C1NCc2ccc(OCCCN3CCN(c4cccc5ccc(F)cc45)CC3)c(F)c21,1
O=C1NCc2ccc(OCCCN3CCN(c4cccc5ccccc45)CC3)c(Cl)c21,1
O=C1NCc2ccc(OCCCN3CCN(c4cccc5cccc(F)c45)CC3)cc21,1
Cc1c(OCCCN2CCN(c3cccc4cccc(F)c34)CC2)ccc2c1C(=O)NC2,1
O=C1NCc2ccc(OCCCN3CCN(c4cccc5ccccc45)CC3)c(F)c21,1
O=C1NCc2ccc(OCCCN3CCN(c4cccc5ccccc45)CC3)cc21,1
Cc1cc2c(cc1OCCCN1CCN(c3cccc4cccc(F)c34)CC1)C(=O)NC2,1
Cc1cc2c(cc1OCCCN1CCN(c3cccc4ccccc34)CC1)C(=O)NC2,1
O=C1NCc2cc(Cl)c(OCCCN3CCN(c4cccc5cccc(F)c45)CC3)cc21,1
O=C1NCc2ccc(OCCCN3CCN(c4cccc5ccc(F)cc45)CC3)cc21,1
O=C1NCc2ccc(OCCCN3CCN(c4cccc5cc(F)ccc45)CC3)cc21,1
O=C1NCc2cc(Cl)c(OCCCN3CCN(c4cccc5ccccc45)CC3)cc21,1
O=S(=O)(N[C@H]1CC[C@H](N2CCC(c3ccccc3OCC(F)(F)F)CC2)CC1)c1cc(Cl)ccc1F,1
COc1ccc(S(=O)(=O)N[C@H]2CC[C@H](N3CCC(c4ccccc4OC(C)C)CC3)CC2)cc1OC,1
COc1ccc(Cl)cc1S(=O)(=O)N[C@H]1CC[C@@H](N2CCC(c3ccccc3OCC(F)(F)F)CC2)CC1,1
O=S(=O)(N[C@H]1CC[C@@H](N2CCC(c3ccccc3OCC(F)(F)F)CC2)CC1)c1cc(Cl)ccc1F,1
CC(C)Oc1ccccc1C1CCN([C@H]2CC[C@H](NS(=O)(=O)c3ccc(F)c(F)c3)CC2)CC1,1
CC(C)Oc1ccccc1C1CCN([C@H]2CC[C@@H](NS(=O)(=O)c3ccc(F)c(F)c3)CC2)CC1,1
COc1ccc(Cl)cc1S(=O)(=O)N[C@H]1CC[C@H](N2CCC(c3ccccc3OCC(F)(F)F)CC2)CC1,1
COc1ccc(S(=O)(=O)N[C@H]2CC[C@H](N3CCC(c4ccccc4OCC(F)(F)F)CC3)CC2)cc1OC,1
O=S(=O)(N[C@H]1CC[C@@H](N2CCC(c3ccccc3OCC(F)(F)F)CC2)CC1)c1cccc(OC(F)F)c1,1
COc1ccc(S(=O)(=O)N[C@H]2CC[C@H](N3CCC(c4ccccc4OCC(F)F)CC3)CC2)cc1OC,1
COc1ccc(S(=O)(=O)N[C@H]2CC[C@H](N3CCC(c4cc(F)ccc4OC(C)C)CC3)CC2)cc1OC,1
COc1ccc(S(=O)(=O)N[C@H]2CC[C@H](N3CCC(c4ccc(F)cc4OC(C)C)CC3)CC2)cc1OC,1
O=S(=O)(N[C@H]1CC[C@H](N2CCC(c3ccccc3OCC(F)(F)F)CC2)CC1)c1ccc(OC(F)F)cc1,1
COc1ccc(S(=O)(=O)N[C@H]2CC[C@@H](N3CCC(c4ccc(F)cc4OC(C)C)CC3)CC2)cc1OC,1
COc1ccc(S(=O)(=O)N[C@H]2CC[C@@H](N3CCC(c4ccccc4OCC(F)(F)F)CC3)CC2)cc1OC,1
O=S(=O)(N[C@H]1CC[C@H](N2CCC(c3ccccc3OCC(F)(F)F)CC2)CC1)c1cccc(OC(F)F)c1,1
COc1ccc(S(=O)(=O)N[C@H]2CC[C@@H](N3CCC(c4ccccc4OC(C)C)CC3)CC2)cc1OC,1
O=S(=O)(N[C@H]1CC[C@@H](N2CCC(c3ccccc3OCC(F)(F)F)CC2)CC1)c1ccc(OC(F)F)cc1,1
COc1ccc(S(=O)(=O)N[C@H]2CC[C@@H](N3CCC(c4cc(F)ccc4OC(C)C)CC3)CC2)cc1OC,1
COc1ccc(S(=O)(=O)N[C@H]2CC[C@@H](N3CCC(c4ccccc4OCCF)CC3)CC2)cc1OC,1
COc1ccc(S(=O)(=O)N[C@H]2CC[C@@H](N3CCC(c4ccccc4OCC(F)F)CC3)CC2)cc1OC,1
COc1ccc(S(=O)(=O)N[C@H]2CC[C@H](N3CCC(c4ccccc4OCCF)CC3)CC2)cc1OC,1
CCc1ccc2c(c1)C(C1=C[C@H](C)N(C)CC1)=Nc1cc(Cl)ccc1N2,1
CCOc1ccc2c(c1)C(C1=C[C@H](C)N(C)CC1)=Nc1cc(Cl)ccc1N2,1
Cc1ccc2c(c1)C(C1=C[C@H](C)N(C)CC1)=Nc1cc(Cl)ccc1N2,1
COc1ccc2c(c1)C(C1=C[C@H](C)N(C)CC1)=Nc1cc(Cl)ccc1N2,1
Cc1ccc2c(c1)N=C(C1=C[C@H](C)N(C)CC1)c1cc(Cl)ccc1N2,1
C[C@H]1C=C(C2=Nc3cc(Cl)ccc3Nc3ccc(Cl)cc32)CCN1C,1
CN1CC=C(C2=Nc3cc(F)ccc3Nc3ccc(Cl)cc32)CC1,1
C[C@H]1C=C(C2=Nc3cc(Cl)ccc3Nc3ccc(OC(F)(F)F)cc32)CCN1C,1
C[C@H]1C=C(C2=Nc3ccccc3Nc3ccc(Cl)cc32)CCN1C,1
C[C@H]1C=C(C2=Nc3cc(Cl)ccc3Nc3ccc(F)cc32)CCN1C,1
C[C@H]1C=C(C2=Nc3cc(Cl)ccc3Nc3ccc(C#N)cc32)CCN1C,1
CCc1ccc2c(c1)C(C1=C[C@H](C)N(C)CC1)=Nc1ccccc1N2,1
CCc1ccc2c(c1)C(C1=CCN(C)CC1)=Nc1cc(C)ccc1N2,1
COc1ccc2c(c1)C(C1=CCN(C)CC1)=Nc1cc(C)ccc1N2,1
CCN1CC=C(C2=Nc3cc(Cl)ccc3Nc3ccc(F)cc32)CC1,1
CN1CC=C(C2=Nc3cc(Cl)ccc3Nc3ccc(F)cc32)CC1,1
Cc1ccc2c(c1)N=C(C1=CCN(C)CC1)c1cc(F)ccc1N2,1
Cc1ccc2c(c1)N=C(C1=C[C@H](C)N(C)CC1)c1cc(F)ccc1N2,1
C[C@H]1C=C(C2=Nc3cc(Cl)ccc3Nc3ccccc32)CCN1C,1
Cc1ccc2c(c1)N=C(C1=CCN(C)CC1)c1cc(C)ccc1N2,1
Cc1ccc2c(c1)C(C1=C[C@H](C)N(C)CC1)=Nc1ccccc1N2,1
Cc1ccc2c(c1)N=C(C1=CCNCC1)c1cc(F)ccc1N2,1
Cc1cc2c(cc1OCCCCN1CCN(c3cccc4cc(F)ccc34)CC1)C(=O)NC2,1
O=C1NCc2cc(F)c(OCCCCN3CCN(c4cccc5ccccc45)CC3)cc21,1
O=C1NCc2cc(F)c(OCCCCN3CCN(c4cccc5cc(F)ccc45)CC3)cc21,1
O=C1NCc2cc(F)c(OCCCCN3CCN(c4cccc5cccc(F)c45)CC3)cc21,1
Cc1cc2c(cc1OCCCCN1CCN(c3cccc4cccc(F)c34)CC1)C(=O)NC2,1
Cc1cc2c(cc1OCCCCN1CCN(c3cccc4ccccc34)CC1)C(=O)NC2,1
Cc1c(OCCCCN2CCN(c3cccc4cccc(F)c34)CC2)ccc2c1C(=O)NC2,1
O=C1NCc2ccc(OCCCCN3CCN(c4cccc5cccc(F)c45)CC3)cc21,1
O=C1NCc2ccc(OCCCCN3CCN(c4cccc5ccc(F)cc45)CC3)c(F)c21,1
O=C1NCc2cc(Cl)c(OCCCCN3CCN(c4cccc5cccc(F)c45)CC3)cc21,1
O=C1NCc2ccc(OCCCCN3CCN(c4cccc5ccccc45)CC3)cc21,1
O=C1NCc2ccc(OCCCCN3CCN(c4cccc5cc(F)c(F)cc45)CC3)cc21,1
O=C1NCc2cc(Cl)c(OCCCCN3CCN(c4cccc5ccccc45)CC3)cc21,1
Cc1c(OCCCCN2CCN(c3cccc4cc(F)ccc34)CC2)ccc2c1C(=O)NC2,1
O=C1NCc2ccc(OCCCCN3CCN(c4cccc5cccc(F)c45)CC3)c(Cl)c21,1
O=C1NCc2cc(F)c(OCCCCN3CCN(c4cccc5ccc(F)cc45)CC3)cc21,1
Cc1c(OCCCCN2CCN(c3cccc4ccccc34)CC2)ccc2c1C(=O)NC2,1
O=C1NCc2ccc(OCCCCN3CCN(c4cccc5cc(F)ccc45)CC3)c(F)c21,1
O=C1NCc2ccc(OCCCCN3CCN(c4cccc5ccccc45)CC3)c(F)c21,1
O=C1NCc2ccc(OCCCCN3CCN(c4cccc5ccc(F)cc45)CC3)cc21,1
O=C1NCc2ccc(OCCCCN3CCN(c4cccc5cccc(F)c45)CC3)c(F)c21,1
O=C1NCc2ccc(OCCCCN3CCN(c4cccc5cc(F)ccc45)CC3)cc21,1
CCN1CCC[C@H]1CNC(=O)c1cc(Br)cc(OC)c1OC,1
CCN1CCC[C@H]1CNC(=O)c1cc(I)cc(OC)c1OC,1
CCc1cc(Cl)c(OC)c(C(=O)NC[C@@H]2CCCN2CC)c1O,1
C=CCN1CCC[C@H]1CNC(=O)c1cc(CCCF)cc(OC)c1OC,1
CCN1CCCC1CNC(=O)c1c(O)c(Cl)cc(Cl)c1OC,1
CCN1CCC[C@H]1CNC(=O)c1c(O)c(Cl)cc(Cl)c1OC,1
C=CCN1CCC[C@H]1CNC(=O)c1cccc(CCCF)c1,1
CCN1CCC[C@H]1CNC(=O)c1c(O)c(Br)cc(OC)c1OC,1
C=CCN1CCC[C@H]1CNC(=O)c1cc(I)cc(OC)c1OC,1
CCCN1CCC[C@H]1CNC(=O)c1c(O)c(CC)cc(Cl)c1OC,1
C=CCN1CCC[C@H]1CNC(=O)c1cc(Br)cc(OC)c1OC,1
CCN1CCCC1CNC(=O)c1cc(S(=O)(=O)CC)c(N)cc1OC,1
CCN1CCCC1CNC(=O)c1cc(S(=O)(=O)CC)ccc1OC,1
CCc1cc(Cl)c(OC)c(C(=O)NC[C@@H]2C[C@@H](OCCCCO)CN2)c1O,1
CCc1cc(Cl)c(OC)c(C(=O)NC[C@@H]2CCCN2)c1O,1
CCN1CCC[C@H]1CNC(=O)c1c(OC)ccc(I)c1O,1
CCN1CCCC1CNC(=O)c1cc(S(N)(=O)=O)ccc1OC,1
CCN1CCC[C@H]1CNC(=O)c1cc(S(N)(=O)=O)ccc1OC,1
C=CCN1CCC[C@H]1CNC(=O)c1cc(I)ccc1OC,1
CCN1CCC[C@H]1CNC(=O)c1c(OC)ccc(Br)c1OC,1
C=CCN1CCC[C@H]1CNC(=O)c1cc(Br)ccc1OC,1
C=CCN1CCC[C@H]1CNC(=O)c1cc(CCCF)ccc1OC,1
COc1ccc(/C=C/C(=O)N[C@H]2CC[C@H](CCN3CCc4ccc(OS(C)(=O)=O)cc4CC3)CC2)cc1,1
COc1cccc(/C=C/C(=O)N[C@H]2CC[C@H](CCN3CCc4ccc(OS(C)(=O)=O)cc4CC3)CC2)c1,1
CS(=O)(=O)Oc1ccc2c(c1)CCN(CC[C@H]1CC[C@H](NC(=O)/C=C/c3ccc(F)cc3)CC1)CC2,1
CS(=O)(=O)c1ccc2c(c1)CCN(CC[C@H]1CC[C@H](NC(=O)/C=C/c3ccc(F)cc3)CC1)CC2,1
CS(=O)(=O)Oc1ccc2c(c1)CCN(CC[C@H]1CC[C@H](NC(=O)/C=C/c3ccccc3F)CC1)CC2,1
CS(=O)(=O)Oc1ccc2c(c1)CCN(CC[C@H]1CC[C@H](NC(=O)/C=C/c3cccc(F)c3)CC1)CC2,1
COc1ccccc1/C=C/C(=O)N[C@H]1CC[C@H](CCN2CCc3ccc(OS(C)(=O)=O)cc3CC2)CC1,1
CS(=O)(=O)c1ccc2c(c1)CCN(CC[C@H]1CC[C@H](NC(=O)/C=C/c3ccccc3F)CC1)CC2,1
CS(=O)(=O)c1ccc2c(c1)CCN(CC[C@H]1CC[C@H](NC(=O)/C=C/c3ccc(C#N)cc3)CC1)CC2,1
CS(=O)(=O)c1ccc2c(c1)CCN(CC[C@H]1CC[C@H](NC(=O)/C=C/c3cccc(F)c3)CC1)CC2,1
CS(=O)(=O)c1ccc2c(c1)CCN(CC[C@H]1CC[C@H](NC(=O)/C=C/c3cccc(C#N)c3)CC1)CC2,1
CS(=O)(=O)c1ccc2c(c1)CCN(CC[C@H]1CC[C@H](NC(=O)/C=C/c3ccccc3C#N)CC1)CC2,1
CC(=O)c1cccc(/C=C/C(=O)N[C@H]2CC[C@H](CCN3CCc4ccc(C#N)cc4CC3)CC2)c1,1
CS(=O)(=O)c1ccc2c(c1)CCN(CC[C@H]1CC[C@H](NC(=O)/C=C/c3cc(F)cc(F)c3)CC1)CC2,1
N#Cc1ccc2c(c1)CCN(CC[C@H]1CC[C@H](NC(=O)/C=C/c3ccc(F)cc3)CC1)CC2,1
N#Cc1ccc2c(c1)CCN(CC[C@H]1CC[C@H](NC(=O)/C=C/c3cccc(F)c3)CC1)CC2,1
CS(=O)(=O)c1ccc2c(c1)CCN(CC[C@H]1CC[C@H](NC(=O)/C=C/c3c(F)cccc3F)CC1)CC2,1
CC(=O)Nc1cccc(/C=C/C(=O)N[C@H]2CC[C@H](CCN3CCc4ccc(C#N)cc4CC3)CC2)c1,1
CC(=O)Nc1cccc(/C=C/C(=O)N[C@H]2CC[C@H](CCN3CCc4ccc(C#N)cc4CC3)CC2)c1F,1
N#Cc1ccc2c(c1)CCN(CC[C@H]1CC[C@H](NC(=O)/C=C/c3ccccc3F)CC1)CC2,1
COc1cccc(/C=C/C(=O)N[C@H]2CC[C@H](CCN3CCc4ccc(C#N)cc4CC3)CC2)c1,1
C=CCN1CC[C@@H]2c3cccc(O)c3CC[C@H]21,1
C=CCN1CCC2c3cccc(O)c3CCC21,1
C=CCN1CCC2c3c(cccc3OC)CC[C@H]21,1
C=CCN1CC[C@H]2c3c(cccc3OC)CC[C@H]21,1
C=CCN1CC[C@@H]2c3c(cccc3OC)CC[C@H]21,1
C=CCN1CCC2c3c(cccc3OC)CCC21,1
C=CCN1CC[C@H]2c3cccc(OC)c3CC[C@H]21,1
C=CCN1CC[C@@H]2c3c(O)cccc3CC[C@H]21,1
C=CCN1CC[C@@H]2c3cccc(OC)c3CC[C@H]21,1
C=CCN1CCC2c3cccc(OC)c3CC[C@@H]21,1
C=CCN1CCC2c3cccc(O)c3CC[C@@H]21,1
C=CCN1CC[C@@H]2c3cccc(O)c3CC[C@@H]21,1
C=CCN1CC[C@H]2c3cccc(O)c3CC[C@H]21,1
C=CCN1CCC2c3c(cccc3OC)CC[C@@H]21,1
C=CCN1CCC2c3cccc(OC)c3CC[C@H]21,1
CCCN1CC[C@@H]2c3cccc(O)c3CC[C@H]21,1
CCCN1CCC2c3cccc(O)c3CCC21,1
C=CCN1CCC2c3cccc(O)c3CC[C@H]21,1
C=CCN1CC[C@H]2c3c(O)cccc3CC[C@H]21,1
CCCN1CC[C@H]2c3cccc(O)c3CC[C@H]21,1
C=CCN1CCC2c3cccc(C#N)c3CCC21,1
Cc1ncoc1-c1nnc(SCCCN2C[C@@H]3CCN(c4cccc(C#N)c4)[C@@H]3C2)n1C,1
Cc1ncoc1-c1nnc(SCCCN2CC3CCN(c4ccccc4OC(F)(F)F)C3C2)n1C,1
Cc1ncoc1-c1nnc(SCCCN2CC3CCN(c4cccc(C#N)c4)C3C2)n1C,1
Cc1ncoc1-c1nnc(SCCCN2CC3CCN(c4cc(Cl)cc(Cl)c4)C3C2)n1C,1
Cc1ncoc1-c1nnc(SCCCN2C[C@H]3CCN(c4ccc(F)cc4)[C@H]3C2)n1C,1
Cc1ncoc1-c1nnc(SCCCN2CC3CCN(c4ccc(C(F)(F)F)cc4F)C3C2)n1C,1
Cc1ncoc1-c1nnc(SCCCN2C[C@H]3CCN(c4ccc(C(F)(F)F)cc4)[C@H]3C2)n1C,1
Cc1ncoc1-c1nnc(SCCCN2C[C@H]3CCN(c4ccc(C(F)(F)F)cc4F)[C@H]3C2)n1C,1
Cc1ncoc1-c1nnc(SCCCN2CC3CCN(c4ccc(C(F)(F)F)cc4)C3C2)n1C,1
Cc1ncoc1-c1nnc(SCCCN2CC3CCN(c4cccc(F)c4)C3C2)n1C,1
Cc1ncoc1-c1nnc(SCCCN2CC3CCN(c4ccc(F)cc4)C3C2)n1C,1
Cc1ncoc1-c1nnc(SCCCN2C[C@@H]3CCN(c4ccc(C(F)(F)F)cc4)[C@@H]3C2)n1C,1
Cc1ncoc1-c1nnc(SCCCN2C[C@H]3CCN(c4ccccc4)[C@H]3C2)n1C,1
Cc1ncoc1-c1nnc(SCCCN2CC3CCN(c4ccccc4)C3C2)n1C,1
Cc1ncoc1-c1nnc(SCCCN2C[C@@H]3CCN(c4ccc(F)cc4)[C@@H]3C2)n1C,1
Cc1ncoc1-c1nnc(SCCCN2C[C@H]3CCN(c4cccc(C#N)c4)[C@H]3C2)n1C,1
Cc1ncoc1-c1nnc(SCCCN2C[C@@H]3CCN(c4ccccc4)[C@@H]3C2)n1C,1
Cc1ncoc1-c1nnc(SCCCN2CC3CCN(c4ccc(Cl)cc4Cl)C3C2)n1C,1
Cc1ncoc1-c1nnc(SCCCN2C[C@@H]3CCN(c4ccc(C(F)(F)F)cc4F)[C@@H]3C2)n1C,1
Cc1ncoc1-c1nnc(SCCCN2CC3CCN(c4c(F)cccc4F)C3C2)n1C,1
Cc1ncoc1-c1nnc(SCCCN2CC3CCN(c4ccc(OC(F)(F)F)cc4)C3C2)n1C,1
COc1cc2c(cc1O)CN(Cc1ccccc1CNC(=O)c1ccc(I)c(OC)c1)CC2,1
COc1cc2c(cc1O)CN(Cc1ccccc1CNC(=O)c1cccc(C#N)c1)CC2,1
COc1cc2c(cc1OC)CN(Cc1ccccc1CNC(=O)c1cccc(C#N)c1)CC2,1
COc1cc2c(cc1O)CN(Cc1ccccc1CNC(=O)c1ccc(Cl)cc1)CC2,1
COc1cc2c(cc1OC)CN(Cc1ccccc1CNC(=O)c1ccc(C#N)cc1)CC2,1
COc1cc2c(cc1O)CN(Cc1ccccc1CNC(=O)c1ccc(F)cc1)CC2,1
O=C(NCc1ccccc1CN1CCc2cc(O)c(O)cc2C1)c1cccc(Br)c1,1
COc1ccc(C(=O)NCc2ccccc2CN2CCc3cc(OC)c(O)cc3C2)cc1,1
COc1cc2c(cc1O)CN(Cc1ccccc1CNC(=O)c1ccc(Br)cc1)CC2,1
COc1cc2c(cc1O)CN(Cc1ccccc1CNC(=O)c1ccccc1OC)CC2,1
N#Cc1ccc(C(=O)NCc2ccccc2CN2CCc3cc(O)c(O)cc3C2)cc1,1
COc1cc2c(cc1O)CN(Cc1ccccc1CNC(=O)c1ccc(I)cc1)CC2,1
COc1cc2c(cc1O)CN(Cc1ccccc1CNC(=O)c1cccc(Cl)c1)CC2,1
COc1cccc(C(=O)NCc2ccccc2CN2CCc3cc(OC)c(O)cc3C2)c1,1
COc1cc2c(cc1O)CN(Cc1ccccc1CNC(=O)c1cccc(Br)c1)CC2,1
COc1cc2c(cc1O)CN(Cc1ccccc1CNC(=O)c1ccc(C#N)cc1)CC2,1
COc1cc2c(cc1O)CN(Cc1ccccc1CNC(=O)c1ccccc1Cl)CC2,1
COc1cc2c(cc1O)CN(Cc1ccccc1CNC(=O)c1cccc(Cl)c1Cl)CC2,1
COc1cc2c(cc1O)CN(Cc1ccccc1CNC(=O)c1ccccc1Br)CC2,1
N#Cc1cccc(C(=O)NCc2ccccc2CN2CCc3cc(O)c(O)cc3C2)c1,1
COc1ccccc1N1CCN(CCCCNC(=O)/C=C/c2ccc(C#N)cc2)CC1,1
COc1ccccc1N1CCN(CCCCNC(=O)/C=C/c2ccc(C=O)cc2)CC1,1
COc1ccc(/C=C/C(=O)NCCCCN2CCN(c3ccccc3OC)CC2)cc1,1
COc1ccccc1N1CCN(CCCCNC(=O)/C=C/c2ccccc2)CC1,1
COc1ccccc1N1CCN(CCCCNC(=O)/C=C/c2ccc([N+](=O)[O-])cc2)CC1,1
COc1ccccc1/C=C/C(=O)NCCCCN1CCN(c2ccccc2OC)CC1,1
COc1ccccc1N1CCN(CCCCNC(=O)/C=C/c2ccccc2Cl)CC1,1
COc1ccccc1N1CCN(CCCCNC(=O)/C=C/c2cccc(Cl)c2)CC1,1
COc1ccccc1N1CCN(CCCCNC(=O)/C=C/c2ccc(F)cc2)CC1,1
COc1ccccc1N1CCN(CCCCNC(=O)/C=C/c2ccc(Cl)cc2Cl)CC1,1
COc1ccccc1N1CCN(CCCCNC(=O)/C=C/c2ccc(Cl)cc2)CC1,1
COc1ccccc1N1CCN(CCCCNC(=O)/C=C/c2ccc(Cl)c(Cl)c2)CC1,1
COc1ccccc1N1CCN(CCCCNC(=O)/C=C/c2ccc(Br)cc2)CC1,1
COc1ccccc1N1CCN(CCCCNC(=O)/C=C/c2ccc(C(F)(F)F)cc2)CC1,1
COc1ccccc1N1CCN(CCCCNC(=O)/C=C/c2cc(I)c(OC)c(OC)c2)CC1,1
COc1ccccc1N1CCN(CCCCNC(=O)/C=C/c2cccc(C(F)(F)F)c2)CC1,1
COc1ccccc1N1CCN(CCCCNC(=O)/C=C/c2ccccc2I)CC1,1
COc1ccccc1N1CCN(CCCCNC(=O)/C=C/c2ccc(I)cc2)CC1,1
COc1ccccc1N1CCN(CCCCNC(=O)/C=C/c2ccc(C(C)(C)C)cc2)CC1,1
COc1ccccc1N1CCN(CCCCNC(=O)/C=C/c2cccc(I)c2)CC1,1
CCc1cccc(N2CCN(CCCCNC(=O)c3cc4ccccc4o3)CC2)c1Cl,1
COc1ccccc1N1CCN(CCCCNC(=O)c2cc3cc(I)ccc3o2)CC1,1
O=C(NCCCCN1CCN(c2cccc(Cl)c2Cl)CC1)c1cc2ccccc2o1,1
COc1c(Cl)cccc1N1CCN(CCCCNC(=O)c2cc3ccccc3o2)CC1,1
O=C(NCCCCN1CCN(c2ccccc2F)CC1)c1cc2ccccc2o1,1
COc1ccccc1N1CCN(CCCCNC(=O)c2cc3ccccc3o2)CC1,1
Cc1cccc(N2CCN(CCCCNC(=O)c3cc4ccccc4o3)CC2)c1C,1
COc1ccccc1N1CCN(CCCCNC(=O)c2cc3cc(Br)ccc3o2)CC1,1
COc1ccccc1N1CCN(CCCCNC(=O)c2cc3cc(C#N)ccc3o2)CC1,1
CCc1cc(Cl)c(OC)c(N2CCN(CCCCNC(=O)c3cc4ccccc4o3)CC2)c1,1
CCc1cccc(N2CCN(CC(O)CCNC(=O)c3cc4ccccc4o3)CC2)c1Cl,1
Cc1cccc(N2CCN(CCCCNC(=O)c3cc4ccccc4o3)CC2)c1,1
COc1ccc2oc(C(=O)NCCC(F)CN3CCN(c4ccccc4OC)CC3)cc2c1,1
COc1ccc2oc(C(=O)NCCC(F)CN3CCN(c4cccc(Cl)c4Cl)CC3)cc2c1,1
CCc1cccc(N2CCN(CC(F)CCNC(=O)c3cc4ccccc4o3)CC2)c1Cl,1
COc1ccccc1N1CCN(CC(F)CCNC(=O)c2cc3ccccc3o2)CC1,1
COc1ccccc1N1CCN(CCCCNC(=O)c2cc3cccc(OC)c3o2)CC1,1
COc1cccc2cc(C(=O)NCCCCN3CCN(c4cccc(Cl)c4Cl)CC3)oc12,1
O=C(NCCCCN1CCN(c2cccc(Cl)c2Cl)CC1)c1cc2cc(I)ccc2o1,1
O=C(NCC[C@@H](F)CN1CCN(c2cccc(Cl)c2Cl)CC1)c1cc2ccccc2o1,1
CC(C)(C)c1cc(N2CCN(CCCCNC(=O)N3CCN(c4ccccc4)CC3)CC2)nc(C(C)(C)C)n1,1
CC(C)(C)c1nc(N2CCN(CCCCNC(=O)N3CCN(c4ccc(C#N)cc4)CC3)CC2)cc(C(F)(F)F)n1,1
Cc1cc(N2CCN(CCCCNC(=O)N3CCN(c4ccccc4)CC3)CC2)nc(C(C)(C)C)n1,1
CC(C)(C)c1nc(N2CCN(CCCCNC(=O)N3CCN(c4ccccc4C#N)CC3)CC2)cc(C(F)(F)F)n1,1
CC(C)(C)c1nc(N2CCN(CCCCNC(=O)N3CCN(c4ccc(C(F)(F)F)cc4)CC3)CC2)cc(C(F)(F)F)n1,1
CC(C)(C)c1nc(N2CCN(CCCCNC(=O)N3CCN(c4ccccc4)CC3)CC2)cc(C(F)(F)F)n1,1
COc1ccc(N2CCN(C(=O)NCCCCN3CCN(c4cc(C(F)(F)F)nc(C(C)(C)C)n4)CC3)CC2)cc1,1
CC(C)(C)c1nc(N2CCN(CCCCNC(=O)N3CCN(c4ccc(Cl)c(Cl)c4)CC3)CC2)cc(C(F)(F)F)n1,1
CC(C)(C)c1nc(N2CCN(CCCCNC(=O)N3CCN(c4cccc(Cl)c4)CC3)CC2)cc(C(F)(F)F)n1,1
CC(C)(C)c1nc(N2CCN(CCCCNC(=O)N3CCN(c4ccc(Cl)cc4)CC3)CC2)cc(C(F)(F)F)n1,1
CC(C)(C)c1nc(N2CCN(CCCCNC(=O)N3CCN(c4cccc(C#N)c4)CC3)CC2)cc(C(F)(F)F)n1,1
CC(C)(C)c1nc(N2CCN(CCCCNC(=O)N3CCN(c4ccccc4Cl)CC3)CC2)cc(C(F)(F)F)n1,1
CC(C)(C)c1nc(N2CCN(CCCCNC(=O)N3CCN(c4cccc(Cl)c4Cl)CC3)CC2)cc(C(F)(F)F)n1,1
COc1cccc(N2CCN(C(=O)NCCCCN3CCN(c4cc(C(F)(F)F)nc(C(C)(C)C)n4)CC3)CC2)c1,1
Cc1ccccc1N1CCN(C(=O)NCCCCN2CCN(c3cc(C(F)(F)F)nc(C(C)(C)C)n3)CC2)CC1,1
Cc1ccc(N2CCN(C(=O)NCCCCN3CCN(c4cc(C(F)(F)F)nc(C(C)(C)C)n4)CC3)CC2)cc1,1
COc1ccccc1N1CCN(C(=O)NCCCCN2CCN(c3cc(C(F)(F)F)nc(C(C)(C)C)n3)CC2)CC1,1
CC(C)(C)c1nc(N2CCN(CCCCNC(=O)N3CCN(c4cc(C#N)cc(C(F)(F)F)c4)CC3)CC2)cc(C(F)(F)F)n1,1
Cc1cccc(N2CCN(C(=O)NCCCCN3CCN(c4cc(C(F)(F)F)nc(C(C)(C)C)n4)CC3)CC2)c1,1
CCCN1CCC(c2noc3cc(F)ccc23)CC1,1
CC(C)N(CCN1CCC(c2noc3cc(F)ccc23)CC1)C(=O)[C@@H](C)O,1
CCN(CCN1CCC(c2noc3cc(F)ccc23)CC1)C(=O)C(C)(C)CO,1
CCN(CCN1CCC(c2noc3cc(F)ccc23)CC1)C(=O)C(F)(F)CO,1
CC(O)C(=O)N(CCN1CCC(c2noc3cc(F)ccc23)CC1)C(C)C,1
CCN(CCN1CCC(c2noc3cc(F)ccc23)CC1)C(=O)C(O)CCC(=O)OC,1
CCN(CCCN1CCC(c2noc3ccccc23)CC1)S(=O)(=O)C(C)CO,1
CC[C@@H](O)C(=O)N(CC)CCN1CCC(c2noc3cc(F)ccc23)CC1,1
CCN(CCN1CCC(c2noc3cc(F)ccc23)CC1)C(=O)CCO,1
CCN(CCN1CCC(c2noc3cc(F)ccc23)CC1)C(=O)C(C)O,1
CCN(CCN1CCC(c2noc3cc(F)ccc23)CC1)C(=O)[C@@H](C)O,1
CCN(CCN1CCC(c2noc3cc(F)ccc23)CC1)C(=O)C(O)C(F)(F)F,1
CCN(CCN1CCC(c2noc3cc(F)ccc23)CC1)C(=O)C(C)(C)O,1
CCN(CCN1CCC(c2noc3cc(F)ccc23)CC1)C(=O)C(O)C(C)C,1
CCN(CCN1CCC(c2noc3cc(F)ccc23)CC1)S(=O)(=O)CCO,1
CCN(CCCN1CCC(c2noc3cc(F)ccc23)CC1)C(=O)[C@H](C)O,1
CCN(CCN1CCC(c2noc3cc(F)ccc23)CC1)C(=O)[C@H](C)O,1
CCN(CCN1CCC(c2noc3ccccc23)CC1)S(=O)(=O)CCO,1
CCN(CCN1CCC(c2noc3cc(F)ccc23)CC1)C(=O)CO,1
O=C1CCc2ccc(OCCCCN3CCN(c4cccc(Cl)c4Cl)CC3)cc2N1,1
COc1ccccc1N1CCN(CCCCOc2ccc3c(c2)NC(=O)CC3)CC1,1
O=C1CCc2ccc(OCCCCN3CCN(c4ccccc4OCCF)CC3)cc2N1,1
CCc1cccc(N2CCN(CCCCOc3ccc4c(c3)NC(=O)CC4)CC2)c1Cl,1
CCc1cc(Cl)c(OC)c(N2CCN(CCCCOc3ccc4c(c3)NC(=O)CC4)CC2)c1,1
CCOc1ccccc1N1CCN(CCCCOc2ccc3c(c2)NC(=O)CC3)CC1,1
N#Cc1ccccc1N1CCN(CCCCOc2ccc3c(c2)NC(=O)CC3)CC1,1
CC(C)Oc1ccccc1N1CCN(CCCCOc2ccc3c(c2)NC(=O)CC3)CC1,1
O=C1CCc2ccc(OCCCCN3CCN(c4ccccc4Cl)CC3)cc2N1,1
O=C1CCc2ccc(OCCCCN3CCN(c4ccccc4C(F)(F)F)CC3)cc2N1,1
O=C1CCc2ccc(OCCCCN3CCN(c4ccccc4)CC3)cc2N1,1
COc1cc(C)ccc1N1CCN(CCCCOc2ccc3c(c2)NC(=O)CC3)CC1,1
O=C1CCc2ccc(OCCCCN3CCN(c4ccccc4F)CC3)cc2N1,1
Cc1ccccc1N1CCN(CCCCOc2ccc3c(c2)NC(=O)CC3)CC1,1
Cc1cccc(N2CCN(CCCCOc3ccc4c(c3)NC(=O)CC4)CC2)c1C,1
CCOc1cccc(N2CCN(CCCCOc3ccc4c(c3)NC(=O)CC4)CC2)c1,1
COc1ccc(N2CCN(CCCCOc3ccc4c(c3)NC(=O)CC4)CC2)c(OC)c1,1
CCOc1ccc(N2CCN(CCCCOc3ccc4c(c3)NC(=O)CC4)CC2)cc1,1
COc1ccc(N2CCN(CCCCOc3ccc4c(c3)NC(=O)CC4)CC2)cc1,1
CCCN1CCC[C@@H](c2cccc(O)c2)C1,1
CCCN1CCC[C@@H](c2cccc(OS(=O)(=O)C(F)(F)F)c2)C1,1
CCCN1CCC[C@@H](c2cccc(CC#N)c2)C1,1
CCCN1CCC[C@@H](c2cccc(S(=O)(=O)N(C)C)c2)C1,1
CCC(C)N1CCC[C@@H](c2cccc(C#N)c2)C1,1
CC(C)N1CCC[C@@H](c2cccc(C#N)c2)C1,1
CCCN1CCC[C@@H](c2cccc(C#N)c2)C1,1
CCCN1CCC[C@@H](c2cccc(C=O)c2)C1,1
CCCN1CCC[C@@H](c2cccc(Br)c2)C1,1
CCCN1CCC[C@@H](c2cccc(OS(C)(=O)=O)c2)C1,1
CCCN1CCCC(c2cccc(O)c2)C1,1
CCN1CCC[C@@H](c2cccc(C#N)c2)C1,1
CCCN1CCC[C@@H](c2cccc(CO)c2)C1,1
C=CCN1CCC[C@@H](c2cccc(C#N)c2)C1,1
N#Cc1cccc([C@@H]2CCCNC2)c1,1
CCCN1CCC[C@@H](c2cccc(S(C)(=O)=O)c2)C1,1
CCCN1CCC[C@@H](c2cccc(OC)c2)C1,1
CCCN1CCC[C@@H](c2cccc(OCC(F)(F)F)c2)C1,1
CN1CCc2ccccc2Cc2c(ccc(O)c2Cl)CC1,1
COc1ccc2c(c1)CCN(C)CCc1ccccc1C2,1
COc1ccc2c(c1)CCN(C)CCc1cc(OC)ccc1C2,1
CN1CCc2ccccc2Cc2cc(O)c(Cl)cc2CC1,1
COc1c(Cl)cc2c(c1Cl)Cc1ccccc1CCN(C)CC2,1
CN1CCc2ccccc2Cc2ccc(O)c(Cl)c2CC1,1
CN1CCc2ccccc2Cc2c(O)cccc2CC1,1
CN1CCc2ccccc2Cc2ccccc2CC1,1
CN1CCc2ccccc2Cc2ccc(O)cc2CC1,1
CN1CCc2cc(O)ccc2Cc2ccc(O)cc2CC1,1
CN1CCc2ccccc2Cc2cc(O)ccc2CC1,1
COc1ccc2c(c1)Cc1ccccc1CCN(C)CC2,1
CN1CCc2ccccc2Cc2cc(N)c(O)cc2CC1,1
CN1CCc2ccccc2Cc2cc(Cl)c(O)c(Cl)c2CC1,1
COc1cccc2c1Cc1ccccc1CCN(C)CC2,1
CN1CCc2ccccc2Cc2cc(O)c(O)cc2CC1,1
CCN1CCc2ccccc2Cc2ccc(O)cc2CC1,1
Oc1ccc2c(c1)CCNCCc1ccccc1C2,1
COc1ccccc1N1CCN(CCCCOc2ccn3ncc(/C=N/O)c3c2)CC1,1
COc1ccccc1N1CCN(CCCCOc2ccn3ncc(C#N)c3c2)CC1,1
O/N=C/c1cnn2ccc(OCCCCN3CCN(c4cccc(Cl)c4Cl)CC3)cc12,1
N#Cc1cnn2ccc(OCCCCN3CCN(c4cccc(Cl)c4Cl)CC3)cc12,1
COc1ccccc1N1CCN(CCCCOc2ccn3ncc(C=O)c3c2)CC1,1
COc1ccccc1N1CCN(CCCCOc2ccn3nc(/C=N/O)cc3c2)CC1,1
OCc1cc2cc(OCCCCN3CCN(c4cccc(Cl)c4Cl)CC3)ccn2n1,1
O/N=C/c1cc2cc(OCCCCN3CCN(c4cccc(Cl)c4Cl)CC3)ccn2n1,1
O=Cc1cnn2ccc(OCCCCN3CCN(c4cccc(Cl)c4Cl)CC3)cc12,1
COc1ccccc1N1CCN(CCCCOc2ccn3nc(C=O)cc3c2)CC1,1
COc1ccccc1N1CCN(CCCCOc2ccn3nc(CO)cc3c2)CC1,1
N#Cc1cc2cc(OCCCCN3CCN(c4cccc(Cl)c4Cl)CC3)ccn2n1,1
CCOC(=O)c1cc2cc(OCCCCN3CCN(c4cccc(Cl)c4Cl)CC3)ccn2n1,1
CCOC(=O)c1cc2cc(OCCCCN3CCN(c4ccccc4OC)CC3)ccn2n1,1
COc1ccccc1N1CCN(CCCCOc2ccn3nc(C#N)cc3c2)CC1,1
COc1ccccc1N1CCN(CCCCOc2ccn3nccc3c2)CC1,1
O=Cc1cc2cc(OCCCCN3CCN(c4cccc(Cl)c4Cl)CC3)ccn2n1,1
Clc1cccc(N2CCN(CCCCOc3ccn4nccc4c3)CC2)c1Cl,1
CCCCC(Oc1cc(Cl)ccc1Cl)c1nc(N)nc(N2CCN(C)CC2)n1,1
CC(Oc1cc(Cl)cc(Cl)c1)c1nc(N)nc(N2CCN(C)CC2)n1,1
CCCC(Oc1cc(Cl)ccc1Cl)c1nc(N)nc(N2CCN(C)CC2)n1,1
CCCCC(Oc1cc(Cl)cc(Cl)c1)c1nc(N)nc(N2CCN(C)CC2)n1,1
CCC(Oc1cc(Cl)ccc1Cl)c1nc(N)nc(N2CCN(C)CC2)n1,1
CCC(Oc1cc(Cl)cc(Cl)c1)c1nc(N)nc(N2CCN(C)CC2)n1,1
CC(Oc1cc(Cl)ccc1Cl)c1nc(N)nc(N2CCN(C)CC2)n1,1
CCCC(Oc1cc(Cl)cc(Cl)c1)c1nc(N)nc(N2CCN(C)CC2)n1,1
CCC(Oc1cccc(Cl)c1Cl)c1nc(N)nc(N2CCN(C)CC2)n1,1
CC(Oc1cccc(Cl)c1Cl)c1nc(N)nc(N2CCN(C)CC2)n1,1
CCCC(Oc1cccc(Cl)c1Cl)c1nc(N)nc(N2CCN(C)CC2)n1,1
CCCCC(Oc1cccc(Cl)c1Cl)c1nc(N)nc(N2CCN(C)CC2)n1,1
CC(Oc1cccc(Cl)c1)c1nc(N)nc(N2CCN(C)CC2)n1,1
CCC(Oc1ccc(Cl)c(Cl)c1)c1nc(N)nc(N2CCN(C)CC2)n1,1
CN1CCN(c2nc(N)nc(COc3cccc(Cl)c3)n2)CC1,1
Cc1cccc(OCc2nc(N)nc(N3CCN(C)CC3)n2)c1,1
CC(Oc1ccc(Cl)c(Cl)c1)c1nc(N)nc(N2CCN(C)CC2)n1,1
COCOc1ccc(CNC(=O)CCCCCN2CCN(c3ccccc3-c3ccccc3)CC2)cc1,1
C[C@H](NC(=O)CCCCCN1CCN(c2ccccc2-c2ccccc2)CC1)c1ccccc1,1
CN(C)Cc1ccc(CNC(=O)CCCCCN2CCN(c3ccccc3-c3ccccc3)CC2)cc1,1
C[C@@H](NC(=O)CCCCCN1CCN(c2ccccc2-c2ccccc2)CC1)c1ccccc1,1
N#Cc1ccc(CNC(=O)CCCCCN2CCN(c3ccccc3-c3ccccc3)CC2)cc1,1
COc1ccc(-c2ccccc2N2CCN(CCCCCC(=O)N[C@@H](C)c3ccccc3)CC2)cc1,1
C[C@@H]1CN(c2ccccc2-c2ccccc2)CCN1CCCCCC(=O)NCc1ccccc1,1
COc1ccc(-c2ccccc2N2CCN(CCCCCC(=O)N[C@H](C)c3ccc(C#N)cc3)CC2)cc1,1
C[C@H]1CN(c2ccccc2-c2ccccc2)CCN1CCCCCC(=O)NCc1ccccc1,1
COc1ccc(-c2ccccc2N2CCN(CCCCCC(=O)NCc3ccc(C#N)cc3)CC2)cc1,1
COc1ccc(-c2ccccc2N2CCN(CCCCCC(=O)N[C@H](C)c3ccccc3)CC2)cc1,1
COc1ccc(-c2ccccc2N2CCN(CCCCCC(=O)N[C@@H](C)c3ccc(C#N)cc3)CC2)cc1,1
COCOc1ccc(CNC(=O)CCCCCN2CCN(c3ccccc3-c3ccc(OC)cc3)CC2)cc1,1
COc1ccc(-c2ccccc2N2CCN(CCCCCC(=O)NCc3ccc(OCCO)cc3)CC2)cc1,1
O=C(CCCCCN1CCN(c2ccccc2-c2ccccc2)CC1)NCc1ccccc1,1
COc1ccc(-c2cc(F)ccc2N2CCN(CCCCCC(=O)NCc3ccc(C#N)cc3)CC2)cc1,1
CS(=O)(=O)Oc1ccc(CNC(=O)CCCCCN2CCN(c3ccccc3-c3ccccc3)CC2)cc1,1
Nc1cc(Cl)ccc1C(=O)CCCN1CC[C@H]2[C@@H](C1)c1cccc3c1N2CCCS3,1
Nc1cc(F)ccc1C(=O)CCCN1CC[C@H]2[C@@H](C1)c1cccc3c1N2CCCS3,1
CC(=O)Nc1cc(F)ccc1C(=O)CCCN1CC[C@H]2[C@@H](C1)c1cccc3c1N2CCCS3,1
Nc1cc(F)ccc1C(=O)CCCN1CC[C@@H]2[C@H](C1)c1cccc3c1N2CCCS3,1
Nc1cc(Br)ccc1C(=O)CCCN1CC[C@H]2[C@@H](C1)c1cccc3c1N2CCCS3,1
Nc1ccccc1C(=O)CCCN1CC[C@@H]2[C@H](C1)c1cccc3c1N2CCCS3,1
Nc1ccccc1C(=O)CCCN1CC[C@H]2[C@@H](C1)c1cccc3c1N2CCCS3,1
O=CNc1cc(F)ccc1C(=O)CCCN1CC[C@H]2[C@@H](C1)c1cccc3c1N2CCCS3,1
O=C(CCCN1CC[C@H]2[C@@H](C1)c1cccc3c1N2CCCS3)c1ccc(F)cc1,1
Nc1c(F)cccc1C(=O)CCCN1CC[C@H]2[C@@H](C1)c1cccc3c1N2CCCS3,1
CCOC(=O)Nc1cc(F)ccc1C(=O)CCCN1CC[C@H]2[C@@H](C1)c1cccc3c1N2CCCS3,1
Nc1ccc(F)cc1C(=O)CCCN1CC[C@H]2[C@@H](C1)c1cccc3c1N2CCCS3,1
O=C(CCCN1CC[C@H]2[C@@H](C1)c1cccc3c1N2CCCS3)c1ccccc1,1
CS(=O)(=O)Nc1cc(F)ccc1C(=O)CCCN1CC[C@H]2[C@@H](C1)c1cccc3c1N2CCCS3,1
CCNC(=O)Nc1cc(F)ccc1C(=O)CCCN1CC[C@H]2[C@@H](C1)c1cccc3c1N2CCCS3,1
CNc1ccccc1C(=O)CCCN1CC[C@H]2[C@@H](C1)c1cccc3c1N2CCCS3,1
Nc1cc(O)ccc1C(=O)CCCN1CC[C@H]2[C@@H](C1)c1cccc3c1N2CCCS3,1
O=C(N[C@H]1CC[C@H](CCN2CCN(c3cccc(Cl)c3Cl)CC2)CC1)c1cccs1,1
O=C(N[C@H]1CC[C@H](CCN2CCN(c3ccccc3Cl)CC2)CC1)c1cccs1,1
COc1ccccc1N1CCN(CC[C@H]2CC[C@H](NC(=O)c3cccs3)CC2)CC1,1
O=C(N[C@H]1CC[C@H](CCN2CCN(c3ccccc3)CC2)CC1)c1cccs1,1
Cc1ccccc1N1CCN(CC[C@H]2CC[C@H](NC(=O)c3cccs3)CC2)CC1,1
Cc1cccc(N2CCN(CC[C@H]3CC[C@H](NC(=O)c4cccs4)CC3)CC2)c1,1
O=C(N[C@H]1CC[C@H](CCN2CCN(c3cccc(Cl)c3)CC2)CC1)c1cccs1,1
Cc1ccc(C(=O)N[C@H]2CC[C@H](CCN3CCN(c4cccc(Cl)c4Cl)CC3)CC2)s1,1
Cc1ccsc1C(=O)N[C@H]1CC[C@H](CCN2CCN(c3cccc(Cl)c3Cl)CC2)CC1,1
COc1cccc(N2CCN(CC[C@H]3CC[C@H](NC(=O)c4cccs4)CC3)CC2)c1,1
CN(C(=O)c1cccs1)[C@H]1CC[C@H](CCN2CCN(c3cccc(Cl)c3Cl)CC2)CC1,1
Cc1ccc(N2CCN(CC[C@H]3CC[C@H](NC(=O)c4cccs4)CC3)CC2)cc1,1
O=C(NC1CCC(CCN2CCN(c3cccc(Cl)c3Cl)CC2)CC1)c1cccs1,1
Cc1csc(C(=O)N[C@H]2CC[C@H](CCN3CCN(c4cccc(Cl)c4Cl)CC3)CC2)c1,1
O=C(N[C@H]1CC[C@H](CCN2CCN(c3ccc(Cl)cc3)CC2)CC1)c1cccs1,1
O=C(NC1CCC(CCN2CCN(c3ccccc3)CC2)CC1)c1cccs1,1
COc1ccc(N2CCN(CC[C@H]3CC[C@H](NC(=O)c4cccs4)CC3)CC2)cc1,1
Cc1ccccc1OCCNCCCOc1ccccc1,1
Clc1cccc(OCCNCCCOc2ccccc2)c1,1
Cc1cccc(OCCNCCCOc2ccccc2)c1,1
Cc1ccc(OCCCNCCOc2ccccc2)cc1,1
Clc1ccccc1OCCNCCCOc1ccccc1,1
Cc1ccc(OCCNCCCOc2ccccc2)cc1C,1
Clc1ccc(OCCNCCCOc2ccccc2)cc1,1
Fc1ccc(OCCCNCCOc2ccc(Cl)cc2)cc1,1
c1ccc(OCCCNCCOc2ccccc2)cc1,1
Cc1ccc(OCCNCCCOc2ccccc2)cc1,1
Cc1ccc(OCCCNCCOc2ccc(C)cc2)cc1,1
Cc1ccc(OCCNCCCOc2cccc(C)c2)cc1,1
Cc1ccc(OCCNCCCOc2ccccc2C)cc1,1
Cc1ccc(OCCNCCCOc2ccccc2)cc1Cl,1
Cc1ccc(OCCNCCCOc2ccc(F)cc2)cc1,1
Oc1ccc(OCCNCCCOc2ccccc2)cc1,1
CC(=O)Nc1ccc(CN2C[C@@H]3COc4ccc(C#N)cc4[C@H]3C2)cc1,1
N#Cc1ccc2c(c1)[C@H]1CN(Cc3ccccc3)C[C@@H]1CO2,1
N#Cc1ccc2c(c1)[C@H]1CN(Cc3ccc(F)cc3)C[C@@H]1CO2,1
N#Cc1ccc2c(c1)C1CN(Cc3ccccc3)CC1CO2,1
CC(=O)Nc1ccc(CN2CC3COc4ccc(C#N)cc4C3C2)cc1,1
Fc1ccc2c(c1)C1CN(Cc3ccccc3)CC1CO2,1
Clc1ccc2c(c1)C1CN(Cc3ccccc3)CC1CO2,1
CC(=O)Nc1ccc(CN2C[C@H]3COc4ccc(C#N)cc4[C@@H]3C2)cc1,1
N#Cc1ccc2c(c1)[C@@H]1CN(Cc3ccccc3)C[C@H]1CO2,1
N#Cc1ccc2c(c1)[C@@H]1CN(Cc3ccc(F)cc3)C[C@H]1CO2,1
Brc1ccc2c(c1)C1CN(Cc3ccccc3)CC1CO2,1
N#Cc1ccc2c(c1)C1CN(Cc3ccc(F)cc3)CC1CO2,1
COc1ccc2c(c1)C1CN(Cc3ccccc3)CC1CO2,1
COc1ccc2c(c1)OCC1CN(Cc3ccccc3)CC21,1
c1ccc(CN2CC3COc4ccccc4C3C2)cc1,1
N#Cc1ccc2c(c1)OCC1CN(Cc3ccccc3)CC21,1
O[C@@]1(c2ccc(Cl)cc2)C[C@H]2CC[C@@H](C1)N2Cc1coc2ccccc12,1
OC1(c2ccc(Cl)cc2)CC2CCC(C1)N2Cc1coc2ccccc12,1
OC1(c2ccc(Cl)cc2)CC2CCC(C1)N2Cc1coc2ccc(F)cc12,1
O[C@@]1(c2ccc(Cl)cc2)C[C@H]2CC[C@@H](C1)N2Cc1coc2ccc(F)cc12,1
OC1(c2ccc(Cl)c(Cl)c2)CC2CCC(C1)N2Cc1coc2ccc(F)cc12,1
O[C@@]1(c2ccc(Cl)c(Cl)c2)C[C@H]2CC[C@@H](C1)N2Cc1coc2ccc(F)cc12,1
O[C@@]1(c2ccc(Br)cc2)C[C@H]2CC[C@@H](C1)N2Cc1coc2ccccc12,1
COc1ccc2occ(CN3C4CCC3CC(O)(c3ccc(Cl)cc3)C4)c2c1,1
OC1(c2ccc(Br)cc2)CC2CCC(C1)N2Cc1coc2ccccc12,1
COc1ccc2occ(CN3[C@@H]4CC[C@H]3C[C@](O)(c3ccc(Cl)cc3)C4)c2c1,1
O[C@]1(c2ccc(Cl)c(Cl)c2)C[C@H]2CC[C@@H](C1)N2Cc1coc2ccccc12,1
OC1(c2ccc(Cl)c(Cl)c2)CC2CCC(C1)N2Cc1coc2ccccc12,1
O[C@@]1(c2ccc(F)cc2)C[C@H]2CC[C@@H](C1)N2Cc1coc2ccccc12,1
OC1(c2ccc(F)cc2)CC2CCC(C1)N2Cc1coc2ccccc12,1
O[C@@]1(c2cccc(Cl)c2Cl)C[C@H]2CC[C@@H](C1)N2Cc1coc2ccccc12,1
OC1(c2cccc(Cl)c2Cl)CC2CCC(C1)N2Cc1coc2ccccc12,1
CCN(C)C(=O)N[C@H]1CC[C@H](CCN2CCN(c3nsc4ccccc34)CC2)CC1,1
CN(C)C(=O)N[C@H]1CC[C@H](CCN2CCN(c3nsc4ccccc34)CC2)CC1,1
CCOC(=O)N[C@H]1CC[C@H](CCN2CCN(c3nsc4ccccc34)CC2)CC1,1
CC(C)N(C(=O)N[C@H]1CC[C@H](CCN2CCN(c3nsc4ccccc34)CC2)CC1)C(C)C,1
COC(=O)N[C@H]1CC[C@H](CCN2CCN(c3nsc4ccccc34)CC2)CC1,1
O=C(N[C@H]1CC[C@H](CCN2CCN(c3nsc4ccccc34)CC2)CC1)C(F)(F)F,1
CCCS(=O)(=O)N[C@H]1CC[C@H](CCN2CCN(c3nsc4ccccc34)CC2)CC1,1
CCOC(=O)N[C@H]1CC[C@@H](CCN2CCN(c3nsc4ccccc34)CC2)CC1,1
COC(=O)N[C@H]1CC[C@@H](CCN2CCN(c3nsc4ccccc34)CC2)CC1,1
CCCC(=O)N[C@H]1CC[C@H](CCN2CCN(c3nsc4ccccc34)CC2)CC1,1
N[C@H]1CC[C@H](CCN2CCN(c3nsc4ccccc34)CC2)CC1,1
CC(C)COC(=O)N[C@H]1CC[C@H](CCN2CCN(c3nsc4ccccc34)CC2)CC1,1
CS(=O)(=O)N[C@H]1CC[C@H](CCN2CCN(c3nsc4ccccc34)CC2)CC1,1
COCC(=O)N[C@H]1CC[C@H](CCN2CCN(c3nsc4ccccc34)CC2)CC1,1
CCC(=O)N[C@H]1CC[C@H](CCN2CCN(c3nsc4ccccc34)CC2)CC1,1
CC(=O)N[C@H]1CC[C@H](CCN2CCN(c3nsc4ccccc34)CC2)CC1,1
O=S(=O)(N[C@@H]1CCN(CCCc2noc3ccccc23)C1)c1cc2ccccc2s1,1
Cc1c(S(=O)(=O)N[C@@H]2CCN(CCCc3noc4ccccc34)C2)sc2ccc(F)cc12,1
O=S(=O)(N[C@@H]1CCN(CCCc2noc3ccccc23)C1)c1cc2ccc(F)cc2s1,1
Cc1ccc2sc(S(=O)(=O)N[C@@H]3CCN(CCCc4noc5ccccc45)C3)cc2c1,1
O=S(=O)(N[C@@H]1CCN(CCCc2noc3ccccc23)C1)c1cc2ccc(Cl)cc2s1,1
Cc1c(S(=O)(=O)N[C@@H]2CCN(CCCc3noc4ccccc34)C2)sc2ccc(Cl)cc12,1
Cc1c(S(=O)(=O)N[C@H]2CCN(CCCc3noc4ccccc34)C2)sc2ccc(F)cc12,1
O=S(=O)(N[C@H]1CCN(CCCc2noc3ccccc23)C1)c1cc2ccccc2s1,1
O=S(=O)(N[C@H]1CCN(CCCc2noc3ccccc23)C1)c1cc2ccc(F)cc2s1,1
Cc1ccc2sc(S(=O)(=O)N[C@H]3CCN(CCCc4noc5ccccc45)C3)cc2c1,1
O=S(=O)(N[C@H]1CCN(CCCc2noc3ccccc23)C1)c1cc2ccc(Cl)cc2s1,1
Cc1c(S(=O)(=O)N[C@H]2CCN(CCCc3noc4ccccc34)C2)sc2ccc(Cl)cc12,1
C[C@H]1C[C@H](NS(=O)(=O)c2cc3ccc(F)cc3s2)CN1CCCc1noc2cc(F)ccc12,1
Cc1c(S(=O)(=O)N[C@H]2C[C@H](C)N(CCCc3noc4cc(F)ccc34)C2)sc2ccc(Cl)cc12,1
C[C@H]1C[C@H](NS(=O)(=O)c2cc3ccccc3s2)CN1CCCc1noc2cc(F)ccc12,1
C[C@H]1C[C@H](NS(=O)(=O)c2cc3ccc(Cl)cc3s2)CN1CCCc1noc2cc(F)ccc12,1
O=C(NCCCCN1CCO[C@@H]2c3ccccc3OC[C@H]21)c1ccc(Cl)cc1,1
COc1ccc2c(c1)[C@H]1OCCN(CCCCNC(=O)c3ccccc3)[C@@H]1CO2,1
COc1ccc(C(=O)NCCCCN2CCO[C@@H]3c4ccccc4OC[C@H]32)cc1,1
COc1ccc2c(c1)[C@H]1OCCN(CCCCNC(=O)c3ccc([N+](=O)[O-])cc3)[C@@H]1CO2,1
O=C(NCCCCN1CCO[C@@H]2c3ccccc3OC[C@H]21)c1cccc(Cl)c1,1
COc1ccc(C(=O)NCCCCN2CCO[C@@H]3c4cc(OC)ccc4OC[C@H]32)cc1,1
COc1cc(C(=O)NCCCCN2CCO[C@@H]3c4ccccc4OC[C@H]32)cc(OC)c1OC,1
O=C(NCCCCN1CCO[C@@H]2c3ccccc3OC[C@H]21)c1ccccc1,1
COc1ccc2c(c1)[C@H]1OCCN(CCCCNC(=O)c3cccc(Cl)c3)[C@@H]1CO2,1
COc1ccccc1C(=O)NCCCCN1CCO[C@@H]2c3ccccc3OC[C@H]21,1
O=C(NCCCCN1CCO[C@@H]2c3ccccc3OC[C@H]21)c1ccc(Br)cc1,1
COc1ccc2c(c1)[C@H]1OCCN(CCCCNC(=O)c3ccc(Br)cc3)[C@@H]1CO2,1
O=C(NCCCCN1CCO[C@@H]2c3ccccc3OC[C@H]21)c1ccc([N+](=O)[O-])cc1,1
COc1ccc2c(c1)[C@H]1OCCN(CCCCNC(=O)c3cc(OC)c(OC)c(OC)c3)[C@@H]1CO2,1
COc1ccc2c(c1)[C@H]1OCCN(CCCCNC(=O)c3ccc(Cl)cc3)[C@@H]1CO2,1
CSc1ccccc1N1CCN(CCCCCC(=O)NC2CCCc3ccccc32)CC1,1
CC(C)c1ccccc1N1CCN(CCCCCC(=O)NC2CCCc3ccccc32)CC1,1
COc1ccccc1N1CCN(CCCCCC(=O)NC2CCCc3ccccc32)CC1,1
CN(C)c1ccccc1N1CCN(CCCCCC(=O)NC2CCCc3ccccc32)CC1,1
O=C(CCCCCN1CCN(c2ccccc2Cl)CC1)NC1CCCc2ccccc21,1
CCCCc1ccccc1N1CCN(CCCCCC(=O)NC2CCCc3ccccc32)CC1,1
CC(=O)c1ccccc1N1CCN(CCCCCC(=O)NC2CCCc3ccccc32)CC1,1
CNc1ccccc1N1CCN(CCCCCC(=O)NC2CCCc3ccccc32)CC1,1
CCCc1ccccc1N1CCN(CCCCCC(=O)NC2CCCc3ccccc32)CC1,1
Cc1ccccc1N1CCN(CCCCCC(=O)NC2CCCc3ccccc32)CC1,1
CCc1ccccc1N1CCN(CCCCCC(=O)NC2CCCc3ccccc32)CC1,1
N#Cc1ccccc1N1CCN(CCCCCC(=O)NC2CCCc3ccccc32)CC1,1
O=C(CCCCCN1CCN(c2ccccc2F)CC1)NC1CCCc2ccccc21,1
O=C(CCCCCN1CCN(c2ccccc2[N+](=O)[O-])CC1)NC1CCCc2ccccc21,1
O=C(CCCCCN1CCN(c2ccccc2O)CC1)NC1CCCc2ccccc21,1
Cn1c(SCCCN2C[C@H]3CCN(c4ccc(F)cc4)[C@H]3C2)nnc1-c1ccc(C(N)=O)nc1,1
Cn1c(SCCCN2CC3CCN(c4ccc(F)cc4)C3C2)nnc1-c1ccc(C(N)=O)nc1,1
Cn1c(SCCCN2C[C@H]3CCN(c4ccc(C(F)(F)F)cc4)[C@H]3C2)nnc1-c1ccc(C(N)=O)nc1,1
Cn1c(SCCCN2CC3CCN(c4ccc(C(F)(F)F)cc4)C3C2)nnc1-c1ccc(C(N)=O)nc1,1
Cn1c(SCCCN2CC3CCN(c4ccccc4C(F)(F)F)C3C2)nnc1-c1cccnc1,1
Cn1c(SCCCN2C[C@@H]3CCN(c4ccccc4C(F)(F)F)[C@@H]3C2)nnc1-c1cccnc1,1
Cn1c(SCCCN2C[C@H]3CCN(c4c(F)cc(F)cc4F)[C@H]3C2)nnc1-c1ccc(C(N)=O)nc1,1
Cn1c(SCCCN2C[C@H]3CCN(c4ccc(C(F)(F)F)cc4)[C@H]3C2)nnc1-c1cccnc1,1
Cn1c(SCCCN2C[C@@H]3CCN(c4ccc(F)cc4)[C@@H]3C2)nnc1-c1ccc(C(N)=O)nc1,1
Cn1c(SCCCN2CC3CCN(c4ccc(C(F)(F)F)cc4)C3C2)nnc1-c1cccnc1,1
Cn1c(SCCCN2CC3CCN(c4c(F)cccc4F)C3C2)nnc1-c1ccc(C(N)=O)nc1,1
Cn1c(SCCCN2CC3CCN(c4c(F)cc(F)cc4F)C3C2)nnc1-c1ccc(C(N)=O)nc1,1
Cn1c(SCCCN2C[C@@H]3CCN(c4c(F)cccc4F)[C@@H]3C2)nnc1-c1ccc(C(N)=O)nc1,1
Cn1c(SCCCN2C[C@H]3CCN(c4c(F)cccc4F)[C@H]3C2)nnc1-c1ccc(C(N)=O)nc1,1
O[C@]1(c2ccc(Cl)cc2)C[C@H]2CC[C@@H](C1)N2Cc1c[nH]c2ccccc12,1
OC1(c2ccc(Cl)cc2)CC2CCC(C1)N2Cc1c[nH]c2ccccc12,1
O[C@@]1(c2ccc(Cl)c(Cl)c2)C[C@H]2CC[C@@H](C1)N2Cc1c[nH]c2ccccc12,1
OC1(c2ccc(Cl)c(Cl)c2)CC2CCC(C1)N2Cc1c[nH]c2ccccc12,1
COc1ccc2[nH]cc(CN3C4CCC3CC(O)(c3ccc(Cl)cc3)C4)c2c1,1
COc1ccc2[nH]cc(CN3[C@@H]4CC[C@H]3C[C@](O)(c3ccc(Cl)cc3)C4)c2c1,1
O[C@@]1(c2ccc(F)cc2)C[C@H]2CC[C@@H](C1)N2Cc1c[nH]c2ccccc12,1
OC1(c2ccc(F)cc2)CC2CCC(C1)N2Cc1c[nH]c2ccccc12,1
OC1(c2cccc(Cl)c2Cl)CC2CCC(C1)N2Cc1c[nH]c2ccccc12,1
O[C@@]1(c2cccc(Cl)c2Cl)C[C@H]2CC[C@@H](C1)N2Cc1c[nH]c2ccccc12,1
COc1ccc2[nH]cc(CN3C4CCC3CC(O)(c3ccc(SC)cc3)C4)c2c1,1
COc1ccc2[nH]cc(CN3[C@@H]4CC[C@H]3C[C@](O)(c3ccc(SC)cc3)C4)c2c1,1
CSc1ccc(C2(O)CC3CCC(C2)N3Cc2c[nH]c3ccccc23)cc1,1
CSc1ccc([C@]2(O)C[C@H]3CC[C@@H](C2)N3Cc2c[nH]c3ccccc23)cc1,1
CCOc1ccccc1N1CCN(CCCCCCN2C(=O)c3cccc4cccc2c34)CC1,1
O=C1c2cccc3cccc(c23)N1CCCCCCN1CCN(c2ccccc2Cl)CC1,1
O=C1c2cccc3cccc(c23)N1CCCCCCN1CCN(c2cccc(Cl)c2)CC1,1
O=C1c2cccc3cccc(c23)N1CCCCCCN1CCN(c2cccc(Cl)c2Cl)CC1,1
COc1cccc(N2CCN(CCCCCCN3C(=O)c4cccc5cccc3c45)CC2)c1,1
O=C1c2cccc3cccc(c23)N1CCCCCCN1CCN(c2ccccc2C(F)(F)F)CC1,1
COc1ccc(N2CCN(CCCCCCN3C(=O)c4cccc5cccc3c45)CC2)cc1,1
O=C1c2cccc3cccc(c23)N1CCCCCCN1CCN(c2ccc(Cl)cc2)CC1,1
O=C1c2cccc3cccc(c23)N1CCCCCCN1CCN(c2ccc(Br)cc2)CC1,1
O=C1c2cccc3cccc(c23)N1CCCCCCN1CCN(c2ccc(Cl)c(Cl)c2)CC1,1
O=C1c2cccc3cccc(c23)N1CCCCCCN1CCN(c2ccccc2F)CC1,1
O=C1c2cccc3cccc(c23)N1CCCCCCN1CCN(c2ccccc2[N+](=O)[O-])CC1,1
O=C1c2cccc3cccc(c23)N1CCCCCCN1CCN(c2cccc(C(F)(F)F)c2)CC1,1
O=C1c2cccc3cccc(c23)N1CCCCCCN1CCN(c2ccc(C(F)(F)F)cc2)CC1,1
Cn1c(-c2ccccc2)cn(C2CCN(Cc3ccccc3)CC2)c1=O,1
Cc1c(-c2ccccc2)n(C)c(=O)n1C1CCN(Cc2ccccc2)CC1,1
CCc1c(-c2ccccc2)[nH]c(=O)n1C1CCN(Cc2ccccc2)CC1,1
Cc1c(-c2ccccc2Cl)[nH]c(=O)n1C1CCN(Cc2ccccc2)CC1,1
Cc1ccc(-c2[nH]c(=O)n(C3CCN(Cc4ccccc4)CC3)c2C)cc1,1
Cc1c(-c2ccccc2)[nH]c(=O)n1C1CCN(Cc2ccccc2)CC1,1
Cc1c(-c2ccccc2)[nH]c(=O)n1C1CCN(Cc2ccc(Cl)cc2)CC1,1
Cc1c(-c2cccc(Cl)c2)[nH]c(=O)n1C1CCN(Cc2ccccc2)CC1,1
O=c1[nH]c(-c2ccccc2)cn1C1CCN(Cc2ccccc2)CC1,1
Cc1cccc(CN2CCC(n3c(C)c(-c4ccccc4)[nH]c3=O)CC2)c1,1
COc1ccc(-c2[nH]c(=O)n(C3CCN(Cc4ccccc4)CC3)c2C)cc1,1
Cc1c(-c2ccc(Cl)cc2)[nH]c(=O)n1C1CCN(Cc2ccccc2)CC1,1
Cc1c(-c2ccc(F)cc2)[nH]c(=O)n1C1CCN(Cc2ccccc2)CC1,1
COc1cccc(CN2CCC(n3c(C)c(-c4ccccc4)[nH]c3=O)CC2)c1,1
CCOc1ccccc1N1CCN(CC(O)CN2C(=O)NC(C)(c3ccc(F)cc3)C2=O)CC1,1
COc1ccccc1N1CCN(CC(O)CN2C(=O)NC(C)(c3ccc(Br)cc3)C2=O)CC1,1
COc1ccccc1N1CCN(CC(O)CN2C(=O)NC(C)(c3cccc(F)c3)C2=O)CC1,1
COc1ccccc1N1CCN(CC(O)CN2C(=O)NC(C)(c3ccccc3F)C2=O)CC1,1
CC1(c2ccc(F)cc2)NC(=O)N(CC(O)CN2CCN(c3cccc(Cl)c3Cl)CC2)C1=O,1
CCOc1ccccc1N1CCN(CC(O)CN2C(=O)NC(C)(c3ccccc3)C2=O)CC1,1
COc1ccccc1N1CCN(CC(O)CN2C(=O)NC(C)(c3ccc(Cl)cc3)C2=O)CC1,1
CC1(c2ccc(Br)cc2)NC(=O)N(CC(O)CN2CCN(c3ccccc3C#N)CC2)C1=O,1
COc1ccccc1N1CCN(CC(O)CN2C(=O)NC(C)(c3ccc(F)cc3)C2=O)CC1,1
COc1ccc(C2(C)NC(=O)N(CC(O)CN3CCN(c4ccccc4C#N)CC3)C2=O)cc1,1
CC1(c2ccc(F)cc2)NC(=O)N(CC(O)CN2CCN(c3ccccc3Cl)CC2)C1=O,1
COc1ccccc1N1CCN(CC(O)CN2C(=O)NC(C)(c3ccc(C)cc3)C2=O)CC1,1
CC1(c2ccc(F)cc2)NC(=O)N(CC(O)CN2CCN(c3ccccc3C#N)CC2)C1=O,1
CCCN(CCC)[C@@H]1CCc2c(ccc(CCc3ccc(C(F)(F)F)cc3)c2OC)C1,1
CCCN(CCC)[C@@H]1CCc2c(ccc(CCc3ccc(Cl)cc3)c2OC)C1,1
CCCN(CCC)[C@H]1CCc2cc(CCc3ccc(Cl)cc3)ccc2C1,1
CCCN(CCC)C1CCc2cc(CCc3ccc(OC)cc3)ccc2C1,1
CCCN(CCC)C1CCc2cc(CCc3ccc(C(=O)OCC)cc3)ccc2C1,1
CCCN(CCC)[C@@H]1CCc2cc(CCc3ccc(/C(C)=N\O)cc3)ccc2C1,1
CCCN(CCC)C1CCc2cc(CCc3ccc(O)cc3)ccc2C1,1
CCCN(CCC)[C@@H]1CCc2c(ccc(C(O)Cc3ccc(Cl)cc3)c2OC)C1,1
CCCN(CCC)C1CCc2cc(CCc3ccccc3)ccc2C1,1
CCCN(CCC)[C@@H]1CCc2cc(CCc3ccc(Cl)cc3)ccc2C1,1
CCCN(CCC)[C@@H]1CCc2c(ccc(C(O)Cc3ccc(Cl)cc3)c2OC)[C@@H]1C,1
CCCN(CCC)[C@@H]1CCc2cc(CCc3ccc(C(C)=O)cc3)ccc2C1,1
CCCN(CCC)C1CCc2cc(CCc3ccc(/C(C)=N\O)cc3)ccc2C1,1
CCc1c(-c2ccccc2)nc(O)n1C1CCN(Cc2ccccc2)CC1,1
Cc1c(-c2ccccc2Cl)nc(O)n1C1CCN(Cc2ccccc2)CC1,1
Cc1ccc(-c2nc(O)n(C3CCN(Cc4ccccc4)CC3)c2C)cc1,1
Cc1c(-c2ccccc2)nc(O)n1C1CCN(Cc2ccccc2)CC1,1
Cc1c(-c2ccccc2)nc(O)n1C1CCN(Cc2ccc(Cl)cc2)CC1,1
Cc1c(-c2cccc(Cl)c2)nc(O)n1C1CCN(Cc2ccccc2)CC1,1
Oc1nc(-c2ccccc2)cn1C1CCN(Cc2ccccc2)CC1,1
Cc1cccc(CN2CCC(n3c(O)nc(-c4ccccc4)c3C)CC2)c1,1
COc1ccc(-c2nc(O)n(C3CCN(Cc4ccccc4)CC3)c2C)cc1,1
Cc1c(-c2ccc(Cl)cc2)nc(O)n1C1CCN(Cc2ccccc2)CC1,1
Cc1c(-c2ccc(F)cc2)nc(O)n1C1CCN(Cc2ccccc2)CC1,1
c1ccc(CN2CCC(n3cnc(-c4ccccc4)c3)CC2)cc1,1
COc1cccc(CN2CCC(n3c(O)nc(-c4ccccc4)c3C)CC2)c1,1
O=C(NCCCCN1CCN(c2cccc(Cl)c2Cl)CC1)c1cnc2ccccc2c1,1
COc1ccccc1N1CCN(CCCCNC(=O)c2cnc3ccc(F)cc3c2)CC1,1
O=C(NCCCCN1CCN(c2cccc(Cl)c2Cl)CC1)c1cnc2ccc(F)cc2c1,1
COc1c(Cl)cccc1N1CCN(CCCCNC(=O)c2cnc3ccccc3c2)CC1,1
O=C(NCC[C@@H](O)CN1CCN(c2cccc(Cl)c2Cl)CC1)c1cnc2ccccc2c1,1
O=C(NCCC(O)CN1CCN(c2cccc(Cl)c2Cl)CC1)c1cnc2ccccc2c1,1
O=C(NCC[C@H](O)CN1CCN(c2cccc(Cl)c2Cl)CC1)c1cnc2ccccc2c1,1
COc1ccccc1N1CCN(CC(O)CCNC(=O)c2cnc3ccc(F)cc3c2)CC1,1
COc1ccccc1N1CCN(CC(O)CCNC(=O)c2cnc3ccc(C)cc3c2)CC1,1
COc1ccc2ncc(C(=O)NCCC(O)CN3CCN(c4ccccc4OC)CC3)cc2c1,1
O=C(NCCC(O)CN1CCN(c2cccc(Cl)c2Cl)CC1)c1cnc2ccc(F)cc2c1,1
COc1c(Cl)cccc1N1CCN(CC(O)CCNC(=O)c2cnc3ccccc3c2)CC1,1
COc1ccccc1N1CCN(CC(O)CCNC(=O)c2cnc3ccccc3c2)CC1,1
COc1cc2c(cc1O)[C@@H]1Cc3sc(CC(C)C)cc3CN1CC2,1
COc1cc2c(cc1O)[C@@H]1Cc3sc(CCCCCl)cc3CN1CC2,1
COc1cc2c(cc1O)[C@@H]1Cc3sc(CC(C)Cl)cc3CN1CC2,1
CCCCc1cc2c(s1)C[C@H]1c3cc(O)c(OC)cc3CCN1C2,1
COc1cc2c(cc1O)[C@@H]1Cc3sc(CCCCl)cc3CN1CC2,1
CCC(C)Cc1cc2c(s1)C[C@H]1c3cc(O)c(OC)cc3CCN1C2,1
COc1cc2c(cc1O)[C@@H]1Cc3sc(CCCl)cc3CN1CC2,1
CCCc1cc2c(s1)C[C@H]1c3cc(O)c(OC)cc3CCN1C2,1
CCc1cc2c(s1)C[C@H]1c3cc(O)c(OC)cc3CCN1C2,1
CCCCCc1cc2c(s1)C[C@H]1c3cc(O)c(OC)cc3CCN1C2,1
COc1cc2c(cc1O)[C@@H]1Cc3sc(CCC(C)C)cc3CN1CC2,1
COc1cc2c(cc1O)[C@@H]1Cc3sccc3CN1CC2,1
COc1cc2c(cc1O)[C@@H]1Cc3sc(CC(C)(C)C)cc3CN1CC2,1
O=C1N(CCN2Cc3ccccc3C2)CCN1c1cc(Cl)cc(Cl)c1,1
O=C1N(CCN2Cc3ccccc3C2)CCN1c1cc(F)cc(Cl)c1,1
O=C1N(CCN2Cc3ccccc3C2)CCN1c1cccc(OC(F)(F)F)c1,1
O=C1N(CCN2Cc3ccccc3C2)CCN1c1cccc(C(F)(F)F)c1,1
CC(C)c1cccc(N2CCN(CCN3Cc4ccccc4C3)C2=O)c1,1
N#Cc1cccc(N2CCN(CCN3Cc4ccccc4C3)C2=O)c1,1
O=C1N(CCN2Cc3ccccc3C2)CCN1c1cccc(Cl)c1,1
O=C1N(CCN2Cc3ccccc3C2)CCN1c1cc(Cl)ccc1F,1
O=C1N(CCN2Cc3ccccc3C2)CCN1c1ccc(F)c(Cl)c1,1
O=C1N(CCN2Cc3ccccc3C2)CCN1c1ccc(Cl)c(Cl)c1,1
CC(C)Oc1cccc(N2CCN(CCN3Cc4ccccc4C3)C2=O)c1,1
CC(C)(C)c1ccc(N2CCN(CCN3Cc4ccccc4C3)C2=O)cc1,1
N#Cc1cc(N2CCN(CCN3Cc4ccccc4C3)C2=O)ccc1F,1
CCN(Cc1ccc(C)cc1)Cc1ccc(-c2cc(S(=O)(=O)CC)ccc2OC)[nH]1,1
CCN(Cc1ccccc1)Cc1ccc(-c2cc(S(=O)(=O)CC)ccc2OC)[nH]1,1
CCN(Cc1ccc(Cl)cc1)Cc1ccc(-c2cc(S(=O)(=O)CC)ccc2OC)[nH]1,1
CCN(Cc1ccc(OC)cc1)Cc1ccc(-c2cc(S(=O)(=O)CC)ccc2OC)[nH]1,1
CCN(Cc1ccc(-c2cc(S(=O)(=O)CC)ccc2OC)[nH]1)Cc1ccccc1C,1
CCN(Cc1ccc(-c2cc(S(=O)(=O)CC)ccc2OC)[nH]1)[C@H](C)c1ccccc1,1
CCN(Cc1cccc(C)c1)Cc1ccc(-c2cc(S(=O)(=O)CC)ccc2OC)[nH]1,1
CCN(Cc1cccc(Cl)c1)Cc1ccc(-c2cc(S(=O)(=O)CC)ccc2OC)[nH]1,1
CCN(Cc1ccc(-c2cc(S(=O)(=O)CC)ccc2OC)[nH]1)Cc1ccccc1OC,1
CCN(Cc1ccc(-c2cc(S(=O)(=O)CC)ccc2OC)[nH]1)Cc1ccccc1Cl,1
CCN(Cc1ccc(-c2cc(S(=O)(=O)CC)ccc2OC)[nH]1)[C@@H](C)c1ccccc1,1
CCN(Cc1ccc(OC)c(OC)c1)Cc1ccc(-c2cc(S(=O)(=O)CC)ccc2OC)[nH]1,1
CCN(Cc1cccc(OC)c1)Cc1ccc(-c2cc(S(=O)(=O)CC)ccc2OC)[nH]1,1
Cc1ccc(C(=O)NCN2CCN(c3ccccc3Cl)CC2)cc1,1
O=C(NCN1CCN(c2ccccc2Cl)CC1)c1ccc(Cl)cc1,1
COc1ccccc1N1CCN(CNC(=O)c2ccc(C)cc2)CC1,1
O=C(NCN1CCN(c2ccccc2Cl)CC1)c1ccccc1,1
COc1ccccc1N1CCN(CNC(=O)c2ccc(Cl)cc2)CC1,1
O=C(NCN1CCN(c2ccccc2Cl)CC1)c1cccc(Cl)c1,1
Cc1ccc(C(=O)NCN2CCN(c3ccccc3C#N)CC2)cc1,1
COc1ccccc1N1CCN(CNC(=O)c2cccc(Cl)c2)CC1,1
Cc1cccc(C(=O)NCN2CCN(c3ccccc3Cl)CC2)c1,1
N#Cc1ccccc1N1CCN(CNC(=O)c2ccc(Cl)cc2)CC1,1
COc1ccccc1N1CCN(CNC(=O)c2cccc(C)c2)CC1,1
N#Cc1ccccc1N1CCN(CNC(=O)c2cccc(Cl)c2)CC1,1
C1=C(c2c[nH]c3ccccc23)CCN(Cc2ccccc2)C1,1
COc1cccc(CN2CC=C(c3c[nH]c4ccccc34)CC2)c1,1
COc1ccc2[nH]cc(C3=CCN(Cc4ccccc4)CC3)c2c1,1
COc1ccc(CN2CC=C(c3c[nH]c4ccccc34)CC2)cc1,1
CCOc1ccc2[nH]cc(C3=CCN(Cc4cccc(OC)c4)CC3)c2c1,1
COc1cccc(CN2CC=C(c3c[nH]c4ccc(OC)cc34)CC2)c1,1
CCOc1ccc2[nH]cc(C3=CCN(Cc4ccc(OC)cc4)CC3)c2c1,1
COc1ccc(CN2CC=C(c3c[nH]c4ccc(OC)cc34)CC2)cc1,1
CCOc1ccc2[nH]cc(C3=CCN(Cc4ccccc4)CC3)c2c1,1
COc1ccc(CN2CC=C(c3c[nH]c4ccc(OC(C)C)cc34)CC2)cc1,1
COc1cccc(CN2CC=C(c3c[nH]c4ccc(OC(C)C)cc34)CC2)c1,1
CC(C)Oc1ccc2[nH]cc(C3=CCN(Cc4ccccc4)CC3)c2c1,1
CN1CCc2cc(Cl)c(O)cc2[C@H](c2ccccc2)C1,1
Oc1cc2c(c(Br)c1O)CCNCC2c1ccccc1,1
C=CCN1CCc2c(cc(O)c(O)c2Cl)C(c2ccccc2)C1,1
CN1CCc2c(cc(O)c(O)c2Cl)C(c2ccccc2)C1,1
Oc1cc2c(c(Cl)c1O)CCNCC2c1ccccc1,1
C=CCN1CCc2c(cc(O)c(O)c2Br)[C@@H](c2ccccc2)C1,1
CN1CCc2cc(Cl)c(O)cc2[C@@H](c2ccccc2)C1,1
CN1CCc2c(cc(O)c(O)c2Br)C(c2ccccc2)C1,1
C=CCN1CCc2c(cc(O)c(O)c2Cl)[C@@H](c2ccccc2)C1,1
C=CCN1CCc2cc(O)c(O)cc2C(c2ccccc2)C1,1
C=CCN1CCc2cc(Br)c(O)cc2C(c2ccccc2)C1,1
Oc1ccc(C2CNCCc3c2cc(O)c(O)c3Cl)cc1,1
CNc1cc(OC)c(C(=O)NC[C@@H]2CN(Cc3ccccc3)C[C@H]2C)cc1Cl,1
CNc1cc(OC)c(C(=O)NC[C@@H]2CN(Cc3ccccc3)C[C@@H]2C)cc1Cl,1
CCC[C@@H]1CN(Cc2ccccc2)C[C@H]1CNC(=O)c1cc(Cl)c(NC)cc1OC,1
CCC[C@H]1CN(Cc2ccccc2)C[C@H]1CNC(=O)c1cc(Cl)c(NC)cc1OC,1
CNc1cc(OC)c(C(=O)NC[C@@H]2CCN(Cc3ccccc3)C2)cc1Cl,1
CNc1cc(OC)c(C(=O)NC[C@H]2CN(Cc3ccccc3)C[C@H]2C)cc1Cl,1
CNc1cc(OC)c(C(=O)NC[C@H]2CCN(Cc3ccccc3)C2)cc1Cl,1
CNc1cc(OC)c(C(=O)NC[C@H]2CN(Cc3ccccc3)C[C@@H]2C)cc1Cl,1
CCC[C@@H]1CN(Cc2ccccc2)C[C@@H]1CNC(=O)c1cc(Cl)c(NC)cc1OC,1
CCC[C@H]1CN(Cc2ccccc2)C[C@@H]1CNC(=O)c1cc(Cl)c(NC)cc1OC,1
COc1cc(N)c(Cl)cc1C(=O)NC[C@H]1CCN(Cc2ccccc2)C1,1
COc1cc(N)c(Cl)cc1C(=O)NC[C@@H]1CCN(Cc2ccccc2)C1,1
CCCN(CCN1CCN(c2ccccc2OC)CC1)C1CCc2c(O)cccc2C1,1
CCCN(CCN1CCN(c2cccc(Cl)c2Cl)CC1)C1CCc2c(O)cccc2C1,1
CCCN(CCN1CCN(c2ccccc2)CC1)[C@@H]1CCc2c(O)cccc2C1,1
CCCN(CCN1CCN(c2ccccc2)CC1)C1CCc2c(O)cccc2C1,1
CCCN(CCN1CCN(c2ccccc2)CC1)[C@H]1CCc2c(O)cccc2C1,1
CCCN(CCN1CCN(c2cccc(Cl)c2Cl)CC1)C1CCc2ccc(O)cc2C1,1
CCCN(CCN1CCN(c2ccccc2)CC1)[C@@H]1CCc2ccc(O)cc2C1,1
CCCN(CCN1CCN(c2ccccc2)CC1)C1CCc2cc(O)c(O)cc2C1,1
CCCN(CCN1CCN(c2ccccc2)CC1)C1CCc2ccc(O)cc2C1,1
C#CCN(CCN1CCN(c2ccccc2)CC1)C1CCc2ccc(O)cc2C1,1
CCCN(CCN1CCN(c2ccccc2)CC1)C1CCc2ccc(N)cc2C1,1
CCCN(CCN1CCN(c2ccccc2)CC1)C1CCc2cc(O)ccc2C1,1
CO[C@]1(C)c2cccc3c2-c2c1ccc1c2[C@@H](C3)N(C)CC1,1
C[C@@H]1c2cccc3c2-c2c1ccc1c2[C@@H](C3)N(C)CC1,1
CN1CCc2ccc3c4c2[C@H]1Cc1cccc(c1-4)[C@H]3O,1
CCO[C@@]1(CC)c2cccc3c2-c2c1ccc1c2[C@@H](C3)N(C)CC1,1
CN1CCc2ccc3c4c2[C@H]1Cc1cccc(c1-4)[C@]3(C)O,1
C[C@H]1c2cccc3c2-c2c1ccc1c2[C@@H](C3)N(C)CC1,1
CCO[C@]1(CC)c2cccc3c2-c2c1ccc1c2[C@@H](C3)N(C)CC1,1
CO[C@@]1(C)c2cccc3c2-c2c1ccc1c2[C@@H](C3)N(C)CC1,1
CN1CCc2ccc3c4c2[C@H]1Cc1cccc(c1-4)C3,1
CN1CCc2ccc3c4c2[C@H]1Cc1cccc(c1-4)[C@@]3(C)O,1
CN1CCc2ccc3c4c2[C@H]1Cc1cccc(c1-4)[C@@H]3O,1
CN1CCc2ccc3c4c2[C@H]1Cc1cccc(c1-4)[C@H]3N,1
O=C1c2ccc(F)cc2C(=O)N1CCCCCN1CC=C(c2c[nH]c3ccc(F)cc23)CC1,1
O=C1c2cccc(F)c2C(=O)N1CCCCCN1CC=C(c2c[nH]c3ccc(F)cc23)CC1,1
Cc1ccc2c(c1)C(=O)N(CCCCCN1CC=C(c3c[nH]c4ccc(F)cc34)CC1)C2=O,1
O=C1c2ccccc2C(=O)N1CCCCCN1CC=C(c2c[nH]c3ccc(Cl)cc23)CC1,1
O=C1c2cccc(F)c2C(=O)N1CCCCCN1CC=C(c2c[nH]c3ccccc23)CC1,1
O=C1c2ccccc2C(=O)N1CCCCCN1CC=C(c2c[nH]c3ccccc23)CC1,1
Cc1cccc2c1C(=O)N(CCCCCN1CC=C(c3c[nH]c4ccc(F)cc34)CC1)C2=O,1
Cc1cccc2c(C3=CCN(CCCCCN4C(=O)c5ccccc5C4=O)CC3)c[nH]c12,1
O=C1c2ccc(F)cc2C(=O)N1CCCCCN1CC=C(c2c[nH]c3ccccc23)CC1,1
Cc1ccc2c(c1)C(=O)N(CCCCCN1CC=C(c3c[nH]c4ccccc34)CC1)C2=O,1
Cc1cccc2c1C(=O)N(CCCCCN1CC=C(c3c[nH]c4ccccc34)CC1)C2=O,1
Clc1ccc2c(CCCN3CCN(c4cccc5c4OCCO5)CC3)c[nH]c2c1,1
Fc1cccc2[nH]cc(CCCN3CCN(c4cccc5c4OCCO5)CC3)c12,1
Fc1cccc2c(CCCN3CCN(c4cccc5c4OCCO5)CC3)c[nH]c12,1
Cc1ccc2[nH]cc(CCCN3CCN(c4cccc5c4OCCO5)CC3)c2c1,1
Fc1ccc2c(CCCN3CCN(c4cccc5c4OCCO5)CC3)c[nH]c2c1,1
COc1ccc2[nH]cc(CCCN3CCN(c4cccc5c4OCCO5)CC3)c2c1,1
Clc1cccc2c(CCCN3CCN(c4cccc5c4OCCO5)CC3)c[nH]c12,1
Cc1cccc2c(CCCN3CCN(c4cccc5c4OCCO5)CC3)c[nH]c12,1
Fc1ccc2[nH]cc(CCCN3CCN(c4cccc5c4OCCO5)CC3)c2c1,1
c1cc2c(c(N3CCN(CCCc4c[nH]c5ccccc45)CC3)c1)OCCO2,1
Clc1cccc2[nH]cc(CCCN3CCN(c4cccc5c4OCCO5)CC3)c12,1
Clc1ccc2[nH]cc(CCCN3CCN(c4cccc5c4OCCO5)CC3)c2c1,1
COc1ccccc1N1CCN(CCCCCCN2C(=O)c3ccccc3S2(=O)=O)CC1,1
O=C1c2ccccc2S(=O)(=O)N1CCCCCCN1CCN(c2cccc(C(F)(F)F)c2)CC1,1
O=C1c2ccccc2S(=O)(=O)N1CCCCCCN1CCN(c2ccccc2F)CC1,1
O=C1c2ccccc2S(=O)(=O)N1CCCCCCN1CCN(c2ccccc2C(F)(F)F)CC1,1
O=C1c2ccccc2S(=O)(=O)N1CCCCCCN1CCN(c2ccc(Cl)cc2)CC1,1
O=C1c2ccccc2S(=O)(=O)N1CCCCCCN1CCN(c2cccc(Cl)c2)CC1,1
O=C1c2ccccc2S(=O)(=O)N1CCCCCCN1CCN(c2ccccc2Cl)CC1,1
O=C1c2ccccc2S(=O)(=O)N1CCCCCCN1CCN(c2ccccc2)CC1,1
O=C1c2ccccc2S(=O)(=O)N1CCCCCCN1CCN(c2ccc(Cl)c(Cl)c2)CC1,1
COc1cccc(N2CCN(CCCCCCN3C(=O)c4ccccc4S3(=O)=O)CC2)c1,1
O=C1c2ccccc2S(=O)(=O)N1CCCCCCN1CCN(c2cccc(Cl)c2Cl)CC1,1
COc1ccc(N2CCN(CCCCCCN3C(=O)c4ccccc4S3(=O)=O)CC2)cc1,1
C=CCN1CC[C@@H]2Cc3c(O)cccc3C[C@H]21,1
CCCN1CC[C@@H]2Cc3c(O)cccc3C[C@H]21,1
C=CCN1CCC2Cc3c(O)cccc3C[C@H]21,1
CCCN1CCC2Cc3c(O)cccc3C[C@H]21,1
CCCN1CCC2Cc3c(O)cccc3CC21,1
CCCN1CC[C@@H]2Cc3c(cccc3OC)C[C@H]21,1
CCCN1CCC2Cc3c(cccc3OC)C[C@H]21,1
C=CCN1CC[C@H]2Cc3c(O)cccc3C[C@H]21,1
C=CCN1CC[C@H]2Cc3c(O)cccc3C[C@@H]21,1
CCCN1[C@@H](C)C[C@@H]2Cc3cccc(OC)c3C[C@@H]21,1
CCCN1CC[C@H]2Cc3c(O)cccc3C[C@@H]21,1
CCCN1CC[C@H]2Cc3c(O)cccc3C[C@H]21,1
CN1CCN(C2Cc3ccccc3Sc3ccc(Cl)cc32)CC1,1
CN1CCN([C@H]2Cc3ccccc3Sc3ccc(Cl)cc32)CC1,1
CN1CCN(C2Cc3ccccc3Sc3ccc(C#N)cc32)CC1,1
CC(=O)NCc1ccc2c(c1)[C@@H](N1CCN(C)CC1)Cc1ccccc1S2,1
CC(C)C(=O)NCc1ccc2c(c1)[C@@H](N1CCN(C)CC1)Cc1ccccc1S2,1
CN1CCN(C2Cc3ccccc3Sc3ccc(CNC(=O)C(C)(C)C)cc32)CC1,1
CC(=O)NCc1ccc2c(c1)C(N1CCN(C)CC1)Cc1ccccc1S2,1
CN1CCN([C@@H]2Cc3ccccc3Sc3ccc(Cl)cc32)CC1,1
CC(C)C(=O)NCc1ccc2c(c1)C(N1CCN(C)CC1)Cc1ccccc1S2,1
CC(=O)NCc1ccc2c(c1)[C@H](N1CCN(C)CC1)Cc1ccccc1S2,1
CC(C)C(=O)NCc1ccc2c(c1)[C@H](N1CCN(C)CC1)Cc1ccccc1S2,1
CN1CCN(C2Cc3ccccc3Sc3ccc(CN)cc32)CC1,1
CCO/N=C/c1cccc2c1CC[C@H]1[C@H]2c2cc(O)c(Cl)cc2CCN1C,1
CN1CCc2cc(Cl)c(O)cc2[C@H]2c3cccc(C(=O)O)c3CC[C@@H]21,1
CN1CCc2cc(Cl)c(O)cc2[C@H]2c3cccc(O)c3CC[C@@H]21,1
CO/N=C/c1cccc2c1CC[C@H]1[C@H]2c2cc(O)c(Cl)cc2CCN1C,1
CCC(=O)Nc1cccc2c1CC[C@H]1[C@H]2c2cc(O)c(Cl)cc2CCN1C,1
CCS(=O)(=O)Nc1cccc2c1CC[C@H]1[C@H]2c2cc(O)c(Cl)cc2CCN1C,1
CN1CCc2cc(Cl)c(O)cc2[C@H]2c3cccc(CN=O)c3CC[C@@H]21,1
CN1CCc2cc(Cl)c(O)cc2[C@H]2c3cccc(/C=N/O)c3CC[C@@H]21,1
CCNC(=O)Nc1cccc2c1CC[C@H]1[C@H]2c2cc(O)c(Cl)cc2CCN1C,1
COC(=O)c1cccc2c1CC[C@H]1[C@H]2c2cc(O)c(Cl)cc2CCN1C,1
CN1CCc2cc(Cl)c(O)cc2[C@H]2c3ccccc3CC[C@@H]21,1
CCCN(CCCCNC(=O)c1ccc(-c2ccccc2)cc1)C1CCc2c(O)cccc2C1,1
CCCN(CCCCNC(=O)c1ccc(-c2ccccc2)cc1)C1CCc2c(C#N)cccc2C1,1
CN(CCCCNC(=O)c1ccc(-c2ccccc2)cc1)C1CCc2c(O)cccc2C1,1
CCCN(CCCCNC(=O)c1ccc(-c2ccccc2)cc1)C1CCc2c(cccc2OC)C1,1
CCCN(CCCCNC(=O)c1ccc(-c2ccccc2)cc1)C1CCc2c(Br)cccc2C1,1
CCCN(CCCCNC(=O)c1ccc(-c2ccccc2)cc1)C1CCc2c(cccc2OS(C)(=O)=O)C1,1
CCCN(CCCCNC(=O)c1ccc(-c2ccccc2)cc1)C1CCc2ccccc2C1,1
COc1cccc2c1CCC(N(C)CCCCNC(=O)c1ccc(-c3ccccc3)cc1)C2,1
CCCN(CCCCNC(=O)c1ccc(-c2ccccc2)cc1)C1CCc2c(cccc2OS(=O)(=O)C(F)(F)F)C1,1
CCCN(CCCCNC(=O)c1ccc(-c2ccccc2)cc1)C1CCc2c(Cl)cccc2C1,1
CCCN(CCCCNC(=O)c1ccc(-c2ccccc2)cc1)C1CCc2c(cccc2C(N)=O)C1,1
Cc1ccc(CN2CCC(CC(=O)N3c4ccccc4CC3C)CC2)cc1F,1
Cc1ccc(CN2CCC(CC(=O)N3c4ccccc4CC3C)CC2)cc1,1
CC1Cc2ccccc2N1C(=O)CC1CCN(Cc2cccc(F)c2)CC1,1
CC1Cc2ccccc2N1C(=O)CC1CCN(Cc2cccc(Cl)c2)CC1,1
CC1Cc2ccccc2N1C(=O)CC1CCN(Cc2ccc(F)cc2)CC1,1
CC1Cc2ccccc2N1C(=O)CC1CCN(Cc2ccc(Cl)cc2)CC1,1
COc1ccc(CN2CCC(CC(=O)N3c4ccccc4CC3C)CC2)cc1,1
Cc1cccc(CN2CCC(CC(=O)N3c4ccccc4CC3C)CC2)c1,1
Cc1ccc(CN2CCC(CC(=O)N3c4ccccc4CC3C)CC2)cc1C,1
CC1Cc2ccccc2N1C(=O)CC1CCN(Cc2ccc(F)cc2Cl)CC1,1
CC1Cc2ccccc2N1C(=O)CC1CCN(Cc2ccccc2Cl)CC1,1
N#Cc1ccc(C(=O)N[C@H]2CC[C@H](CCN3CCC(c4coc5ccccc45)CC3)CC2)cc1,1
O=C(N[C@H]1CC[C@H](CCN2CCC(c3coc4ccccc34)CC2)CC1)c1ccc(Cl)cc1,1
O=C(N[C@H]1CC[C@H](CCN2CCC(c3coc4ccccc34)CC2)CC1)c1ccccc1,1
O=C(N[C@H]1CC[C@H](CCN2CCC(c3coc4ccccc34)CC2)CC1)c1ccc(Cl)cc1Cl,1
O=C(N[C@H]1CC[C@H](CCN2CCC(c3coc4ccccc34)CC2)CC1)c1ccc(F)cc1,1
CS(=O)(=O)c1ccc(C(=O)N[C@H]2CC[C@H](CCN3CCC(c4coc5ccccc45)CC3)CC2)cc1,1
O=C(N[C@H]1CC[C@H](CCN2CCC(c3coc4ccccc34)CC2)CC1)c1ccc(C(F)(F)F)cc1,1
CC(C)(C)Oc1ccc(C(=O)N[C@H]2CC[C@H](CCN3CCC(c4coc5ccccc45)CC3)CC2)cc1,1
CCc1ccc(C(=O)N[C@H]2CC[C@H](CCN3CCC(c4coc5ccccc45)CC3)CC2)cc1,1
CC(C)Cc1ccc(C(=O)N[C@H]2CC[C@H](CCN3CCC(c4coc5ccccc45)CC3)CC2)cc1,1
CC(C)c1ccc(C(=O)N[C@H]2CC[C@H](CCN3CCC(c4coc5ccccc45)CC3)CC2)cc1,1
Oc1cccc(N2CCN(Cc3ccccc3)CC2)c1,1
COc1ccccc1N1CCN(Cc2cccc(OCCF)c2)CC1,1
C#CCOc1ccc(CN2CCN(c3ccccc3OC)CC2)cc1OC,1
COc1cc(CN2CCN(c3ccccc3OC)CC2)c(OCCF)cc1OC,1
COc1ccccc1N1CCN(Cc2ccc(OCCF)cc2)CC1,1
CCOc1ccccc1N1CCN(Cc2ccccc2)CC1,1
Clc1cccc(N2CCN(Cc3ccccc3)CC2)c1Cl,1
COc1cc(CN2CCN(c3ccccc3OC)CC2)ccc1OCCF,1
CS(=O)(=O)c1cccc(N2CCN(Cc3ccccc3)CC2)c1,1
FCCOc1cccc(CN2CCN(c3ccc(Cl)cc3)CC2)c1,1
COc1cc(CN2CCN(c3ccc(Cl)cc3)CC2)c(OCCF)cc1OC,1
COc1cc2c(cc1NS(=O)(=O)c1ccc(-c3ccc(Cl)cc3)cc1)CCN(C)CC2,1
CC(C)Oc1cc2c(cc1NS(=O)(=O)c1ccc(-c3ccc(Cl)cc3)cc1)CCN(C)CC2,1
Cc1cc2c(cc1NS(=O)(=O)c1ccc(-c3ccc(Cl)cc3)cc1)CCN(C)CC2,1
Cc1cc(S(=O)(=O)Nc2ccc3c(c2)CCN(C)CC3)ccc1-c1ccc(Cl)cc1,1
CN1CCc2cc(Cl)c(NS(=O)(=O)c3ccc(-c4ccc(Cl)cc4)cc3)cc2CC1,1
CC(C)Nc1cc2c(cc1NS(=O)(=O)c1ccc(-c3ccc(Cl)cc3)cc1)CCN(C)CC2,1
CN1CCc2ccc(NS(=O)(=O)c3ccc(-c4ccc(F)c(Cl)c4)cc3)cc2CC1,1
CN1CCc2cc(Br)c(NS(=O)(=O)c3ccc(-c4ccc(Cl)cc4)cc3)cc2CC1,1
CC(C)c1cc2c(cc1NS(=O)(=O)c1ccc(-c3ccc(Cl)cc3)cc1)CCN(C)CC2,1
CN1CCc2ccc(NS(=O)(=O)c3ccc(-c4ccc(Cl)cc4)cc3)cc2CC1,1
CN1CCc2ccc(NS(=O)(=O)c3ccc(-c4ccc(C#N)cc4)cc3)cc2CC1,1
O=C1CCc2ccc(OCCCCN3CCN(c4cccc(C(F)(F)F)c4Cl)CC3)nc2N1,1
Cc1cccc(N2CCN(CCCCOc3ccc4c(n3)NC(=O)CC4)CC2)c1Cl,1
O=C1CCc2ccc(OCCCCN3CCN(c4cccc(Cl)c4Cl)CC3)nc2N1,1
O=C1CCc2ccc(OCCCCN3CCN(c4cccc(Cl)c4F)CC3)nc2N1,1
COc1ccccc1N1CCN(CCCCOc2ccc3c(n2)NC(=O)CC3)CC1,1
Cc1cccc(N2CCN(CCCCOc3ccc4c(n3)NC(=O)CC4)CC2)c1C,1
O=C1CCc2ccc(OCCCCN3CCN(c4cccc(F)c4Cl)CC3)nc2N1,1
O=C1CCc2ccc(OCCCCN3CCN(c4cccc(Cl)c4C(F)(F)F)CC3)nc2N1,1
Cc1c(Cl)cccc1N1CCN(CCCCOc2ccc3c(n2)NC(=O)CC3)CC1,1
Cc1ccccc1N1CCN(CCCCOc2ccc3c(n2)NC(=O)CC3)CC1,1
O=C1CCc2ccc(OCCCCN3CCN(c4ccccc4Cl)CC3)nc2N1,1
COc1ccccc1N1CCN(CCCCNC(=O)c2cc3cc(I)ccc3s2)CC1,1
COc1ccccc1N1CCN(CCCCNC(=O)c2cc3ccccc3s2)CC1,1
O=C(NCCCCN1CCN(c2cccc(Cl)c2Cl)CC1)c1cc2ccccc2s1,1
Cc1ccc(C)c(N2CCN(CCCCNC(=O)c3cc4ccccc4s3)CC2)c1,1
COc1ccccc1N1CCN(CCCCNC(=O)c2cc3cc(C#N)ccc3s2)CC1,1
COc1ccccc1N1CCN(CCCCNC(=O)c2sc3ccccc3c2Cl)CC1,1
O=C(NCCCCN1CCN(c2cccc(Cl)c2Cl)CC1)c1cc2cc(I)ccc2s1,1
C#Cc1ccc2cc(C(=O)NCCCCN3CCN(c4ccccc4OC)CC3)sc2c1,1
COc1ccccc1N1CCN(CC(F)CCNC(=O)c2cc3ccccc3s2)CC1,1
C#Cc1ccc2sc(C(=O)NCCCCN3CCN(c4ccccc4OC)CC3)cc2c1,1
O=C(NCCC(F)CN1CCN(c2cccc(Cl)c2Cl)CC1)c1cc2ccccc2s1,1
O=C1N(CCN2CCCCCC2)CCN1c1cc(Cl)cc(Cl)c1,1
O=C1N(CCN2CCCCCC2)CCN1c1cccc(C(F)(F)F)c1,1
O=C1N(CCN2CCCCCC2)CCN1c1cccc(F)c1,1
O=C1N(CCN2CCCCCC2)CCN1c1ccccc1,1
O=C1N(CCN2CCCCCC2)CCN1c1cccc(Cl)c1,1
O=C1N(CCN2CCCCCC2)CCN1c1ccc(F)c(Cl)c1,1
Cc1cccc(N2CCN(CCN3CCCCCC3)C2=O)c1,1
COc1cccc(N2CCN(CCN3CCCCCC3)C2=O)c1,1
Cc1ccc(N2CCN(CCN3CCCCCC3)C2=O)cc1,1
O=C1N(CCN2CCCCCC2)CCN1c1ccc(F)cc1,1
O=C1N(CCN2CCCCCC2)CCN1c1ccc(Cl)cc1,1
CC(C)Oc1ccccc1N1CCN(C2CCC(NC(=O)Nc3cc(F)ccc3F)CC2)CC1,1
CC(C)Oc1ccccc1N1CCN(C2CCC(NC(=O)Nc3ccc(F)cc3F)CC2)CC1,1
COc1ccc(Cl)cc1NC(=O)NC1CCC(N2CCN(c3ccccc3OC(C)C)CC2)CC1,1
CC(C)Oc1ccccc1N1CCN(C2CCC(NC(=O)Nc3c(F)cccc3F)CC2)CC1,1
CC(C)Oc1ccccc1N1CCN(C2CCC(NC(=O)Nc3c(Cl)cccc3Cl)CC2)CC1,1
CC(C)Oc1ccccc1N1CCN(C2CCC(NC(=O)Nc3c(Cl)cc(Cl)cc3Cl)CC2)CC1,1
CC(C)Oc1ccccc1N1CCN(C2CCC(NC(=O)Nc3ccccc3Cl)CC2)CC1,1
CC(C)Oc1ccccc1N1CCN(C2CCC(NC(=O)Nc3ccc(F)c(F)c3)CC2)CC1,1
CC(C)Oc1ccccc1N1CCN(C2CCC(NC(=O)Nc3cccc(Cl)c3)CC2)CC1,1
COc1ccc(NC(=O)NC2CCC(N3CCN(c4ccccc4OC(C)C)CC3)CC2)c(OC)c1,1
COc1ccccc1NC(=O)NC1CCC(N2CCN(c3ccccc3OC(C)C)CC2)CC1,1
O=C(NCCCCN1CCN(c2ccccc2OCCF)CC1)c1ccc(-c2ccsc2)cc1,1
COc1ccccc1N1CCN(CCCCNC(=O)c2ccc(-c3ccsc3)cc2)CC1,1
O=C(NCCCCN1CCN(c2cccc(Cl)c2Cl)CC1)c1ccc(-c2ccsc2)cc1,1
N#Cc1ccccc1N1CCN(CCCCNC(=O)c2ccc(-c3ccsc3)cc2)CC1,1
O=C(NCCCCN1CCN(c2cccc(C(F)(F)F)c2)CC1)c1ccc(-c2ccsc2)cc1,1
O=C(NCCCCN1CCN(c2cccc(O)c2)CC1)c1ccc(-c2ccsc2)cc1,1
O=C(NCCCCN1CCN(c2ccccc2Cl)CC1)c1ccc(-c2ccsc2)cc1,1
Cc1ccccc1N1CCN(CCCCNC(=O)c2ccc(-c3ccsc3)cc2)CC1,1
O=C(NCCCCN1CCN(c2ccccc2C(F)(F)F)CC1)c1ccc(-c2ccsc2)cc1,1
N#Cc1cccc(N2CCN(CCCCNC(=O)c3ccc(-c4ccsc4)cc3)CC2)c1,1
O=C(NCCCCN1CCN(c2ccc(Cl)cc2Cl)CC1)c1ccc(-c2ccsc2)cc1,1
Oc1ccc2c(c1)O[C@@H](CNCc1ccccc1I)CC2,1
Oc1ccc2c(c1)O[C@@H](CNCc1cccc(I)c1)CC2,1
Oc1ccc2c(c1)O[C@@H](CNCc1ccccc1)CC2,1
Oc1ccc2c(c1)O[C@@H](CNCc1ccc(I)cc1)CC2,1
Oc1cc2c(cc1Cl)CCC(CNCc1ccccc1)O2,1
Oc1ccc2c(c1)O[C@@H](CNCc1ccc(OCCCCF)cc1)CC2,1
Oc1cc2c(cc1Cl)CC[C@H](CNCc1ccccc1)O2,1
Oc1ccc2c(c1)OC(CNCc1ccccc1)CC2,1
Oc1cc2c(cc1Cl)CC[C@@H](CNCc1ccccc1)O2,1
Oc1ccc2c(c1)O[C@@H](CNCc1ccccc1OCCCCF)CC2,1
Oc1ccc2c(c1)O[C@H](CNCc1ccccc1)CC2,1
COc1ccc2[nH]c(C)c(CCNCc3ccc(-c4ccc(O)cc4)o3)c2c1,1
COc1cccc2[nH]cc(CCNCc3ccc(-c4ccc(O)cc4)o3)c12,1
COc1ccc2[nH]cc(CCNCc3ccc(-c4ccc(O)cc4)o3)c2c1,1
CN(CCc1c[nH]c2ccccc12)Cc1ccc(-c2ccccc2)o1,1
Oc1ccc(-c2ccc(CNCCc3c[nH]c4ccc(F)cc34)o2)cc1,1
COc1ccc2[nH]cc(CCNCc3ccc(-c4cccc(O)c4)o3)c2c1,1
Oc1ccc(-c2ccc(CNCCc3c[nH]c4cc(F)ccc34)o2)cc1,1
COc1ccc2[nH]cc(CCNCc3ccc(-c4ccc(Cl)cc4)o3)c2c1,1
c1ccc(-c2ccc(CNCCc3c[nH]c4ccccc34)o2)cc1,1
Oc1ccc(-c2ccc(CNCCc3c[nH]c4ccccc34)o2)cc1,1
OCC(CN1Cc2cccc(F)c2C1)N1CCC(c2noc3cc(F)ccc23)CC1,1
OCC(CN1Cc2ccc(F)cc2C1)N1CCC(c2noc3cc(F)ccc23)CC1,1
OCC(CN1Cc2ccc(Cl)cc2C1)N1CCC(c2noc3cc(F)ccc23)CC1,1
OCC(CN1Cc2ccccc2C1)N1CCC(c2noc3cc(F)ccc23)CC1,1
Cc1cccc2c1CN(CC(CO)N1CCC(c3noc4cc(F)ccc34)CC1)C2,1
Cc1ccc2c(c1)CN(CC(CO)N1CCC(c3noc4cc(F)ccc34)CC1)C2,1
COc1cccc2c1CN(CC(CO)N1CCC(c3noc4cc(F)ccc34)CC1)C2,1
OCC(CN1Cc2cc(Cl)c(Cl)cc2C1)N1CCC(c2noc3cc(F)ccc23)CC1,1
COc1ccc2c(c1)CN(CC(CO)N1CCC(c3noc4cc(F)ccc34)CC1)C2,1
OCC(CN1Cc2ccc(C(F)(F)F)cc2C1)N1CCC(c2noc3cc(F)ccc23)CC1,1
CC(C)c1ccccc1OCCN1CCC(N(C)S(=O)(=O)c2cccc(F)c2)CC1,1
CC(C)c1ccccc1OCCN1CCC(N(C)S(=O)(=O)c2ccc(F)cc2)CC1,1
CC(C)c1ccccc1OCCN1CCC(NS(=O)(=O)c2ccc(F)cc2)CC1,1
CC(C)c1ccccc1OCCN1CCC(NS(=O)(=O)c2ccccc2F)CC1,1
CC(C)c1ccccc1OCCN1CCC(N(C)S(=O)(=O)c2ccccc2)CC1,1
CC(C)c1ccccc1OCCN1CCC(NS(=O)(=O)c2cccc(F)c2)CC1,1
CC(C)c1ccccc1OCCN1CCC(NS(=O)(=O)c2cc(F)ccc2F)CC1,1
CN(C1CCN(CCOc2ccccc2C(C)(C)C)CC1)S(=O)(=O)c1cccc(F)c1,1
CN(C1CCN(CCOc2ccccc2C(C)(C)C)CC1)S(=O)(=O)c1ccc(F)cc1,1
CN(C1CCN(CCOc2ccccc2C(C)(C)C)CC1)S(=O)(=O)c1ccccc1,1
COc1ccccc1N1CCN(CCCCNC(=O)c2ccc3ccccc3c2)CC1,1
CS(=O)(=O)Nc1cccc(N2CCN(CCCCNC(=O)c3ccc4ccccc4c3)CC2)c1,1
O=C(NCCC(F)CN1CCN(c2cccc(Cl)c2Cl)CC1)c1ccc2ccccc2c1,1
O=C(NCCCCN1CCN(c2ccccc2Cl)CC1)c1ccc2ccccc2c1,1
Cc1cccc(N2CCN(CCCCNC(=O)c3ccc4ccccc4c3)CC2)c1C,1
O=C(NCCCCN1CCN(c2ccccc2F)CC1)c1ccc2ccccc2c1,1
O=C(NCCCCN1CCN(c2cccc(O)c2)CC1)c1ccc2ccccc2c1,1
Cc1ccccc1N1CCN(CCCCNC(=O)c2ccc3ccccc3c2)CC1,1
COc1c(C(=O)NCCCCN2CCN(c3cccc(Cl)c3Cl)CC2)ccc2ccccc12,1
CCOC(=O)Nc1cccc(N2CCN(CCCCNC(=O)c3ccc4ccccc4c3)CC2)c1,1
Cc1cccc(S(=O)(=O)N[C@@H]2CCN(CCCc3noc4ccccc34)C2)c1,1
O=S(=O)(N[C@@H]1CCN(CCCc2noc3ccccc23)C1)c1ccc(F)c(Cl)c1,1
O=S(=O)(N[C@@H]1CCN(CCCc2noc3ccccc23)C1)c1cccc(Cl)c1,1
O=S(=O)(N[C@@H]1CCN(CCCc2noc3ccccc23)C1)c1ccc(F)cc1,1
O=S(=O)(N[C@H]1CCN(CCCc2noc3ccccc23)C1)c1cccc(Cl)c1,1
Cc1cccc(S(=O)(=O)N[C@H]2CCN(CCCc3noc4ccccc34)C2)c1,1
C[C@H]1C[C@H](NS(=O)(=O)c2ccc(F)c(Cl)c2)CN1CCCc1noc2cc(F)ccc12,1
C[C@H]1C[C@H](NS(=O)(=O)c2cccc(Cl)c2)CN1CCCc1noc2cc(F)ccc12,1
O=S(=O)(N[C@H]1CCN(CCCc2noc3ccccc23)C1)c1ccc(F)c(Cl)c1,1
O=S(=O)(N[C@H]1CCN(CCCc2noc3ccccc23)C1)c1ccc(F)cc1,1
CCOc1ccccc1N1CCN(CCCCCCN2c3cccc4cccc(c34)S2(=O)=O)CC1,1
O=S1(=O)c2cccc3cccc(c23)N1CCCCCCN1CCN(c2ccccc2F)CC1,1
O=S1(=O)c2cccc3cccc(c23)N1CCCCCCN1CCN(c2cccc(Cl)c2)CC1,1
O=S1(=O)c2cccc3cccc(c23)N1CCCCCCN1CCN(c2ccccc2Cl)CC1,1
O=S1(=O)c2cccc3cccc(c23)N1CCCCCCN1CCN(c2cccc(Cl)c2Cl)CC1,1
O=S1(=O)c2cccc3cccc(c23)N1CCCCCCN1CCN(c2ccc(Cl)c(Cl)c2)CC1,1
O=[N+]([O-])c1ccccc1N1CCN(CCCCCCN2c3cccc4cccc(c34)S2(=O)=O)CC1,1
O=S1(=O)c2cccc3cccc(c23)N1CCCCCCN1CCN(c2cccc(C(F)(F)F)c2)CC1,1
O=S1(=O)c2cccc3cccc(c23)N1CCCCCCN1CCN(c2ccc(Cl)cc2)CC1,1
O=S1(=O)c2cccc3cccc(c23)N1CCCCCCN1CCN(c2ccc(C(F)(F)F)cc2)CC1,1
O=C(NCCCCN1CCC[C@H]2c3cccc(O)c3CC[C@@H]21)c1ccc(-c2ccccc2)cc1,1
CS(=O)(=O)Oc1cccc2c1CC[C@H]1[C@H]2CCCN1CCCCNC(=O)c1ccc(-c2ccccc2)cc1,1
CS(=O)(=O)Oc1cccc2c1CCC1C2CCCN1CCCCNC(=O)c1ccc(-c2ccccc2)cc1,1
CS(=O)(=O)Oc1cccc2c1CC[C@H]1[C@@H]2CCCN1CCCCNC(=O)c1ccc(-c2ccccc2)cc1,1
O=C(NCCCCN1CCC[C@H]2c3ccc(O)cc3CC[C@@H]21)c1ccc(-c2ccccc2)cc1,1
O=C(NCCCCN1CCC[C@@H]2c3ccccc3CC[C@H]21)c1ccc(-c2ccccc2)cc1,1
COc1cccc2c1CC[C@H]1[C@H]2CCCN1CCCCNC(=O)c1ccc(-c2ccccc2)cc1,1
O=C(NCCCCN1CCC[C@@H]2c3cccc(O)c3CC[C@H]21)c1ccc(-c2ccccc2)cc1,1
O=C(NCCCCN1CCC[C@@H]2c3ccccc3CC[C@@H]21)c1ccc(-c2ccccc2)cc1,1
COc1cccc2c1CC[C@@H]1[C@@H]2CCCN1CCCCNC(=O)c1ccc(-c2ccccc2)cc1,1
COc1ccc(-c2cc(N3CCN(C)CC3)nc3c2ccn3S(=O)(=O)CC(C)C)cc1,1
CC(C)S(=O)(=O)n1ccc2c(-c3ccc(C(F)(F)F)cc3)cc(N3CCN(C)CC3)nc21,1
COCCS(=O)(=O)n1ccc2c(-c3ccc(C(F)(F)F)cc3)cc(N3CCN(C)CC3)nc21,1
CC(C)CS(=O)(=O)n1ccc2c(-c3ccc(O)cc3)cc(N3CCN(C)CC3)nc21,1
CC(C)CS(=O)(=O)n1ccc2c(-c3ccccc3C(F)(F)F)cc(N3CCN(C)CC3)nc21,1
CC(C)CS(=O)(=O)n1ccc2c(-c3ccc(C#N)cc3)cc(N3CCN(C)CC3)nc21,1
CC(C)CS(=O)(=O)n1ccc2c(-c3ccc(C(F)(F)F)cc3)cc(N3CCN(C)CC3)nc21,1
CC(C)CS(=O)(=O)n1ccc2c(-c3ccccc3)cc(N3CCN(C)CC3)nc21,1
CCc1ccc(-c2cc(N3CCN(C)CC3)nc3c2ccn3S(=O)(=O)CC(C)C)cc1,1
CC(C)CS(=O)(=O)n1ccc2c(-c3cccc(C(F)(F)F)c3)cc(N3CCN(C)CC3)nc21,1
Cc1ccc(S(=O)(=O)CC2CCN(CCCc3noc4cc(F)ccc34)C2)cc1C,1
O=S(=O)(CC1CCN(CCCc2noc3cc(F)ccc23)C1)c1ccc(Cl)c(Cl)c1,1
Cc1cccc(S(=O)(=O)CC2CCN(CCCc3noc4cc(F)ccc34)C2)c1,1
O=S(=O)(CC1CCN(CCCc2noc3cc(F)ccc23)C1)c1ccc(C(F)(F)F)cc1,1
O=S(=O)(CC1CCN(CCCc2noc3cc(F)ccc23)C1)c1ccc(F)c(Cl)c1,1
O=S(=O)(CC1CCN(CCCc2noc3cc(F)ccc23)C1)c1cccc(Cl)c1,1
O=S(=O)(CC1CCN(CCCc2noc3cc(F)ccc23)C1)c1ccc(F)cc1,1
O=S(=O)(CC1CCN(CCCc2noc3cc(F)ccc23)C1)c1cccc(C(F)(F)F)c1,1
O=S(=O)(CC1CCN(CCCc2noc3cc(F)ccc23)C1)c1ccc(F)c(F)c1,1
O=S(=O)(CC1CCN(CCCc2noc3cc(F)ccc23)C1)c1cccc(F)c1,1
COc1cccc(-c2nnc(SCCCN3CCc4ccc(-c5cc(C)on5)cc4CC3)n2C)c1,1
COc1ccccc1-c1nnc(SCCCN2CCc3ccc(-c4cc(C)on4)cc3CC2)n1C,1
Cc1cc(-c2ccc3c(c2)CCN(CCCSc2nnc(-c4cccc(Cl)c4)n2C)CC3)no1,1
COc1ccc(-c2nnc(SCCCN3CCc4ccc(-c5cc(C)on5)cc4CC3)n2C)cc1,1
Cc1cc(-c2ccc3c(c2)CCN(CCCSc2nnc(-c4ccccc4Cl)n2C)CC3)no1,1
Cc1ccc(-c2nnc(SCCCN3CCc4ccc(-c5cc(C)on5)cc4CC3)n2C)cc1,1
Cc1cc(-c2ccc3c(c2)CCN(CCCSc2nnc(-c4ccccc4)n2C)CC3)no1,1
Cc1cc(-c2ccc3c(c2)CCN(CCCSc2nnc(-c4ccc(Cl)cc4)n2C)CC3)no1,1
Cc1cc(-c2ccc3c(c2)CCN(CCCSc2nnc(-c4ccc(Cl)c(Cl)c4)n2C)CC3)no1,1
Cc1cc(-c2ccc3c(c2)CCN(CCCSc2nnc(-c4ccc(C(F)(F)F)cc4)n2C)CC3)no1,1
Cc1cccc(C2CCN(CCNC(=O)C3CCOCC3)CC2)n1,1
O=C(NCCN1CCC(c2cccc(C(F)(F)F)n2)CC1)C1CCOCC1,1
O=C(NCCN1CCC(c2cccc(C(F)F)n2)CC1)C1CCOCC1,1
COc1cccc(C2CCN(CCNC(=O)C3CCOCC3)CC2)n1,1
O=C(NCCN1CCC(c2cccc(OC(F)(F)F)n2)CC1)C1CCOCC1,1
CN(C)c1cccc(C2CCN(CCNC(=O)C3CCOCC3)CC2)n1,1
O=C(NCCN1CCC(c2cccc(F)n2)CC1)C1CCOCC1,1
CNc1cccc(C2CCN(CCNC(=O)C3CCOCC3)CC2)n1,1
Nc1cccc(C2CCN(CCNC(=O)C3CCOCC3)CC2)n1,1
N#Cc1cccc(C2CCN(CCNC(=O)C3CCOCC3)CC2)n1,1
C[C@H]1Oc2c(cccc2N2CCN(CCCc3c[nH]c4ccc(F)cc34)CC2)NC1=O,1
C[C@@H]1Oc2c(cccc2N2CCN(CCCc3c[nH]c4c(F)cccc34)CC2)NC1=O,1
C[C@@H]1Oc2c(cccc2N2CCN(CCCc3c[nH]c4ccccc34)CC2)NC1=O,1
O=C1COc2c(cccc2N2CCN(CCCc3c[nH]c4ccccc34)CC2)N1,1
CC1Oc2c(cccc2N2CCN(CCCc3c[nH]c4ccccc34)CC2)NC1=O,1
C[C@@H]1Oc2c(cccc2N2CCN(CCCc3c[nH]c4ccc(F)cc34)CC2)NC1=O,1
C[C@H]1Oc2c(cccc2N2CCN(CCCc3c[nH]c4c(F)cccc34)CC2)NC1=O,1
CC1(C)Oc2c(cccc2N2CCN(CCCc3c[nH]c4ccccc34)CC2)NC1=O,1
C[C@H]1Oc2c(cccc2N2CCN(CCCc3c[nH]c4ccccc34)CC2)NC1=O,1
CC1Oc2c(N3CCN(CCCc4c[nH]c5ccccc45)CC3)cccc2N(C)C1=O,1
O=c1[nH]c2cccc(N3CCN(Cc4cccc(-c5ccccc5)c4)CC3)c2o1,1
O=c1[nH]c2cccc(N3CCN(Cc4ccc(O)c(-c5ccccc5)c4)CC3)c2o1,1
N#Cc1ccccc1-c1cccc(CN2CCN(c3cccc4[nH]c(=O)oc34)CC2)c1,1
N#Cc1cccc(-c2cccc(CN3CCN(c4cccc5[nH]c(=O)oc45)CC3)c2)c1,1
O=c1[nH]c2cccc(N3CCN(Cc4cccc(-c5ccc(F)cc5)c4)CC3)c2o1,1
Cc1cccc(-c2cccc(CN3CCN(c4cccc5[nH]c(=O)oc45)CC3)c2)c1,1
Cn1c(=O)oc2c(N3CCN(Cc4cccc(-c5ccccc5)c4)CC3)cccc21,1
COc1cccc(-c2cccc(CN3CCN(c4cccc5[nH]c(=O)oc45)CC3)c2)c1,1
O=c1[nH]c2cccc(N3CCN(Cc4cc(-c5ccccc5)ccc4F)CC3)c2o1,1
O=c1[nH]c2cccc(N3CCN(Cc4cccc(-c5cccc(Cl)c5)c4)CC3)c2o1,1
CC(=O)N[C@H]1CC[C@H](CCN2CCN(c3nc(C)cc4occc34)CC2)CC1,1
COCCC(=O)N[C@H]1CC[C@H](CCN2CCN(c3nc(C)cc4occc34)CC2)CC1,1
CC(=O)N[C@H]1CC[C@H](CCN2CCN(c3nccc4occc34)CC2)CC1,1
CN(C)S(=O)(=O)N[C@H]1CC[C@H](CCN2CCN(c3nccc4occc34)CC2)CC1,1
CCS(=O)(=O)N[C@H]1CC[C@H](CCN2CCN(c3nccc4occc34)CC2)CC1,1
CCC(=O)N[C@H]1CC[C@H](CCN2CCN(c3nccc4occc34)CC2)CC1,1
CS(=O)(=O)N[C@H]1CC[C@H](CCN2CCN(c3nccc4occc34)CC2)CC1,1
O=C(CCO)N[C@H]1CC[C@H](CCN2CCN(c3nccc4occc34)CC2)CC1,1
CCOCC(=O)N[C@H]1CC[C@H](CCN2CCN(c3nccc4occc34)CC2)CC1,1
CCCN(CCCSc1nnc(-c2ccccc2)n1C)CC1CC1c1cc(Cl)ccc1OC,1
CCN(CCCSc1nnc(-c2ccccc2)n1C)CC1CC1c1cc(Cl)ccc1OC,1
COc1ccc(F)cc1C1CC1CNCCCSc1nnc(-c2ccccc2)n1C,1
CCN(CCCSc1nnc(-c2ccccc2)n1C)CC1CC1c1cc(F)ccc1OC,1
COc1ccc(F)cc1C1CC1CN(C)CCCSc1nnc(-c2ccccc2)n1C,1
CCOc1ccc(F)cc1C1CC1CN(CC)CCCSc1nnc(-c2ccccc2)n1C,1
COc1ccc(F)cc1C1CC1CN(CCCSc1nnc(-c2ccccc2)n1C)C(C)C,1
CCOc1ccc(F)cc1C1CC1CNCCCSc1nnc(-c2ccccc2)n1C,1
CCN(CCCSc1nnc(-c2ccccc2)n1C)CC1CC1c1cc(F)ccc1OCCF,1
CCc1cn(CCCCN2CCN(c3cc(C(F)(F)F)nc(C(C)(C)C)n3)CC2)c(=O)[nH]c1=O,1
CC(C)(C)c1nc(N2CCN(CCCCn3ccc(=O)[nH]c3=O)CC2)cc(C(F)(F)F)n1,1
CC(C)(C)c1nc(N2CCN(CCCCn3cc(Cl)c(=O)[nH]c3=O)CC2)cc(C(F)(F)F)n1,1
Cc1cn(CCCCN2CCN(c3cc(C(F)(F)F)nc(C(C)(C)C)n3)CC2)c(=O)[nH]c1=O,1
Cc1cn(CCCCN2CCN(c3cc(C(F)(F)F)nc(C(C)(C)C)n3)CC2)c(=O)n(C)c1=O,1
CC(C)(C)c1nc(N2CCN(CCCCn3cc(C#N)c(=O)[nH]c3=O)CC2)cc(C(F)(F)F)n1,1
CC(C)(C)c1nc(N2CCN(CCCCn3cc(F)c(=O)[nH]c3=O)CC2)cc(C(F)(F)F)n1,1
Cn1c(=O)ccn(CCCCN2CCN(c3cc(C(F)(F)F)nc(C(C)(C)C)n3)CC2)c1=O,1
CC(C)(C)c1nc(N2CCN(CCCCn3cc(C(F)(F)F)c(=O)[nH]c3=O)CC2)cc(C(F)(F)F)n1,1
COc1ccccc1N1CCCN(CCCCNC(=O)c2ccc(F)cc2)CC1,1
COc1ccccc1N1CCCN(CCCCNC(=O)c2ccc(SC)cc2)CC1,1
COc1ccccc1N1CCCN(CCCCNC(=O)c2ccc(CCF)cc2)CC1,1
COc1ccccc1N1CCCN(CCCCNC(=O)c2ccc(Cl)cc2)CC1,1
COc1ccccc1N1CCCN(CCCCNC(=O)c2ccc(N(C)C)cc2)CC1,1
C=Cc1ccc(C(=O)NCCCCN2CCCN(c3ccccc3OC)CC2)cc1,1
COc1ccccc1N1CCCN(CCCCNC(=O)c2ccc(CCO)cc2)CC1,1
COc1ccccc1N1CCCN(CCCCNC(=O)c2cccc(OC)c2OC)CC1,1
CNc1ccc(C(=O)NCCCCN2CCCN(c3ccccc3OC)CC2)cc1,1
O=C1CCc2ccccc2N1CCCN1CCN(c2cccc(Cl)c2Cl)CC1,1
COc1ccccc1N1CCN(CCCN2C(=O)CCc3ccccc32)CC1,1
O=C1CCc2ccccc2N1CCCN1CCN(c2ccccc2[N+](=O)[O-])CC1,1
O=C1CCc2ccccc2N1CCCN1CCN(c2ccccc2Cl)CC1,1
N#Cc1ccccc1N1CCN(CCCN2C(=O)CCc3ccccc32)CC1,1
Cc1ccccc1N1CCN(CCCN2C(=O)CCc3ccccc32)CC1,1
O=C1CCc2ccccc2N1CCCN1CCN(c2ccc(Cl)cc2Cl)CC1,1
O=C1CCc2ccccc2N1CCCN1CCN(c2cccc(Cl)c2)CC1,1
O=C1CCc2ccccc2N1CCCN1CCN(c2ccc(Cl)c(Cl)c2)CC1,1
COc1cc([C@]23CNC[C@H]2C3)ccc1NS(=O)(=O)c1ccc(C(C)C)cc1,1
CCC(C)(C)c1ccc(S(=O)(=O)Nc2ccc([C@]34CNC[C@H]3C4)cc2)cc1,1
C=CCN1C[C@H]2C[C@@]2(c2ccc(NS(=O)(=O)c3ccc(C(C)C)cc3)cc2)C1,1
CC(C)c1ccc(S(=O)(=O)Nc2ccc([C@@]34C[C@@H]3CN(C)C4)cc2)cc1,1
CCN1C[C@H]2C[C@@]2(c2ccc(NS(=O)(=O)c3ccc(C(C)C)cc3)cc2)C1,1
CCCCc1ccc(S(=O)(=O)Nc2ccc([C@]34CNC[C@H]3C4)cc2)cc1,1
CC(C)c1ccc(S(=O)(=O)Nc2ccc([C@]34CNC[C@H]3C4)cc2)cc1,1
CN(c1ccc([C@]23CNC[C@H]2C3)cc1)S(=O)(=O)c1ccccc1,1
CC(C)c1ccc(S(=O)(=O)Nc2ccc(C34CNCC3C4)cc2)cc1,1
Cn1c(SCCCN2CC3CCN(c4cccc(C(F)(F)F)c4)C3C2)nnc1-c1ccc(=O)[nH]c1,1
Cn1c(SCCCN2CC3CCN(c4ccc(F)cc4)C3C2)nnc1-c1ccc(=O)[nH]c1,1
Cn1c(SCCCN2C[C@@H]3CCN(c4ccccc4C(F)(F)F)[C@@H]3C2)nnc1-c1ccc(=O)[nH]c1,1
Cn1c(SCCCN2CC3CCN(c4ccc(C(F)(F)F)cc4)C3C2)nnc1-c1ccc(=O)[nH]c1,1
Cn1c(SCCCN2CC3CCN(c4ccccc4C(F)(F)F)C3C2)nnc1-c1ccc(=O)[nH]c1,1
Cn1c(SCCCN2CC3CCN(c4ccc(C(F)(F)F)cc4)C3C2)nnc1-c1ccc(=O)n(C)c1,1
Cn1c(SCCCN2C[C@@H]3CCN(c4ccc(C(F)(F)F)cc4)[C@@H]3C2)nnc1-c1ccc(=O)n(C)c1,1
Cn1c(SCCCN2CC3CCN(c4c(F)cccc4F)C3C2)nnc1-c1ccc(=O)[nH]c1,1
Cn1c(SCCCN2C[C@H]3CCN(c4ccccc4C(F)(F)F)[C@H]3C2)nnc1-c1ccc(=O)[nH]c1,1
CCc1c(-c2ccc(Cl)cc2)n[nH]c1C1CCN(Cc2ccccc2)CC1,1
c1ccc(CN2CCC(c3cc(-c4ccccc4)n[nH]3)CC2)cc1,1
Cc1c(-c2ccccc2)n[nH]c1C1CCN(Cc2ccccc2)CC1,1
Clc1ccc(-c2cc(C3CCN(Cc4ccccc4)CC3)[nH]n2)cc1,1
Cc1c(-c2ccc(Cl)cc2)n[nH]c1C1CCN(Cc2ccccc2)CC1,1
Clc1ccc(CN2CCC(c3cc(-c4ccc(Cl)cc4)n[nH]3)CC2)cc1,1
CC1(c2cc(-c3ccc(Cl)cc3)n[nH]2)CCN(Cc2ccccc2)CC1,1
Clc1ccc(-c2cc(C3CCN(Cc4cccc(Cl)c4)CC3)[nH]n2)cc1,1
Clc1ccc(-c2cc(C3CCN(Cc4ccccc4Cl)CC3)[nH]n2)cc1,1
Cc1ccc(CN2CCN(C3CCc4cccc5c4N(C3=O)C(C)C5)CC2)cc1,1
O=C1C(N2CCN(Cc3ccc(Cl)cc3)CC2)CCc2cccc3c2N1CC3,1
CC1Cc2cccc3c2N1C(=O)C(N1CCN(Cc2ccc(Cl)cc2)CC1)CC3,1
Cc1ccc(CN2CCN(C3CCc4cccc5c4N(C3=O)C(C)(C)C5)CC2)cc1,1
CC1(C)Cc2cccc3c2N1C(=O)C(N1CCN(Cc2ccc(Cl)cc2)CC1)CC3,1
Cc1ccc(CN2CCN(C3CCc4cccc5c4N(CC5)C3=O)CC2)cc1,1
COc1ccc(Cl)cc1CN1CCN(C2CCc3cccc4c3N(C2=O)C(C)(C)C4)CC1,1
COc1ccc(C)cc1CN1CCN(C2CCc3cccc4c3N(C2=O)C(C)(C)C4)CC1,1
COc1cc(C)ccc1CN1CCN(C2CCc3cccc4c3N(C2=O)C(C)(C)C4)CC1,1
CC(C)(C)c1nc(N2CCN(CCCCn3ccc(O)cc3=O)CC2)cc(C(F)(F)F)n1,1
Cc1ccn(CCCCN2CCN(c3cc(C(F)(F)F)nc(C(C)(C)C)n3)CC2)c(=O)c1,1
CC(C)(C)c1nc(N2CCN(CCCCn3cc(Cl)ccc3=O)CC2)cc(C(F)(F)F)n1,1
COc1cccn(CCCCN2CCN(c3cc(C(F)(F)F)nc(C(C)(C)C)n3)CC2)c1=O,1
Cc1cccn(CCCCN2CCN(c3cc(C(F)(F)F)nc(C(C)(C)C)n3)CC2)c1=O,1
Cc1cccc(=O)n1CCCCN1CCN(c2cc(C(F)(F)F)nc(C(C)(C)C)n2)CC1,1
CC(C)(C)c1nc(N2CCN(CCCCn3ccc(C(F)(F)F)cc3=O)CC2)cc(C(F)(F)F)n1,1
CC(C)(C)c1nc(N2CCN(CCCCn3cc(C(F)(F)F)ccc3=O)CC2)cc(C(F)(F)F)n1,1
CC(C)(C)c1nc(N2CCN(CCCCn3cccc(C(F)(F)F)c3=O)CC2)cc(C(F)(F)F)n1,1
CCS(=O)(=O)c1ccc(OC)c(-c2ccc(CN3CCCCC[C@@H]3c3ccccc3)[nH]2)c1,1
CCS(=O)(=O)c1ccc(OC)c(-c2ccc(CN3CCCCCC3c3ccc(C)cc3)[nH]2)c1,1
CCS(=O)(=O)c1ccc(OC)c(-c2ccc(CN3CCCCCC3c3ccc(OC)cc3)[nH]2)c1,1
CCS(=O)(=O)c1ccc(OC)c(-c2ccc(CN3CCCCCC3c3ccccc3)[nH]2)c1,1
CCS(=O)(=O)c1ccc(OC)c(-c2ccc(CN3CCCCC[C@H]3c3ccccc3)[nH]2)c1,1
COc1ccc(S(=O)(=O)N(C)C)cc1-c1ccc(CN2CCCCCC2c2ccccc2)[nH]1,1
COc1ccc(S(=O)(=O)C(C)C)cc1-c1ccc(CN2CCCCCC2c2ccccc2)[nH]1,1
COc1ccc(S(N)(=O)=O)cc1-c1ccc(CN2CCCCCC2c2ccccc2)[nH]1,1
CCS(=O)(=O)c1ccc(OC)c(-c2ccc(CN3CCCCCC3c3cccc(OC)c3)[nH]2)c1,1
CCCN1CCC(c2cn(C)c3ccc(F)cc23)CC1,1
CCCN1CCC(c2c[nH]c3cc(F)ccc23)CC1,1
CCN(CCN1CCC(c2c[nH]c3cc(F)ccc23)CC1)C(=O)[C@H](C)O,1
CCN(CCN1CCC(c2c[nH]c3cc(F)ccc23)CC1)C(=O)CCO,1
CCN(CCN1CCC(c2c[nH]c3cc(F)ccc23)CC1)S(=O)(=O)CCO,1
CCCN1CCC(c2cn(C)c3cc(F)ccc23)CC1,1
CCN(CCN1CCC(c2c[nH]c3ccccc23)CC1)S(=O)(=O)CCO,1
CCN(CCN1CCC(c2c[nH]c3ccccc23)CC1)C(=O)CCO,1
CCN(CCN1CCC(c2c[nH]c3ccccc23)CC1)C(=O)C(C)O,1
COc1ccccc1N1CCN(CCCCNC(=O)c2ccc(-c3cccc(F)n3)cc2)CC1,1
O=C(NCCCCN1CCN(c2cccc(Cl)c2Cl)CC1)c1ccc(-c2ccccn2)cc1,1
COc1ccccc1N1CCN(CCCCNC(=O)c2ccc(-c3ccccn3)cc2)CC1,1
O=C(NCC(O)CCN1CCN(c2cccc(Cl)c2Cl)CC1)c1ccc(-c2ccccn2)cc1,1
CC(=O)OC(CCNC(=O)c1ccc(-c2ccccn2)cc1)CN1CCN(c2cccc(Cl)c2Cl)CC1,1
O=C(NCCC(O)CN1CCN(c2cccc(Cl)c2Cl)CC1)c1ccc(-c2ccccn2)cc1,1
COc1ccccc1N1CCN(CC(O)CCNC(=O)c2ccc(-c3ccccn3)cc2)CC1,1
O=C(NCCC(F)CN1CCN(c2cccc(Cl)c2Cl)CC1)c1ccc(-c2ccccn2)cc1,1
COc1ccccc1N1CCN(CC(F)CCNC(=O)c2ccc(-c3ccccn3)cc2)CC1,1
COc1ccc(Cl)cc1C1CC1CNCCCCOc1ccc2ccc(=O)[nH]c2c1,1
COc1ccc(F)cc1[C@H]1C[C@@H]1CNCCCCOc1ccc2ccc(=O)[nH]c2c1,1
COc1ccc(Cl)cc1[C@@H]1C[C@H]1CNCCCCOc1ccc2ccc(=O)[nH]c2c1,1
COc1ccc(F)cc1C1CC1CNCCCCOc1ccc2ccc(=O)[nH]c2c1,1
COc1ccc(F)cc1[C@@H]1C[C@H]1CNCCCCOc1ccc2ccc(=O)[nH]c2c1,1
CSc1ccccc1C1CC1CNCCCCOc1ccc2ccc(=O)[nH]c2c1,1
O=c1ccc2ccc(OCCCCNCC3CC3c3cccc(Cl)c3Cl)cc2[nH]1,1
CCCN(CCCCOc1ccc2ccc(=O)[nH]c2c1)CC1CC1c1cccc(Cl)c1Cl,1
O=C1N(CCN2CCC(C(F)(F)F)CC2)CCN1c1cccc(I)c1,1
CC1CCN(CCN2CCN(c3cccc(Cl)c3)C2=O)CC1,1
CC1CCCN(CCN2CCN(c3cccc(Cl)c3)C2=O)C1,1
CC1CCCCN1CCN1CCN(c2cccc(Cl)c2)C1=O,1
O=C1N(CCN2CCC(C(F)(F)F)CC2)CCN1c1cccc(O)c1,1
N#Cc1cccc(N2CCN(CCN3CCC(C(F)(F)F)CC3)C2=O)c1,1
O=C1N(CCN2CCC(C(F)(F)F)CC2)CCN1c1cccc(Cl)c1,1
O=C1N(CCN2CCC(C(F)(F)F)CC2)CCN1c1cccc(OC(F)(F)F)c1,1
COc1cccc(N2CCN(CCN3CCC(C(F)(F)F)CC3)C2=O)c1,1
COc1ccc(Cl)cc1[C@H]1C[C@@H]1CNCCCCOc1ccc2c(c1)NC(=O)CC2,1
COc1ccc(Cl)cc1C1CC1CNCCCCOc1ccc2c(c1)NC(=O)CC2,1
COc1ccc(F)cc1C1CC1CNCCCCOc1ccc2c(c1)NC(=O)CC2,1
COc1ccccc1C1CC1CNCCCCOc1ccc2c(c1)NC(=O)CC2,1
O=C1CCc2ccc(OCCCCNCC3CC3c3cccc(Cl)c3Cl)cc2N1,1
CCN(CCCCOc1ccc2c(c1)NC(=O)CC2)CC1CC1c1cc(Cl)ccc1OC,1
CN(CCCCOc1ccc2c(c1)NC(=O)CC2)CC1CC1c1cccc(Cl)c1Cl,1
CCN(CCCCOc1ccc2c(c1)NC(=O)CC2)CC1CC1c1cc(F)ccc1OC,1
CSc1ccccc1C1CC1CNCCCCOc1ccc2c(c1)NC(=O)CC2,1
CSc1ccccc1N1CCN(CCCCCC(=O)NCc2ccc(C#N)cc2)CC1,1
CC(C)c1ccccc1N1CCN(CCCCCC(=O)NCc2ccc(OS(C)(=O)=O)cc2)CC1,1
CC(C)c1ccccc1N1CCN(CCCCCC(=O)NCc2ccccc2)CC1,1
CC(C)c1ccccc1N1CCN(CCCCCC(=O)NCc2ccc(C#N)cc2)CC1,1
CSc1ccccc1N1CCN(CCCCCC(=O)NCc2ccc(OS(C)(=O)=O)cc2)CC1,1
CSc1ccccc1N1CCN(CCCCCC(=O)NCc2ccccc2)CC1,1
COc1ccccc1N1CCN(CCCCCC(=O)NCc2ccc(OS(C)(=O)=O)cc2)CC1,1
COc1ccccc1N1CCN(CCCCCC(=O)NCc2ccccc2)CC1,1
COc1ccccc1N1CCN(CCCCCC(=O)NCc2ccc(C#N)cc2)CC1,1
COc1ccc2c(c1)c1c(n2C)Cc2ccccc2CCN(C)CC1,1
COc1ccc2[nH]c3c(c2c1)CCN(C)CCc1ccccc1C3,1
CN1CCc2ccccc2Cc2[nH]c3ccccc3c2CC1,1
COc1ccc2c(c1)CCN(C)CCc1c([nH]c3ccccc13)C2,1
CN1CCc2ccccc2Cc2[nH]c3ccc(O)cc3c2CC1,1
CN1CCc2cc(O)ccc2Cc2[nH]c3ccccc3c2CC1,1
CCN1CCc2ccccc2Cc2[nH]c3ccccc3c2CC1,1
C[C@H]1Cc2c([nH]c3ccccc23)Cc2ccccc2CCN1C,1
CN1CCc2ccccc2Cc2[nH]c3ccccc3c2C[C@@H]1CO,1
CCN(C)CCc1c(-c2ccc(C#N)cc2)[nH]c2ccccc12,1
CCN(C)CCc1c(-c2cccc(C(F)(F)F)c2)[nH]c2ccccc12,1
CCN(C)CCc1c(-c2ccc(F)cc2)[nH]c2ccccc12,1
CCN(C)CCc1c(-c2cccc([N+](=O)[O-])c2)[nH]c2ccccc12,1
CCN(C)CCc1c(-c2cccc(F)c2)[nH]c2ccccc12,1
CCN(C)CCc1c(-c2ccccc2)[nH]c2ccccc12,1
CCN(C)CCc1c(-c2ccccc2F)[nH]c2ccccc12,1
CCN(C)CCc1c(-c2cc(C(F)(F)F)cc(C(F)(F)F)c2)[nH]c2ccccc12,1
CCN(C)CCc1c(-c2ccc(Cl)cc2)[nH]c2ccccc12,1
CN(C)C(=O)N[C@H]1CC[C@H](CCN2CCN(c3cccc(Cl)c3Cl)CC2)CC1,1
CN(C)C(=O)NC1CCC(CCN2CCN(c3cccc(Cl)c3Cl)CC2)CC1,1
N#Cc1cc(N2CCN(CC[C@H]3CC[C@H](NC(=O)CN)CC3)CC2)cc(C(F)(F)F)c1,1
CC(=O)N[C@H]1CC[C@H](CCN2CCN(c3ccccc3)CC2)CC1,1
N#Cc1cc(N2CCN(CC[C@H]3CC[C@H](NC(N)=O)CC3)CC2)cc(C(F)(F)F)c1,1
CC(C)(C)OC(=O)N[C@H]1CC[C@@H](CCN2CCN(c3cccc(Cl)c3Cl)CC2)CC1,1
N#Cc1cc(N2CCN(CC[C@H]3CC[C@H](NS(N)(=O)=O)CC3)CC2)cc(C(F)(F)F)c1,1
CC(C)(C)OC(=O)N[C@H]1CC[C@H](CCN2CCN(c3cccc(Cl)c3Cl)CC2)CC1,1
CN(C)C(=O)N[C@H]1CC[C@@H](CCN2CCN(c3cccc(Cl)c3Cl)CC2)CC1,1
Cn1c(SCCCN2CC3CCN(c4ccc(F)cc4)C3C2)nnc1-c1ccn(C)c(=O)c1,1
Cn1c(SCCCN2C[C@@H]3CCN(c4ccc(F)cc4)[C@@H]3C2)nnc1-c1cc[nH]c(=O)c1,1
Cn1c(SCCCN2CC3CCN(c4ccccc4C(F)(F)F)C3C2)nnc1-c1cc[nH]c(=O)c1,1
Cn1c(SCCCN2C[C@@H]3CCN(c4ccc(C(F)(F)F)cc4)[C@@H]3C2)nnc1-c1cc[nH]c(=O)c1,1
Cn1c(SCCCN2CC3CCN(c4ccc(F)cc4)C3C2)nnc1-c1cc[nH]c(=O)c1,1
Cn1c(SCCCN2CC3CCN(c4ccc(C(F)(F)F)cc4)C3C2)nnc1-c1cc[nH]c(=O)c1,1
Cn1c(SCCCN2C[C@@H]3CCN(c4c(F)cc(F)cc4F)[C@@H]3C2)nnc1-c1ccn(C)c(=O)c1,1
Cn1c(SCCCN2CC3CCN(c4c(F)cc(F)cc4F)C3C2)nnc1-c1ccn(C)c(=O)c1,1
Cn1c(SCCCN2CC[C@]3(C[C@@H]3c3ccc(F)cc3F)C2)nnc1-c1cccnc1,1
Cn1c(SCCCN2CC[C@]3(C[C@@H]3c3ccc(C(F)(F)F)cc3)C2)nnc1-c1ccc(C(N)=O)nc1,1
Cn1c(SCCCN2CC[C@]3(CC3c3ccc(C(F)(F)F)cc3)C2)nnc1-c1cccnc1,1
Cn1c(SCCCN2CC[C@]3(C[C@@H]3c3ccc(F)cc3)C2)nnc1-c1cccnc1,1
Cn1c(SCCCN2CC[C@]3(C[C@@H]3c3ccc(C(F)(F)F)cc3)C2)nnc1-c1ccc(C#N)nc1,1
Cn1c(SCCCN2CC[C@]3(C[C@@H]3c3ccc(C(F)(F)F)cc3F)C2)nnc1-c1cccnc1,1
Cn1c(SCCCN2CC[C@]3(C[C@@H]3c3ccc(C(F)(F)F)cc3)C2)nnc1-c1cccnc1,1
Cn1c(SCCCN2CC[C@]3(C[C@@H]3c3ccc(C(F)(F)F)cc3)C2)nnc1-c1cccnc1C(F)(F)F,1
COCCNCc1ccc(-c2cc(Cl)cc(Cl)c2)o1,1
CCNCc1ccc(-c2cc(Cl)ccc2Cl)o1,1
CNCc1ccc(-c2cc(Cl)cc(Cl)c2)o1,1
CC(C)(CO)NCc1ccc(-c2cc(Cl)cc(Cl)c2)o1,1
OCCNCc1ccc(-c2cc(Cl)cc(Cl)c2)o1,1
CC(C)NCc1ccc(-c2cc(Cl)ccc2Cl)o1,1
C[C@H](O)CNCc1ccc(-c2cc(Cl)ccc2Cl)o1,1
OCCNCc1ccc(-c2cc(Cl)ccc2Cl)o1,1
O=C1c2ncccc2CCN1CCN1CCC(c2noc3cc(F)ccc23)CC1,1
CC1(C)CN(CCN2CCC(c3noc4cc(F)ccc34)CC2)C(=O)c2ncccc21,1
Cc1ccc2c(C3CCN(CCN4CCc5cccnc5C4=O)CC3)noc2c1,1
CC(CN1CCC(c2noc3cc(F)ccc23)CC1)N1CCc2cccnc2C1=O,1
O=C1c2nc(F)ccc2CCN1CCN1CCC(c2noc3ccccc23)CC1,1
COc1ccc2c(n1)C(=O)N(CCN1CCC(c3noc4ccccc34)CC1)CC2,1
Cc1ccc2c(n1)C(=O)N(CCN1CCC(c3noc4ccccc34)CC1)CC2,1
O=C1c2nc(Cl)ccc2CCN1CCN1CCC(c2noc3ccccc23)CC1,1
COc1c(C(=O)NCCN2CCN(c3ccccc3)CC2)cc(C#N)c2ccccc12,1
COc1c(C(=O)NCCN2CCN(c3ccccc3[N+](=O)[O-])CC2)cc(Br)c2ccccc12,1
COc1ccccc1N1CCN(CCNC(=O)c2cc(Br)c3ccccc3c2OC)CC1,1
COc1c(C(=O)NCCN2CCN(c3ccccc3C)CC2)cc(Br)c2ccccc12,1
COc1c(C(=O)NCCN2CCN(c3ccccc3Cl)CC2)cc(Br)c2ccccc12,1
COc1c(C(=O)NCCN2CCN(c3cccc(Cl)c3)CC2)cc(Br)c2ccccc12,1
COc1ccccc1N1CCN(CCNC(=O)c2ccc3ccccc3c2)CC1,1
COc1c(C(=O)NCCN2CCN(c3ccc(C)cc3)CC2)cc(Br)c2ccccc12,1
O=C(NC(c1ccc(Cl)cc1)c1ccccn1)C1CCN(CCOc2ccccc2)CC1,1
CC1(C(=O)NC(c2ccc(F)cc2)c2ccccn2)CCN(CCOc2ccccc2)CC1,1
O=C(NC(c1ccc(F)cc1)c1ccccn1)C1CCN(CCOc2ccccc2Cl)CC1,1
O=C(NC(c1ccc(Cl)cc1)c1ccc(F)cn1)C1CCN(CCOc2ccccc2F)CC1,1
O=C(NC(c1ccc(Cl)cc1)c1ccccn1)C1CCN(CCOc2ccccc2C(F)(F)F)CC1,1
O=C(NC(c1ccc(Cl)cc1)c1ccccn1)C1CCN(CCOc2ccccc2Cl)CC1,1
O=C(NC(c1ccc(F)cc1)c1ccccn1)C1CCN(CCOc2ccccc2)CC1,1
COc1cccc([C@@H](NC(=O)C2CCN(CCOc3ccccc3)CC2)c2ccccn2)c1,1
COc1ccccc1N1CCN(CCCCOc2ccc(-c3cn4cc(C)ccc4n3)cc2)CC1,1
COc1ccccc1N1CCN(CCCCOc2ccc(-c3cn4ccc(C)cc4n3)cc2)CC1,1
Clc1cccc(N2CCN(CCCCOc3ccc(-c4cn5ccccc5n4)cc3)CC2)c1Cl,1
Cc1ccn2cc(-c3ccc(OCCCCN4CCN(c5cccc(Cl)c5Cl)CC4)cc3)nc2c1,1
Cc1ccc2nc(-c3ccc(OCCCCN4CCN(c5cccc(Cl)c5Cl)CC4)cc3)cn2c1,1
COc1ccccc1N1CCN(CCCCOc2ccc(-c3cn4cccc(C)c4n3)cc2)CC1,1
COc1ccccc1N1CCN(CCCCOc2ccc(-c3cn4ccccc4n3)cc2)CC1,1
Cc1cccn2cc(-c3ccc(OCCCCN4CCN(c5cccc(Cl)c5Cl)CC4)cc3)nc12,1
c1ccc(OC[C@H]2CC[C@H]3CN(c4ncccn4)CCN3C2)cc1,1
Fc1ccc(OC[C@H]2CC[C@H]3CN(c4ncc(F)cn4)CCN3C2)cc1,1
c1ccc(OCC2CCC3CN(c4ncccn4)CCN3C2)cc1,1
Fc1ccc(OC[C@H]2CC[C@@H]3CN(c4ncc(F)cn4)CCN3C2)cc1,1
COC(=O)c1ccc(OC[C@@H]2CC[C@H]3CN(c4ncccn4)CCN3C2)cc1,1
COc1ccc(OC[C@@H]2CC[C@H]3CN(c4ncccn4)CCN3C2)cc1,1
CC(=O)Nc1ccc(OC[C@@H]2CC[C@H]3CN(c4ncccn4)CCN3C2)cc1,1
Fc1ccc(OC[C@@H]2CC[C@@H]3CN(c4ncc(F)cn4)CCN3C2)cc1,1
Fc1ccc(OCCCN2CCN(c3ccccc3)CC2)cc1,1
COc1ccccc1N1CCN(CCCOc2ccc(C)cc2C)CC1,1
c1ccc(OCCCN2CCN(c3ccccc3)CC2)cc1,1
CC(=O)Nc1ccc(OCCCN2CCN(c3cccc(Cl)c3Cl)CC2)cc1,1
Cc1cc(OCCCN2CCN(c3ccccc3)CC2)ccc1Cl,1
Fc1ccc(OCCCN2CCN(c3ccc(Cl)cc3)CC2)cc1,1
Clc1ccc(N2CCN(CCCOc3ccccc3)CC2)cc1,1
COc1ccccc1N1CCN(CCCOc2ccc(NC(C)=O)cc2)CC1,1
O=C1CC(c2c[nH]c3ccccc23)C(=O)N1CCCCN1CCC(c2c[nH]c3ccc(F)cc23)CC1,1
COc1ccc2[nH]cc(C3CC(=O)N(CCCCN4CCC(c5c[nH]c6ccccc56)CC4)C3=O)c2c1,1
O=C1CC(c2c[nH]c3ccc(F)cc23)C(=O)N1CCCCN1CCC(c2c[nH]c3ccc(F)cc23)CC1,1
COc1ccc2[nH]cc(C3CCN(CCCCN4C(=O)CC(c5c[nH]c6ccc(F)cc56)C4=O)CC3)c2c1,1
COc1ccc2[nH]cc(C3CC(=O)N(CCCCN4CCC(c5c[nH]c6ccc(F)cc56)CC4)C3=O)c2c1,1
COc1ccc2[nH]cc(C3CCN(CCCCN4C(=O)CC(c5c[nH]c6ccccc56)C4=O)CC3)c2c1,1
O=C1CC(c2c[nH]c3ccc(F)cc23)C(=O)N1CCCCN1CCC(c2c[nH]c3ccccc23)CC1,1
COc1ccc2[nH]cc(C3CCN(CCCCN4C(=O)CC(c5c[nH]c6ccc(OC)cc56)C4=O)CC3)c2c1,1
CN(C)c1ccc(-c2cccc3c2CC[C@H]2[C@H]3c3cc(O)c(Cl)cc3CCN2C)cc1,1
CN1CCc2cc(Cl)c(O)cc2[C@H]2c3cccc(-c4ccccc4)c3CC[C@@H]21,1
CN1CCc2cc(Cl)c(O)cc2[C@H]2c3cccc(-c4ccc(CO)cc4)c3CC[C@@H]21,1
CN1CCc2cc(Cl)c(O)cc2[C@H]2c3cccc(-c4cccc(F)c4)c3CC[C@@H]21,1
CN1CCc2cc(Cl)c(O)cc2[C@H]2c3cccc(-c4cc(F)cc(F)c4)c3CC[C@@H]21,1
COc1ccc(-c2cccc3c2CC[C@H]2[C@H]3c3cc(O)c(Cl)cc3CCN2C)cc1,1
CN1CCc2cc(Cl)c(O)cc2[C@H]2c3cccc(-c4cccc(C#N)c4)c3CC[C@@H]21,1
CN1CCc2cc(Cl)c(O)cc2[C@H]2c3cccc(-c4cccc([N+](=O)[O-])c4)c3CC[C@@H]21,1
O=C(NC1CCc2cc(CCN3CCN(c4nsc5ccccc45)CC3)ccc21)C(F)(F)F,1
O=C(NC1CCc2ccc(CCN3CCN(c4nsc5ccccc45)CC3)cc21)C(F)(F)F,1
CC(=O)NC1CCc2cc(CCN3CCN(c4nsc5ccccc45)CC3)ccc21,1
NC1CCc2ccc(CCN3CCN(c4nsc5ccccc45)CC3)cc21,1
CC(=O)NC1CCc2ccc(CCN3CCN(c4nsc5ccccc45)CC3)cc21,1
CCCC(=O)NC1CCc2ccc(CCN3CCN(c4nsc5ccccc45)CC3)cc21,1
CCC(=O)NC1CCc2ccc(CCN3CCN(c4nsc5ccccc45)CC3)cc21,1
CC(C)C(=O)NC1CCc2ccc(CCN3CCN(c4nsc5ccccc45)CC3)cc21,1
COc1cc2c(cc1O)C1Cc3cc(OC)c(OC)cc3CCN1CC2,1
COc1cc2c(cc1OC)CC1c3cc(OC)c(OC)cc3CCN1CC2,1
COc1cc2c(cc1OC)C1Cc3ccc(OC)c(OC)c3CCN1CC2,1
COc1cc2c(cc1O)C1Cc3ccc(OC)c(O)c3CCN1CC2,1
COc1ccc2c(c1OC)CCN1CCc3cc(O)c(O)cc3C1C2,1
COc1cc2c(cc1OC(C)=O)C1Cc3ccc(OC)c(OC)c3CCN1CC2,1
Oc1cc2c(cc1O)C1Cc3ccc(O)c(O)c3CCN1CC2,1
COc1cc2c(cc1O)C1Cc3ccc(OC)c(OC)c3CCN1CC2,1
Cc1ccc(N2CCN(CC[C@H]3CC[C@H](NC(=O)C4CCCCC4)CC3)CC2)cc1C,1
O=C(N[C@H]1CC[C@H](CCN2CCN(c3ccccc3Cl)CC2)CC1)C1CCCCC1,1
O=C(N[C@H]1CC[C@H](CCN2CCN(c3cccc(Cl)c3)CC2)CC1)C1CCCCC1,1
O=C(N[C@H]1CC[C@H](CCN2CCN(c3ccccc3)CC2)CC1)C1CCCCC1,1
O=C(N[C@H]1CC[C@H](CCN2CCN(c3ccc(Cl)cc3)CC2)CC1)C1CCCCC1,1
O=C(NC1CCC(CCN2CCN(c3ccccc3)CC2)CC1)C1CCCCC1,1
CCCN(C(=O)C1CCCCC1)[C@H]1CC[C@H](CCN2CCN(c3cccc(Cl)c3Cl)CC2)CC1,1
COc1ccccc1N1CCN(CC[C@H]2CC[C@H](Nc3ncccn3)CC2)CC1,1
CN(c1ncccn1)[C@H]1CC[C@H](CCN2CCN(c3ccccc3)CC2)CC1,1
c1ccc(N2CCN(CC[C@H]3CC[C@H](Nc4ncccn4)CC3)CC2)cc1,1
COc1ccc(N2CCN(CC[C@H]3CC[C@H](Nc4ncccn4)CC3)CC2)cc1,1
FC(F)(F)c1cccc(N2CCN(CC[C@H]3CC[C@H](Nc4ncccn4)CC3)CC2)c1,1
Fc1ccc(N2CCN(CC[C@H]3CC[C@H](Nc4ncccn4)CC3)CC2)cc1,1
Clc1cccc(N2CCN(CC[C@H]3CC[C@H](Nc4ncccn4)CC3)CC2)c1Cl,1
c1ccc(N2CCN(CC[C@H]3CC[C@@H](Nc4ncccn4)CC3)CC2)cc1,1
CCCc1c(C(=O)NCCCCN2CCN(c3ccccc3OC)CC2)nnn1Cc1ccccc1Br,1
CCCc1c(C(=O)NCCCCN2CCN(c3cccc(Cl)c3Cl)CC2)nnn1Cc1ccccc1,1
CCCc1c(C(=O)NCCCCN2CCN(c3ccccc3OC)CC2)nnn1Cc1ccccc1,1
CCCc1c(C(=O)NCCCCN2CCN(c3ccccc3OC)CC2)nnn1Cc1ccc(OC)cc1,1
COc1ccc(Cn2nnc(C(=O)NCCCCN3CCN(c4ccccc4OC)CC3)c2C)cc1,1
Cc1c(C(=O)NCCCCN2CCN(c3cccc(Cl)c3Cl)CC2)nnn1Cc1ccccc1,1
COc1ccccc1N1CCN(CCCCNC(=O)c2nnn(Cc3ccccc3Br)c2C)CC1,1
COc1ccccc1N1CCN(CCCCNC(=O)c2nnn(Cc3ccccc3)c2C)CC1,1
FC(F)(F)c1nc2c(OCCNCc3ccccc3)cccc2[nH]1,1
Oc1nc2c(OCCNCc3ccccc3)cc(Cl)cc2[nH]1,1
Sc1nc2c(OCCNCc3ccccc3)cccc2[nH]1,1
Oc1nc2c(OCCNCc3ccccc3)cccc2[nH]1,1
Sc1nc2c(OCCNCc3ccccc3)cc(Cl)cc2[nH]1,1
Cc1nc2c(OCCNCc3ccccc3)cccc2[nH]1,1
FC(F)(F)c1nc2c(OCCNCc3ccccc3)cc(Cl)cc2[nH]1,1
c1ccc(CNCCOc2cccc3[nH]cnc23)cc1,1
CCCN(CCC)[C@@H]1Cc2cccc3[nH]c(=O)n(c23)C1,1
CCCN[C@@H]1Cc2cccc3[nH]c(=O)n(c23)C1,1
CCCN(CCC)[C@@H]1Cc2cccc3c2n(c(=O)n3CCC)C1,1
CCCN[C@@H]1Cc2cccc3c2n(c(=O)n3CCC)C1,1
CN(C)[C@@H]1Cc2cccc3[nH]c(=O)n(c23)C1,1
CCCN(C)[C@@H]1Cc2cccc3[nH]c(=O)n(c23)C1,1
CCCCn1c(=O)n2c3c(cccc31)C[C@@H](NC)C2,1
CCCn1c(=O)n2c3c(cccc31)C[C@@H](NC)C2,1
O=S(=O)(NCCCN1CC=C(c2c[nH]c3ccc(Cl)cc23)CC1)c1cccc(F)c1,1
O=S(=O)(NCCCN1CC=C(c2c[nH]c3ccc(Cl)cc23)CC1)c1cccc(O)c1,1
O=S(=O)(NCCCN1CC=C(c2c[nH]c3ccc(Cl)cc23)CC1)c1ccc(Cl)cc1,1
O=S(=O)(NCCCN1CC=C(c2c[nH]c3ccc(Cl)cc23)CC1)c1ccc(F)cc1,1
Cc1cccc(S(=O)(=O)NCCCN2CC=C(c3c[nH]c4ccc(Cl)cc34)CC2)c1,1
O=S(=O)(NCCCN1CC=C(c2c[nH]c3ccc(Cl)cc23)CC1)c1cccc(Cl)c1,1
Cc1cccc(S(=O)(=O)NCCCN2CC=C(c3c[nH]c4ccc(F)cc34)CC2)c1,1
Cc1cccc(S(=O)(=O)NCCCN2CC=C(c3c(C)[nH]c4ccc(Cl)cc34)CC2)c1,1
O=S(=O)(NCCN1CC=C(c2c[nH]c3ccc(Cl)cc23)CC1)c1cccc(O)c1,1
O=S(=O)(NCCN1CC=C(c2c[nH]c3ccc(Cl)cc23)CC1)c1cccc(F)c1,1
Cc1cccc(S(=O)(=O)NCCN2CC=C(c3c[nH]c4ccc(Cl)cc34)CC2)c1,1
O=S(=O)(NCCN1CC=C(c2c[nH]c3ccc(Cl)cc23)CC1)c1ccc(F)cc1,1
O=S(=O)(NCCN1CC=C(c2c[nH]c3ccc(Cl)cc23)CC1)c1ccc(Cl)cc1,1
Cc1cccc(S(=O)(=O)NCCN2CC=C(c3c[nH]c4ccc(F)cc34)CC2)c1,1
O=S(=O)(NCCN1CC=C(c2c[nH]c3ccc(Cl)cc23)CC1)c1cccc(Cl)c1,1
Cc1cccc(S(=O)(=O)NCCN2CC=C(c3c(C)[nH]c4ccc(Cl)cc34)CC2)c1,1
O=S(=O)(NCCCCN1CC=C(c2c[nH]c3ccc(Cl)cc23)CC1)c1cccc(Cl)c1,1
O=S(=O)(NCCCCN1CC=C(c2c[nH]c3ccc(Cl)cc23)CC1)c1cccc(F)c1,1
O=S(=O)(NCCCCN1CC=C(c2c[nH]c3ccc(Cl)cc23)CC1)c1cccc(O)c1,1
Cc1cccc(S(=O)(=O)NCCCCN2CC=C(c3c[nH]c4ccc(Cl)cc34)CC2)c1,1
Cc1cccc(S(=O)(=O)NCCCCN2CC=C(c3c[nH]c4ccc(F)cc34)CC2)c1,1
O=S(=O)(NCCCCN1CC=C(c2c[nH]c3ccc(Cl)cc23)CC1)c1ccc(F)cc1,1
O=S(=O)(NCCCCN1CC=C(c2c[nH]c3ccc(Cl)cc23)CC1)c1ccc(Cl)cc1,1
Cc1cccc(S(=O)(=O)NCCCCN2CC=C(c3c(C)[nH]c4ccc(Cl)cc34)CC2)c1,1
O=C1CCc2ccc(OCCCCN3CCN(c4cccc5ccccc45)CC3)nc2N1,1
O=C1CCc2ccc(OCCCCN3CCN(c4cccc5cc(F)ccc45)CC3)nc2N1,1
O=C1CCc2ccc(OCCCCN3CCN(c4cc(F)cc5ccccc45)CC3)nc2N1,1
O=C1CCc2ccc(OCCCCN3CCN(c4cccc5ccc(F)cc45)CC3)nc2N1,1
O=C1CCc2ccc(OCCCCN3CCN(c4c(F)ccc5ccccc45)CC3)nc2N1,1
O=C1CCc2ccc(OCCCCN3CCN(c4cccc5cccc(F)c45)CC3)nc2N1,1
O=C1CCc2ccc(OCCCCN3CCN(c4ccc(F)c5ccccc45)CC3)nc2N1,1
O=C1CCc2ccc(OCCCCN3CCN(c4cccc5c(F)cccc45)CC3)nc2N1,1
CCCN(CCc1ccccc1)C1CCc2c(O)cccc2C1,1
CCCN(CCc1ccccc1)[C@H]1CCc2c(O)cccc2C1,1
CCCN(CCc1ccc(C)cc1)[C@H]1CCc2c(O)cccc2C1,1
CCCN(CCc1ccc(N)cc1)C1CCc2c(O)cccc2C1,1
C#CCCC(=O)Nc1ccc(CCN(CCC)C2CCc3c(O)cccc3C2)cc1,1
CCCN(CCc1ccccc1)[C@@H]1CCc2c(O)cccc2C1,1
CCCN(CCc1ccc(C)cc1)[C@@H]1CCc2c(O)cccc2C1,1
CCCN(CCc1ccccc1)C1CCc2ccc(O)cc2C1,1
Oc1nc2cccc(N3CCN(Cc4ccc(O)c(-c5ccccc5)c4)CC3)c2o1,1
N#Cc1ccccc1-c1cccc(CN2CCN(c3cccc4nc(O)oc34)CC2)c1,1
N#Cc1cccc(-c2cccc(CN3CCN(c4cccc5nc(O)oc45)CC3)c2)c1,1
Oc1nc2cccc(N3CCN(Cc4cccc(-c5ccc(F)cc5)c4)CC3)c2o1,1
Cc1cccc(-c2cccc(CN3CCN(c4cccc5nc(O)oc45)CC3)c2)c1,1
COc1cccc(-c2cccc(CN3CCN(c4cccc5nc(O)oc45)CC3)c2)c1,1
Oc1nc2cccc(N3CCN(Cc4cc(-c5ccccc5)ccc4F)CC3)c2o1,1
Oc1nc2cccc(N3CCN(Cc4cccc(-c5cccc(Cl)c5)c4)CC3)c2o1,1
O=Cc1cnn2ccc(NC(=O)CCCN3CCN(c4cccc(Cl)c4Cl)CC3)cc12,1
O=C(CCCN1CCN(c2cccc(Cl)c2Cl)CC1)Nc1ccn2ncc(/C=N\O)c2c1,1
N#Cc1cnn2ccc(NC(=O)CCCN3CCN(c4cccc(Cl)c4Cl)CC3)cc12,1
COc1ccccc1N1CCN(CCCC(=O)Nc2ccn3ncc(/C=N\O)c3c2)CC1,1
COc1ccccc1N1CCN(CCCC(=O)Nc2ccn3ncc(C#N)c3c2)CC1,1
COc1ccccc1N1CCN(CCCC(=O)Nc2ccn3ncc(C=O)c3c2)CC1,1
O=C(CCCN1CCN(c2cccc(Cl)c2Cl)CC1)Nc1ccn2nccc2c1,1
COc1ccccc1N1CCN(CCCC(=O)Nc2ccn3nccc3c2)CC1,1
CN1CCCCC1CCN1c2ccccc2Sc2ccc(S(C)(=O)=O)cc21,1
CSc1ccc2c(c1)N(CCC1CCCCN1C)c1ccccc1S2,1
CN1CCCC[C@@H]1CCN1c2ccccc2Sc2ccc([S+](C)[O-])cc21,1
CN1CCCC[C@@H]1CCN1c2ccccc2Sc2ccc([S@+](C)[O-])cc21,1
CN1CCCCC1CCN1c2ccccc2Sc2ccc([S+](C)[O-])cc21,1
CN1CCCC[C@H]1CCN1c2ccccc2Sc2ccc([S+](C)[O-])cc21,1
CN1CCCCC1CCN1c2c(Cl)cc(Cl)cc2Sc2cc(Cl)cc(Cl)c21,1
CN1CCCCC1CCN1c2ccc(Br)cc2Sc2cc(Br)ccc21,1
O=S(=O)(N[C@@H]1CCN(CCCc2noc3ccccc23)C1)c1ccc2ccccc2c1,1
O=S(=O)(N[C@@H]1CCN(CCCc2noc3ccccc23)C1)c1ccc2cc(Cl)ccc2c1,1
COc1ccc2cc(S(=O)(=O)N[C@@H]3CCN(CCCc4noc5ccccc45)C3)ccc2c1,1
O=S(=O)(N[C@H]1CCN(CCCc2noc3ccccc23)C1)c1ccc2ccccc2c1,1
C[C@H]1C[C@H](NS(=O)(=O)c2ccc3ccccc3c2)CN1CCCc1noc2cc(F)ccc12,1
COc1ccc2cc(S(=O)(=O)N[C@H]3CCN(CCCc4noc5ccccc45)C3)ccc2c1,1
O=S(=O)(N[C@H]1CCN(CCCc2noc3ccccc23)C1)c1ccc2cc(Cl)ccc2c1,1
C[C@H]1C[C@H](NS(=O)(=O)c2ccc3cc(Cl)ccc3c2)CN1CCCc1noc2cc(F)ccc12,1
O=C(N[C@H]1CC[C@H](CCN2CCc3nc(OCC(F)(F)F)sc3CC2)CC1)c1cccnc1C(F)F,1
CC(F)(F)COc1nc2c(s1)CCN(CC[C@H]1CC[C@H](NC(=O)c3cccnc3C(F)F)CC1)CC2,1
Cc1ncccc1C(=O)N[C@H]1CC[C@H](CCN2CCc3nc(OCC(C)(F)F)sc3CC2)CC1,1
O=C(N[C@H]1CC[C@](F)(CCN2CCc3nc(OCC(F)(F)F)sc3CC2)CC1)c1cccnc1C(F)F,1
Cc1ncccc1C(=O)N[C@H]1CC[C@](F)(CCN2CCc3nc(OCC(F)(F)F)sc3CC2)CC1,1
CC(F)(F)COc1nc2c(s1)CCN(CC[C@]1(F)CC[C@@H](NC(=O)c3cccnc3C(F)F)CC1)CC2,1
O=C(N[C@H]1CC[C@H](CCN2CCc3nc(OCC(F)F)sc3CC2)CC1)c1cccnc1C(F)F,1
CC(=O)c1ccc(/C=C/C(=O)NCCCCN2CCc3ccc(OS(=O)(=O)C(F)(F)F)cc3C2)cc1,1
O=C(/C=C/c1ccccc1)NCCCCN1CCc2ccc(OS(=O)(=O)C(F)(F)F)cc2C1,1
COc1cccc(/C=C/C(=O)NCCCCN2CCc3ccc(OS(=O)(=O)C(F)(F)F)cc3C2)c1,1
COc1ccc(/C=C/C(=O)NCCCCN2CCc3ccc(OS(=O)(=O)C(F)(F)F)cc3C2)cc1,1
O=C(/C=C\c1ccccc1)NCCCCN1CCc2ccc(OS(=O)(=O)C(F)(F)F)cc2C1,1
CC(=O)c1cccc(/C=C/C(=O)NCCCCN2CCc3ccc(OS(=O)(=O)C(F)(F)F)cc3C2)c1,1
CN(C)c1ccc(/C=C/C(=O)NCCCCN2CCc3ccc(OS(=O)(=O)C(F)(F)F)cc3C2)cc1,1
Cc1c2c(nn1C)CCN(CCN1CCN(c3nsc4ccccc34)CC1)C2=O,1
Cn1nc2c(c1Br)C(=O)N(CCN1CCN(c3nsc4ccccc34)CC1)CC2,1
Cn1nc2c(c1C(F)(F)F)C(=O)N(CCN1CCN(c3nsc4ccccc34)CC1)CC2,1
CC(C)n1cc2c(n1)CCN(CCN1CCN(c3nsc4ccccc34)CC1)C2=O,1
CCn1cc2c(n1)CCN(CCN1CCN(c3nsc4ccccc34)CC1)C2=O,1
COc1c2c(nn1C)CCN(CCN1CCN(c3nsc4ccccc34)CC1)C2=O,1
Cn1cc2c(n1)CCN(CCN1CCN(c3nsc4ccccc34)CC1)C2=O,1
Cc1nn(C)c2c1C(=O)N(CCN1CCN(c3nsc4ccccc34)CC1)CC2,1
CC(C)n1ncc2c1CCN(CCN1CCN(c3nsc4ccccc34)CC1)C2=O,1
O=C1c2c(Br)nn(Br)c2CCN1CCN1CCN(c2nsc3ccccc23)CC1,1
Cn1nc(Br)c2c1CCN(CCN1CCN(c3nsc4ccccc34)CC1)C2=O,1
CCn1ncc2c1CCN(CCN1CCN(c3nsc4ccccc34)CC1)C2=O,1
CC1CN(CCN2CCN(c3nsc4ccccc34)CC2)C(=O)c2cnn(C)c21,1
Cn1ncc2c1CCN(CCN1CCN(c3nsc4ccccc34)CC1)C2=O,1
Cn1cc2c(C(=O)N[C@H]3CC[C@H](CCN4CCc5sc(OCC(C)(F)F)nc5C4)CC3)cccc2n1,1
Cn1cc2c(C(=O)N[C@H]3CC[C@H](CCN4CCc5sc(OCC(C)(F)F)nc5C4)CC3)ccc(F)c2n1,1
COC(CN1CCc2sc(OCC(F)(F)F)nc2C1)[C@H]1CC[C@H](NC(=O)c2cccc3nn(C)cc23)CC1,1
Cn1cc2c(C(=O)N[C@H]3CC[C@H](CCN4CCc5sc(CCC(F)F)nc5C4)CC3)cccc2n1,1
Cn1cc2c(C(=O)N[C@H]3CC[C@H](CCN4CCc5sc(OCC(C)(F)F)nc5C4)CC3)c(F)ccc2n1,1
Cn1cc2c(C(=O)N[C@H]3CC[C@H](CCN4CCc5sc(OCC(F)(F)F)nc5C4)CC3)cccc2n1,1
Cn1cc2c(C(=O)N[C@H]3CC[C@H](CCN4CCc5sc(CCC(C)(F)F)nc5C4)CC3)cccc2n1,1
CC(=O)N[C@H]1CC[C@H](CCN2CCN(c3nccc4sccc34)CC2)CC1,1
CCC(=O)N[C@H]1CC[C@H](CCN2CCN(c3nccc4sccc34)CC2)CC1,1
CCS(=O)(=O)N[C@H]1CC[C@H](CCN2CCN(c3nccc4sccc34)CC2)CC1,1
O=C(CO)N[C@H]1CC[C@H](CCN2CCN(c3nccc4sccc34)CC2)CC1,1
COCC(=O)N[C@H]1CC[C@H](CCN2CCN(c3nccc4sccc34)CC2)CC1,1
CS(=O)(=O)N[C@H]1CC[C@H](CCN2CCN(c3nccc4sccc34)CC2)CC1,1
COCCC(=O)N[C@H]1CC[C@H](CCN2CCN(c3nccc4sccc34)CC2)CC1,1
CCOc1ccccc1N1CCN(CCCCc2cc(-c3cccc([N+](=O)[O-])c3)no2)CC1,1
CCOc1ccccc1N1CCN(CCCCc2cc(-c3ccc(OC)c(OC)c3)no2)CC1,1
COc1ccccc1N1CCN(CCCCc2cc(-c3cccc([N+](=O)[O-])c3)no2)CC1,1
COc1ccccc1N1CCN(CCCCc2cc(-c3ccc(F)cc3)no2)CC1,1
CCOc1ccccc1N1CCN(CCCCc2cc(-c3ccccc3)no2)CC1,1
COc1ccc(-c2cc(CCCCN3CCN(c4ccccc4OC)CC3)on2)cc1OC,1
COc1ccc(-c2cc(CCCCN3CCN(c4ccccc4OC)CC3)on2)c(OC)c1,1
CCC(=O)N[C@H]1CC[C@H](CCN2CCC(c3cccc4occc34)CC2)CC1,1
CS(=O)(=O)CC(=O)N[C@H]1CC[C@H](CCN2CCC(c3cccc4occc34)CC2)CC1,1
CC(=O)N[C@H]1CC[C@H](CCN2CCC(c3cccc4occc34)CC2)CC1,1
COCC(=O)N[C@H]1CC[C@H](CCN2CCC(c3cccc4occc34)CC2)CC1,1
COCCC(=O)N[C@H]1CC[C@H](CCN2CCC(c3cccc4occc34)CC2)CC1,1
CC(=O)N[C@H]1CC[C@H](CCN2CCC(c3ccc(F)c4occc34)CC2)CC1,1
COCCC(=O)N[C@H]1CC[C@H](CCN2CCC(c3ccc(F)c4occc34)CC2)CC1,1
COC(=O)c1ccc(CSc2nc3ccccc3n2Cc2ccc(Cl)cc2)cc1,1
CC(C)(O)c1ccc(CSc2nc3ccccc3n2Cc2ccc(Cl)cc2)cc1,1
CC(O)c1ccc(CSc2nc3ccccc3n2Cc2ccc(Cl)cc2)cc1,1
CC(=O)c1ccc(CSc2nc3ccccc3n2Cc2ccc(Cl)cc2)cc1,1
COC(=O)Cc1ccc(CSc2nc3ccccc3n2Cc2ccc(Cl)cc2)cc1,1
CSc1ccc(CSc2nc3ccccc3n2Cc2ccc(Cl)cc2)cc1,1
CN(C)C(=O)c1ccc(CSc2nc3ccccc3n2Cc2ccc(Cl)cc2)cc1,1
FC(F)(F)CN(CC1CCN(CCOc2ccccc2)CC1)C(c1ccc(Cl)cc1)c1ccccn1,1
CN(CC1CCN(CCOc2ccccc2)CC1)C(c1ccc(Cl)cc1)c1ccccn1,1
CN(CC1CCN(CCOc2ccccc2)CC1)[C@H](c1ccc(Cl)cc1)c1ccccn1,1
Clc1ccc(C(NCC2CCN(CCOc3ccccc3)CC2)c2ccccn2)cc1,1
Clc1ccc([C@@H](NCC2CCN(CCOc3ccccc3)CC2)c2ccccn2)cc1,1
CN(CC1CCN(CCOc2ccccc2F)CC1)C(c1ccc(Cl)cc1)c1ccccn1,1
COc1cccc(C(c2ccccn2)N(C)CC2CCN(CCOc3ccccc3F)CC2)c1,1
Clc1cccc(N2CCN(CCCOc3ccc(-c4cn5ccccc5n4)cc3)CC2)c1Cl,1
COc1ccccc1N1CCN(CCCOc2ccc(-c3cn4cccc(C)c4n3)cc2)CC1,1
COc1ccccc1N1CCN(CCCOc2ccc(-c3cn4ccccc4n3)cc2)CC1,1
COc1ccccc1N1CCN(CCCOc2ccc(-c3cn4cc(C)ccc4n3)cc2)CC1,1
COc1ccccc1N1CCN(CCCOc2ccc(-c3cn4ccc(C)cc4n3)cc2)CC1,1
Cc1ccn2cc(-c3ccc(OCCCN4CCN(c5cccc(Cl)c5Cl)CC4)cc3)nc2c1,1
Cc1cccn2cc(-c3ccc(OCCCN4CCN(c5cccc(Cl)c5Cl)CC4)cc3)nc12,1
Cn1c(SCCCN2CC[C@]3(C[C@@H]3c3ccc(C(F)(F)F)cc3)C2)nnc1-c1ccccc1C(N)=O,1
Cn1c(SCCCN2CC[C@]3(C[C@@H]3c3ccc(C(F)(F)F)cc3)C2)nnc1-c1ccc(S(N)(=O)=O)cc1,1
Cn1c(SCCCN2CC[C@]3(C[C@@H]3c3ccc(C(F)(F)F)cc3)C2)nnc1-c1cccc(C(N)=O)c1,1
Cn1c(SCCCN2CC[C@]3(C[C@@H]3c3ccc(C(F)(F)F)cc3)C2)nnc1-c1ccc(C#N)cc1,1
Cn1c(SCCCN2CC[C@]3(C[C@@H]3c3ccc(C(F)(F)F)cc3)C2)nnc1-c1ccc(C(N)=O)cc1,1
CC(=O)c1ccc(-c2nnc(SCCCN3CC[C@]4(C[C@@H]4c4ccc(C(F)(F)F)cc4)C3)n2C)cc1,1
Cn1c(SCCCN2CC[C@]3(C[C@@H]3c3ccc(C(F)(F)F)cc3)C2)nnc1-c1ccc(CC(N)=O)cc1,1
Cn1c(SCCCN2CC3CCN(c4ccc(F)cc4)C3C2)nnc1C1CCCCC1,1
Cn1c(SCCCN2C[C@@H]3CCN(c4ccc(F)cc4)[C@@H]3C2)nnc1C1CCCCC1,1
Cn1c(SCCCN2C[C@H]3CCN(c4ccc(C(F)(F)F)cc4)[C@H]3C2)nnc1C1CCCCC1,1
Cn1c(SCCCN2C[C@H]3CCN(c4ccc(F)cc4)[C@H]3C2)nnc1C1CCCCC1,1
Cn1c(SCCCN2CC3CCN(c4ccc(C(F)(F)F)cc4)C3C2)nnc1C1CCC(O)CC1,1
Cn1c(SCCCN2C[C@@H]3CCN(c4ccc(C(F)(F)F)cc4)[C@@H]3C2)nnc1C1CCC(O)CC1,1
Cn1c(SCCCN2C[C@H]3CCN(c4ccc(C(F)(F)F)cc4)[C@H]3C2)nnc1C1CCC(O)CC1,1
COc1cccc(CN2CCc3cc4nc(N)sc4cc3CC2)c1,1
CN(C)C(=O)c1cccc(CN2CCc3cc4nc(N)sc4cc3CC2)c1,1
Nc1nc2cc3c(cc2s1)CCN(Cc1cccc(F)c1)CC3,1
CN(C)C(=O)c1ccc(CN2CCc3cc4nc(N)sc4cc3CC2)cc1,1
Nc1nc2cc3c(cc2s1)CCN(Cc1ccc(F)cc1)CC3,1
Nc1nc2cc3c(cc2s1)CCN(Cc1ccccc1)CC3,1
COc1ccc(CN2CCc3cc4nc(N)sc4cc3CC2)cc1,1
O=C(NC/C=C/CN1CCN(c2ccccc2OCCF)CC1)c1cc2cc(O)ccc2[nH]1,1
O=C(NC/C=C/CN1CCN(c2ccccc2OCCF)CC1)c1cc2ccccc2[nH]1,1
COc1ccccc1N1CCN(C/C=C/CNC(=O)c2cc3cc(OCCF)ccc3[nH]2)CC1,1
COc1ccc2[nH]c(C(=O)NC/C=C/CN3CCN(c4ccccc4OCCF)CC3)cc2c1,1
COc1ccc2[nH]c(C(=O)NC/C=C/CN3CCN(c4ccccc4OC)CC3)cc2c1,1
COc1ccccc1N1CCN(C/C=C/CNC(=O)c2cc3cc(OCCOCCF)ccc3[nH]2)CC1,1
COc1ccccc1N1CCN(C/C=C/CNC(=O)c2cc3cc(OCCOCCOCCF)ccc3[nH]2)CC1,1
CC(C)CCN1CCN2c3cccc4[nH]cc(c34)CC2C1,1
CCCCCN1CCN2c3cccc4[nH]cc(c34)CC2C1,1
CCCCN1CCN2c3cccc4[nH]cc(c34)CC2C1,1
CCN1CCN2c3cccc4[nH]cc(c34)CC2C1,1
CC(C)CN1CCN2c3cccc4[nH]cc(c34)CC2C1,1
CCCN1CCN2c3cccc4[nH]cc(c34)CC2C1,1
CN1CCN2c3cccc4[nH]cc(c34)CC2C1,1
CN(C)C(=O)C(CCNCCCCN1CCN(c2cccc(Cl)c2Cl)CC1)(c1ccccc1)c1ccccc1,1
N#CC(CCNCCCCN1CCN(c2cccc(Cl)c2Cl)CC1)(c1ccccc1)c1ccccc1,1
CCc1cccc(N2CCN(CCCCNCCC(C(=O)N(C)C)(c3ccccc3)c3ccccc3)CC2)c1Cl,1
CCc1cccc(N2CCN(CC(O)CCNCCC(C(=O)N(C)C)(c3ccccc3)c3ccccc3)CC2)c1Cl,1
CN(C)C(=O)C(CCNCCC(O)CN1CCN(c2cccc(Cl)c2Cl)CC1)(c1ccccc1)c1ccccc1,1
N#CC(CCNCCC(O)CN1CCN(c2cccc(Cl)c2Cl)CC1)(c1ccccc1)c1ccccc1,1
Oc1cccc(C(CCNCCCCN2CCN(c3ccccc3)CC2)c2cccc(O)c2)c1,1
C[C@@H](O)[C@@H]1NC(=O)[C@H](CCCCN)NC(=O)[C@@H](Cc2c[nH]c3ccccc23)NC(=O)[C@H](Cc2ccccc2)NC(=O)[C@H](Cc2ccccc2)NC(=O)[C@H](CCCNC(=N)N)NC(=O)[C@H](NCCSC[C@@H]2C[C@@H]3c4cccc5[nH]cc(c45)C[C@H]3N(C)C2)CCCCNC(=O)[C@H](Cc2ccc(F)c(F)c2)NC1=O,1
C[C@@H](O)[C@@H]1NC(=O)[C@H](CCCCN)NC(=O)[C@@H](Cc2c[nH]c3ccccc23)NC(=O)[C@H](Cc2ccccc2)NC(=O)[C@H](Cc2ccccc2)NC(=O)[C@H](CCCNC(=N)N)NC(=O)[C@H](NCCSC[C@@H]2C[C@@H]3c4cccc5[nH]cc(c45)C[C@H]3N(C)C2)CCCCNC(=O)[C@H](Cc2cc(F)cc(F)c2)NC1=O,1
C[C@@H](O)[C@@H]1NC(=O)[C@H](CCCCN)NC(=O)[C@@H](Cc2c[nH]c3ccccc23)NC(=O)[C@H](Cc2ccccc2)NC(=O)[C@H](Cc2ccccc2)NC(=O)[C@H](CCCNC(=N)N)NC(=O)[C@H](NCCSC[C@@H]2C[C@@H]3c4cccc5[nH]cc(c45)C[C@H]3N(C)C2)CCCCNC(=O)[C@H](Cc2cccc(F)c2)NC1=O,1
C[C@@H](O)[C@@H]1NC(=O)[C@H](CCCCN)NC(=O)[C@@H](Cc2c[nH]c3ccccc23)NC(=O)[C@H](Cc2ccccc2)NC(=O)[C@H](Cc2ccccc2)NC(=O)[C@H](CCCNC(=N)N)NC(=O)[C@H](NCCSC[C@@H]2C[C@@H]3c4cccc5[nH]cc(c45)C[C@H]3N(C)C2)CCCCNC(=O)[C@H](Cc2ccccc2F)NC1=O,1
C[C@@H](O)[C@@H]1NC(=O)[C@H](CCCCN)NC(=O)[C@@H](Cc2c[nH]c3ccccc23)NC(=O)[C@H](Cc2ccccc2)NC(=O)[C@H](Cc2ccccc2)NC(=O)[C@H](CCCNC(=N)N)NC(=O)[C@H](NCCSC[C@@H]2C[C@@H]3c4cccc5[nH]cc(c45)C[C@H]3N(C)C2)CCCCNC(=O)[C@H](Cc2c(F)c(F)c(F)c(F)c2F)NC1=O,1
C[C@@H](O)[C@@H]1NC(=O)[C@H](CCCCN)NC(=O)[C@@H](Cc2c[nH]c3ccccc23)NC(=O)[C@H](Cc2ccccc2)NC(=O)[C@H](Cc2ccccc2)NC(=O)[C@H](CCCNC(=N)N)NC(=O)[C@H](NCCSC[C@@H]2C[C@@H]3c4cccc5[nH]cc(c45)C[C@H]3N(C)C2)CCCCNC(=O)[C@H](Cc2ccc(F)cc2)NC1=O,1
C[C@@H](O)[C@@H]1NC(=O)[C@H](CCCCN)NC(=O)[C@@H](Cc2c[nH]c3ccccc23)NC(=O)[C@H](Cc2ccccc2)NC(=O)[C@H](Cc2ccccc2)NC(=O)[C@H](CCCNC(=N)N)NC(=O)[C@H](NCCSC[C@@H]2C[C@@H]3c4cccc5[nH]cc(c45)C[C@H]3N(C)C2)CCCCNC(=O)[C@H](Cc2ccccc2)NC1=O,1
CC(C)c1ccccc1OCCN1CCC(NS(=O)(=O)c2cccs2)C1,1
CC(C)c1ccccc1OCCN1CC[C@@H](NS(=O)(=O)c2ccc(Cl)s2)C1,1
CC(C)c1ccccc1OCCN1CC[C@H](NS(=O)(=O)c2ccc(Cl)s2)C1,1
O=S(=O)(NC1CCN(CCOc2cccc(Cl)c2Cl)C1)c1ccc(Cl)s1,1
O=S(=O)(NC1CCN(CCOc2cc(Cl)ccc2Cl)C1)c1ccc(Cl)s1,1
O=S(=O)(NC1CCN(CCOc2ccccc2)C1)c1ccc(Cl)s1,1
O=S(=O)(NC1CCN(CCOc2cccc(F)c2)C1)c1cccs1,1
COc1ccccc1N1CCN(CCCCN2CCc3ccccc3C2=O)CC1,1
C#Cc1ccc2c(c1)CCN(CCCCN1CCN(c3ccccc3OC)CC1)C2=O,1
COc1ccccc1N1CCN(CCCCN2CCc3cc(F)ccc3C2=O)CC1,1
O=C1c2ccccc2CCN1CCCCN1CCN(c2cccc(Cl)c2Cl)CC1,1
COc1ccccc1N1CCN(CCCCN2CCc3cc(C#N)ccc3C2=O)CC1,1
O=C1c2ccccc2CCN1CCCCN1CCN(c2ccccc2Cl)CC1,1
COc1cccc(N2CCN(CCCCN3CCc4ccccc4C3=O)CC2)c1,1
COc1ccc(F)cc1[C@H]1C[C@@H]1CNCCCOc1ccc2ccc(=O)[nH]c2c1,1
COc1ccc(Cl)cc1[C@H]1C[C@@H]1CNCCCOc1ccc2ccc(=O)[nH]c2c1,1
COc1ccc(F)cc1C1CC1CNCCCOc1ccc2ccc(=O)[nH]c2c1,1
COc1ccc(Cl)cc1C1CC1CNCCCOc1ccc2ccc(=O)[nH]c2c1,1
COc1ccccc1C1CC1CNCCCOc1ccc2ccc(=O)[nH]c2c1,1
COc1ccc(Cl)cc1[C@@H]1C[C@H]1CNCCCOc1ccc2ccc(=O)[nH]c2c1,1
COc1ccc(F)cc1[C@@H]1C[C@H]1CNCCCOc1ccc2ccc(=O)[nH]c2c1,1
CCc1cccc(N2CCN(CCCCNC(=O)c3cn4ccccc4n3)CC2)c1Cl,1
O=C(NCCCCN1CCN(c2cccc(Cl)c2Cl)CC1)c1cn2ccccc2n1,1
COc1ccccc1N1CCN(CCCCNC(=O)c2cn3ccccc3n2)CC1,1
O=C(NCCCCN1CCN(c2cccc(C(F)(F)F)c2)CC1)c1cn2ccccc2n1,1
O=C(NCCCCN1CCN(c2ccccc2)CC1)c1cn2ccccc2n1,1
N#Cc1cc(N2CCN(CCCCNC(=O)c3cn4ccccc4n3)CC2)cc(C(F)(F)F)c1,1
CCc1cccc(N2CCN(CC(O)CCNC(=O)c3cn4ccccc4n3)CC2)c1Cl,1
O=S(=O)(N[C@H]1CC[C@H](CCN2CCN(c3nsc4ccccc34)CC2)CC1)c1cc2ccccc2s1,1
O=S(=O)(N[C@H]1CC[C@@H](CCN2CCN(c3nsc4ccccc34)CC2)CC1)c1cc2ccccc2s1,1
COc1ccc2sc(S(=O)(=O)N[C@H]3CC[C@H](CCN4CCN(c5nsc6ccccc56)CC4)CC3)cc2c1,1
Cc1ccc2sc(S(=O)(=O)N[C@H]3CC[C@H](CCN4CCN(c5nsc6ccccc56)CC4)CC3)cc2c1,1
O=[N+]([O-])c1ccc2sc(S(=O)(=O)N[C@H]3CC[C@H](CCN4CCN(c5nsc6ccccc56)CC4)CC3)cc2c1,1
[C-]#[N+]c1ccc2sc(S(=O)(=O)N[C@H]3CC[C@H](CCN4CCN(c5nsc6ccccc56)CC4)CC3)cc2c1,1
O=S(=O)(N[C@H]1CC[C@H](CCN2CCN(c3nsc4ccccc34)CC2)CC1)c1cc2cc(Cl)ccc2s1,1
Cc1ccccc1-c1ccc2c(c1)C(N1CCN(C)CC1)Cc1ccccc1S2,1
CN1CCN(C2Cc3ccccc3Sc3ccc(-c4ccccc4)cc32)CC1,1
Cc1cccc(-c2ccc3c(c2)C(N2CCN(C)CC2)Cc2ccccc2S3)c1C,1
Cc1cccc(-c2ccc3c(c2)C(N2CCN(C)CC2)Cc2ccccc2S3)c1,1
Cc1cccc(C)c1-c1ccc2c(c1)C(N1CCN(C)CC1)Cc1ccccc1S2,1
Cc1cc(C)c(-c2ccc3c(c2)C(N2CCN(C)CC2)Cc2ccccc2S3)c(C)c1,1
Cc1ccc(-c2ccc3c(c2)C(N2CCN(C)CC2)Cc2ccccc2S3)cc1,1
Fc1ccc2c(C3CCN(CCCOc4ccc(CN5CCOCC5)cc4)CC3)noc2c1,1
Fc1ccc2c(C3CCN(CCCOc4ccc(CN5CCOCC5)cc4F)CC3)noc2c1,1
Fc1ccc2c(C3CCN(CCCOc4ccc(CN5CCOCC5)c(F)c4)CC3)noc2c1,1
Fc1ccc2c(C3CCN(CCCOc4ccc(CN5CCOCC5)cc4Cl)CC3)noc2c1,1
COc1cc(CN2CCOCC2)ccc1OCCCN1CCC(c2noc3cc(F)ccc23)CC1,1
Cc1cc(OCCCN2CCC(c3noc4cc(F)ccc34)CC2)ccc1CN1CCOCC1,1
Fc1ccc2c(C3CCN(CCCOc4ccc(CN5CCOCC5)c(Cl)c4)CC3)noc2c1,1
CN1CCc2ccc(OCCCN3CCC(c4noc5cc(F)ccc45)CC3)cc2C1=O,1
CN1CCc2c(F)cc(OCCCN3CCC(c4noc5cc(F)ccc45)CC3)cc2C1=O,1
CC1CN(C)C(=O)c2cc(OCCCN3CCC(c4noc5cc(F)ccc45)CC3)ccc21,1
Cc1cc(OCCCN2CCC(c3noc4cc(F)ccc34)CC2)cc2c1CCN(C)C2=O,1
O=C1NCCc2ccc(OCCCN3CCC(c4noc5cc(F)ccc45)CC3)cc21,1
CCN1CCc2ccc(OCCCN3CCC(c4noc5cc(F)ccc45)CC3)cc2C1=O,1
CN1CCc2ccc(OCC(O)CN3CCC(c4noc5cc(F)ccc45)CC3)cc2C1=O,1
O=C(N[C@H]1CC[C@@H](CCN2CCN(c3nsc4ccccc34)CC2)CC1)c1ccco1,1
O=C(N[C@H]1CC[C@H](CCN2CCN(c3nsc4ccccc34)CC2)CC1)c1ccco1,1
N#Cc1ccc(C(=O)N[C@H]2CC[C@H](CCN3CCN(c4nsc5ccccc45)CC3)CC2)o1,1
CC(=O)c1ccc(C(=O)N[C@H]2CC[C@H](CCN3CCN(c4nsc5ccccc45)CC3)CC2)o1,1
Nc1ccc2c(N3CCN(CC[C@H]4CC[C@H](NC(=O)c5ccco5)CC4)CC3)nsc2c1,1
CC(C)(C)c1ccoc1C(=O)N[C@H]1CC[C@H](CCN2CCN(c3nsc4ccccc34)CC2)CC1,1
O=C(N[C@H]1CC[C@H](CCN2CCN(c3nsc4cc([N+](=O)[O-])ccc34)CC2)CC1)c1ccco1,1
CCN(CC)C(=O)N[C@@H]1C=C2c3cccc4[nH]cc(c34)C[C@H]2N(C)C1,1
CCN(CC)C(=O)N[C@H]1C=C2c3cccc4[nH]cc(c34)C[C@H]2N(C)C1,1
CN1C[C@H](C(N)=O)C=C2c3cccc4[nH]c(Br)c(c34)C[C@H]21,1
CCN(CC)C(=O)[C@@H]1C=C2c3cccc4[nH]cc(c34)C[C@H]2N(C)C1,1
C[C@@H](CO)NC(=O)[C@@H]1C=C2c3cccc4[nH]cc(c34)C[C@H]2N(C)C1,1
CC[C@@H](CO)NC(=O)[C@@H]1C=C2c3cccc4c3c(cn4C)C[C@H]2N(C)C1,1
CC[C@@H](CO)NC(=O)[C@@H]1C=C2c3cccc4[nH]cc(c34)C[C@H]2N(C)C1,1
O=C1NCN(c2ccccc2)C12CCN(CC1COc3ccc4[nH]ccc4c3O1)CC2,1
N#Cc1cc2c3c(ccc2[nH]1)OCC(CN1CCC2(CC1)C(=O)NCN2c1ccccc1)O3,1
NC(=O)c1cc2c3c(ccc2[nH]1)OCC(CN1CCC2(CC1)C(=O)NCN2c1ccccc1)O3,1
O=C1NCN(c2ccccc2)C12CCN(CC1COc3ccc4[nH]c(CO)cc4c3O1)CC2,1
COC(=O)c1cc2c3c(ccc2[nH]1)OCC(CN1CCC2(CC1)C(=O)NCN2c1ccccc1)O3,1
CCCCOC(=O)c1cc2c3c(ccc2[nH]1)OCC(CN1CCC2(CC1)C(=O)NCN2c1ccccc1)O3,1
O=C(O)c1cc2c3c(ccc2[nH]1)OCC(CN1CCC2(CC1)C(=O)NCN2c1ccccc1)O3,1
COc1ccccc1N1CCN(CCOc2ccc3[nH]c(=S)[nH]c3c2)CC1,1
S=c1[nH]c2ccc(OCCN3CCN(c4ccccc4)CC3)cc2[nH]1,1
S=c1[nH]c2ccc(OCCN3CCN(c4ccccc4Cl)CC3)cc2[nH]1,1
FC(F)(F)c1cccc(N2CCN(CCOc3ccc4[nH]c(=S)[nH]c4c3)CC2)c1,1
S=c1[nH]c2ccc(OCCN3CCN(c4cccc(Cl)c4)CC3)cc2[nH]1,1
COc1cccc(N2CCN(CCOc3ccc4[nH]c(=S)[nH]c4c3)CC2)c1,1
COc1ccc(N2CCN(CCOc3ccc4[nH]c(=S)[nH]c4c3)CC2)cc1,1
Fc1ccc(CCN2CCC3(CCc4ccc(F)cc4O3)CC2)c(F)c1,1
c1ccc(CCN2CCC3(CCc4ccccc4O3)CC2)cc1,1
COc1ccc2c(c1)CCC1(CCN(CCc3ccc(F)cc3F)CC1)O2,1
Fc1ccc(CCN2CCC3(CCc4c(F)cccc4O3)CC2)c(F)c1,1
Fc1ccc(CCN2CCC3(CCc4ccccc4O3)CC2)c(F)c1,1
Fc1ccc(CCN2CCC3(CCc4cccc(F)c4O3)CC2)c(F)c1,1
Cn1cc(CC(=O)N[C@H]2CC[C@](F)(CCN3CCc4nc(OCC(F)(F)F)sc4CC3)CC2)cn1,1
Cn1cc(CC(=O)N[C@H]2CC[C@H](CCN3CCc4nc(OCC(F)(F)F)sc4CC3)CC2)cn1,1
Cn1cc(CC(=O)N[C@H]2CC[C@H](CCN3CCc4nc(OCC(F)(F)F)sc4CC3)CC2)c(F)n1,1
Cn1cc(CC(=O)N[C@H]2CC[C@H](CCN3CCc4nc(OCC(C)(F)F)sc4CC3)CC2)cn1,1
Cn1cc(CC(=O)N[C@H]2CC[C@](F)(CCN3CCc4nc(OCC(F)(F)F)sc4CC3)CC2)c(F)n1,1
Cn1ncc(CC(=O)N[C@H]2CC[C@H](CCN3CCc4nc(OCC(C)(F)F)sc4CC3)CC2)c1F,1
O=C(N[C@H]1CC[C@H](CCN2CCN(c3nccc4c3CCO4)CC2)CC1)c1ccc(Cl)cc1,1
O=C(N[C@H]1CC[C@H](CCN2CCN(c3nccc4c3CCO4)CC2)CC1)c1ccc(F)cc1,1
N#Cc1ccc(C(=O)N[C@H]2CC[C@H](CCN3CCN(c4nccc5c4CCO5)CC3)CC2)cc1,1
O=C(N[C@H]1CC[C@H](CCN2CCN(c3nccc4c3CCO4)CC2)CC1)c1ccccc1,1
O=C(N[C@H]1CC[C@H](CCN2CCN(c3nccc4c3CCO4)CC2)CC1)c1ccc(Cl)cc1Cl,1
O=C(N[C@H]1CC[C@H](CCN2CCN(c3nccc4c3CCO4)CC2)CC1)c1ccc(C(F)(F)F)cc1,1
O=S(=O)(c1ccccc1F)C1(F)CCN(CCc2ccc(F)cc2F)CC1,1
O=S(=O)(c1ccc(F)cc1)C1(F)CCN(CCc2ccc(F)cc2F)CC1,1
NC(=O)c1cccc(S(=O)(=O)C2CCN(CCc3ccc(F)cc3F)CC2)c1,1
N#Cc1ccccc1S(=O)(=O)C1CCN(CCc2ccc(F)cc2F)CC1,1
O=S(=O)(c1cccc(F)c1)C1(F)CCN(CCc2ccc(F)cc2F)CC1,1
N#Cc1ccc(S(=O)(=O)C2(F)CCN(CCc3ccc(F)cc3F)CC2)cc1,1
O=C1c2c(Br)n[nH]c2CCN1CCN1CCC(c2noc3ccccc23)CC1,1
Cc1n[nH]c2c1C(=O)N(CCN1CCC(c3noc4ccccc34)CC1)CC2,1
O=C1c2cn[nH]c2CCN1CCN1CCC(c2noc3ccccc23)CC1,1
CC(C)n1ncc2c1CCN(CCN1CCC(c3noc4ccccc34)CC1)C2=O,1
Cn1ncc2c1CCN(CCN1CCC(c3noc4ccccc34)CC1)C2=O,1
Cn1nc(Br)c2c1CCN(CCN1CCC(c3noc4ccccc34)CC1)C2=O,1
CCc1cc([C@]23C[C@H]2CN(CC[C@H]2CC[C@H](NC(=O)c4ccc(F)c5nn(C)cc45)CC2)C3)no1,1
Cn1cc2c(C(=O)N[C@H]3CC[C@H](CCN4CC5CC5(c5cc(C(F)F)on5)C4)CC3)cccc2n1,1
CCc1cc([C@]23C[C@H]2CN(CC[C@H]2CC[C@H](NC(=O)c4cccc5nn(C)cc45)CC2)C3)no1,1
Cn1cc2c(C(=O)N[C@H]3CC[C@H](CCN4CC5CC5(c5cc(CF)on5)C4)CC3)cccc2n1,1
CC(F)c1cc(C23CC2CN(CC[C@H]2CC[C@H](NC(=O)c4cccc5nn(C)cc45)CC2)C3)no1,1
CCc1cc(C23CC2CN(CC[C@H]2CC[C@H](NC(=O)c4cccc5nn(C)cc45)CC2)C3)no1,1
Cc1sc(C)c2c1CCCc1cnn(C)c1-2,1
CCn1ncc2c1-c1c(C)sc(C)c1CCC2,1
Cn1ncc2c1-c1c(Cl)sc(Cl)c1CCC2,1
CCn1ncc2c1-c1c(Cl)sc(Cl)c1CCC2,1
Cc1sc(C)c2c1CCCc1cnn(C(C)C)c1-2,1
CCCn1ncc2c1-c1c(C)sc(C)c1CCC2,1
CNC(=O)c1ccc2c(c1)CCO[C@@H]2CCN1CCN(c2ccc(OC)cc2)CC1,1
Fc1ccc(N2CCN(CCC3OCCc4ccccc43)CC2)cc1,1
CNC(=O)c1ccc2c(c1)CCO[C@H]2CCN1CCN(c2ccc(OC)cc2)CC1,1
COc1ccc(N2CCN(CC[C@@H]3OCCc4cc(C(N)=O)ccc43)CC2)cc1,1
COc1ccc(N2CCN(CCC3OCCc4cc(C(N)=O)ccc43)CC2)cc1,1
COc1ccc(N2CCN(CC[C@H]3OCCc4cc(C(N)=O)ccc43)CC2)cc1,1
COc1ccc(Cl)cc1S(=O)(=O)N[C@H]1CC[C@@H](N2CCC(c3ccccc3OC3CC3)CC2)CC1,1
COc1ccc(S(=O)(=O)N[C@H]2CC[C@H](N3CCC(c4ccccc4OC4CC4)CC3)CC2)cc1OC,1
COc1ccc(S(=O)(=O)N[C@H]2CC[C@@H](N3CCC(c4ccccc4OC4CC4)CC3)CC2)cc1OC,1
COc1ccc(Cl)cc1S(=O)(=O)N[C@H]1CC[C@H](N2CCC(c3ccccc3OC3CC3)CC2)CC1,1
O=S(=O)(N[C@H]1CC[C@H](N2CCC(c3ccccc3OC3CC3)CC2)CC1)c1cc(Cl)ccc1F,1
O=S(=O)(N[C@H]1CC[C@@H](N2CCC(c3ccccc3OC3CC3)CC2)CC1)c1cc(Cl)ccc1F,1
CNC(=O)c1ccc(-c2ccc(C(=O)NCCCCN3CCc4ccc(OS(=O)(=O)C(F)(F)F)cc4C3)cc2)cc1,1
CNC(=O)c1cccc(-c2ccc(C(=O)NCCCCN3CCc4ccc(OS(=O)(=O)C(F)(F)F)cc4C3)cc2)c1,1
CC(=O)c1ccc(-c2ccc(C(=O)NCCCCN3CCc4ccc(OS(=O)(=O)C(F)(F)F)cc4C3)cc2)cc1,1
O=C(NCCCCN1CCc2ccccc2C1)c1ccc(-c2ccccc2)cc1,1
O=C(NCCCCN1CCc2ccc(OS(=O)(=O)C(F)(F)F)cc2C1)c1ccc(-c2ccccc2)cc1,1
COc1cc2c(cc1O)CN(CCCCNC(=O)c1ccc(-c3ccccc3)cc1)CC2,1
CN(C)Cc1c(C(=O)NCCCCN2CCN(c3cc(C(F)(F)F)nc(C(C)(C)C)n3)CC2)nc2ccccn12,1
CC(C)(C)c1nc(N2CCN(CCCCNC(=O)c3cn4ccccc4n3)CC2)cc(C(F)(F)F)n1,1
CN(C)Cc1cccc2nc(C(=O)NCCCCN3CCN(c4cc(C(F)(F)F)nc(C(C)(C)C)n4)CC3)cn12,1
CC(C)(C)c1cc(N2CCN(CCCCNC(=O)c3cn4ccccc4n3)CC2)nc(C(C)(C)C)n1,1
Cc1cc(N2CCN(CCCCNC(=O)c3cn4ccccc4n3)CC2)nc(C(C)(C)C)n1,1
CC(C)(C)c1nc(N2CCN(CCCCNC(=O)c3cn4c(CO)cccc4n3)CC2)cc(C(F)(F)F)n1,1
O=C(N[C@H]1CC[C@H](CCN2CCC(c3cccc4c3CCO4)CC2)CC1)c1ccc(Cl)cc1,1
O=C(N[C@H]1CC[C@H](CCN2CCC(c3cccc4c3CCO4)CC2)CC1)c1ccc(F)cc1,1
CS(=O)(=O)c1ccc(C(=O)N[C@H]2CC[C@H](CCN3CCC(c4cccc5c4CCO5)CC3)CC2)cc1,1
N#Cc1ccc(C(=O)N[C@H]2CC[C@H](CCN3CCC(c4cccc5c4CCO5)CC3)CC2)cc1,1
O=C(N[C@H]1CC[C@H](CCN2CCC(c3cccc4c3CCO4)CC2)CC1)c1ccc(Cl)cc1Cl,1
O=C(N[C@H]1CC[C@H](CCN2CCC(c3cccc4c3CCO4)CC2)CC1)c1ccccc1,1
Clc1ccc(N2CCN(Cc3c[nH]c4ccccc34)CC2)cc1,1
c1ccc(N2CCN(Cc3c[nH]c4ccccc34)CC2)cc1,1
CCOc1ccccc1N1CCN(Cc2c[nH]c3ccccc23)CC1,1
N#Cc1ccc2[nH]cc(CN3CCN(c4ccc(Cl)c(Cl)c4)CC3)c2c1,1
Clc1cccc(N2CCN(Cc3c[nH]c4ccccc34)CC2)c1Cl,1
N#Cc1ccc2[nH]cc(CN3CCN(c4ccccc4Cl)CC3)c2c1,1
O=C(NCCCCN1CC[C@H]2c3cccc(O)c3CC[C@@H]21)c1ccc(-c2ccccc2)cc1,1
CS(=O)(=O)Oc1cccc2c1CC[C@H]1[C@H]2CCN1CCCCNC(=O)c1ccc(-c2ccccc2)cc1,1
O=C(NCCCCN1CC[C@H]2c3ccc(O)cc3CC[C@@H]21)c1ccc(-c2ccccc2)cc1,1
O=C(NCCCCN1CC[C@@H]2c3ccccc3CC[C@@H]21)c1ccc(-c2ccccc2)cc1,1
O=C(NCCCCN1CC[C@H]2c3ccccc3CC[C@@H]21)c1ccc(-c2ccccc2)cc1,1
COc1cccc2c1CC[C@H]1[C@H]2CCN1CCCCNC(=O)c1ccc(-c2ccccc2)cc1,1
Cc1ccc(N2CCN(C[C@@H]3C[C@H]3c3ccccc3)CC2)c(C)c1,1
Clc1ccc(N2CCN(C[C@H]3C[C@@H]3c3ccccc3)CC2)c(Cl)c1,1
Clc1ccc(N2CCN(C[C@H]3C[C@@H]3c3ccccc3)CC2)cc1Cl,1
Cc1ccc(N2CCN(C[C@@H]3C[C@@H]3c3ccccc3)CC2)c(C)c1,1
Cc1ccc(N2CCN(C[C@H]3C[C@@H]3c3ccccc3)CC2)c(C)c1,1
Cc1ccc(N2CCN(C[C@H]3C[C@H]3c3ccccc3)CC2)c(C)c1,1
O=C(NCCCCN1CCN(c2cccc(Cl)c2Cl)CC1)c1ccc2c(c1)Cc1ccccc1-2,1
COc1ccccc1N1CCN(CCCCNC(=O)c2ccc3c(c2)Cc2ccccc2-3)CC1,1
COc1ccccc1N1CCN(CCC(O)CNC(=O)c2ccc3c(c2)Cc2ccccc2-3)CC1,1
O=C(NCC(O)CCN1CCN(c2cccc(Cl)c2Cl)CC1)c1ccc2c(c1)Cc1ccccc1-2,1
COc1ccccc1N1CCN(CC(O)CCNC(=O)c2ccc3c(c2)Cc2ccccc2-3)CC1,1
O=C(NCCC(O)CN1CCN(c2cccc(Cl)c2Cl)CC1)c1ccc2c(c1)Cc1ccccc1-2,1
O=C(CCCN1CCc2ccccc2C1)c1ccc(F)cc1,1
O=C(CCCN1CCc2ccccc2C1)c1ccc(Cl)cc1,1
NC(=O)c1ccc(C(=O)CCCN2CCc3ccccc3C2)cc1,1
COc1ccc(C(=O)CCCN2CCc3ccccc3C2)cc1,1
O=C(CCCN1CCc2ccccc2C1)c1ccc(O)cc1,1
O=C(CCCN1CCc2ccccc2C1)c1ccccc1,1
CCN1CC=C(C2=Cc3ccccc3Cc3ccccc32)CC1,1
C=CCN1CC=C(C2=Cc3ccccc3Cc3ccccc32)CC1,1
CN1CC=C(C2=Cc3ccccc3Cc3ccccc32)CC1,1
C[C@@H]1c2ccccc2C=C(C2=CCN(C)CC2)c2ccccc21,1
CC1c2ccccc2C=C(C2=CCN(C)CC2)c2ccccc21,1
C[C@H]1c2ccccc2C=C(C2=CCN(C)CC2)c2ccccc21,1
Cc1ccc(CN2CCC(C3CCc4ccccc4C3=O)CC2)cc1,1
O=C1c2ccccc2CCC1C1CCN(Cc2ccc(F)cc2)CC1,1
O=C1c2ccc(F)cc2CCC1C1CCN(Cc2ccccc2)CC1,1
CC(C)(C)c1ccc(CN2CCC(C3CCc4ccccc4C3=O)CC2)cc1,1
COc1ccc2c(c1)CCC(C1CCN(Cc3ccccc3)CC1)C2=O,1
O=C1c2ccccc2CCC1C1CCN(Cc2ccc(C(F)(F)F)cc2)CC1,1
O=S(=O)(c1cccc2ncccc12)N1CCC(CCN2CCN(c3cccc(Cl)c3Cl)CC2)CC1,1
O=S(=O)(c1cccc2ncccc12)N1CCC(CCN2CCN(c3cccc(Cl)c3)CC2)CC1,1
O=S(=O)(c1cccc2ncccc12)N1CCC(CCN2CCN(c3ccc(Cl)c(Cl)c3)CC2)CC1,1
O=S(=O)(c1cccc2ncccc12)N1CCC(CCN2CCN(c3ccc(Cl)cc3)CC2)CC1,1
O=S(=O)(c1cccc2ncccc12)N1CCC(CCN2CCN(c3cccc(C(F)(F)F)c3)CC2)CC1,1
O=S(=O)(c1cccc2ncccc12)N1CCC(CCN2CCN(c3ccc(F)cc3)CC2)CC1,1
CCc1c(C2CCN(Cc3ccccc3)CC2)n[nH]c1-c1ccc(Cl)cc1,1
c1ccc(CN2CCC(c3cc(-c4ccccc4)[nH]n3)CC2)cc1,1
Cc1c(C2CCN(Cc3ccccc3)CC2)n[nH]c1-c1ccccc1,1
Cc1c(C2CCN(Cc3ccccc3)CC2)n[nH]c1-c1ccc(Cl)cc1,1
Clc1ccc(CN2CCC(c3cc(-c4ccc(Cl)cc4)[nH]n3)CC2)cc1,1
CC1(c2cc(-c3ccc(Cl)cc3)[nH]n2)CCN(Cc2ccccc2)CC1,1
O=C1[C@@H]2[C@H]3CC[C@H](C3)[C@@H]2C(=O)N1CCCCCCN1CCN(c2ccccc2Cl)CC1,1
COc1ccccc1N1CCN(CCCCCCN2C(=O)[C@@H]3[C@H]4CC[C@H](C4)[C@@H]3C2=O)CC1,1
O=C1[C@@H]2[C@H]3CC[C@H](C3)[C@@H]2C(=O)N1CCCCCCN1CCN(c2cccc(Cl)c2Cl)CC1,1
O=C1[C@@H]2[C@H]3CC[C@H](C3)[C@@H]2C(=O)N1CCCCCCN1CCN(c2cccc(C(F)(F)F)c2)CC1,1
O=C1[C@@H]2[C@H]3CC[C@H](C3)[C@@H]2C(=O)N1CCCCCCN1CCN(c2cccc(Cl)c2)CC1,1
O=C1[C@@H]2[C@H]3CC[C@H](C3)[C@@H]2C(=O)N1CCCCCCN1CCN(c2ccc(Cl)cc2)CC1,1
COc1ccc2c(c1)CCCN(C)CCc1ccccc1C2,1
CN1CCCc2ccccc2Cc2ccc(O)cc2CC1,1
CN1CCCc2ccccc2Cc2cc(O)ccc2CC1,1
COc1ccc2c(c1)CCN(C)CCCc1ccccc1C2,1
CN1CCCc2cc(O)ccc2Cc2ccccc2CC1,1
Oc1ccc2c(c1)CCCNCCc1ccccc1C2,1
COc1c(C(=O)N[C@@H]2CCN(Cc3ccccc3)C2)cc(I)c2ccccc12,1
COc1cc2ccccc2cc1C(=O)NC1CCN(Cc2ccccc2)C1,1
C#Cc1cc(C(=O)N[C@@H]2CCN(Cc3ccccc3)C2)c(OC)c2ccccc12,1
COc1c(C(=O)N[C@@H]2CCN(Cc3ccccc3)C2)cc(Br)c2ccccc12,1
COc1c(C(=O)N[C@H]2CN(Cc3ccccc3)C[C@H]2C)cc(Br)c2ccccc12,1
COc1c(C(=O)N[C@H]2CN(Cc3ccccc3)C[C@@H]2C)cc(Br)c2ccccc12,1
CCCN(Cc1ccc(OC)cc1)[C@@H]1CCc2c(cccc2OC)C1,1
CCCN(Cc1ccc(F)cc1)[C@@H]1CCc2c(cccc2OC)C1,1
CCCN(Cc1ccc([N+](=O)[O-])cc1)[C@@H]1CCc2c(cccc2OC)C1,1
CCCN(Cc1ccccc1)[C@@H]1CCc2c(cccc2OC)C1,1
CCCN(Cc1ccccc1)[C@@H]1CCc2c(F)cccc2C1,1
Fc1cccc2c1CC[C@@H](NCc1ccccc1)C2,1
CN(CCN1CCN(c2cccc(C(F)(F)F)c2)C1=O)C[C@]12CC[C@H](CC1)C2(C)C,1
COc1cccc(N2CCN(CCN(C)C[C@]34CC[C@H](CC3)C4(C)C)C2=O)c1,1
CN(CCN1CCN(c2cccc(Cl)c2)C1=O)C[C@]12CC[C@H](CC1)C2(C)C,1
CN(CCN1CCN(c2ccccc2)C1=O)C[C@]12CC[C@H](CC1)C2(C)C,1
Cc1cccc(N2CCN(CCN(C)C[C@]34CC[C@H](CC3)C4(C)C)C2=O)c1,1
CN(CCN1CCN(c2ccc(F)cc2)C1=O)C[C@]12CC[C@H](CC1)C2(C)C,1
CCCN(CCC)[C@@H]1CCc2ccc3[nH]cc(C(C)=O)c3c2C1,1
CCCN(CCC)[C@@H]1CCc2ccc3[nH]c(C#N)cc3c2C1,1
CCCN(CCC)[C@@H]1CCc2ccc3[nH]c(C(N)=O)cc3c2C1,1
CCCN(CCC)[C@H]1CCc2ccc3[nH]cc(C(C)=O)c3c2C1,1
CCCN[C@@H]1CCc2ccc3[nH]c(C(N)=O)cc3c2C1,1
CCCN(CCC)[C@H]1CCc2ccc3[nH]c(C#N)cc3c2C1,1
Cn1c(CN2CCC(c3ccc(Cl)cc3)CC2)nc2ccccc21,1
Cn1c(CN2CCC(c3ccccc3)CC2)nc2ccccc21,1
Cn1c(CN2CCC(c3ccccc3F)CC2)nc2ccccc21,1
Cn1c(CN2CCC(c3cccc(Cl)c3)CC2)nc2ccccc21,1
Cn1c(CN2CCC(c3cccc(C(F)(F)F)c3)CC2)nc2ccccc21,1
Cn1c(CN2CCC(c3ccc(C(F)(F)F)cc3)CC2)nc2ccccc21,1
CC(C)Oc1ccccc1N1CCN([C@H]2CC[C@@H](NS(=O)(=O)c3cccnc3)CC2)CC1,1
COc1ccncc1S(=O)(=O)N[C@H]1CC[C@H](N2CCN(c3ccccc3OC(C)C)CC2)CC1,1
CC(C)Oc1ccccc1N1CCN([C@H]2CC[C@H](NS(=O)(=O)c3cccnc3)CC2)CC1,1
CC(C)Oc1ccccc1N1CCN([C@H]2CC[C@@H](NS(=O)(=O)c3cnc(Cl)c(Br)c3)CC2)CC1,1
CC(C)Oc1ccccc1N1CCN([C@H]2CC[C@H](NS(=O)(=O)c3cnc(Cl)c(Br)c3)CC2)CC1,1
COc1ccncc1S(=O)(=O)N[C@H]1CC[C@@H](N2CCN(c3ccccc3OC(C)C)CC2)CC1,1
O[C@@]1(c2ccc(Cl)cc2)C[C@H]2CC[C@@H](C1)N2Cc1csc2ccccc12,1
OC1(c2ccc(Cl)cc2)CC2CCC(C1)N2Cc1csc2ccccc12,1
O[C@@]1(c2ccc(Cl)c(Cl)c2)C[C@H]2CC[C@@H](C1)N2Cc1csc2ccccc12,1
OC1(c2ccc(Cl)c(Cl)c2)CC2CCC(C1)N2Cc1csc2ccccc12,1
OC1(c2cccc(Cl)c2Cl)CC2CCC(C1)N2Cc1csc2ccccc12,1
O[C@@]1(c2cccc(Cl)c2Cl)C[C@H]2CC[C@@H](C1)N2Cc1csc2ccccc12,1
COc1ccccc1N1CCN(CCCc2cn(-c3ccccc3O)nn2)CC1,1
COc1ccccc1N1CCN(CCCc2cn(-c3ccc(SC)cc3)nn2)CC1,1
COc1ccccc1N1CCN(CCCc2cn(-c3ccccc3)nn2)CC1,1
COc1ccccc1N1CCN(CCCc2cn(-c3ccc(F)cc3)nn2)CC1,1
COc1ccccc1N1CCN(CCCc2cn(-c3ccc(N(C)C)cc3)nn2)CC1,1
COc1ccccc1N1CCN(CCCc2cn(-c3ccccc3OC)nn2)CC1,1
CCCN1CCC(c2ccccc2OC)CC1,1
CCCN1CCC(c2ccccc2)CC1,1
CCCN1CCC(c2cccc(C(F)(F)F)c2)CC1,1
CCCN1CCC(c2cccc(O)c2)CC1,1
CC(C)(C)OC(=O)NCCCCCCN1CCC(O)(c2ccc(Cl)cc2)CC1,1
CCCN1CCC(c2ccc(Cl)cc2)CC1,1
COc1ccccc1N1CCN(CCCCc2cn(-c3ccccc3O)nn2)CC1,1
COc1ccccc1N1CCN(CCCCc2cn(-c3ccccc3)nn2)CC1,1
COc1ccccc1N1CCN(CCCCc2cn(-c3ccc(SC)cc3)nn2)CC1,1
COc1ccccc1N1CCN(CCCCc2cn(-c3ccc(F)cc3)nn2)CC1,1
COc1ccccc1N1CCN(CCCCc2cn(-c3ccccc3OC)nn2)CC1,1
COc1ccccc1N1CCN(CCCCc2cn(-c3ccc(N(C)C)cc3)nn2)CC1,1
COc1ccccc1N1CCN(Cc2cc(C#N)c3cccccc2-3)CC1,1
COc1ccccc1N1CCN(Cc2ccc3cccccc2-3)CC1,1
CCCC#Cc1cc(CN2CCN(c3ccccc3OC)CC2)c2cccccc1-2,1
COc1ccccc1N1CCN(Cc2cc(CO)c3cccccc2-3)CC1,1
C#Cc1cc(CN2CCN(c3ccccc3OC)CC2)c2cccccc1-2,1
COc1ccccc1N1CCN(Cc2cc(CN(C)C)c3cccccc2-3)CC1,1
COc1ccccc1N1CCN(Cc2cnn(-c3ccccc3)c2)CC1,1
Fc1ccccc1N1CCN(Cc2cnn(-c3ccccc3)c2)CC1,1
Cc1nn(-c2ccccc2)cc1CN1CCN(c2ccccc2)CC1,1
c1ccc(N2CCN(Cc3cnn(-c4ccccc4)c3)CC2)cc1,1
Cc1c(CN2CCN(c3ccccc3)CC2)cnn1-c1ccccc1,1
Fc1ccc(N2CCN(Cc3cnn(-c4ccccc4)c3)CC2)cc1,1
CCCSc1ccccc1N1CCN(CCCOc2ccc(-c3nc4ccccc4[nH]3)cc2)CC1,1
COc1ccccc1N1CCN(CCCOc2ccc(-c3nc4ccccc4[nH]3)cc2)CC1,1
Clc1ccccc1N1CCN(CCCOc2ccc(-c3nc4ccccc4[nH]3)cc2)CC1,1
COc1ccc(N2CCN(CCCOc3ccc(-c4nc5ccccc5[nH]4)cc3)CC2)cc1,1
c1ccc(N2CCN(CCCOc3ccc(-c4nc5ccccc5[nH]4)cc3)CC2)cc1,1
Clc1ccc(N2CCN(CCCOc3ccc(-c4nc5ccccc5[nH]4)cc3)CC2)cc1,1
CN(C)C[C@H]1CC2c3ccccc3Oc3ccc(Cl)cc3[C@H]2O1,1
CN(C)C[C@H]1CC2c3ccccc3Oc3ccc(F)cc3[C@H]2O1,1
CN(C)C[C@H]1CC2c3ccccc3Oc3ccc(Br)cc3[C@H]2O1,1
CN(C)C[C@@H]1CC2c3ccccc3Oc3ccc(Cl)cc3[C@H]2O1,1
CN(C)C[C@@H]1CC2c3ccccc3Oc3ccc(F)cc3[C@H]2O1,1
CN(C)C[C@@H]1CC2c3ccccc3Oc3ccc(Br)cc3[C@H]2O1,1
CN1CCN(C2=Nc3ccccc3Nc3ccc(Cl)cc32)CC1,1
CN1CCN(C2=Nc3cc(Cl)ccc3Nc3ccccc32)CC1,1
CCCCCCCCCC(=O)NCCCN1CCN(C2=Nc3cc(Cl)ccc3Nc3ccccc32)CC1,1
CCCC(=O)NN1c2ccc(Cl)cc2N=C(N2CCN(C)CC2)c2ccccc21,1
Clc1ccc2c(c1)N=C(N1CCNCC1)c1ccccc1N2,1
CN1CCN(C2=Nc3cc(Cl)ccc3N(N)c3ccccc32)CC1,1
COc1cc2c(cc1O)[C@H]1C[C@@](O)(c3ccc(OC(F)(F)F)cc3)CCN1CC2,1
Cc1cc2c(cc1O)[C@H]1C[C@@](O)(c3ccc(Cl)cc3)CCN1CC2,1
COc1cc2c(cc1O)[C@H]1C[C@@](O)(c3ccc(Cl)cc3)CCN1CC2,1
COc1cc2c(cc1O)[C@H]1C[C@](O)(c3ccc(Cl)cc3)CCN1CC2,1
Cc1cc2c(cc1O)[C@H]1C[C@](O)(c3ccc(Cl)cc3)CCN1CC2,1
COc1ccc2c(c1)CCN1CC[C@](O)(c3ccc(Cl)cc3)C[C@H]21,1
CCCN(CCN1CCN(c2ccnc3ccccc23)CC1)[C@H]1CCc2c(cccc2OC)C1,1
CCCN(CCN1CCN(c2ccnc3ccccc23)CC1)[C@H]1CCc2c(O)cccc2C1,1
CCCN(CCN1CCN(c2ccnc3c(O)cccc23)CC1)C1CCc2c(O)cccc2C1,1
CCCN(CCN1CCN(c2ccnc3c(O)cccc23)CC1)C1CCc2ccc(O)cc2C1,1
CCCN(CCN1CCN(c2ccnc3ccccc23)CC1)C1CCc2c(cccc2OC)C1,1
CCCN(CCN1CCN(c2ccnc3ccccc23)CC1)C1CCc2ccc(O)cc2C1,1
CCCCc1nc2cc(S(=O)(=O)O)ccc2n1Cc1ccc(-c2ccccc2C(=O)O)cc1,1
CCCCNS(=O)(=O)c1ccc2c(c1)nc(CCCC)n2Cc1ccc(-c2ccccc2C(=O)O)cc1,1
CCCCc1nc2cc(S(=O)(=O)NCCC)ccc2n1Cc1ccc(-c2ccccc2C(=O)O)cc1,1
CCCCc1nc2cc(S(N)(=O)=O)ccc2n1Cc1ccc(-c2ccccc2C(=O)O)cc1,1
CCCCc1nc2cc(S(=O)(=O)NCC)ccc2n1Cc1ccc(-c2ccccc2C(=O)O)cc1,1
CCCCc1nc2cc(S(=O)(=O)NC)ccc2n1Cc1ccc(-c2ccccc2C(=O)O)cc1,1
O=S(=O)(N[C@H]1CC[C@@H](CCN2CCN(c3nsc4ccccc34)CC2)CC1)c1ccco1,1
O=S(=O)(N[C@H]1CC[C@H](CCN2CCN(c3nsc4ccccc34)CC2)CC1)c1ccco1,1
Cc1ccc(S(=O)(=O)N[C@H]2CC[C@@H](CCN3CCN(c4nsc5ccccc45)CC3)CC2)o1,1
Cc1ccc(S(=O)(=O)N[C@H]2CC[C@H](CCN3CCN(c4nsc5ccccc45)CC3)CC2)o1,1
[C-]#[N+]c1ccc(S(=O)(=O)N[C@H]2CC[C@H](CCN3CCN(c4nsc5ccccc45)CC3)CC2)o1,1
O=S(=O)(N[C@H]1CC[C@H](CCN2CCN(c3nsc4ccccc34)CC2)CC1)c1ccc(Cl)o1,1
CN(C)CCCN1c2ccccc2Sc2ccc(Cl)cc21,1
CN(C)CCCN1c2ccccc2Sc2ccc(C(F)(F)F)cc21,1
CC(CN(C)C)CN1c2ccccc2Sc2ccc(C#N)cc21,1
CCN(CC)CCCN1c2ccccc2Sc2ccc(Cl)cc21,1
CN(C)CCCN1c2ccccc2Sc2ccccc21,1
CC(CN1c2ccccc2Sc2ccccc21)N(C)C,1
O=C(Nc1ccccc1)N[C@H]1CC[C@H](CCN2CCN(c3nsc4ccccc34)CC2)CC1,1
CN(C(=O)N[C@H]1CC[C@H](CCN2CCN(c3nsc4ccccc34)CC2)CC1)c1ccccc1,1
O=C(Nc1ccccc1)N[C@H]1CC[C@@H](CCN2CCN(c3nsc4ccccc34)CC2)CC1,1
COc1cccc(NC(=O)N[C@H]2CC[C@H](CCN3CCN(c4nsc5ccccc45)CC3)CC2)c1,1
O=C(Nc1cccc([N+](=O)[O-])c1)N[C@H]1CC[C@H](CCN2CCN(c3nsc4ccccc34)CC2)CC1,1
CCCCN(C(=O)N[C@H]1CC[C@H](CCN2CCN(c3nsc4ccccc34)CC2)CC1)c1ccccc1,1
COc1ccccc1N1CCN(CCCCCNC(=O)c2nnn(Cc3ccccc3Br)c2C)CC1,1
CCCc1c(C(=O)NCCCCCN2CCN(c3ccccc3OC)CC2)nnn1Cc1ccccc1Br,1
COc1ccc(Cn2nnc(C(=O)NCCCCCN3CCN(c4cccc(Cl)c4Cl)CC3)c2C)cc1,1
COc1ccccc1N1CCN(CCCCCNC(=O)c2nnn(Cc3ccccc3)c2C)CC1,1
COc1ccc(Cn2nnc(C(=O)NCCCCCN3CCN(c4ccccc4OC)CC3)c2C)cc1,1
Cc1c(C(=O)NCCCCCN2CCN(c3cccc(Cl)c3Cl)CC2)nnn1Cc1ccccc1,1
CN1CCN(C2=Nc3ccccc3Sc3ccc(Cl)cc32)CC1,1
Clc1ccc2c(c1)C(N1CCNCC1)=Nc1ccccc1S2,1
CN1CCN(C2=Nc3ccccc3Sc3ccc(F)cc32)CC1,1
Fc1ccc2c(c1)C(N1CCNCC1)=Nc1ccccc1S2,1
OCCOCCN1CCN(C2=Nc3ccccc3Sc3ccccc32)CC1,1
c1ccc2c(c1)N=C(N1CCNCC1)c1ccccc1S2,1
Clc1cccc(N2CCN(CCCCNc3ccccn3)CC2)c1Cl,1
COc1ccccc1N1CCN(CCCCNc2ccccn2)CC1,1
Fc1ccccc1N1CCN(CCCCNc2ccccn2)CC1,1
Cc1cccc(N2CCN(CCCCNc3ccccn3)CC2)c1C,1
FC(F)(F)c1cccc(N2CCN(CCCCNc3ccccn3)CC2)c1,1
Cc1ccccc1N1CCN(CCCCNc2ccccn2)CC1,1
COc1cc(C(C)=O)ccc1OCCCN1CCC(c2noc3cc(F)ccc23)CC1,1
CC(=O)Nc1ccc(OCCCN2CCC(c3noc4cc(F)ccc34)CC2)cc1,1
CC(=O)N(C)c1ccc(OCCCN2CCC(c3noc4cc(F)ccc34)CC2)cc1,1
CC(=O)Nc1ccc(OCC(O)CN2CCC(c3noc4cc(F)ccc34)CC2)cc1,1
CC(=O)Nc1ccc(OCCCN2CCC(c3noc4cc(F)ccc34)CC2)cc1F,1
CC(=O)Nc1ccc(OCCCN2CCC(c3noc4cc(F)ccc34)CC2)cc1C,1
CC1(Oc2ccc(Cl)cc2)CCN(CCOc2cc(F)ccc2C(F)(F)F)CC1,1
CC1(Oc2ccc(Cl)cc2)CCN(CCOc2ccccc2C(F)(F)F)CC1,1
CC1(Oc2ccc(Cl)cc2)CCN(CCOc2ccc(F)cc2C(F)(F)F)CC1,1
CC1(Oc2ccccc2)CCN(CCOc2ccc(C(F)(F)F)cc2)CC1,1
CC1(Oc2ccccc2)CCN(CCOc2ccccc2C(F)(F)F)CC1,1
CCCCCC1CCN(CCCN2C(=O)CCc3ccccc32)CC1,1
O=C1CCc2ccccc2N1CCCN1CCC(CCCO)CC1,1
CCCCC1CCN(CCCN2C(=O)CCc3ccccc32)CC1,1
CCCC1CCN(CCCN2C(=O)CCc3ccccc32)CC1,1
O=C1CCc2ccccc2N1CCCN1CCC(CCCCCCCO)CC1,1
Cc1nnc(CC(=O)N[C@H]2CC[C@](F)(CCN3CCc4nc(OCC(F)(F)C(F)F)sc4CC3)CC2)o1,1
Cc1nnc(CC(=O)N[C@H]2CC[C@H](CCN3CCc4nc(OCC(F)F)sc4CC3)CC2)o1,1
Cc1nnc(CC(=O)N[C@H]2CC[C@](F)(CCN3CCc4nc(OCC(F)(F)F)sc4CC3)CC2)o1,1
Cc1nnc(CC(=O)N[C@H]2CC[C@H](CCN3CCc4nc(O[C@@H](C)C(F)(F)F)sc4CC3)CC2)o1,1
Cc1nnc(CC(=O)N[C@H]2CC[C@](F)(CCN3CCc4nc(OCC(C)(F)F)sc4CC3)CC2)o1,1
Cn1ncc(CC(=O)N[C@H]2CC[C@](F)(CCN3CCc4ccc(OCC(F)(F)F)nc4CC3)CC2)n1,1
C[C@@H](Oc1ccc2c(n1)CCN(CC[C@]1(F)CC[C@@H](NC(=O)Cc3cnn(C)n3)CC1)CC2)C(F)(F)F,1
Cn1ncc(CC(=O)N[C@H]2CC[C@H](CCN3CCc4ccc(OCC(C)(F)F)nc4CC3)CC2)n1,1
C[C@@H](Oc1ccc2c(n1)CCN(CC[C@H]1CC[C@H](NC(=O)Cc3cnn(C)n3)CC1)CC2)C(F)(F)F,1
Cn1ncc(CC(=O)N[C@H]2CC[C@](F)(CCN3CCc4ccc(OCC(F)F)nc4CC3)CC2)n1,1
Clc1ccc(CN2CC=C(c3nc4cc(Cl)ccc4[nH]3)CC2)cc1,1
Clc1ccc(CN2CC=C(c3nc4ccc(Cl)cc4[nH]3)CC2)cc1,1
Clc1ccc2[nH]c(C3=CCN(Cc4ccccc4)CC3)nc2c1,1
Clc1ccc2nc(C3=CCN(Cc4ccccc4)CC3)[nH]c2c1,1
Clc1ccc(CN2CC=C(c3nc4ccccc4[nH]3)CC2)cc1,1
Cc1ncc(OCC(=O)N[C@H]2CC[C@](F)(CCN3CCc4ccc(OCC(C)(F)F)nc4CC3)CC2)cn1,1
Cc1ncc(OCC(=O)N[C@H]2CC[C@](F)(CCN3CCc4ccc(OCC(F)(F)F)nc4CC3)CC2)cn1,1
Cc1ncc(OCC(=O)N[C@H]2CC[C@H](CCN3CCc4ccc(O[C@H](C)C(F)(F)F)nc4CC3)CC2)cn1,1
Cc1ncc(OCC(=O)N[C@H]2CC[C@](F)(CCN3CCc4ccc(OCC(F)F)nc4CC3)CC2)cn1,1
Cc1ncc(OCC(=O)N[C@H]2CC[C@H](CCN3CCc4ccc(OCC(F)F)nc4CC3)CC2)cn1,1
CCn1c(C(=O)N[C@H]2CC[C@H](CCN3CCc4ccc(OCC(F)(F)F)nc4CC3)CC2)cccc1=O,1
C[C@@H](Oc1ccc2c(n1)CCN(CC[C@H]1CC[C@H](NC(=O)c3cccc(=O)n3C)CC1)CC2)C(F)(F)F,1
CCn1c(C(=O)N[C@H]2CC[C@H](CCN3CCc4ccc(OCC(F)F)nc4CC3)CC2)cccc1=O,1
Cn1c(C(=O)N[C@H]2CC[C@H](CCN3CCc4ccc(CCC(F)(F)F)nc4CC3)CC2)cccc1=O,1
Cn1c(C(=O)N[C@H]2CC[C@](F)(CCN3CCc4ccc(OCC(F)F)nc4CC3)CC2)cccc1=O,1
CC(C)(C)c1ccn(CCCCN2CCN(c3cc(C(F)(F)F)nc(C(C)(C)C)n3)CC2)c(=O)n1,1
CCOc1ccn(CCCCN2CCN(c3cc(C(F)(F)F)nc(C(C)(C)C)n3)CC2)c(=O)n1,1
Cc1ccn(CCCCN2CCN(c3cc(C(F)(F)F)nc(C(C)(C)C)n3)CC2)c(=O)n1,1
CC(C)(C)c1nc(N2CCN(CCCCn3cccnc3=O)CC2)cc(C(F)(F)F)n1,1
CC(C)(C)c1nc(N2CCN(CCCCn3ccc(C(F)(F)F)nc3=O)CC2)cc(C(F)(F)F)n1,1
Cn1c(SCCCN2CC3CCN(c4ccccc4)C3C2)nnc1C1CCOCC1,1
Cn1c(SCCCN2CC3CCN(c4ccc(F)cc4)C3C2)nnc1C1CCOCC1,1
Cn1c(SCCCN2C[C@@H]3CCN(c4ccc(F)cc4)[C@@H]3C2)nnc1C1CCOCC1,1
Cn1c(SCCCN2C[C@@H]3CCN(c4ccc(C(F)(F)F)cc4)[C@@H]3C2)nnc1C1CCOCC1,1
Cn1c(SCCCN2C[C@H]3CCN(c4ccc(C(F)(F)F)cc4)[C@H]3C2)nnc1C1CCOCC1,1
Cc1ccc2c(-c3nnc(SCCCN4CC5CC5(c5ccccc5)C4)n3C)cccc2n1,1
Cc1ccc2c(-c3nnc(SCCCN4CC5CC5(c5ccc(Cl)cc5)C4)n3C)cccc2n1,1
Cc1ccc2c(-c3nnc(SCCCN4CC5CC5(c5ccc(C(C)(C)C)cc5)C4)n3C)cccc2n1,1
Cc1ccc2c(-c3nnc(SCCCN4CC5CC5(c5ccc(Cl)c(Cl)c5)C4)n3C)cccc2n1,1
Cc1ccc2c(-c3nnc(SCCCN4C[C@@H]5C[C@]5(c5ccc(C(F)(F)F)cc5)C4)n3C)cccc2n1,1
O=c1[nH]c2[nH]c(-c3ccccc3)cc2c(=O)n1CCN1CCN(c2ccccc2Cl)CC1,1
COc1ccc(-c2cc3c(=O)n(CCN4CCN(c5ccccc5Cl)CC4)c(=O)[nH]c3[nH]2)cc1,1
O=c1[nH]c2[nH]c(-c3ccccc3Cl)cc2c(=O)n1CCN1CCN(c2ccccc2Cl)CC1,1
COc1ccccc1-c1cc2c(=O)n(CCN3CCN(c4ccccc4Cl)CC3)c(=O)[nH]c2[nH]1,1
Cc1ccccc1-c1cc2c(=O)n(CCN3CCN(c4ccccc4Cl)CC3)c(=O)[nH]c2[nH]1,1
O=C1c2ccc(Cl)cc2CCC1C1CCN(CCc2ccccc2)CC1,1
O=C1c2cccc(F)c2CCC1C1CCN(CCc2ccccc2)CC1,1
COc1ccc2c(c1)CCC(C1CCN(CCc3ccccc3)CC1)C2=O,1
O=C1c2ccc(F)cc2CCC1C1CCN(CCc2ccccc2)CC1,1
O=C1c2ccccc2CCC1C1CCN(CCc2ccccc2)CC1,1
COc1ccccc1N1CCN(CCCNC(=O)c2ccc(I)cc2)CC1,1
COc1ccccc1N1CCN(CCCNC(=O)c2ccccc2I)CC1,1
CCOCCOc1cccc(C(=O)NCCCN2CCN(c3ccccc3OC)CC2)c1,1
COc1ccccc1N1CCN(CCCNC(=O)c2cccc(I)c2)CC1,1
CCOCCOCc1ccc(C(=O)NCCCN2CCN(c3ccccc3OC)CC2)cc1,1
O[C@@H](CCCN1CCN(c2ccccn2)CC1)c1ccc(F)cc1,1
Fc1ccc(CCCCN2CCN(c3ccccn3)CC2)cc1,1
Fc1ccc(CCCCN2CCN(c3ccc(Cl)cn3)CC2)cc1,1
O[C@H](CCCN1CCN(c2ccccn2)CC1)c1ccc(F)cc1,1
Nc1ccc(CCCCN2CCN(c3ccccn3)CC2)cc1,1
O=C(/C=C/c1ccc(F)cc1)N[C@H]1CC[C@H](CCN2Cc3ccc(Br)cc3C2)CC1,1
COc1ccc2c(c1)CN(CC[C@H]1CC[C@H](NC(=O)/C=C/c3ccc(F)cc3)CC1)C2,1
O=C(/C=C/c1ccc(F)cc1)N[C@H]1CC[C@H](CCN2Cc3ccc(C(F)(F)F)cc3C2)CC1,1
CS(=O)(=O)Oc1ccc2c(c1)CN(CC[C@H]1CC[C@H](NC(=O)/C=C/c3ccc(F)cc3)CC1)C2,1
N#Cc1ccc2c(c1)CN(CC[C@H]1CC[C@H](NC(=O)/C=C/c3ccc(F)cc3)CC1)C2,1
CCc1cc2c(cn1)C(=O)N(CCN1CCN(c3nsc4ccccc34)CC1)CC2,1
Cc1cc2c(cn1)C(=O)N(CCN1CCN(c3nsc4ccccc34)CC1)CC2,1
COc1cc2c(cn1)C(=O)N(CCN1CCN(c3nsc4ccccc34)CC1)CC2,1
O=C1c2cnc(Br)cc2CCN1CCN1CCN(c2nsc3ccccc23)CC1,1
N#Cc1cc2c(cn1)C(=O)N(CCN1CCN(c3nsc4ccccc34)CC1)CC2,1
Cn1c(SCCCN2CC[C@]3(CC3c3ccc(C(F)(F)F)cc3F)C2)nnc1-c1cnccn1,1
Cn1c(SCCCN2CC[C@]3(C[C@@H]3c3ccc(C(F)(F)F)cc3)C2)nnc1-c1cnccn1,1
Cn1c(SCCCN2CC[C@]3(CC3c3ccc(C(F)(F)F)cc3)C2)nnc1-c1cnccn1,1
Cn1c(SCCCN2CC[C@]3(C[C@H]3c3ccc(C(F)(F)F)cc3)C2)nnc1-c1cnccn1,1
Cn1c(SCCCN2CC[C@@]3(C[C@@H]3c3ccc(C(F)(F)F)cc3)C2)nnc1-c1cnccn1,1
Cn1c(SCCCN2CC[C@]3(CC3c3ccc(C(F)(F)F)cc3F)C2)nnc1-c1ccncn1,1
Cn1c(SCCCN2CC[C@@]3(C[C@@H]3c3ccc(C(F)(F)F)cc3)C2)nnc1-c1ccncn1,1
Cn1c(SCCCN2CC[C@]3(CC3c3ccc(C(F)(F)F)cc3)C2)nnc1-c1ccncn1,1
Cn1c(SCCCN2CC[C@]3(C[C@@H]3c3ccc(C(F)(F)F)cc3)C2)nnc1-c1ccncn1,1
Cn1c(SCCCN2CC[C@]3(C[C@H]3c3ccc(C(F)(F)F)cc3)C2)nnc1-c1ccncn1,1
COc1ccccc1N1CCN(Cc2cn3cc(I)ccc3n2)CC1,1
COc1ccccc1N1CCN(Cc2cn3cc(C)cc(I)c3n2)CC1,1
COc1ccccc1N1CCN(Cc2cn3ccccc3n2)CC1,1
COc1ccccc1N1CCN(Cc2cn3cc(Br)ccc3n2)CC1,1
COc1ccccc1N1CCN(Cc2cn3cc(C)cc(Br)c3n2)CC1,1
Nc1nc2c(s1)C[C@H](CCCNCCCCCc1ccc(O)c(O)c1)CC2,1
COc1cc(CCCCCNCCC[C@@H]2CCc3nc(N)sc3C2)ccc1O,1
Nc1nc2c(s1)C[C@@H](CCCNCCCCCc1ccc(O)c(O)c1)CC2,1
Nc1nc2c(s1)CC(CCCNCCCCCc1cc(O)ccc1O)CC2,1
COc1cc(CCCCCNCCC[C@H]2CCc3nc(N)sc3C2)ccc1O,1
Cc1cc2c(cn1)C(=O)N(CCN1CCC(c3noc4ccccc34)CC1)CC2,1
Cc1cncc2c1CCN(CCN1CCC(c3noc4ccccc34)CC1)C2=O,1
Cc1nccc2c1C(=O)N(CCN1CCC(c3noc4ccccc34)CC1)CC2,1
COc1cc2c(cn1)C(=O)N(CCN1CCC(c3noc4ccccc34)CC1)CC2,1
O=C1c2cnccc2CCN1CCN1CCC(c2noc3ccccc23)CC1,1
Cc1cn2c3c(=O)n(C)c(=O)n(C)c3nc2n1CCCCCN1CCN(c2ccc(Cl)c(Cl)c2)CC1,1
Cc1cn2c3c(=O)n(C)c(=O)n(C)c3nc2n1CCCCCN1CCN(c2ccc(Cl)cc2)CC1,1
Cn1c(=O)c2c(nc3n(CCCCCN4CCN(c5ccc(Cl)cc5)CC4)ccn23)n(C)c1=O,1
Cn1c(=O)c2c(nc3n(CCCCCN4CCN(c5ccccc5O)CC4)ccn23)n(C)c1=O,1
Cc1cn2c3c(=O)n(C)c(=O)n(C)c3nc2n1CCCCCN1CCN(c2ccccc2O)CC1,1
CSc1ccccc1OCCN1CCC(CNS(=O)(=O)c2cccc(Cl)c2)CC1,1
CC(C)c1ccccc1OCCN1CCC(CNS(=O)(=O)c2ccc(F)cc2)CC1,1
CC(C)c1ccccc1OCCN1CCC(CNS(=O)(=O)c2cccc(Cl)c2)CC1,1
O=S(=O)(NCC1CCN(CCOc2cccc(F)c2)CC1)c1cccc(Cl)c1,1
O=S(=O)(NCC1CCN(CCOc2cccc(F)c2)CC1)c1ccc(F)cc1,1
CCCCCCCCCN1CCC(c2cccc(O)c2)C1,1
CCCN1CCC(c2cccc(O)c2)C1,1
CCCCCCCCN1CCC(c2cccc(O)c2)C1,1
CCCCCCCN1CCC(c2cccc(O)c2)C1,1
CCCCCCCCCCN1CCC(c2cccc(O)c2)C1,1
CCN(CC)CCNC(=O)c1cc(S(C)(=O)=O)ccc1OC,1
CCN(CC)CCNC(=O)c1cc(Cl)c(N)cc1OC,1
CC[C@H](C)[C@@H](CO[C@@H](Cc1ccccc1)C(=O)N[C@@H](CCS(C)(=O)=O)C(=O)OC(C)C)NC[C@@H](N)CS,1
C=C(CCC(=O)OCC)Cc1ccc(O[Si](C)(C)C(C)(C)C)c(OC)c1,1
CNC[C@H](O)c1ccc(O)c(O)c1,1
c1ccc2c(c1)CCN(CCCCc1nc3ccccc3s1)C2,1
Clc1ccc2sc(CCCCN3CCc4ccccc4C3)nc2c1,1
Clc1cccc2c1CN(CCCCc1nc3ccccc3s1)CC2,1
COc1cc2c(cc1OC)CN(CCCCc1nc3cc(Cl)ccc3s1)CC2,1
Clc1ccc2sc(CCCCN3CCc4c(Cl)cccc4C3)nc2c1,1
O=S(=O)(c1cncc2ccccc12)N1CCC(CCN2CCN(c3cccc(Cl)c3Cl)CC2)CC1,1
O=S(=O)(c1cncc2ccccc12)N1CCC(CCN2CCN(c3cccc(Cl)c3)CC2)CC1,1
O=S(=O)(c1cncc2ccccc12)N1CCC(CCN2CCN(c3ccc(Cl)c(Cl)c3)CC2)CC1,1
O=S(=O)(c1cncc2ccccc12)N1CCC(CCN2CCN(c3cccc(C(F)(F)F)c3)CC2)CC1,1
O=S(=O)(c1cncc2ccccc12)N1CCC(CCN2CCN(c3ccc(F)cc3)CC2)CC1,1
COc1ccc(F)cc1C1CC1CNCCCOc1ccc2c(c1)NC(=O)CC2,1
COc1ccc(Cl)cc1C1CC1CNCCCOc1ccc2c(c1)NC(=O)CC2,1
COc1ccccc1C1CC1CNCCCOc1ccc2c(c1)NC(=O)CC2,1
CCN(CCCOc1ccc2c(c1)NC(=O)CC2)CC1CC1c1cc(F)ccc1OC,1
CCN(CCCOc1ccc2c(c1)NC(=O)CC2)CC1CC1c1cc(Cl)ccc1OC,1
CCN1C(=O)c2ccccc2[S@+]([O-])c2ccc(C(=O)NCc3ccc(C#N)cc3)cc21,1
CCN1C(=O)c2ccccc2[S@+]([O-])c2ccc(C(=O)NCc3ccc(F)cc3)cc21,1
CN1C(=O)c2ccccc2[S@+]([O-])c2ccc(C(=O)NCc3ccc(Br)cc3)cc21,1
CCN1C(=O)c2ccccc2[S+]([O-])c2ccc(C(=O)NCc3ccc(OC)cc3)cc21,1
CCN1C(=O)c2ccccc2[S@+]([O-])c2ccc(C(=O)N[C@H](C)c3ccc(Br)cc3)cc21,1
NC(=O)c1ccccc1OCCCN1CCN(c2cccc3c2ccn3Cc2ccccc2F)CC1,1
NC(=O)c1ccccc1OCCCN1CCN(c2cccc3c2ccn3Cc2ccc(F)cc2)CC1,1
NC(=O)c1ccccc1OCCCN1CCN(c2cccc3c2ccn3Cc2cccc(F)c2)CC1,1
NC(=O)c1ccccc1OCCCN1CCN(c2cccc3c2ccn3Cc2cccc(Cl)c2)CC1,1
NC(=O)c1ccccc1OCCCN1CCN(c2cccc3c2ccn3Cc2ccccc2)CC1,1
CCc1cccc(N2CCN(CCC(C(=O)N(C)C)(c3ccccc3)c3ccccc3)CC2)c1Cl,1
CN(C)C(=O)C(CCN1CCN(c2cccc(Cl)c2Cl)CC1)(c1ccccc1)c1ccccc1,1
CCc1cccc(N2CCN(CCC(c3cccc(OC)c3)c3cccc(OC)c3)CC2)c1Cl,1
CCc1cccc(N2CCN(CCC(c3cccc(O)c3)c3cccc(O)c3)CC2)c1Cl,1
CCc1cccc(N2CCN(CCC(c3cccc(O)c3)c3cccc(OC)c3)CC2)c1Cl,1
COc1ccccc1N1CCN(CCCCNC(=O)c2ccc(-c3ccc(N)cc3)cc2)CC1,1
COc1ccccc1N1CCN(CCCCNC(=O)c2ccc(-c3ccc(S(C)(=O)=O)cc3)cc2)CC1,1
COc1ccccc1N1CCN(CCCCNC(=O)c2ccc(-c3ccc(C(C)=O)cc3)cc2)CC1,1
COc1ccccc1N1CCN(CCCCNC(=O)c2ccc(-c3ccccc3)cc2)CC1,1
O=C(NCCCCN1CCN(c2ccccc2Cl)CC1)c1ccc(-c2ccccc2)cc1,1
COc1ccccc1N1CCN(CCCCCc2cn(-c3ccccc3)nn2)CC1,1
COc1ccccc1N1CCN(CCCCCc2cn(-c3ccc(F)cc3)nn2)CC1,1
COc1ccccc1N1CCN(CCCCCc2cn(-c3ccc(SC)cc3)nn2)CC1,1
COc1ccccc1N1CCN(CCCCCc2cn(-c3ccc(N(C)C)cc3)nn2)CC1,1
COc1ccccc1N1CCN(CCCCCc2cn(-c3ccccc3OC)nn2)CC1,1
O=C1c2ccccc2S(=O)(=O)N1CCCCCN1CCN(c2cccc(Cl)c2Cl)CC1,1
COc1ccccc1N1CCN(CCCCCN2C(=O)c3ccccc3S2(=O)=O)CC1,1
O=C1c2ccccc2S(=O)(=O)N1CCCCCN1CCN(c2cccc(C(F)(F)F)c2)CC1,1
O=C1c2ccccc2S(=O)(=O)N1CCCCCN1CCN(c2ccccc2)CC1,1
O=C1c2ccccc2S(=O)(=O)N1CCCCCN1CCN(c2ccc(Cl)cc2)CC1,1
O=C1C[C@H](CN2CCC(c3noc4cc(F)ccc34)CC2)Cc2occc21,1
O=C1CC(CN2CCC(c3noc4cc(F)ccc34)CC2)Cc2occc21,1
O=C1C[C@@H](CN2CCC(c3noc4cc(F)ccc34)CC2)Cc2occc21,1
COC(=O)c1coc2c1C(=O)CC(CN1CCC(c3noc4cc(F)ccc34)CC1)C2,1
CCOC(=O)c1oc2c(c1C)C(=O)CC(CN1CCC(c3noc4cc(F)ccc34)CC1)C2,1
COc1ccccc1N1CCN(CCN2C(=O)CC3(CCCC3)CC2=O)CC1,1
O=C1CC2(CCCC2)CC(=O)N1CCN1CCN(c2cc(F)ccc2F)CC1,1
O=C1CC2(CCCC2)CC(=O)N1CCN1CCN(c2ccccc2F)CC1,1
C[C@H](CN1CCN(c2cc(F)c(F)cc2F)CC1)N1C(=O)CC2(CCCC2)CC1=O,1
O=C1CC2(CCCC2)CC(=O)N1CCN1CCN(c2cc(F)c(F)cc2F)CC1,1
CC(=O)N1CCC(C)c2c(C)ccc(CCN3CCN(c4nsc5ccccc45)CC3)c21,1
CC(=O)N1CCC(C)c2cccc(CCN3CCN(c4nsc5ccccc45)CC3)c21,1
CC(=O)N1CCC(C)c2cc(F)cc(CCN3CCN(c4nsc5ccccc45)CC3)c21,1
CC1(C)CCNc2c(CCN3CCN(c4nsc5ccccc45)CC3)cc(F)cc21,1
CC1(C)CCNc2c(CCN3CCN(c4nsc5ccccc45)CC3)cccc21,1
O=S(=O)(NC1CCN(CCOc2ccccc2)C1)c1ccc(F)cc1,1
CC(C)c1ccccc1OCCN1CCC(NS(=O)(=O)c2cccc(Cl)c2)C1,1
CSc1ccccc1OCCN1CCC(NS(=O)(=O)c2cccc(Cl)c2)C1,1
CSc1ccccc1OCCN1CCC(NS(=O)(=O)c2ccc(F)cc2)C1,1
O=S(=O)(NC1CCN(CCOc2cccc(F)c2)C1)c1ccc(F)c(F)c1,1
Cc1ccc(CCN2CCN(c3nsc4ccccc34)CC2)c2c1C(C)CC(=O)N2,1
CC1CC(=O)Nc2c(CCN3CCN(c4nsc5ccccc45)CC3)cc(F)cc21,1
CC1CC(=O)Nc2c(CCN3CCN(c4nsc5ccccc45)CC3)cccc21,1
CC1Cc2cccc(CCN3CCN(c4nsc5ccccc45)CC3)c2NC1=O,1
CC1CC(=O)N(C)c2c(CCN3CCN(c4nsc5ccccc45)CC3)cccc21,1
Oc1ccc2c(c1O)Cc1cccc3c1C2CNC3,1
Oc1ccc2c(c1O)Cc1cccc3c1[C@H]2CNC3,1
CCCN1Cc2cccc3c2[C@@H](C1)c1ccc(O)c(O)c1C3,1
CCc1ccc2c3c1Cc1c(ccc(O)c1O)[C@@H]3CNC2,1
CC1NC[C@H]2c3ccc(O)c(O)c3Cc3cccc1c32,1
C[C@@H](O)[C@@H]1NC(=O)[C@H](CCCCN)NC(=O)[C@@H](Cc2c[nH]c3ccccc23)NC(=O)[C@H](Cc2ccccc2)NC(=O)[C@H](Cc2ccccc2)NC(=O)[C@H](CCCNC(=N)N)NC(=O)[C@H](NC[C@@H](Cc2ccc(O)cc2)NC(=O)CSC[C@@H]2C[C@@H]3c4cccc5[nH]cc(c45)C[C@H]3N(C)C2)CCCCNC(=O)[C@H](Cc2ccccc2)NC1=O,1
C[C@@H](O)[C@@H]1NC(=O)[C@H](CCCCN)NC(=O)[C@@H](Cc2c[nH]c3ccccc23)NC(=O)[C@H](Cc2ccccc2)NC(=O)[C@H](Cc2ccccc2)NC(=O)[C@H](CCCNC(=N)N)NC(=O)[C@H](NC[C@H](Cc2ccc(O)cc2)NC(=O)CSC[C@@H]2C[C@@H]3c4cccc5[nH]cc(c45)C[C@H]3N(C)C2)CCCCNC(=O)[C@H](Cc2ccc(O)cc2)NC1=O,1
C[C@@H](O)[C@@H]1NC(=O)[C@H](CCCCN)NC(=O)[C@@H](Cc2c[nH]c3ccccc23)NC(=O)[C@H](Cc2ccccc2)NC(=O)[C@H](Cc2ccccc2)NC(=O)[C@H](CCCNC(=N)N)NC(=O)[C@H](NC[C@H](Cc2ccc(O)cc2)NC(=O)CSC[C@@H]2C[C@@H]3c4cccc5[nH]cc(c45)C[C@H]3N(C)C2)CCCCNC(=O)[C@H](Cc2ccccc2)NC1=O,1
C[C@@H](O)[C@@H]1NC(=O)[C@H](CCCCN)NC(=O)[C@@H](Cc2c[nH]c3ccccc23)NC(=O)[C@H](Cc2ccccc2)NC(=O)[C@H](Cc2ccccc2)NC(=O)[C@H](CCCNC(=N)N)NC(=O)[C@H](NC[C@H](Cc2ccc(O)cc2)NC(=O)CSC[C@@H]2C[C@@H]3c4cccc5[nH]cc(c45)C[C@H]3N(C)C2)CCCCNC(=O)[C@H](Cc2ccc(F)cc2)NC1=O,1
C[C@@H](O)[C@@H]1NC(=O)[C@H](CCCCN)NC(=O)[C@@H](Cc2c[nH]c3ccccc23)NC(=O)[C@H](Cc2ccccc2)NC(=O)[C@H](Cc2ccccc2)NC(=O)[C@H](CCCNC(=N)N)NC(=O)[C@@H](NC[C@H](Cc2ccc(O)cc2)NC(=O)CSC[C@@H]2C[C@@H]3c4cccc5[nH]cc(c45)C[C@H]3N(C)C2)CCCCNC(=O)[C@H](Cc2ccccc2)NC1=O,1
C#CCN(CCCCN1CCN(c2cccc(Cl)c2Cl)CC1)C1CCc2ccc(O)cc2C1,1
CCCN(CCCCN1CCN(c2cccc(Cl)c2Cl)CC1)C1CCc2ccc(O)cc2C1,1
CCCN(CCCCN1CCN(c2ccccc2)CC1)C1CCc2ccc(O)cc2C1,1
CCCN(CCCCN1CCN(c2ccccc2)CC1)C1CCc2cc(O)c(O)cc2C1,1
C#CCN(CCCCN1CCN(c2ccccc2)CC1)C1CCc2ccc(O)cc2C1,1
O=C1CCc2cc(F)ccc2N1CCCN1CCC(n2c(=O)[nH]c3ccccc32)CC1,1
O=C1CCc2ccccc2N1CCCN1CCC(n2c(=O)[nH]c3ccccc32)CC1,1
O=C1CCc2c(F)cccc2N1CCCN1CCC(n2c(=O)[nH]c3ccccc32)CC1,1
O=C1CCc2ccc(F)cc2N1CCCN1CCC(n2c(=O)[nH]c3ccccc32)CC1,1
O=C1CCc2cccc(F)c2N1CCCN1CCC(n2c(=O)[nH]c3ccccc32)CC1,1
Cc1nn(C2CCN(Cc3ccccc3)CC2)cc1-c1ccccc1,1
Cc1nn(C2CCN(Cc3cccc(Cl)c3)CC2)cc1-c1ccccc1,1
Cc1nn(C2CCN(Cc3cccc(C#N)c3)CC2)cc1-c1ccccc1,1
Cc1c(-c2ccccc2)cnn1C1CCN(Cc2ccccc2)CC1,1
Cc1c(-c2ccccc2)cnn1C1CCN(Cc2cccc(Cl)c2)CC1,1
O=C(NCCCCN1CCN(c2ccccc2OCCF)CC1)c1ccc(-n2ccnc2)cc1,1
COc1ccccc1N1CCN(CCCCNC(=O)c2ccc(-n3ccnc3)cc2)CC1,1
COc1cc(F)cc(N2CCN(CCCCNC(=O)c3ccc(-n4ccnc4)cc3)CC2)c1,1
O=C(NCCCCN1CCN(c2cccc(OCCF)c2)CC1)c1ccc(-n2ccnc2)cc1,1
COc1cccc(N2CCN(CCCCNC(=O)c3ccc(-n4ccnc4)cc3)CC2)c1,1
Cc1c(C)c2ccc(OCCCN3CCN(c4ccccc4)CC3)cc2oc1=O,1
Cc1cc(=O)oc2cc(OCCCN3CCN(c4ccccc4)CC3)ccc12,1
Cc1cc2ccc(OCCCN3CCN(c4ccccc4)CC3)cc2oc1=O,1
COc1ccccc1N1CCN(CCCOc2ccc3c(C)cc(=O)oc3c2)CC1,1
O=c1ccc2ccc(OCCCN3CCN(c4ccccc4)CC3)cc2o1,1
C[C@H]1CN(CC[C@H]2CC[C@H](NC(=O)N(C)C)CC2)CCc2ccc(Cl)cc21,1
CCN(C)C(=O)N[C@H]1CC[C@H](CCN2CCc3ccc(Cl)cc3[C@@H](C)C2)CC1,1
CCCC(=O)N[C@H]1CC[C@H](CCN2CCc3ccc(Cl)cc3[C@@H](C)C2)CC1,1
CCN(CC)C(=O)N[C@H]1CC[C@H](CCN2CCc3ccc(Cl)cc3[C@@H](C)C2)CC1,1
C[C@@H]1CN(CC[C@H]2CC[C@H](NC(=O)N(C)C)CC2)CCc2ccc(Cl)cc21,1
O=C1c2ccccc2S(=O)(=O)N1CCCCN1CCN(c2ccccc2)CC1,1
COc1ccccc1N1CCN(CCCCN2C(=O)c3ccccc3S2(=O)=O)CC1,1
O=C1c2ccccc2S(=O)(=O)N1CCCCN1CCN(c2cccc(Cl)c2Cl)CC1,1
O=C1c2ccccc2S(=O)(=O)N1CCCCN1CCN(c2cccc(C(F)(F)F)c2)CC1,1
O=C1c2ccccc2S(=O)(=O)N1CCCCN1CCN(c2ccc(Cl)cc2)CC1,1
O=C1COc2ccccc2N1CCCN1CCC(n2c(=O)[nH]c3cc(F)ccc32)CC1,1
O=C1COc2ccccc2N1CCCN1CCC(n2c(=O)[nH]c3ccc(F)cc32)CC1,1
O=C1COc2ccccc2N1CCCN1CCC(n2c(=O)[nH]c3c(F)cccc32)CC1,1
O=C1COc2ccccc2N1CCCN1CCC(n2c(=O)[nH]c3ccccc32)CC1,1
O=C1COc2ccccc2N1CCCN1CCC(n2c(=O)[nH]c3cccc(F)c32)CC1,1
OC1(c2ccc(I)cc2)CCN(Cc2coc3ccccc23)CC1,1
OC1(c2ccc(Br)cc2)CCN(Cc2coc3ccccc23)CC1,1
OC1(c2ccc(Cl)c(Cl)c2)CCN(Cc2coc3ccccc23)CC1,1
OC1(c2ccc(Cl)cc2)CCN(Cc2coc3ccccc23)CC1,1
CSc1ccc(C2(O)CCN(Cc3coc4ccccc34)CC2)cc1,1
COc1cccc(OC(=O)N[C@H]2CC[C@H](CCN3CCN(c4nsc5ccccc45)CC3)CC2)c1,1
Cc1ccccc1OC(=O)N[C@H]1CC[C@H](CCN2CCN(c3nsc4ccccc34)CC2)CC1,1
O=C(N[C@H]1CC[C@H](CCN2CCN(c3nsc4ccccc34)CC2)CC1)Oc1ccccc1,1
O=C(N[C@H]1CC[C@H](CCN2CCN(c3nsc4ccccc34)CC2)CC1)Oc1ccc(Cl)cc1,1
O=C(N[C@H]1CC[C@H](CCN2CCN(c3nsc4ccccc34)CC2)CC1)Oc1ccc([N+](=O)[O-])cc1,1
COc1ccccc1N1CCN(CCOc2ccc3[nH]c(=O)[nH]c3c2)CC1,1
O=c1[nH]c2ccc(OCCN3CCN(c4ccccc4)CC3)cc2[nH]1,1
O=c1[nH]c2ccc(OCCN3CCN(c4cccc(C(F)(F)F)c4)CC3)cc2[nH]1,1
COc1cccc(N2CCN(CCOc3ccc4[nH]c(=O)[nH]c4c3)CC2)c1,1
O=c1[nH]c2ccc(OCCN3CCN(c4cccc(Cl)c4)CC3)cc2[nH]1,1
O=C1CCc2ccc(OCCCCN3CCN(c4cccc5c4ccn5Cc4cccc(Cl)c4)CC3)cc2N1,1
O=C1CCc2ccc(OCCCCN3CCN(c4cccc5c4ccn5Cc4cccc(F)c4)CC3)cc2N1,1
O=C1CCc2ccc(OCCCCN3CCN(c4cccc5c4ccn5Cc4ccccc4F)CC3)cc2N1,1
O=C1CCc2ccc(OCCCCN3CCN(c4cccc5c4ccn5Cc4ccc(F)cc4)CC3)cc2N1,1
O=C1CCc2ccc(OCCCCN3CCN(c4cccc5c4ccn5Cc4ccccc4)CC3)cc2N1,1
COc1ccccc1N1CCN(CCCCOc2ccc3ccnn3c2)CC1,1
COc1ccccc1N1CCN(CCCCOc2ccc3c(/C=N/O)cnn3c2)CC1,1
Clc1cccc(N2CCN(CCCCOc3ccc4ccnn4c3)CC2)c1Cl,1
O=Cc1cnn2cc(OCCCCN3CCN(c4cccc(Cl)c4Cl)CC3)ccc12,1
COc1ccccc1N1CCN(CCCCOc2ccc3c(C=O)cnn3c2)CC1,1
C=CCN1CC(C(=O)N(CCCN(C)C)C(=O)NCC)CC2c3cccc4[nH]cc(c34)CC21,1
CCN(CC)C(=O)N[C@H]1C[C@@H]2c3cccc4[nH]cc(c34)C[C@H]2N(C)C1,1
CN1C[C@@H](NC(=O)C(C)(C)C)CC2c3cccc4[nH]c(Cl)c(c34)C[C@H]21,1
Cc1[nH]c2cccc3c2c1C[C@@H]1C3C[C@H](NC(=O)C(C)(C)C)CN1C,1
CCCN1C[C@H](CSC)C[C@@H]2c3cccc4[nH]cc(c34)C[C@H]21,1
CCCN(CCC)[C@@H]1Cc2cccc3nc(S)n(c23)C1,1
CCCN(CCC)[C@@H]1Cc2cccc3nc(O)n(c23)C1,1
CCCN[C@@H]1Cc2cccc3nc(O)n(c23)C1,1
CN(C)[C@@H]1Cc2cccc3nc(O)n(c23)C1,1
CN[C@@H]1Cc2cccc3ncn(c23)C1,1
COc1ccccc1N1CCN(CCCc2ccc3[nH]c(=S)[nH]c3c2)CC1,1
S=c1[nH]c2ccc(CCCN3CCN(c4ccccc4)CC3)cc2[nH]1,1
FC(F)(F)c1cccc(N2CCN(CCCc3ccc4[nH]c(=S)[nH]c4c3)CC2)c1,1
S=c1[nH]c2ccc(CCCN3CCN(c4ccc(Cl)cc4)CC3)cc2[nH]1,1
COc1ccc(N2CCN(CCCc3ccc4[nH]c(=S)[nH]c4c3)CC2)cc1,1
CCCN1CCO[C@@H]2c3cc(O)ccc3CC[C@H]21,1
CCCN1CCOC2c3cc(O)ccc3CCC21,1
CCCN1CCO[C@@H]2c3cc(C(N)=O)ccc3CC[C@H]21,1
CCCN1CCOC2c3cc(C(N)=O)ccc3CCC21,1
CCCN1CCO[C@@H]2c3cc(C#N)ccc3CC[C@H]21,1
OCCN1CCN(CCCN2c3ccccc3Sc3ccc(Cl)cc32)CC1,1
CN1CCN(CCCN2c3ccccc3Sc3ccc(Cl)cc32)CC1,1
OCCN1CCN(CCCN2c3ccccc3Sc3ccc(C(F)(F)F)cc32)CC1,1
CN1CCN(CCCN2c3ccccc3Sc3ccc(S(=O)(=O)N(C)C)cc32)CC1,1
CN1CCN(CCCN2c3ccccc3Sc3ccc(C(F)(F)F)cc32)CC1,1
CCN1CCN(c2cc(-c3ccc(F)cc3)c3c(n2)CCCCCC3)CC1,1
CCN1CCN(c2cc(-c3ccc(F)cc3)c3c(n2)CC[C@H](O)CCC3)CC1,1
CCN1CCN(c2cc(-c3ccc(F)cc3)c3c(n2)CCC[C@@H](O)CC3)CC1,1
CCN1CCN(c2cc(-c3ccc(F)cc3)c3c(n2)CC[C@@H](O)CCC3)CC1,1
CCN1CCN(c2cc(-c3ccc(F)cc3)c3c(n2)CCC[C@H](O)CC3)CC1,1
O=C(CCCN1[C@@H]2CC[C@H]1CC(O)(c1ccc(Cl)cc1)C2)c1ccc(F)cc1,1
O=C(CCCN1C2CCC1CC(O)(c1ccc(Cl)cc1)C2)c1ccc(F)cc1,1
O=C(CCCN1C2CCC1CC(O)(c1ccccc1)C2)c1ccc(F)cc1,1
O=C(CCCN1C2CCC1CC(c1ccccc1)C2)c1ccc(F)cc1,1
O=C(CCCN1C2CCC1CC(c1ccc(Cl)cc1)C2)c1ccc(F)cc1,1
CNc1cc(OC)c(C(=O)N[C@H]2CCN(Cc3ccccc3)[C@H]2C)cc1Cl,1
CNc1cc(OC)c(C(=O)N[C@H]2CN(Cc3ccccc3)C[C@H]2C)cc1Cl,1
CNc1cc(OC)c(C(=O)N[C@@H]2CCN(Cc3ccccc3)[C@@H]2C)cc1Cl,1
CNc1cc(OC)c(C(=O)NC2CCN(Cc3ccccc3)C2C)cc1Cl,1
CNc1cc(OC)c(C(=O)N[C@H]2CN(Cc3ccccc3)C[C@@H]2C)cc1Cl,1
Cc1ncc(CC(=O)N[C@H]2CC[C@](F)(CCN3CCc4nc(OCC(F)(F)F)sc4CC3)CC2)o1,1
Cc1ncc(CC(=O)N[C@H]2CC[C@H](CCN3CCc4nc(OCCC(F)(F)F)sc4CC3)CC2)o1,1
Cc1ncc(CC(=O)N[C@H]2CC[C@H](CCN3CCc4nc(OCC(F)(F)F)sc4CC3)CC2)o1,1
Cc1ncc(CC(=O)N[C@H]2CC[C@](F)(CCN3CCc4nc(OCC(C)(F)F)sc4CC3)CC2)o1,1
Cc1ncc(CC(=O)N[C@H]2CC[C@H](CCN3CCc4nc(N(C)CC(F)(F)F)sc4CC3)CC2)s1,1
Cc1ncc(CC(=O)N[C@H]2CC[C@H](CCN3CCc4sc(OCC(F)(F)F)nc4C(C)C3)CC2)s1,1
Cc1ncc(CC(=O)N[C@H]2CC[C@H](CCN3CCc4nc(OCC(F)(F)F)sc4CC3)CC2)s1,1
Cc1ncc(CC(=O)N[C@H]2CC[C@](F)(CCN3CCc4nc(OCC(C)(F)F)sc4CC3)CC2)s1,1
CCN(CCCCNC(=O)c1cc2ccccc2[nH]1)CC1CC1c1cc(F)ccc1OC,1
CCCN(CCCCNC(=O)c1cc2ccccc2[nH]1)CC1CC1c1cc(F)ccc1OC,1
CCCN(CCCCNC(=O)c1cc2ccccc2[nH]1)C[C@@H]1C[C@H]1c1cccc(Cl)c1Cl,1
CCCN(CCCCNC(=O)c1cc2ccccc2[nH]1)C[C@H]1C[C@@H]1c1cccc(Cl)c1Cl,1
CC(C)(C)c1cc(N2CCN(CCCCNC(=O)N3CCc4[nH]c5ccccc5c4C3)CC2)nc(C(C)(C)C)n1,1
CC(C)(C)c1nc(N2CCN(CCCCNC(=O)N3CCc4[nH]c5ccccc5c4C3)CC2)cc(C(F)(F)F)n1,1
CC(C)(C)c1nc(C(F)F)cc(N2CCN(CCCCNC(=O)N3CCc4[nH]c5ccc(C(F)(F)F)cc5c4C3)CC2)n1,1
CC(C)(C)c1nc(N2CCN(CCCCNC(=O)N3CCc4[nH]c5ccc(C(F)(F)F)cc5c4C3)CC2)cc(C(F)(F)F)n1,1
Cn1c(C(=O)N[C@H]2CC[C@](F)(CCN3CCc4nc(OCC(F)(F)F)sc4CC3)CC2)cccc1=O,1
Cn1c(C(=O)N[C@H]2CC[C@H](CCN3CCc4nc(OCC(F)(F)F)sc4CC3)CC2)ccc(F)c1=O,1
Cn1c(C(=O)N[C@H]2CC[C@H](CCN3CCc4nc(OCC(F)(F)F)sc4CC3)CC2)cccc1=O,1
Cn1c(C(=O)N[C@H]2CC[C@H](CCN3CCc4nc(OCC(C)(F)F)sc4CC3)CC2)cccc1=O,1
O=C(CCOCCN1CCN(c2ncccc2-c2ccccc2)CC1)NCc1ccc(C(F)(F)F)cc1,1
O=C(CCOCCN1CCN(c2ncccc2-c2ccc(F)cc2)CC1)NCc1ccc(C(F)(F)F)cc1,1
N#Cc1ccc(CNC(=O)CCOCCN2CCN(c3ncccc3-c3ccccc3)CC2)cc1,1
N#Cc1ccc(CNC(=O)CCOCCN2CCN(c3ncccc3-c3ccc(F)cc3)CC2)cc1,1
O=C1N(CCN2Cc3ccccc3C2)CCN1Cc1cccc(C(F)(F)F)c1,1
O=C1N(CCN2Cc3ccccc3C2)CCN1Cc1ccccc1Cl,1
O=C1N(CCN2Cc3ccccc3C2)CCN1Cc1cccc(Cl)c1,1
O=C1N(CCN2Cc3ccccc3C2)CCN1Cc1cc(Cl)ccc1Cl,1
COc1ccc2c(c1)C1(CCC2)CCN(CCCSc2nnc(-c3ocnc3C)n2C)C1,1
Cc1ncoc1-c1nnc(SCCCN2CCC3(CCCc4ccc(Br)cc43)C2)n1C,1
COc1cccc2c1CCCC21CCN(CCCSc2nnc(-c3ocnc3C)n2C)C1,1
Cc1ncoc1-c1nnc(SCCCN2CCC3(CCCc4cc(Br)ccc43)C2)n1C,1
Cn1c(SCCCN2C[C@@H]3CCN(c4ccccc4C(F)(F)F)[C@@H]3C2)nnc1-c1ccncc1,1
Cn1c(SCCCN2CC3CCN(c4ccccc4C(F)(F)F)C3C2)nnc1-c1ccncc1,1
Cn1c(SCCCN2CC3CCN(c4ccc(C(F)(F)F)cc4)C3C2)nnc1-c1ccncc1,1
Cn1c(SCCCN2C[C@H]3CCN(c4ccccc4C(F)(F)F)[C@H]3C2)nnc1-c1ccncc1,1
COC(=O)Nc1cccc(CCN2CCN(c3cccc4nc(C)ccc34)CC2)c1,1
CCNC(=O)Nc1cccc(CCN2CCN(c3cccc4nc(C)ccc34)CC2)c1,1
CC(=O)Nc1cccc(CCN2CCN(c3cccc4nc(C)ccc34)CC2)c1,1
Cc1ccc2c(N3CCN(CCc4cccc(NS(C)(=O)=O)c4)CC3)cccc2n1,1
CS(=O)(=O)Oc1ccc2c(c1)CCN(CC[C@H]1CC[C@H](NC(=O)c3cccc4ncccc34)CC1)CC2,1
Cc1ccc2c(C(=O)N[C@H]3CC[C@H](CCN4CCc5ccc(OS(C)(=O)=O)cc5CC4)CC3)cccc2n1,1
Cc1ccc2c(C(=O)N[C@H]3CC[C@H](CCN4CCc5ccc(S(C)(=O)=O)cc5CC4)CC3)cccc2n1,1
Cc1ccc2c(C(=O)N[C@H]3CC[C@H](CCN4CCc5ccc(S(C)(=O)=O)cc5CC4)CC3)ccc(F)c2n1,1
CC(C)N1CCN(CCN2CCN(c3cccc(Cl)c3)C2=O)CC1,1
CC(C)N1CCN(CCN2CCN(c3cccc(OC(F)(F)F)c3)C2=O)CC1,1
CC(C)N1CCN(CCN2CCN(c3cccc(C#N)c3)C2=O)CC1,1
CN1CCN(CCN2CCN(c3cccc(Cl)c3)C2=O)CC1,1
Cc1nnc(CC(=O)N[C@H]2CC[C@](F)(CCN3CCc4ccc(OCC(C)(F)F)nc4CC3)CC2)s1,1
Cc1nnc(CC(=O)N[C@H]2CC[C@H](CCN3CCc4ccc(O[C@H](C)C(F)(F)F)nc4CC3)CC2)s1,1
CC[C@@H](C)Oc1ccc2c(n1)CCN(CC[C@]1(F)CC[C@@H](NC(=O)Cc3nnc(C)s3)CC1)CC2,1
Cc1nnc(CC(=O)N[C@H]2CC[C@H](CCN3CCc4ccc(CCC(F)(F)F)nc4CC3)CC2)s1,1
Cc1ncc2c(n1)CCN(CCN1CCC(c3noc4ccccc34)CC1)C2=O,1
COc1ncc2c(n1)CCN(CCN1CCC(c3noc4ccccc34)CC1)C2=O,1
Cc1nc(C)c2c(n1)CCN(CCN1CCC(c3noc4ccccc34)CC1)C2=O,1
O=C1c2cncnc2CCN1CCN1CCC(c2noc3ccccc23)CC1,1
CC(Oc1ccc2c(n1)CCN(CC[C@H]1CC[C@H](NC(=O)c3cccc4nn(C)cc34)CC1)CC2)C(F)F,1
Cn1cc2c(C(=O)N[C@H]3CC[C@H](CCN4CCc5ccc(OCC(C)(F)F)nc5CC4)CC3)cccc2n1,1
Cn1cc2c(C(=O)N[C@H]3CC[C@H](CCN4CCc5ccc(CCC(F)(F)F)nc5CC4)CC3)ccc(F)c2n1,1
Cn1cc2c(C(=O)N[C@H]3CC[C@H](CCN4CCc5ccc(OCC(C)(C)F)nc5CC4)CC3)cccc2n1,1
N#Cc1ccc2c(c1)CN(CC[C@H]1CC[C@H](NC(=O)/C=C/c3ccccc3)CC1)CC2,1
N#Cc1ccc2c(c1)CCN(CC[C@H]1CC[C@H](NC(=O)/C=C/c3ccccc3)CC1)C2,1
N#Cc1ccc2c(c1)CCN(CC[C@H]1CC[C@H](NC(=O)/C=C/c3ccc(F)cc3)CC1)C2,1
CS(=O)(=O)c1cccc(/C=C/C(=O)N[C@H]2CC[C@H](CCN3CCc4cc(C#N)ccc4C3)CC2)c1,1
Cc1ccc2c(-c3nnc(SCCCCN4CCc5cc6nc(C)oc6c(C)c5CC4)n3C)cccc2n1,1
CCc1nc2cc3c(c(Br)c2o1)CCN(CCCCSc1nnc(-c2cccc4nc(C)ccc24)n1C)CC3,1
CCc1nc2cc3c(c(C)c2o1)CCN(CCCCSc1nnc(-c2cccc4nc(C)ccc24)n1C)CC3,1
Cc1ccc2c(-c3nnc(SCCCCN4CCc5cc6nc(C(F)(F)F)oc6c(C)c5CC4)n3C)cccc2n1,1
Cc1nc(N)sc1CCCN/C(N)=N/C(=O)N[C@H](C)c1ccccc1,1
Cc1nc(N)sc1CCCN/C(N)=N/C(=O)NC(C)c1cccc(F)c1,1
Cc1nc(N)sc1CCCN/C(N)=N/C(=O)NCc1ccccc1,1
Cc1nc(N)sc1CCCN/C(N)=N/C(=O)N[C@@H](C)c1ccccc1,1
O=C1Cc2ccccc2N1CCCCN1CCN(c2ccccc2)CC1,1
COc1ccccc1N1CCN(CCCCN2C(=O)Cc3ccccc32)CC1,1
O=C1Cc2ccccc2N1CCCCN1CCN(c2cccc(C(F)(F)F)c2)CC1,1
O=C1Cc2ccccc2N1CCCCN1CCN(c2ccc(Cl)cc2)CC1,1
COc1ccccc1N1CCN(CCCCn2cc(-c3ccccc3)nn2)CC1,1
COc1ccccc1N1CCN(CCCCn2cc(-c3ccc(N)cc3)nn2)CC1,1
COc1ccc(-c2cn(CCCCN3CCN(c4ccccc4OC)CC3)nn2)cc1,1
COc1ccccc1N1CCN(CCCCn2cc(-c3ccc(Br)cc3)nn2)CC1,1
Cn1c(SCCCN2CC[C@]3(C[C@@H]3c3ccc(C(F)(F)F)cc3)C2)nnc1C1CCCCC1,1
Cn1c(SCCCN2CC[C@]3(C[C@H]3c3ccc(C(F)(F)F)cc3)C2)nnc1C1CCCCC1,1
Cn1c(SCCCN2CC[C@@]3(C[C@@H]3c3ccc(C(F)(F)F)cc3)C2)nnc1C1CCCCC1,1
CC(=O)NC1CCC(c2nnc(SCCCN3CC[C@]4(C[C@@H]4c4ccc(C(F)(F)F)cc4)C3)n2C)CC1,1
O=C(N[C@H]1CC[C@H](CCN2CCC(c3cccc4c3OCO4)CC2)CC1)c1ccccc1,1
O=C(N[C@H]1CC[C@H](CCN2CCC(c3cccc4c3OCO4)CC2)CC1)c1ccc(Cl)cc1,1
N#Cc1ccc(C(=O)N[C@H]2CC[C@H](CCN3CCC(c4cccc5c4OCO5)CC3)CC2)cc1,1
O=C(N[C@H]1CC[C@H](CCN2CCC(c3cccc4c3OCO4)CC2)CC1)c1ccc(F)cc1,1
CC(C)C(=O)Nc1cccc(C2CCN(Cc3ccc(Oc4ccc(Cl)cc4)cc3)CC2)c1,1
CC(C)C(=O)Nc1cccc(C2CCN(Cc3ccc(Oc4ccccc4)cc3)CC2)c1,1
Cc1ccc(C2CCN(Cc3ccc(Oc4ccc(F)c(F)c4)cc3)CC2)cc1NC(=O)C(C)C,1
CC(C)C(=O)Nc1cccc(C2CCN(Cc3ccc(Oc4ccc(F)c(F)c4)cc3)CC2)c1,1
Cc1ncoc1-c1nnc(SCCCN2C[C@@H]3CCCN(c4ccc(C(F)(F)F)cc4)[C@@H]3C2)n1C,1
Cc1ncoc1-c1nnc(SCCCN2C[C@H]3CCCN(c4ccc(C(F)(F)F)cc4)[C@H]3C2)n1C,1
Cc1ncoc1-c1nnc(SCCCN2CC3CCCN(c4ccc(C(F)(F)F)cc4)C3C2)n1C,1
Cc1ncoc1-c1nnc(SCCCN2CC3CCCN(c4cccc(C#N)c4)C3C2)n1C,1
Cc1ncoc1-c1nnc(SCCN2CC[C@]3(C[C@H]3c3ccc(C(F)(F)F)cc3)C2)n1C,1
Cc1ncoc1-c1nnc(SCCN2CC[C@@]3(C[C@@H]3c3ccc(C(F)(F)F)cc3)C2)n1C,1
Cc1ncoc1-c1nnc(SCCN2CC[C@]3(C[C@@H]3c3ccc(C(F)(F)F)cc3)C2)n1C,1
Cc1ncoc1-c1nnc(SCCN2CC[C@]3(CC3c3ccc(C(F)(F)F)cc3)C2)n1C,1
COc1ccccc1N1CCN(CCCCNC2=CC=CC3=[N+]4[N+](=Cc5c(C)cc(C)n5[B-]4(F)F)[B-](F)(F)N23)CC1,1
CCc1c(C)c2n(c1C)[B-](F)(F)[N+]1=C3C=CC=C(NCCCCN4CCN(c5ccccc5OC)CC4)N3[B-](F)(F)[N+]1=C2,1
Cc1cc(C)n2c1C=[N+]1[N+](=C3C=CC=C(NCCCCN4CCN(c5cccc(Cl)c5Cl)CC4)N3[B-]1(F)F)[B-]2(F)F,1
CCc1c(C)c2n(c1C)[B-](F)(F)[N+]1=C3C=CC=C(NCCCCN4CCN(c5cccc(Cl)c5Cl)CC4)N3[B-](F)(F)[N+]1=C2,1
C1=C(c2c[nH]c3ccccc23)CCN(Cc2cccs2)C1,1
COc1ccc2[nH]cc(C3=CCN(Cc4cccs4)CC3)c2c1,1
CCOc1ccc2[nH]cc(C3=CCN(Cc4cccs4)CC3)c2c1,1
CC(C)Oc1ccc2[nH]cc(C3=CCN(Cc4cccs4)CC3)c2c1,1
COc1ccccc1N1CCN(C/C=C/CNC(=O)c2ccc(-c3ccccn3)cc2)CC1,1
O=C(NC/C=C/CN1CCN(c2cccc(Cl)c2Cl)CC1)c1ccc(-c2ccccn2)cc1,1
Cc1cccnc1-c1ccc(C(=O)NC/C=C/CN2CCN(c3cccc(Cl)c3Cl)CC2)cc1,1
Cc1cccc(-c2ccc(C(=O)NC/C=C/CN3CCN(c4cccc(Cl)c4Cl)CC3)cc2)n1,1
COc1ccccc1N1CCN(Cc2cn(-c3ccccc3)nn2)CC1,1
COc1ccccc1N1CCN(Cc2cn(-c3ccc(OCCCF)cc3)nn2)CC1,1
COc1ccccc1N1CCN(Cc2cn(-c3ccc(OCCCOCCF)cc3)nn2)CC1,1
c1ccc(N2CCN(Cc3cn(-c4ccccc4)nn3)CC2)cc1,1
O=C(N[C@H]1CCN(Cc2ccccc2)C1)c1cccc(-c2cccs2)c1,1
Cc1ccc(CN2CC[C@H](NC(=O)c3cccc(-c4cccs4)c3)C2)cc1,1
O=C(N[C@H]1CCN(Cc2ccc(Cl)cc2)C1)c1cccc(-c2cccs2)c1,1
O=C(N[C@H]1CCN(Cc2ccc(OC(F)(F)F)cc2)C1)c1cccc(-c2cccs2)c1,1
C=C1c2ccccc2C=C(N2CCN(C)CC2)c2ccccc21,1
CC(C)=C1c2ccccc2C=C(N2CCN(C)CC2)c2ccccc21,1
CC(C)=C1c2ccc(Cl)cc2C=C(N2CCN(C)CC2)c2ccccc21,1
C/C=C1/c2ccccc2C=C(N2CCN(C)CC2)c2ccccc21,1
CCN(CCN1CCC(c2noc3cc(F)ccc23)CC1)C(=O)C1(O)CCNC1,1
CCN(CCN1CCC(c2noc3cc(F)ccc23)CC1)C(=O)C1CN(C)CC1O,1
CCN(CCN1CCC(c2noc3cc(F)ccc23)CC1)C(=O)C1CN(C(C)=O)CC1O,1
CCN(CCN1CCC(c2noc3cc(F)ccc23)CC1)C(=O)C1CNCC1O,1
CN(C1CCN(CCOc2ccccc2-c2ccccc2)CC1)S(=O)(=O)c1ccccc1,1
CN(C1CCN(CCOc2ccccc2-c2ccccc2)CC1)S(=O)(=O)c1ccc(F)cc1,1
O=S(=O)(NC1CCN(CCOc2ccccc2-c2ccccc2)CC1)c1ccc(F)c(F)c1,1
O=S(=O)(NC1CCN(CCOc2ccccc2-c2ccccc2)CC1)c1cccc(Cl)c1,1
CC(=O)c1ccc2c(c1)CC(CN1CCC(c3noc4cc(F)ccc34)CC1)CC2=O,1
O=C1CC(CN2CCC(c3noc4cc(F)ccc34)CC2)Cc2ccccc21,1
COc1cc2c(cc1OC)C(=O)CC(CN1CCC(c3noc4cc(F)ccc34)CC1)C2,1
COc1ccc2c(c1)CC(CN1CCC(c3noc4cc(F)ccc34)CC1)CC2=O,1
Brc1ccc(NCCN2CCN(CCc3c[nH]c4ccccc34)CC2)cc1,1
CCCN(CCN1CCN(CCc2c[nH]c3ccccc23)CC1)c1ccc(Br)cc1,1
CCCN(CCN1CCN(CCc2c[nH]c3ccccc23)CC1)c1ccc(OC)cc1,1
COc1ccc(NCCN2CCN(CCc3c[nH]c4ccccc34)CC2)cc1,1
O=S(=O)(c1ccccc1)n1ccc2c(N3CCN(CCCCOc4ccc(F)cc4)CC3)cccc21,1
O=S(=O)(c1ccccc1)n1ccc2c(N3CCN(CCCCOc4ccccc4)CC3)cccc21,1
NC(=O)c1ccccc1OCCCCN1CCN(c2cccc3c2ccn3S(=O)(=O)c2ccccc2)CC1,1
CC(C)Oc1ccccc1OCCCCN1CCN(c2cccc3c2ccn3S(=O)(=O)c2ccccc2)CC1,1
Cc1cccc(S(=O)(=O)NCCCCN2CCN(c3noc4ccccc34)CC2)c1,1
O=S(=O)(NCCCCN1CCN(c2noc3ccccc23)CC1)c1ccc(Cl)c(Cl)c1,1
O=S(=O)(NCCCCN1CCN(c2noc3ccccc23)CC1)c1ccc(F)c(Cl)c1,1
O=S(=O)(NCCCCN1CCN(c2noc3ccccc23)CC1)c1ccc(OC(F)(F)F)cc1,1
COc1ccccc1N1CCN(CCCCn2cc(-c3ccc4[nH]ccc4c3)nn2)CC1,1
Clc1cccc(N2CCN(CCCCn3cc(-c4ccc5[nH]ccc5c4)nn3)CC2)c1Cl,1
COc1ccccc1N1CCN(CC(O)CCn2cc(-c3ccc4[nH]ccc4c3)nn2)CC1,1
OC(CCn1cc(-c2ccc3[nH]ccc3c2)nn1)CN1CCN(c2cccc(Cl)c2Cl)CC1,1
COc1ccccc1N1CCN(CCCCn2cc(-c3ccc4ncccc4c3)nn2)CC1,1
Clc1cccc(N2CCN(CCCCn3cc(-c4ccc5ncccc5c4)nn3)CC2)c1Cl,1
OC(CCn1cc(-c2ccc3ncccc3c2)nn1)CN1CCN(c2cccc(Cl)c2Cl)CC1,1
COc1ccccc1N1CCN(CC(O)CCn2cc(-c3ccc4ncccc4c3)nn2)CC1,1
Cc1ncoc1-c1nnc(SCCCN2CCC3(CCc4ccc(Br)cc43)C2)n1C,1
Cc1ncoc1-c1nnc(SCCCN2CCC3(CCc4cc(F)ccc43)C2)n1C,1
Cc1ncoc1-c1nnc(SCCCN2CCC3(CCc4cc(Br)ccc43)C2)n1C,1
Cc1ncoc1-c1nnc(SCCCN2CCC3(CCc4c(Br)cccc43)C2)n1C,1
Cn1c(SCCCN2CC3CCN(c4ccc(F)cc4)C3C2)nnc1-c1ccncn1,1
Cn1c(SCCCN2CC3CCN(c4ccc(C(F)(F)F)cc4)C3C2)nnc1-c1ccncn1,1
Cn1c(SCCCN2C[C@@H]3CCN(c4ccc(C(F)(F)F)cc4)[C@@H]3C2)nnc1-c1ccncn1,1
Cn1c(SCCCN2C[C@H]3CCN(c4ccc(C(F)(F)F)cc4)[C@H]3C2)nnc1-c1ccncn1,1
CS(=O)(=O)Nc1cccc(OCCNCc2ccccc2)c1,1
CS(=O)(=O)Nc1cc(OCCNCc2ccccc2)ccc1Cl,1
Oc1cccc(OCCNCc2ccccc2)c1,1
Oc1ccccc1OCCNCc1ccccc1,1
CC(=O)c1ccc2c(c1)CC(CN1CCC(C(=O)c3ccc(F)cc3)CC1)CC2=O,1
O=C1CC(CN2CCC(C(=O)c3ccc(F)cc3)CC2)Cc2ccccc21,1
COc1ccc2c(c1)CC(CN1CCC(C(=O)c3ccc(F)cc3)CC1)CC2=O,1
COc1cc2c(cc1OC)C(=O)CC(CN1CCC(C(=O)c3ccc(F)cc3)CC1)C2,1
CN1CCCC(c2c(-c3ccccc3)[nH]c3ccccc23)C1,1
Fc1ccc(-c2[nH]c3cc(F)ccc3c2C2CCCNC2)cc1,1
Fc1ccc(-c2[nH]c3cc(F)ccc3c2C2CNCC[C@H]2F)cc1,1
Fc1ccc(-c2[nH]c3cc(F)ccc3c2[C@@H]2CNCC[C@H]2F)cc1,1
Cc1cccc(N2CCN(CCCCn3c(C)cn4c5c(=O)n(C)c(=O)n(C)c5nc34)CC2)c1C,1
Cc1cn2c3c(=O)n(C)c(=O)n(C)c3nc2n1CCCCN1CCN(c2ccc(Cl)cc2)CC1,1
Cc1cn2c3c(=O)n(C)c(=O)n(C)c3nc2n1CCCCN1CCN(c2ccccc2O)CC1,1
Cn1c(=O)c2c(nc3n(CCCCN4CCN(c5ccccc5O)CC4)ccn23)n(C)c1=O,1
O=C1c2ccccc2CN1CCCCN1CCN(c2cccc(C(F)(F)F)c2)CC1,1
COc1ccccc1N1CCN(CCCCN2Cc3ccccc3C2=O)CC1,1
O=C1c2ccccc2CN1CCCCN1CCN(c2ccccc2)CC1,1
O=C1c2ccccc2CN1CCCCN1CCN(c2ccc(Cl)cc2)CC1,1
CS(=O)(=O)Nc1ccc(CCN2CC3COc4ccc(C#N)cc4C3C2)cc1,1
CC(=O)Nc1ccc(CCN2C[C@@H]3COc4ccc(C#N)cc4[C@H]3C2)cc1,1
CC(=O)Nc1ccc(CCN2CC3COc4ccc(C#N)cc4C3C2)cc1,1
CC(=O)Nc1ccc(CCN2C[C@H]3COc4ccc(C#N)cc4[C@@H]3C2)cc1,1
CC(=O)N[C@H]1CC[C@H](CCN2CCc3ccc(C#N)cc3C2)CC1,1
CC(C)(C)NC(=O)N[C@H]1CC[C@H](CCN2CCc3ccccc3C2)CC1,1
CC(C)(C)OC(=O)N[C@H]1CC[C@H](CCN2CCc3ccc([N+](=O)[O-])cc3C2)CC1,1
CC(C)(C)OC(=O)N[C@H]1CC[C@H](CCN2CCc3ccccc3C2)CC1,1
O=C(NCCCCN1CCN(c2cccc(Cl)c2Cl)CC1)N1CCN(c2ccccc2)CC1,1
O=C(NCCCCN1CCN(c2ccccc2)CC1)N1CCN(c2ccccc2)CC1,1
N#Cc1cc(N2CCN(CCCCNC(=O)N3CCN(c4ccccc4)CC3)CC2)cc(C(F)(F)F)c1,1
O=C(NCCCCN1CCN(c2cccc(C(F)(F)F)c2)CC1)N1CCN(c2ccccc2)CC1,1
N#Cc1ccc2c(c1)[C@H]1CN(CCCCNC(=O)c3ccc(-c4ccc(N)cc4)cc3)C[C@@H]1CO2,1
N#Cc1ccc2c(c1)[C@H]1CN(CCCCNC(=O)c3ccc(-c4ccccc4)cc3)C[C@@H]1CO2,1
N#Cc1ccc2c(c1)[C@@H]1CN(CCCCNC(=O)c3ccc(-c4ccccc4)cc3)C[C@H]1CO2,1
N#Cc1ccc2c(c1)C1CN(CCCCNC(=O)c3ccc(-c4ccccc4)cc3)CC1CO2,1
O=S(=O)(NCCCCN1CCC(c2noc3cc(F)ccc23)CC1)c1ccc(Cl)c(Cl)c1,1
Cc1cccc(S(=O)(=O)NCCCCN2CCC(c3noc4cc(F)ccc34)CC2)c1,1
O=S(=O)(NCCCCN1CCC(c2noc3cc(F)ccc23)CC1)c1ccc(F)c(Cl)c1,1
O=S(=O)(NCCCCN1CCC(c2noc3cc(F)ccc23)CC1)c1ccc(OC(F)(F)F)cc1,1
CCOc1ccccc1OCCN[C@H](C)Cc1ccc(OC)c(S(N)(=O)=O)c1,1
COc1ccccc1OCCNCCc1ccc(O)c(O)c1,1
COc1ccccc1OCCNC[C@@H](O)c1ccc(O)c(O)c1,1
COc1ccccc1OCCNC[C@H](O)c1ccc(O)c(O)c1,1
O=S(=O)(N[C@H]1CCN(CCOc2ccccc2-c2ccccc2)C1)c1ccc(F)cc1,1
O=S(=O)(N[C@@H]1CCN(CCOc2ccccc2-c2ccccc2)C1)c1ccc(F)cc1,1
O=S(=O)(NC1CCN(CCOc2ccccc2-c2ccccc2)C1)c1cc(F)ccc1F,1
O=S(=O)(NC1CCN(CCOc2ccccc2-c2ccccc2)C1)c1ccc(F)c(F)c1,1
COc1ccccc1N1CCN(CCCCCCN2C(=O)c3cccc4cccc(c34)C2=O)CC1,1
CCOc1ccccc1N1CCN(CCCCCCN2C(=O)c3cccc4cccc(c34)C2=O)CC1,1
O=C1c2cccc3cccc(c23)C(=O)N1CCCCCCN1CCN(c2ccccc2[N+](=O)[O-])CC1,1
COc1cccc(N2CCN(CCCCCCN3C(=O)c4cccc5cccc(c45)C3=O)CC2)c1,1
COc1cc(CN2CCCCC2)ccc1OCCCN1CCC(c2noc3cc(F)ccc23)CC1,1
Fc1ccc2c(C3CCN(CCCOc4ccc(CN5CCCCC5)cc4F)CC3)noc2c1,1
Fc1ccc2c(C3CCN(CCCOc4ccc(CN5CCCCC5)cc4)CC3)noc2c1,1
Fc1ccc2c(C3CCN(CCCOc4ccc(CN5CCCCC5)c(F)c4)CC3)noc2c1,1
Cc1cccc(S(=O)(=O)NCCCCN2CCN(c3nsc4ccccc34)CC2)c1,1
O=S(=O)(NCCCCN1CCN(c2nsc3ccccc23)CC1)c1ccc(Cl)c(Cl)c1,1
O=S(=O)(NCCCCN1CCN(c2nsc3ccccc23)CC1)c1ccc(F)c(Cl)c1,1
O=S(=O)(NCCCCN1CCN(c2nsc3ccccc23)CC1)c1ccc(OC(F)(F)F)cc1,1
O=S(=O)(NCCCN1CCN(c2nsc3ccccc23)CC1)c1ccc(Cl)c(Cl)c1,1
Cc1cccc(S(=O)(=O)NCCCN2CCN(c3nsc4ccccc34)CC2)c1,1
O=S(=O)(NCCCN1CCN(c2nsc3ccccc23)CC1)c1ccc(OC(F)(F)F)cc1,1
O=S(=O)(NCCCN1CCN(c2nsc3ccccc23)CC1)c1ccc(F)c(Cl)c1,1
O=C(CCCN1CCC(CO)(c2ccc(Cl)cc2)C1)c1ccc(F)cc1,1
O=C(CCCN1CCC(O)(c2ccc(Cl)cc2)C1)c1ccc(F)cc1,1
O=C(CCCN1CCC(CCO)(c2ccc(Cl)cc2)C1)c1ccc(F)cc1,1
O=C(CCCN1CCC(c2ccc(Cl)cc2)C1)c1ccc(F)cc1,1
CNc1cc(OC)c(C(=O)N[C@H]2CCN(Cc3ccccc3)C[C@@H]2C)cc1Cl,1
COc1cc(N)c(Cl)cc1C(=O)N[C@H]1CCN(Cc2ccccc2)C[C@@H]1C,1
COc1cc(N)c(Cl)cc1C(=O)NC1CCN(Cc2ccccc2)CC1,1
CNc1cc(OC)c(C(=O)NC2CCN(Cc3ccccc3)CC2)cc1Cl,1
NC(=O)c1ccccc1OCCCN1CCN(c2cccc3c2ccn3S(=O)(=O)c2ccccc2)CC1,1
O=S(=O)(c1ccccc1)n1ccc2c(N3CCN(CCCOc4ccc(F)cc4)CC3)cccc21,1
CC(C)Oc1ccccc1OCCCN1CCN(c2cccc3c2ccn3S(=O)(=O)c2ccccc2)CC1,1
O=S(=O)(c1ccccc1)n1ccc2c(N3CCN(CCCOc4ccccc4)CC3)cccc21,1
COc1cc(CN2CCCC2)ccc1OCCCN1CCC(c2noc3cc(F)ccc23)CC1,1
Fc1ccc2c(C3CCN(CCCOc4ccc(CN5CCCC5)cc4)CC3)noc2c1,1
Cc1cc(OCCCN2CCC(c3noc4cc(F)ccc34)CC2)ccc1CN1CCCC1,1
Fc1ccc2c(C3CCN(CCCOc4ccc(CN5CCCC5)cc4Cl)CC3)noc2c1,1
COc1ccccc1N1CCN(CCCCNC(=O)c2cc3ccc2CCc2ccc(cc2)CC3)CC1,1
COc1c(Cl)cccc1N1CCN(CCCCNC(=O)c2cc3ccc2CCc2ccc(cc2)CC3)CC1,1
O=C(NCCCCN1CCN(c2cccc(F)c2F)CC1)c1cc2ccc1CCc1ccc(cc1)CC2,1
O=C(NCCCCN1CCN(c2cccc(Cl)c2Cl)CC1)c1cc2ccc1CCc1ccc(cc1)CC2,1
CNc1nc(Cl)c(SC)c(N2CCN(C)CC2)n1,1
CCN(CC)C(=O)NCCCCN1CCN(c2cc(C(F)(F)F)nc(C(C)(C)C)n2)CC1,1
CC(C)(C)NC(=O)NCCCCN1CCN(c2cc(C(F)(F)F)nc(C(C)(C)C)n2)CC1,1
CC(C)(C)CNC(=O)NCCCCN1CCN(c2cc(C(F)(F)F)nc(C(C)(C)C)n2)CC1,1
OC1(c2ccc(Cl)cc2)CCN(CCCCc2ccc(F)cc2)CC1,1
O[C@@H](CCCN1CCC(O)(c2ccc(Cl)cc2)CC1)c1ccc(F)cc1,1
OC(CCCN1CCC(O)(c2ccc(Cl)cc2)CC1)c1ccc(F)cc1,1
O[C@H](CCCN1CCC(O)(c2ccc(Cl)cc2)CC1)c1ccc(F)cc1,1
Nc1cc(F)ccc1C(=O)CCCN1CC[C@H]2[C@@H](C1)c1cccc3c1N2CCC3,1
Nc1cc(F)ccc1C(=O)CCCN1CC[C@@H]2[C@H](C1)c1cccc3c1N2CCC3,1
Nc1ccccc1C(=O)CCCN1CC[C@@H]2[C@H](C1)c1cccc3c1N2CCC3,1
Nc1ccccc1C(=O)CCCN1CC[C@H]2[C@@H](C1)c1cccc3c1N2CCC3,1
COc1ccccc1N1CCN(CCNC(=O)c2ccc(F)cc2)CC1,1
C#Cc1ccc(C(=O)NCCN2CCN(c3cccc(Cl)c3Cl)CC2)cc1,1
C#Cc1cccc(C(=O)NCCN2CCN(c3cccc(Cl)c3Cl)CC2)c1,1
COc1cccc(C(=O)NCCN2CCN(c3ccccc3OC)CC2)c1,1
O=C(NC1CCc2ccc(CCN3CCN(c4nsc5ccccc45)CC3)cc21)c1ccc(Cl)cc1,1
O=C(NC1CCc2ccc(CCN3CCN(c4nsc5ccccc45)CC3)cc21)c1ccc(F)cc1,1
Cc1ccc(C(=O)NC2CCc3ccc(CCN4CCN(c5nsc6ccccc56)CC4)cc32)cc1,1
O=C(NC1CCc2ccc(CCN3CCN(c4nsc5ccccc45)CC3)cc21)c1ccccc1,1
Nc1cc(F)ccc1C(=O)CCCN1CC[C@H]2[C@@H](C1)c1cccc3c1N2CCS3,1
Nc1cc(F)ccc1C(=O)CCCN1CC[C@@H]2[C@H](C1)c1cccc3c1N2CCS3,1
Nc1ccccc1C(=O)CCCN1CC[C@@H]2[C@H](C1)c1cccc3c1N2CCS3,1
Nc1ccccc1C(=O)CCCN1CC[C@H]2[C@@H](C1)c1cccc3c1N2CCS3,1
O=S(=O)(NCCCN1CCC(c2noc3cc(F)ccc23)CC1)c1ccc(F)c(Cl)c1,1
O=S(=O)(NCCCN1CCC(c2noc3cc(F)ccc23)CC1)c1ccc(Cl)c(Cl)c1,1
Cc1cccc(S(=O)(=O)NCCCN2CCC(c3noc4cc(F)ccc34)CC2)c1,1
O=S(=O)(NCCCN1CCC(c2noc3cc(F)ccc23)CC1)c1ccc(OC(F)(F)F)cc1,1
COc1ccccc1N1CCN(CCCCCNC(=O)c2sc3nc(OC)c(Cl)c(C)c3c2N)CC1,1
COc1ccccc1N1CCN(CCCCCNC(=O)c2sc3nc(C)cc(C)c3c2N)CC1,1
Cc1cc(C)c2c(N)c(C(=O)NCCCCCN3CCN(c4cccc(Cl)c4Cl)CC3)sc2n1,1
COc1nc2sc(C(=O)NCCCCCN3CCN(c4cccc(Cl)c4Cl)CC3)c(N)c2c(C)c1Cl,1
Nc1cc(F)ccc1C(=O)CCCN1CC[C@H]2[C@@H](C1)c1cccc3c1N2CCCC3,1
Nc1ccccc1C(=O)CCCN1CC[C@H]2[C@@H](C1)c1cccc3c1N2CCCC3,1
Nc1cc(F)ccc1C(=O)CCCN1CC[C@@H]2[C@H](C1)c1cccc3c1N2CCCC3,1
Nc1ccccc1C(=O)CCCN1CC[C@@H]2[C@H](C1)c1cccc3c1N2CCCC3,1
Oc1nc2c3c(ccc2[nH]1)CC[C@H](CNCc1ccccc1)O3,1
Oc1nc2c3c(ccc2[nH]1)CCC(CNCc1ccccc1)O3,1
Oc1nc2c3c(ccc2[nH]1)CC[C@@H](CNCc1ccccc1)O3,1
FC(F)(F)c1nc2c3c(ccc2[nH]1)CCC(CNCc1ccccc1)O3,1
Nc1cc(F)ccc1C(=O)CCCN1CC[C@H]2[C@@H](C1)c1cccc3c1N2CCO3,1
Nc1cc(F)ccc1C(=O)CCCN1CC[C@@H]2[C@H](C1)c1cccc3c1N2CCO3,1
Nc1ccccc1C(=O)CCCN1CC[C@H]2[C@@H](C1)c1cccc3c1N2CCO3,1
Nc1ccccc1C(=O)CCCN1CC[C@@H]2[C@H](C1)c1cccc3c1N2CCO3,1
CCc1c(C(=O)N[C@H]2CC[C@H](CCN3CCN(c4nsc5ccccc45)CC3)CC2)sc2ccccc12,1
O=C(N[C@H]1CC[C@H](CCN2CCN(c3nsc4ccccc34)CC2)CC1)c1cc2ccccc2s1,1
O=C(N[C@H]1CC[C@H](CCN2CCN(c3nsc4ccccc34)CC2)CC1)c1sc2ccccc2c1Cl,1
O=C(N[C@H]1CC[C@@H](CCN2CCN(c3nsc4ccccc34)CC2)CC1)c1cc2ccccc2s1,1
O=c1ccc2ccc(OCCCCN3CCN4c5cccc6[nH]cc(c56)C[C@H]4C3)cc2[nH]1,1
O=c1ccc2ccc(OCCCCN3CCN4c5cccc6[nH]cc(c56)C[C@@H]4C3)cc2[nH]1,1
O=c1ccc2ccc(OCCCCN3CCN4c5cccc6[nH]cc(c56)CC4C3)cc2[nH]1,1
Cn1cc2c3c(cccc31)N1CCN(CCCCOc3ccc4ccc(=O)[nH]c4c3)CC1C2,1
CSc1ccccc1N1CCN(CCCNC(=O)c2cnn3ccccc23)CC1,1
COc1ccccc1N1CCN(CCCNC(=O)c2cnn3ccccc23)CC1,1
CCOCCOc1ccn2ncc(C(=O)NCCCN3CCN(c4ccccc4OC)CC3)c2c1,1
CCOCCOCc1ccn2ncc(C(=O)NCCCN3CCN(c4ccccc4OC)CC3)c2c1,1
COc1ccccc1N1CCN(CCCCn2cnc3ccccc3c2=O)CC1,1
O=c1c2ccccc2ncn1CCCCN1CCN(c2ccccc2)CC1,1
O=c1c2ccccc2ncn1CCCCN1CCN(c2cccc(C(F)(F)F)c2)CC1,1
O=c1c2ccccc2ncn1CCCCN1CCN(c2ccc(Cl)cc2)CC1,1
O=C1CCc2ccc(OCCCCN3CCCN(c4cccc(Cl)c4Cl)CC3)nc2N1,1
CC(C)Oc1ccccc1N1CCCN(CCCCOc2ccc3c(n2)NC(=O)CC3)CC1,1
CCOc1ccccc1N1CCCN(CCCCOc2ccc3c(n2)NC(=O)CC3)CC1,1
COc1ccccc1N1CCCN(CCCCOc2ccc3c(n2)NC(=O)CC3)CC1,1
O=S(=O)(NCCCCN1CCC(c2noc3cc(F)ccc23)CC1)c1cc2ccc(Cl)cc2s1,1
Cc1c(S(=O)(=O)NCCCCN2CCC(c3noc4cc(F)ccc34)CC2)sc2ccc(Cl)cc12,1
O=S(=O)(NCCCCN1CCC(c2noc3cc(F)ccc23)CC1)c1cc2ccccc2s1,1
Cc1c(S(=O)(=O)NCCCCN2CCC(c3noc4cc(F)ccc34)CC2)sc2ccc(F)cc12,1
CC(C)(C)C(=O)NCCN1CCC(c2cccc(C(F)(F)F)n2)CC1,1
Cc1cccc(C2CCN(CCNC(=O)C(C)(C)C)CC2)n1,1
COCC(C)(C)C(=O)NCCN1CCC(c2cccc(C(F)(F)F)n2)CC1,1
COCC(C)(C)C(=O)NCCN1CCC(c2cccc(C)n2)CC1,1
CCCN1CCO[C@@H]2c3cc(O)ccc3SC[C@H]21,1
CCCN1CCO[C@@H]2c3cc(O)ccc3SC[C@@H]21,1
CCCN1CCOC2c3cc(O)ccc3SCC21,1
CCCN1CCO[C@H]2c3cc(O)ccc3SC[C@@H]21,1
CCCN(CCCCNC(=O)c1ccc(-c2ccccc2)cc1)[C@H]1CCn2nccc2C1,1
CCCN(CCCCNC(=O)c1ccc(-c2ccccc2)cc1)C1CCn2ncc(Cl)c2C1,1
CCCN(CCCCNC(=O)c1ccc(-c2ccccc2)cc1)[C@@H]1CCn2nccc2C1,1
CCCN(CCCCNC(=O)c1ccc(-c2ccccc2)cc1)C1CCn2nccc2C1,1
CC(C)Oc1ccccc1N1CCCN(CCCCOc2ccc3ccc(=O)[nH]c3c2)CC1,1
COc1ccccc1N1CCCN(CCCCOc2ccc3ccc(=O)[nH]c3c2)CC1,1
O=c1ccc2ccc(OCCCCN3CCCN(c4cccc(Cl)c4Cl)CC3)cc2[nH]1,1
CCOc1ccccc1N1CCCN(CCCCOc2ccc3ccc(=O)[nH]c3c2)CC1,1
CCCN(CCCCOc1ccn2nccc2c1)[C@H]1CCc2c(O)cccc2C1,1
CCCN(CCCCOc1ccn2ncc(/C=N\O)c2c1)[C@H]1CCc2c(O)cccc2C1,1
CCCN(CCCCOc1ccn2ncc(C=O)c2c1)[C@H]1CCc2c(O)cccc2C1,1
CCCN(CCCCOc1ccn2nccc2c1)[C@@H]1CCc2c(O)cccc2C1,1
CCCN(CCCCOc1ccc2ccnn2c1)[C@H]1CCc2c(O)cccc2C1,1
CCCN(CCCCOc1ccc2c(/C=N/O)cnn2c1)[C@H]1CCc2c(O)cccc2C1,1
CCCN(CCCCOc1ccc2c(C=O)cnn2c1)[C@H]1CCc2c(O)cccc2C1,1
CCCN(CCCCOc1ccc2ccnn2c1)[C@@H]1CCc2c(O)cccc2C1,1
C#CC1=CC[C@H](N(CCC)CCCCNC(=O)c2ccc(-c3ccccc3)cc2)CC1,1
C#CC1=CC[C@@H](N(CCC)CCCCNC(=O)c2ccc(-c3ccccc3)cc2)CC1,1
C#CC1=CCC(N(CCC)CCCCNC(=O)c2ccc(-c3ccccc3)cc2)CC1,1
CCCN(CCCCNC(=O)c1ccc(-c2ccccc2)cc1)C1CC=C(C#C[Si](C)(C)C)CC1,1
Cc1cccc(C2CCN(CCNC(=O)C3CCC(F)(F)CC3)CC2)n1,1
O=C(NCCN1CCC(c2cccc(C(F)(F)F)n2)CC1)C1CCC(F)(F)CC1,1
CO[C@H]1CC[C@H](C(=O)NCCN2CCC(c3cccc(C(F)(F)F)n3)CC2)CC1,1
CO[C@H]1CC[C@H](C(=O)NCCN2CCC(c3cccc(C)n3)CC2)CC1,1
CC(C)(C)C(=O)NCCN1CC=C(c2cccc(C(F)(F)F)n2)CC1,1
Cc1cccc(C2=CCN(CCNC(=O)C(C)(C)C)CC2)n1,1
COCC(C)(C)C(=O)NCCN1CC=C(c2cccc(C(F)(F)F)n2)CC1,1
COCC(C)(C)C(=O)NCCN1CC=C(c2cccc(C)n2)CC1,1
CN([C@H]1CC[C@H](CCN2CCN(c3nsc4ccccc34)CC2)CC1)S(=O)(=O)c1cccs1,1
O=S(=O)(N[C@H]1CC[C@H](CCN2CCN(c3nsc4ccccc34)CC2)CC1)c1cccs1,1
O=S(=O)(N[C@H]1CC[C@@H](CCN2CCN(c3nsc4ccccc34)CC2)CC1)c1cccs1,1
CC(C)(C)c1ccc(S(=O)(=O)N[C@H]2CC[C@H](CCN3CCN(c4nsc5ccccc45)CC3)CC2)s1,1
Oc1ccc(C2=CCC[C@@H](CN3CC=C(c4ccccc4)CC3)C2)cc1,1
Oc1ccc(C2=CCN(C[C@@H]3CCC=C(c4ccc(O)cc4)C3)CC2)cc1,1
Oc1ccc(C2=CCN(C[C@@H]3CCC=C(c4ccccc4)C3)CC2)cc1,1
C1=C(c2ccccc2)CCN(C[C@@H]2CCC=C(c3ccccc3)C2)C1,1
O=C1CCc2ccc(OCCCCN3CCCN(c4cccc(Cl)c4Cl)CC3)cc2N1,1
CC(C)Oc1ccccc1N1CCCN(CCCCOc2ccc3c(c2)NC(=O)CC3)CC1,1
COc1ccccc1N1CCCN(CCCCOc2ccc3c(c2)NC(=O)CC3)CC1,1
CCOc1ccccc1N1CCCN(CCCCOc2ccc3c(c2)NC(=O)CC3)CC1,1
O=C(N[C@H]1CC[C@H](CCN2CCN(c3nsc4ccccc34)CC2)CC1)c1cccs1,1
O=C(N[C@H]1CC[C@@H](CCN2CCN(c3nsc4ccccc34)CC2)CC1)c1cccs1,1
O=C(N[C@H]1CC[C@H](CCN2CCN(c3nsc4ccccc34)CC2)CC1)c1sccc1Br,1
Cc1ccsc1C(=O)N[C@H]1CC[C@H](CCN2CCN(c3nsc4ccccc34)CC2)CC1,1
CS(=O)(=O)c1ccc2c(c1)N(CCCN1CCC(C(N)=O)CC1)c1ccccc1S2,1
CN(C)S(=O)(=O)c1ccc2c(c1)N(CCCN1CCC(CCO)CC1)c1ccccc1S2,1
NC(=O)C1CCN(CCCN2c3ccccc3Sc3ccc(Cl)cc32)CC1,1
CS(=O)(=O)c1ccc2c(c1)N(CCCN1CCC(C(=O)O)CC1)c1ccccc1S2,1
CCCN(CCc1cccs1)[C@H]1CCc2c(O)cccc2C1,1
CCCN(CCc1cccs1)C1CCc2ccc(O)cc2C1,1
CCCN(CCc1cccs1)[C@H]1CCc2ccc(OC)cc2C1,1
CCCN(CCc1cccs1)[C@@H]1CCc2ccc(OC)cc2C1,1
CN1CCN(CCC=C2c3ccccc3Sc3ccc(S(=O)(=O)N(C)C)cc32)CC1,1
CN1CCN(CC/C=C2/c3ccccc3Sc3ccc(S(=O)(=O)N(C)C)cc32)CC1,1
OCCN1CCN(CCC=C2c3ccccc3Sc3ccc(C(F)(F)F)cc32)CC1,1
OCCN1CCN(CC/C=C2\c3ccccc3Sc3ccc(C(F)(F)F)cc32)CC1,1
O=C(C[C@@H]1CCCO1)N[C@H]1CC[C@H](CCN2CCN(c3nccc4c3CCO4)CC2)CC1,1
O=C(C[C@H]1CCCO1)N[C@H]1CC[C@H](CCN2CCN(c3nccc4c3CCO4)CC2)CC1,1
O=C(CC1C[C@H](O)CO1)N[C@H]1CC[C@H](CCN2CCN(c3nccc4c3CCO4)CC2)CC1,1
CC(C)(C)c1nc(N2CCN(CCCCNC(=O)N3CCC(O)(c4ccc(Cl)cc4)CC3)CC2)cc(C(F)(F)F)n1,1
CC(C)(C)c1nc(N2CCN(CCCCNC(=O)N3CCC(C#N)(c4ccccc4)CC3)CC2)cc(C(F)(F)F)n1,1
CC(C)(C)c1nc(N2CCN(CCCCNC(=O)N3CCC(c4ccc(Cl)cc4)CC3)CC2)cc(C(F)(F)F)n1,1
Cn1ncc(CC(=O)N[C@H]2CC[C@H](CCN3CCc4nc(OCC(F)(F)F)sc4CC3)CC2)n1,1
Cn1ncc(CC(=O)N[C@H]2CC[C@](F)(CCN3CCc4nc(OCC(F)(F)C(F)F)sc4CC3)CC2)n1,1
Cn1ncc(CC(=O)N[C@H]2CC[C@](F)(CCN3CCc4nc(OCC(C)(F)F)sc4CC3)CC2)n1,1
O=C(/C=C/c1ccccc1)NCCCCN1CCN(C(c2ccccc2)c2ccccc2)CC1,1
O=C(/C=C/c1ccccc1)NCCCCN1CCN(C(c2ccccc2)c2ccc(Cl)cc2)CC1,1
COc1ccccc1C(c1ccccc1OC)N1CCN(CCCCNC(=O)/C=C/c2ccccc2)CC1,1
O=C(N[C@H]1CC[C@H](CCN2CCc3ccc(OCC(F)F)nc3CC2)CC1)c1cccnc1C(F)F,1
Cc1ncccc1C(=O)N[C@H]1CC[C@H](CCN2CCc3ccc(CCC(F)(F)F)nc3CC2)CC1,1
Cc1ncccc1C(=O)N[C@H]1CC[C@H](CCN2CCc3ccc(OCC(F)F)nc3CC2)CC1,1
CCCN(CC[C@]1(O)C[C@@H](NC(=O)c2ccc3ccccc3c2)C1)[C@@H]1C[C@H]1c1ccc(Cl)cc1,1
CCCN(CC[C@]1(O)C[C@@H](NC(=O)c2ccc3ccccc3c2)C1)C1CC1c1ccc(Cl)cc1,1
CCCN(CC[C@]1(O)C[C@@H](NC(=O)c2ccc3ccccc3c2)C1)[C@H]1C[C@@H]1c1ccccc1Cl,1
O=C(NCCCCN1CCN(C(c2ccccc2)c2ccccc2)CC1)c1cc2ccccc2s1,1
COc1ccccc1C(c1ccccc1OC)N1CCN(CCCCNC(=O)c2cc3ccccc3s2)CC1,1
COc1ccccc1C(c1ccccc1)N1CCN(CCCCNC(=O)c2cc3ccccc3s2)CC1,1
CN(C)C(=O)C1(C)CCN(C[C@H]2COc3ccccc3O2)CC1,1
CC(=O)NC1(C)CCN(C[C@H]2COc3ccccc3O2)CC1,1
CC(=O)NC1(C)CCN(C[C@H]2COc3ccc(F)cc3O2)CC1,1
COc1ccc(S(=O)(=O)N(C)c2ccccc2)cc1-c1ccc(CN2CCCCC[C@@H]2c2ccccc2)[nH]1,1
COc1ccc(S(=O)(=O)N(C)c2ccccc2)cc1-c1ccc(CN2CCCCCC2c2ccccc2)[nH]1,1
COc1ccc(S(=O)(=O)Nc2ccccc2)cc1-c1ccc(CN2CCCCCC2c2ccccc2)[nH]1,1
Cc1ncc(CC(=O)N[C@H]2CC[C@H](CCN3CCc4nc(OCC(F)(F)F)sc4CC3)CC2)cn1,1
Cc1ncc(CC(=O)N[C@H]2CC[C@](F)(CCN3CCc4nc(OCC(F)(F)F)sc4CC3)CC2)cn1,1
Cc1ncc(CC(=O)N[C@H]2CC[C@H](CCN3CCc4nc(OCC(C)(F)F)sc4CC3)CC2)cn1,1
O=S(=O)(c1cccc(Cl)c1)n1cnc2c(N3CCNCC3)nccc21,1
CCc1nc2c(N3CCNCC3)nccc2n1S(=O)(=O)c1cccc(F)c1,1
CCc1nc2c(N3CCNCC3)nccc2n1S(=O)(=O)c1cccc(Cl)c1,1
CC(C)(C)c1cc(N2CCN(CCCCNC(=O)N3CCN(S(=O)(=O)c4ccccc4)CC3)CC2)nc(C(C)(C)C)n1,1
Cc1cc(N2CCN(CCCCNC(=O)N3CCN(S(=O)(=O)c4ccccc4)CC3)CC2)nc(C(C)(C)C)n1,1
CC(C)(C)c1nc(N2CCN(CCCCNC(=O)N3CCN(S(=O)(=O)c4ccccc4)CC3)CC2)cc(C(F)(F)F)n1,1
O=C(N[C@H]1CC[C@H](CCN2CCN(c3nccc4c3CCO4)CC2)CC1)C1CC1(F)F,1
O=C(N[C@H]1CC[C@H](CCN2CCN(c3nccc4c3CCO4)CC2)CC1)C1CC1,1
O=C(N[C@H]1CC[C@H](CCN2CCN(c3nccc4c3CCO4)CC2)CC1)C1(O)CC1,1
COc1ccc2c3c(c(=O)oc2c1)CN(Cc1ccccc1)CC3,1
COc1ccc2c3c(c(=O)oc2c1OC)CN(Cc1ccccc1)CC3,1
Cc1ccc2c3c(c(=O)oc2c1)CN(Cc1ccccc1)CC3,1
Cc1ncoc1-c1nnc(SCCCN2C[C@@H]3OCCN(c4ccc(C(F)(F)F)cc4)[C@@H]3C2)n1C,1
Cc1ncoc1-c1nnc(SCCCN2C[C@H]3OCCN(c4ccc(C(F)(F)F)cc4)[C@H]3C2)n1C,1
Cc1ncoc1-c1nnc(SCCCN2CC3OCCN(c4ccc(C(F)(F)F)cc4)C3C2)n1C,1
O=C(C[C@@H]1CCCCO1)N[C@H]1CC[C@H](CCN2CCC(c3cccc4c3OCO4)CC2)CC1,1
O=C(C[C@H]1CCCCO1)N[C@H]1CC[C@H](CCN2CCC(c3cccc4c3OCO4)CC2)CC1,1
O=C(CC1CCCCO1)N[C@H]1CC[C@H](CCN2CCC(c3cccc4c3OCO4)CC2)CC1,1
O=C(C[C@@H]1COCCO1)N[C@H]1CC[C@H](CCN2CCC(c3cccc4c3CCO4)CC2)CC1,1
O=C(C[C@H]1COCCO1)N[C@H]1CC[C@H](CCN2CCC(c3cccc4c3CCO4)CC2)CC1,1
O=C(CC1COCCO1)N[C@H]1CC[C@H](CCN2CCC(c3cccc4c3CCO4)CC2)CC1,1
CCN(CCCCNC(=O)c1ccc2ccccc2c1)CC1CC1c1cc(F)ccc1OC,1
CCN(CCCCNC(=O)c1ccc2ccccc2c1)CC1CC1c1cc(Cl)ccc1OC,1
CCCN(CCCCNC(=O)c1ccc2ccccc2c1)C[C@@H]1C[C@H]1c1cccc(Cl)c1Cl,1
O=C(CC1CCCO1)N[C@H]1CC[C@H](CCN2CCC(c3cccc4c3CCO4)CC2)CC1,1
O=C(C[C@H]1CCCO1)N[C@H]1CC[C@H](CCN2CCC(c3cccc4c3CCO4)CC2)CC1,1
O=C(C[C@@H]1CCCO1)N[C@H]1CC[C@H](CCN2CCC(c3cccc4c3CCO4)CC2)CC1,1
Cn1c(SCCCN2CC[C@]3(C[C@@H]3c3ccc(C(F)(F)F)cc3F)C2)nnc1C1CCOCC1,1
Cn1c(SCCCN2CC[C@]3(C[C@@H]3c3ccc(C(F)(F)F)cc3)C2)nnc1C1CCOCC1,1
Cn1c(SCCCN2CC[C@]3(CC3c3ccc(C(F)(F)F)cc3F)C2)nnc1C1CCOCC1,1
COc1ccccc1OCCNCC1(F)CCN(C(=O)c2ccc(Cl)c(Cl)c2)CC1,1
COc1ccccc1OCCNCC1(F)CCN(C(=O)c2ccc(F)c(Cl)c2)CC1,1
CSc1ccccc1OCCNCC1(F)CCN(C(=O)c2ccc(Cl)c(Cl)c2)CC1,1
CC1(CCN2CCN(c3noc4ccccc34)CC2)CCc2cccnc2C1=O,1
O=C1c2ncccc2CCC1CCN1CCN(c2noc3cc(F)ccc23)CC1,1
O=C1c2ncccc2CCC1CCN1CCN(c2noc3ccccc23)CC1,1
O=C(C[C@@H]1COCCO1)N[C@H]1CC[C@H](CCN2CCC(c3cccc4c3OCO4)CC2)CC1,1
O=C(C[C@H]1COCCO1)N[C@H]1CC[C@H](CCN2CCC(c3cccc4c3OCO4)CC2)CC1,1
O=C(CC1COCCO1)N[C@H]1CC[C@H](CCN2CCC(c3cccc4c3OCO4)CC2)CC1,1
O=C1Nc2ccc(F)cc2C1CCCCN1CCN(c2ccccc2)CC1,1
CCC1(CCCCN2CCN(c3ccc(Cl)cc3)CC2)C(=O)Nc2cc(F)ccc21,1
O=C1Nc2ccccc2C1CCCCN1CCN(c2ccc(Cl)cc2)CC1,1
CN1CCN(c2nc(N)nc(CSc3ccccc3Cl)n2)CC1,1
CC(Sc1ccccc1Cl)c1nc(N)nc(N2CCN(C)CC2)n1,1
CN1CCN(c2nc(N)nc(CSc3ccccc3)n2)CC1,1
Cc1ncoc1-c1nnc(SCCCN2CCC3CC3(c3cccc(C(F)(F)F)c3)C2)n1C,1
Cc1ncoc1-c1nnc(SCCCN2CCC3CC3(c3ccccc3)C2)n1C,1
Cc1ncoc1-c1nnc(SCCCN2CCC3CC3(c3ccc(C(F)(F)F)cc3)C2)n1C,1
Cc1nc(C)c(-c2nnc(SCCCN3CCC4(CCc5ccc(Cl)cc54)C3)n2C)s1,1
Cc1nc(C)c(-c2nnc(SCCCN3CCC4(CCc5ccc(F)cc54)C3)n2C)s1,1
Cc1nc(C)c(-c2nnc(SCCCN3CCC4(CCc5cc(Cl)ccc54)C3)n2C)s1,1
COc1ccccc1C(c1ccccc1OC)N1CCN(CCCCNC(=O)c2ccc3ccccc3c2)CC1,1
O=C(NCCCCN1CCN(C(c2ccccc2)c2ccccc2)CC1)c1ccc2ccccc2c1,1
O=C(NCCCCN1CCN(C(c2ccccc2)c2ccc(Cl)cc2)CC1)c1ccc2ccccc2c1,1
CCc1nc2c(o1)C(=O)N(CCN1CCN(c3nsc4ccccc34)CC1)CC2,1
Cc1nc2c(o1)C(=O)N(CCN1CCN(c3nsc4ccccc34)CC1)CC2,1
CC(C)c1nc2c(o1)C(=O)N(CCN1CCN(c3nsc4ccccc34)CC1)CC2,1
CCCN1CCc2cccc3c2[C@@H]1Cc1cccc(OCc2cn(CCCCN4CCN(c5ccccc5OC)CC4)nn2)c1-3,1
CCCN1CCc2cccc3c2[C@H]1Cc1cccc(OCc2cn(CCCCN4CCN(c5ccccc5OC)CC4)nn2)c1-3,1
CCCN1CCc2cccc3c2C1Cc1cccc(OCc2cn(CCCCN4CCN(c5ccccc5OC)CC4)nn2)c1-3,1
Cc1nnc(CC(=O)N[C@H]2CC[C@](F)(CCN3CCc4nc(OCC(F)(F)F)sc4CC3)CC2)s1,1
Cc1nnc(CC(=O)N[C@H]2CC[C@](F)(CCN3CCc4nc(OCC(C)(F)F)sc4CC3)CC2)s1,1
Cc1nnc(CC(=O)N[C@H]2CC[C@](F)(CCN3CCc4nc(OCC(F)F)sc4CC3)CC2)s1,1
Cc1nnc(CC(=O)N[C@H]2CC[C@H](CCN3CCc4ccc(O[C@@H](C)C(F)(F)F)nc4CC3)CC2)o1,1
Cc1nnc(CC(=O)N[C@H]2CC[C@](F)(CCN3CCc4ccc(OCC(F)(F)F)nc4CC3)CC2)o1,1
Cc1nnc(CC(=O)N[C@H]2CC[C@](F)(CCN3CCc4ccc(OCC(F)F)nc4CC3)CC2)o1,1
CC1(c2ccc(F)cc2)NC(=O)N(CC(O)CN2CCN(C(c3ccccc3)c3ccccc3)CC2)C1=O,1
CC1(c2ccc(Cl)cc2)NC(=O)N(CC(O)CN2CCN(C(c3ccccc3)c3ccccc3)CC2)C1=O,1
COc1ccc(C2(C)NC(=O)N(CC(O)CN3CCN(C(c4ccccc4)c4ccccc4)CC3)C2=O)cc1,1
C=C1c2ccccc2C=C(C2=CCN(C)CC2)c2ccccc21,1
CC(C)=C1c2ccccc2C=C(C2=CCN(C)CC2)c2cc(Cl)ccc21,1
CC(C)=C1c2ccccc2C=C(C2=CCN(C)CC2)c2ccccc21,1
O[C@@H](COc1ccccc1)CN1CCC(Oc2ccccc2)CC1,1
O[C@H](COc1ccccc1)CN1CCC(Oc2ccccc2)CC1,1
OC(COc1ccccc1)CN1CCC(Oc2ccccc2)CC1,1
Cn1cc(OCC(=O)N[C@H]2CC[C@](F)(CCN3CCc4nc(OCC(C)(F)F)sc4CC3)CC2)cn1,1
Cn1cc(OCC(=O)N[C@H]2CC[C@](F)(CCN3CCc4nc(OCC(F)(F)F)sc4CC3)CC2)cn1,1
C[C@@H](Oc1nc2c(s1)CCN(CC[C@H]1CC[C@H](NC(=O)COc3cnn(C)c3)CC1)CC2)C(F)(F)F,1
COc1ncc2c(n1)CCN(CCN1CCN(c3nsc4ccccc34)CC1)C2=O,1
O=C1c2cncnc2CCN1CCN1CCN(c2nsc3ccccc23)CC1,1
CCc1ncc2c(n1)CCN(CCN1CCN(c3nsc4ccccc34)CC1)C2=O,1
Cc1ncc(CC(=O)N[C@H]2CC[C@H](CCN3CCC(c4nocc4C(C)(F)F)CC3)CC2)s1,1
CCC(F)(F)c1conc1C1(F)CCN(CC[C@H]2CC[C@H](NC(=O)Cc3cnc(C)s3)CC2)CC1,1
Cc1ncc(CC(=O)N[C@H]2CC[C@H](CCN3CCC(c4noc(C)c4C(C)(F)F)CC3)CC2)s1,1
O=C(C[C@H]1CCCO1)N[C@H]1CC[C@H](CCN2CCC(c3cccc4c3OCO4)CC2)CC1,1
O=C(CC1CCCO1)N[C@H]1CC[C@H](CCN2CCC(c3cccc4c3OCO4)CC2)CC1,1
O=C(C[C@@H]1CCCO1)N[C@H]1CC[C@H](CCN2CCC(c3cccc4c3OCO4)CC2)CC1,1
N#Cc1ccc2cc(CN3CCN(c4ccccc4Cl)CC3)[nH]c2c1,1
N#Cc1ccc2[nH]c(CN3CCN(c4ccccc4)CC3)cc2c1,1
N#Cc1ccc2[nH]c(CN3CCN(c4ccccc4Cl)CC3)cc2c1,1
CCCN(CCN1CCN(Cc2cc3ccccc3[nH]2)CC1)c1ccc(Br)cc1,1
CCCN(CCN1CCN(Cc2cc3ccccc3[nH]2)CC1)c1ccc(OC)cc1,1
Brc1ccc(NCCN2CCN(Cc3cc4ccccc4[nH]3)CC2)cc1,1
Cn1nc2c(c1Br)C(=O)N(CCN1CCC(c3noc4ccccc34)CC1)CC2,1
Cc1c2c(nn1C)CCN(CCN1CCC(c3noc4ccccc34)CC1)C2=O,1
Cn1cc2c(n1)CCN(CCN1CCC(c3noc4ccccc34)CC1)C2=O,1
CN1CCN(c2nc(N)nc(CCCOc3cccc(Cl)c3Cl)n2)CC1,1
CN1CCN(c2nc(N)nc(CCCOc3ccc(Cl)c(Cl)c3)n2)CC1,1
CN1CCN(c2nc(N)nc(CCCOc3cc(Cl)ccc3Cl)n2)CC1,1
COc1ccccc1N1CCN(CC2CC(=O)c3ccccc3C2)CC1,1
COc1ccc2c(c1)CC(CN1CCN(c3ccccc3OC)CC1)CC2=O,1
COc1cc2c(cc1OC)C(=O)CC(CN1CCN(c3ccccc3OC)CC1)C2,1
Cc1nc(-c2cccc(C(=O)N[C@H]3CC[C@H](CCN4CCc5ccc(OS(C)(=O)=O)cc5CC4)CC3)c2)no1,1
Cc1nc(-c2cccc(C(=O)NC3CCC(CCN4CCc5ccc(S(C)(=O)=O)cc5CC4)CC3)c2)no1,1
Cc1nc(-c2cccc(C(=O)N[C@H]3CC[C@H](CCN4CCc5ccc(S(C)(=O)=O)cc5CC4)CC3)c2)no1,1
Cc1coc(-c2cccc(C(=O)N[C@H]3CC[C@H](CCN4CCc5ccc(OS(C)(=O)=O)cc5CC4)CC3)c2)n1,1
Cc1cnc(-c2cccc(C(=O)N[C@H]3CC[C@H](CCN4CCc5ccc(OS(C)(=O)=O)cc5CC4)CC3)c2)o1,1
Cc1cnc(-c2cccc(C(=O)N[C@H]3CC[C@H](CCN4CCc5ccc(S(C)(=O)=O)cc5CC4)CC3)c2)o1,1
CCCN(CCCCN1CCN(c2ccccc2OC)CC1)Cc1ccc2c(c1)Cc1ccccc1-2,1
CCCN(CCCCN1CCN(c2cccc(Cl)c2Cl)CC1)Cc1ccc2c(c1)Cc1ccccc1-2,1
CN(CCC(O)CN1CCN(c2cccc(Cl)c2Cl)CC1)Cc1ccc2c(c1)Cc1ccccc1-2,1
CCN(CCN1CCC(C2NOc3cc(F)ccc32)CC1)C(=O)C(O)CN,1
CCN(CCN1CCC(C2NOc3cc(F)ccc32)CC1)C(=O)C(O)COC,1
CCN(CCN1CCC(C2NOc3cc(F)ccc32)CC1)C(=O)C(O)CNC(C)=O,1
O=C(N[C@H]1CC[C@H](CCN2CCC(c3cccc4c3OCO4)CC2)CC1)C1CC1(F)F,1
O=C(N[C@H]1CC[C@H](CCN2CCC(c3cccc4c3OCO4)CC2)CC1)C1(O)CC1,1
O=C(N[C@H]1CC[C@H](CCN2CCC(c3cccc4c3OCO4)CC2)CC1)C1(C(F)(F)F)CC1,1
CCN1Cc2c(C(=O)N[C@H]3CC[C@H](CCN4CCc5sc(CCC(F)(F)F)nc5C4)CC3)cccc2C1=O,1
CN1Cc2c(C(=O)N[C@H]3CC[C@H](CCN4CCc5sc(CCC(F)(F)F)nc5C4)CC3)cccc2C1=O,1
CN1Cc2c(C(=O)N[C@H]3CC[C@H](CCN4CCc5sc(OCC(F)(F)F)nc5C4)CC3)cccc2C1=O,1
C[C@@H](Oc1ccc2c(n1)CCN(CC[C@H]1CC[C@H](NC(=O)COc3cnn(C)c3)CC1)CC2)C(F)(F)F,1
Cn1cc(OCC(=O)N[C@H]2CC[C@H](CCN3CCc4ccc(CCC(F)(F)F)nc4CC3)CC2)cn1,1
Cn1cc(OCC(=O)N[C@H]2CC[C@H](CCN3CCc4ccc(OCC(F)F)nc4CC3)CC2)cn1,1
Cn1c(N2CCCC2)nc2c(CN3CCN(c4ccccc4)CC3)c[nH]c2c1=O,1
Cn1c(N2CCCC2)nc2c(CN3CCN(c4ccc(Cl)c(Cl)c4)CC3)c[nH]c2c1=O,1
Cn1c(N2CCCC2)nc2c(CN3CCN(c4ccc(F)cc4)CC3)c[nH]c2c1=O,1
CCCN1CCc2cccc3c2[C@H]1Cc1cccc(OC(=O)CCCCC2CCSS2)c1-3,1
CCCN1CCc2cccc3c2[C@H]1Cc1cccc(OC(=O)CCCC[C@@H]2CCSS2)c1-3,1
CCCN1CCc2cccc3c2[C@H]1Cc1cccc(OC(=O)CCCC[C@H]2CCSS2)c1-3,1
O=C(C[C@@H]1COCCO1)N[C@H]1CC[C@H](CCN2CCN(c3cccc4c3OCO4)CC2)CC1,1
O=C(CC1COCCO1)N[C@H]1CC[C@H](CCN2CCN(c3cccc4c3OCO4)CC2)CC1,1
O=C(C[C@H]1COCCO1)N[C@H]1CC[C@H](CCN2CCN(c3cccc4c3OCO4)CC2)CC1,1
COc1ccccc1N1CCN(CCOCCOc2cc(C)cc(C)c2C)CC1,1
COc1ccccc1N1CCN(CCOCCOc2c(C)cc(C)cc2C)CC1,1
COc1ccccc1N1CCN(CCOCCOc2c(C)cccc2C)CC1,1
Cc1cc(-c2ccc3c(c2)CCN(CCCSc2nnc(C(C)(C)C)n2C)CC3)no1,1
Cc1cc(-c2ccc3c(c2)CCN(CCCSc2nnc(C(F)(F)F)n2C)CC3)no1,1
Cc1cc(-c2ccc3c(c2)CCN(CCCSc2nnc(C(C)C)n2C)CC3)no1,1
O=C(N[C@H]1CC[C@H](CCN2CCC(c3cccc4c3CCO4)CC2)CC1)C1CC1,1
O=C(N[C@H]1CC[C@H](CCN2CCC(c3cccc4c3CCO4)CC2)CC1)C1CC1(F)F,1
O=C(N[C@H]1CC[C@H](CCN2CCC(c3cccc4c3CCO4)CC2)CC1)C1(O)CC1,1
Cn1c(SCCCN2C[C@H]3CCN(c4ccc(C(F)(F)F)cc4)[C@H]3C2)nnc1[C@@H]1COCCO1,1
Cn1c(SCCCN2C[C@@H]3CCN(c4ccc(C(F)(F)F)cc4)[C@@H]3C2)nnc1[C@H]1COCCO1,1
Cn1c(SCCCN2C[C@H]3CCN(c4ccc(C(F)(F)F)cc4)[C@H]3C2)nnc1[C@H]1COCCO1,1
Cn1c(SCCCN2CC[C@]3(CC3c3ccc(C(F)(F)F)cc3)C2)nnc1-c1ccncc1,1
Cn1c(SCCCN2CC[C@]3(C[C@@H]3c3ccc(C(F)(F)F)cc3)C2)nnc1-c1ccncc1,1
Cn1c(SCCCN2CC[C@]3(C[C@H]3c3ccc(C(F)(F)F)cc3)C2)nnc1-c1ccncc1,1
Cn1ccc2c1CCN(CCN1CCN(c3nsc4ccccc34)CC1)C2=O,1
Cn1c(F)cc2c1CCN(CCN1CCN(c3nsc4ccccc34)CC1)C2=O,1
CC1CN(CCN2CCN(c3nsc4ccccc34)CC2)C(=O)c2ccn(C)c21,1
O=C1COc2cc(CN3CCN(c4ccccc4)CC3)ccc2N1,1
Cc1ccc(N2CCN(Cc3ccc4c(c3)OCC(=O)N4)CC2)cc1C,1
O=C1COc2cc(CN3CCN(c4ccc(Cl)cc4)CC3)ccc2N1,1
CC(C)(C)c1nc(N2CCN(CCCCN3C(=O)CCc4ccccc43)CC2)cc(C(F)(F)F)n1,1
C[C@H](CCN1CCN(c2cc(C(F)(F)F)nc(C(C)(C)C)n2)CC1)CN1C(=O)CCc2ccccc21,1
C[C@@H](CCCN1C(=O)CCc2ccccc21)N1CCN(c2cc(C(F)(F)F)nc(C(C)(C)C)n2)CC1,1
CC(C)c1nc(N2CCN(CCCCNC(=O)N3CCN(C(C)C)CC3)CC2)cc(C(F)(F)F)n1,1
CCN1CCN(C(=O)NCCCCN2CCN(c3cc(C(F)(F)F)nc(C(C)(C)C)n3)CC2)CC1,1
CN1CCN(C(=O)NCCCCN2CCN(c3cc(C(F)(F)F)nc(C(C)(C)C)n3)CC2)CC1,1
COc1ccc(S(=O)(=O)N[C@H]2CC[C@@H](N3CCN(c4ccccc4OCC4CC4)CC3)CC2)cc1OC,1
O=S(=O)(N[C@H]1CC[C@@H](N2CCN(c3ccccc3OCC3CC3)CC2)CC1)c1cc(Cl)ccc1F,1
COc1ccc(Cl)cc1S(=O)(=O)N[C@H]1CC[C@@H](N2CCN(c3ccccc3OCC3CC3)CC2)CC1,1
COc1ccc(Br)cc1C1=N[C@@H](CN2CCN(c3ccccc3)CC2)CO1,1
C[C@@H]1OC(c2ccccc2)=N[C@H]1CN1CCN(c2ccccc2)CC1,1
c1ccc(C2=N[C@@H](CN3CCN(c4ccccc4)CC3)CO2)cc1,1
Cn1c(SCCCN2CC[C@]3(C[C@@H]3c3ccc(C(F)(F)F)cc3)C2)nnc1-c1ccccn1,1
Cn1c(SCCCN2CC[C@]3(CC3c3ccc(C(F)(F)F)cc3)C2)nnc1-c1ccccn1,1
Cn1c(SCCCN2CC[C@]3(C[C@H]3c3ccc(C(F)(F)F)cc3)C2)nnc1-c1ccccn1,1
Cc1nn(C)c2c1C(=O)N(CCN1CCC(c3noc4ccccc34)CC1)CCC2,1
O=C1c2cn[nH]c2CCCN1CCN1CCC(c2noc3ccccc23)CC1,1
Cn1ncc2c1CCCN(CCN1CCC(c3noc4ccccc34)CC1)C2=O,1
CCCCc1ccc(S(=O)(=O)Nc2ccc3c(c2)CCN(Cc2cc[nH]n2)CC3)cc1,1
Cc1ccc(S(=O)(=O)Nc2ccc3c(c2)CCN(Cc2cc[nH]n2)CC3)cc1Cl,1
CC(C)Oc1ccc(S(=O)(=O)Nc2ccc3c(c2)CCN(Cc2cc[nH]n2)CC3)cc1,1
CCCN1CCN(c2ccc3c(c2)N(S(=O)(=O)c2ccccc2)CC3)CC1,1
CCN1CCN(c2ccc3c(c2)N(S(=O)(=O)c2ccccc2)CC3)CC1,1
CN1CCN(c2ccc3c(c2)N(S(=O)(=O)c2ccccc2)CC3)CC1,1
CC(C)(C)c1nc(N2CCN(CCCCN3C(=O)CCCc4c(O)cccc43)CC2)cc(C(F)(F)F)n1,1
CC(C)(C)c1nc(N2CCN(CCCCN3C(=O)CCCc4ccccc43)CC2)cc(C(F)(F)F)n1,1
COc1cccc2c1CCCC(=O)N2CCCCN1CCN(c2cc(C(F)(F)F)nc(C(C)(C)C)n2)CC1,1
Cn1c(SCCCN2C[C@@H]3CCN(c4ccc(C(F)(F)F)cc4)[C@@H]3C2)nnc1N1CCOCC1,1
Cn1c(SCCCN2CC3CCN(c4ccc(C(F)(F)F)cc4)C3C2)nnc1N1CCOCC1,1
Cn1c(SCCCN2C[C@H]3CCN(c4ccc(C(F)(F)F)cc4)[C@H]3C2)nnc1N1CCOCC1,1
c1ccc(CCCCN2CCN(Cc3cc4ccccc4o3)CC2)cc1,1
COc1ccccc1CCCCN1CCN(Cc2cc3ccccc3o2)CC1,1
COc1cccc(CCCCN2CCN(Cc3cc4ccccc4o3)CC2)c1,1
CCCN1CCc2cccc3c2C1Cc1cccc(OCCCCN2CCN(c4ccccc4OC)CC2)c1-3,1
CCCN1CCc2cccc3c2[C@H]1Cc1cccc(OCCCCN2CCN(c4ccccc4OC)CC2)c1-3,1
CCCN1CCc2cccc3c2[C@@H]1Cc1cccc(OCCCCN2CCN(c4ccccc4OC)CC2)c1-3,1
C[C@H]1CO[C@@H](c2ccc(N)nc2)CN1C[C@H]1C[C@@H]1CCNC(=O)c1cc2ccccc2[nH]1,1
C[C@H]1CO[C@@H](c2ccc(N)nc2)CN1CC1CC1CCNC(=O)c1cc2ccccc2[nH]1,1
C[C@H]1CO[C@@H](c2ccc(N)nc2)CN1C[C@H]1C[C@H]1CCNC(=O)c1cc2ccccc2[nH]1,1
COc1ccccc1N1CCN(CCCCNC(=O)c2ccc3c(c2)OCO3)CC1,1
CCc1cc(Cl)c(OC)c(N2CCN(CC(O)CCNC(=O)c3ccc4c(c3)OCO4)CC2)c1,1
CCc1cccc(N2CCN(CC(O)CCNC(=O)c3ccc4c(c3)OCO4)CC2)c1Cl,1
O=C(N[C@H]1CC[C@H](CCN2CCN(c3cccc4c3OCO4)CC2)CC1)c1ccc(F)cc1,1
N#Cc1ccc(C(=O)N[C@H]2CC[C@H](CCN3CCN(c4cccc5c4OCO5)CC3)CC2)cc1,1
O=C(N[C@H]1CC[C@H](CCN2CCN(c3cccc4c3OCO4)CC2)CC1)c1ccccc1,1
O=C(N[C@H]1CC[C@H](CCN2CCN(c3cccc4c3OCO4)CC2)CC1)C1CC(Cl)C1,1
O=C(N[C@H]1CC[C@H](CCN2CCN(c3cccc4c3OCO4)CC2)CC1)C1(O)CCC1,1
O=C(N[C@H]1CC[C@H](CCN2CCN(c3cccc4c3OCO4)CC2)CC1)C1CCC1,1
COc1ccccc1N1CCN(CCNC(=O)NN(Cc2ccccc2)c2ccc(F)cc2)CC1,1
O=C(NCCN1CCN(c2ccc(Br)cc2)CC1)NN(Cc1ccccc1)c1ccccc1,1
O=C(NCCN1CCN(c2ccc(I)cc2)CC1)NN(Cc1ccccc1)c1ccccc1,1
CC(C)c1ccccc1N1CCN(CCCCCC(=O)N2Cc3ccccc3C2)CC1,1
CSc1ccccc1N1CCN(CCCCCC(=O)N2Cc3ccccc3C2)CC1,1
COc1ccccc1N1CCN(CCCCCC(=O)N2Cc3ccccc3C2)CC1,1
CCCN(CCC)C1CCc2cc(CS(=O)(=O)c3ccc(OC)cc3)ccc2C1,1
CCCN(CCC)[C@@H]1CCc2cc(CS(=O)(=O)c3ccc(I)cc3)ccc2C1,1
CCCN(CCC)[C@@H]1CCc2cc(CS(=O)(=O)c3ccc(OC)cc3)ccc2C1,1
O=C(N[C@H]1CC[C@H](CCN2CCN(c3cccc4c3OCO4)CC2)CC1)C1(O)CC1,1
COC1(C(=O)N[C@H]2CC[C@H](CCN3CCN(c4cccc5c4OCO5)CC3)CC2)CC1,1
O=C(N[C@H]1CC[C@H](CCN2CCN(c3cccc4c3OCO4)CC2)CC1)C1CC1(F)F,1
CCN1CC=C(C2=Cc3ccccc3Oc3ccccc32)CC1,1
C=CCN1CC=C(C2=Cc3ccccc3Oc3ccccc32)CC1,1
CN1CC=C(C2=Cc3ccccc3Oc3ccccc32)CC1,1
OC1(c2ccc(I)cc2)CCN(Cc2c[nH]c3ncccc23)CC1,1
OC1(c2ccc(Br)cc2)CCN(Cc2c[nH]c3ncccc23)CC1,1
CSc1ccc(C2(O)CCN(Cc3c[nH]c4ncccc34)CC2)cc1,1
C[C@@H]1C[C@H](C)N1C(=O)[C@@H]1C=C2c3cccc4[nH]cc(c34)CC2N(C)C1,1
C[C@H]1C[C@H](C)N1C(=O)[C@@H]1C=C2c3cccc4[nH]cc(c34)CC2N(C)C1,1
C[C@@H]1C[C@@H](C)N1C(=O)[C@@H]1C=C2c3cccc4[nH]cc(c34)CC2N(C)C1,1
Oc1cc2c(cc1O)[C@H]1c3ccccc3CN[C@@H]1CC2,1
Cc1ccc2c(c1)[C@@H]1c3cc(O)c(O)cc3CC[C@H]1NC2,1
CCc1ccc2c(c1)[C@@H]1c3cc(O)c(O)cc3CC[C@H]1NC2,1
O=C(N[C@H](c1ccc2c(c1)OC(F)(F)O2)c1ccccn1)C1CCN(CCOc2ccccc2F)CC1,1
O=C(N[C@@H](c1ccc2c(c1)OC(F)(F)O2)c1ccccn1)C1CCN(CCOc2ccccc2F)CC1,1
O=C(NC(c1ccc2c(c1)OCO2)c1ccccn1)C1CCN(CCOc2ccccc2F)CC1,1
COc1ccccc1N1CCN(CCCCNC(=O)c2ccc3ccccc3n2)CC1,1
COc1ccccc1N1CCN(CCCCNC(=O)c2ccc3cc(F)ccc3n2)CC1,1
COc1ccccc1N1CCN(CC(O)CCNC(=O)c2ccc3ccccc3n2)CC1,1
Cc1ccc(C2CCN(Cc3ccc4c(c3)NC(=O)CO4)CC2)cc1,1
Cc1ccc(C2CCN(Cc3ccc4c(c3)NC(=O)CO4)CC2)cc1C,1
COc1ccc(C2CCN(Cc3ccc4c(c3)NC(=O)CO4)CC2)cc1,1
COc1ccccc1N1CCN(CCCCn2cc(-c3ccc4c(c3)Cc3ccccc3-4)nn2)CC1,1
COc1ccccc1N1CCN(CC(O)CCn2cc(-c3ccc4c(c3)Cc3ccccc3-4)nn2)CC1,1
Clc1cccc(N2CCN(CCCCn3cc(-c4ccc5c(c4)Cc4ccccc4-5)nn3)CC2)c1Cl,1
COc1c(O)ccc2c1CN1CCc3cc4c(cc3[C@@H]1C2)OCO4,1
COc1ccc2c(c1OC)CN1CCc3cc4c(cc3[C@@H]1C2)OCO4,1
COc1ccc(OC)c2c1C[C@H]1c3cc4c(cc3CCN1C2)OCO4,1
CN1CCc2ccc(Cc3ccc(O)cc3)c3c2[C@H]1Cc1ccc(O)c(O)c1-3,1
CN1CCc2ccc(Cc3ccccc3)c3c2[C@H]1Cc1ccc(O)c(O)c1-3,1
CN(C)c1ccc(Cc2ccc3c4c2-c2c(ccc(O)c2O)C[C@H]4N(C)CC3)cc1,1
Brc1ccc(N2CCN(Cc3ccccc3)CC2)c2cc[nH]c12,1
c1ccc(CN2CCN(c3cccc4[nH]ccc34)CC2)cc1,1
Clc1ccc2[nH]ccc2c1N1CCN(Cc2ccccc2)CC1,1
CC(C)c1ccccc1OCCN1CCC(N(C)S(=O)(=O)c2cnn(C)c2)CC1,1
CC(C)c1ccccc1OCCN1CCC(NS(=O)(=O)c2cnn(C)c2)CC1,1
CN(C1CCN(CCOc2ccccc2C(C)(C)C)CC1)S(=O)(=O)c1cnn(C)c1,1
CN(C)C(=O)NC[C@H]1CC[C@H](CN2CCN(c3cccc(Cl)c3Cl)CC2)CC1,1
CC(C)(C)OC(=O)NC[C@H]1CC[C@H](CN2CCN(c3cccc(Cl)c3Cl)CC2)CC1,1
CC(C)(C)OC(=O)N[C@H]1CC[C@H](CN2CCN(c3cccc(Cl)c3Cl)CC2)CC1,1
CCCN1CCN(c2cccc3c2CCN3S(=O)(=O)c2ccccc2)CC1,1
CCN1CCN(c2cccc3c2CCN3S(=O)(=O)c2ccccc2)CC1,1
CN1CCN(c2cccc3c2CCN3S(=O)(=O)c2ccccc2)CC1,1
Cc1ncc(/C=C/C(=O)N[C@H]2CC[C@](F)(CCN3CCc4ccc(OCC(C)(F)F)nc4CC3)CC2)cn1,1
Cc1ncc(/C=C/C(=O)N[C@H]2CC[C@H](CCN3CCc4ccc(CCC(F)(F)F)nc4CC3)CC2)cn1,1
Cc1ncc(/C=C/C(=O)N[C@H]2CC[C@H](CCN3CCc4ccc(OCC(F)F)nc4CC3)CC2)cn1,1
CC(=O)N(CCCN(C(C)=O)[C@@H]1CCCCNC(=O)[C@H](Cc2ccc(F)cc2)NC(=O)[C@H]([C@@H](C)O)NC(=O)[C@H](CCCCN)NC(=O)[C@@H](Cc2c[nH]c3ccccc23)NC(=O)[C@H](Cc2ccccc2)NC(=O)[C@H](Cc2ccccc2)NC(=O)[C@H](CCCNC(=N)N)NC1=O)C[C@@H]1C[C@@H]2c3cccc4[nH]cc(c34)C[C@H]2N(C)C1,1
CC(=O)N(CCCN[C@@H]1CCCCNC(=O)[C@H](Cc2ccc(F)cc2)NC(=O)[C@H]([C@@H](C)O)NC(=O)[C@H](CCCCN)NC(=O)[C@@H](Cc2c[nH]c3ccccc23)NC(=O)[C@H](Cc2ccccc2)NC(=O)[C@H](Cc2ccccc2)NC(=O)[C@H](CCCNC(=N)N)NC1=O)C[C@@H]1C[C@@H]2c3cccc4[nH]cc(c34)C[C@H]2N(C)C1,1
CC(=O)N(CCCNC[C@@H]1C[C@@H]2c3cccc4[nH]cc(c34)C[C@H]2N(C)C1)[C@@H]1CCCCNC(=O)[C@H](Cc2ccc(F)cc2)NC(=O)[C@H]([C@@H](C)O)NC(=O)[C@H](CCCCN)NC(=O)[C@@H](Cc2c[nH]c3ccccc23)NC(=O)[C@H](Cc2ccccc2)NC(=O)[C@H](Cc2ccccc2)NC(=O)[C@H](CCCNC(=N)N)NC1=O,1
CCc1cc(Cl)c(OC)c(C(=O)NCC2CCN(CC)C2)c1O,1
CCCN1CCC(CNC(=O)c2c(O)c(CC)cc(Cl)c2OC)C1,1
CCc1cc(Cl)c(OC)c(C(=O)NCC2CCN(C)C2)c1O,1
CCCN(CCCCN1C(=O)CC(C)(C)CC1=O)[C@@H]1CCc2ccc3[nH]c(C(N)=O)cc3c2C1,1
CCCN(CCCCN1C(=O)CC(C)(C)CC1=O)[C@@H]1CCc2ccc3[nH]c(C#N)cc3c2C1,1
CCCN(CCCCN1C(=O)CC(C)(C)CC1=O)[C@H]1CCc2ccc3[nH]c(C(N)=O)cc3c2C1,1
CCC(F)(F)c1conc1C1CCN(CC[C@H]2CC[C@H](NC(=O)c3cccc4nn(C)cc34)CC2)CC1,1
Cn1cc2c(C(=O)N[C@H]3CC[C@H](CCN4CCC(c5nocc5C(C)(F)F)CC4)CC3)cccc2n1,1
Cn1cc2c(C(=O)N[C@H]3CC[C@](F)(CCN4CCC(c5nocc5C(C)(F)F)CC4)CC3)cccc2n1,1
CSc1ncc2c(n1)CC(CN1CCC(c3noc4cc(F)ccc34)CC1)CC2=O,1
CNc1ncc2c(n1)CC(CN1CCC(c3noc4cc(F)ccc34)CC1)CC2=O,1
O=C1CC(CN2CCC(c3noc4cc(F)ccc34)CC2)Cc2ncncc21,1
COc1ccccc1N1CCN(CCCCNC(=O)c2cc3ccccc3cn2)CC1,1
O=C(NCCCCN1CCN(c2cccc(F)c2)CC1)c1cc2ccccc2cn1,1
Cc1cccc(N2CCN(CCCCNC(=O)c3cc4ccccc4cn3)CC2)c1,1
COc1ccccc1OCCNC[C@@H](O)COc1cccc2[nH]c3ccccc3c12,1
COc1ccccc1OCCNC[C@H](O)COc1cccc2[nH]c3ccccc3c12,1
COc1ccccc1OCCNCC(O)COc1cccc2[nH]c3ccccc3c12,1
COc1ccccc1N1CCN(CCCCn2cc(-c3ccc4ccccc4c3)nn2)CC1,1
Clc1cccc(N2CCN(CCCCn3cc(-c4ccc5ccccc5c4)nn3)CC2)c1Cl,1
COc1ccccc1N1CCN(CC(O)CCn2cc(-c3ccc4ccccc4c3)nn2)CC1,1
O=C(N[C@H]1CC[C@H](CCN2CCC(c3coc4ccccc34)CC2)CC1)C1CC1,1
O=C(N[C@H]1CC[C@H](CCN2CCC(c3coc4ccccc34)CC2)CC1)C1CC1(F)F,1
O=C(N[C@H]1CC[C@H](CCN2CCC(c3coc4ccccc34)CC2)CC1)C1(O)CC1,1
CN(C)C(=O)N[C@H]1CC[C@H](CCN2CCN3c4cccc5[nH]cc(c45)C[C@H]3C2)CC1,1
CN(C)C(=O)N[C@H]1CC[C@H](CCN2CCN3c4cccc5[nH]cc(c45)CC3C2)CC1,1
CN(C)C(=O)N[C@H]1CC[C@H](CCN2CCN3c4cccc5c4c(cn5C)CC3C2)CC1,1
CC(C)c1ccccc1N1CCN(CCCCCC(=O)NCc2ccncc2)CC1,1
CSc1ccccc1N1CCN(CCCCCC(=O)NCc2ccncc2)CC1,1
COc1ccccc1N1CCN(CCCCCC(=O)NCc2ccncc2)CC1,1
C[C@@H]1CCCCN1CCc1c(-c2ccccc2)[nH]c2ccccc12,1
C[C@H]1CCCCN1CCc1c(-c2ccccc2)[nH]c2ccccc12,1
c1ccc(-c2[nH]c3ccccc3c2CCN2CCCCC2)cc1,1
O=S(=O)(N[C@@H]1CCN(CCCc2noc3ccccc23)C1)c1csc2ccccc12,1
O=S(=O)(N[C@H]1CCN(CCCc2noc3ccccc23)C1)c1csc2ccccc12,1
C[C@H]1C[C@H](NS(=O)(=O)c2csc3ccccc23)CN1CCCc1noc2cc(F)ccc12,1
Clc1cccc(N2CCN(CCCCN3CCc4ncsc4CC3)CC2)c1Cl,1
Nc1nc2c(s1)CCN(CCCCN1CCN(c3cccc(Cl)c3Cl)CC1)CC2,1
COc1ccccc1N1CCN(CCCCN2CCc3ncsc3CC2)CC1,1
CN1CCc2ccc(OCCCCN3CCN(c4cccc(C(F)(F)F)c4)CC3)cc2C1=O,1
O=C1NCCc2ccc(OCCCCN3CCN(c4cccc(Cl)c4Cl)CC3)cc21,1
COc1ccccc1N1CCN(CCCCOc2ccc3c(c2)C(=O)N(C)CC3)CC1,1
CSc1ccccc1N1CCN(CCCCNC(=O)c2cc3ccccn3n2)CC1,1
O=C(NCCCCN1CCN(c2ccccc2OCCF)CC1)c1cc2ccccn2n1,1
COc1ccccc1N1CCN(CCCCNC(=O)c2cc3ccccn3n2)CC1,1
CN1CCCCC1CN1CCN(c2cccc(Cl)c2)C1=O,1
O=C1N(CC2CCCCN2)CCN1c1cccc(C(F)(F)F)c1,1
O=C1N(CC2CCCCN2)CCN1c1cccc(Cl)c1,1
O=S(=O)(NCCCCN1CCN(c2nsc3ccccc23)CC1)c1cc2ccccc2s1,1
Cc1c(S(=O)(=O)NCCCCN2CCN(c3nsc4ccccc34)CC2)sc2ccc(F)cc12,1
O=S(=O)(NCCCCN1CCN(c2nsc3ccccc23)CC1)c1cc2ccc(Cl)cc2s1,1
CC(C)c1ccccc1OCCN1CCC(N(CC2CC2)S(=O)(=O)c2cccc(F)c2)CC1,1
CC(C)c1ccccc1OCCN1CCC(N(CC2CC2)S(=O)(=O)c2ccc(F)cc2)CC1,1
CC(C)(C)c1ccccc1OCCN1CCC(N(CC2CC2)S(=O)(=O)c2ccc(F)cc2)CC1,1
O=S(=O)(NCCN1CC=C(c2c[nH]c3ccc(F)cc23)CC1)c1ccc2ccccc2c1,1
O=S(=O)(NCCN1CC=C(c2c[nH]c3ccc(Cl)cc23)CC1)c1ccc2ccccc2c1,1
Cc1[nH]c2ccc(Cl)cc2c1C1=CCN(CCNS(=O)(=O)c2ccc3ccccc3c2)CC1,1
COc1ccccc1N1CCN(CCCCNc2nc(N)nc(NCCc3c[nH]c4ccccc34)n2)CC1,1
Nc1nc(NCCCCN2CCN(c3cccc(Cl)c3Cl)CC2)nc(NCCc2c[nH]c3ccccc23)n1,1
Nc1nc(NCCCCN2CCN(c3ccccc3)CC2)nc(NCCc2c[nH]c3ccccc23)n1,1
CCc1cccc(N2CCN(CCCCCNC(=O)c3nc(C)c[nH]3)CC2)c1Cl,1
CCc1c[nH]c(C(=O)NCCCCCN2CCN(c3cccc(CC)c3Cl)CC2)n1,1
CCc1cccc(N2CCN(CCC(O)CCNC(=O)c3nc(C)c[nH]3)CC2)c1Cl,1
CCc1cccc(N2CCN(CCCCNC(=O)c3nc(C)c[nH]3)CC2)c1Cl,1
CCc1c[nH]c(C(=O)NCCCCN2CCN(c3cccc(CC)c3Cl)CC2)n1,1
CCc1cccc(N2CCN(CC(O)CCNC(=O)c3nc(C)c[nH]3)CC2)c1Cl,1
CCCN(CCCCNC(=O)/N=N/c1cc(F)c(F)c(F)c1)C1Cc2ccccc2C1,1
CCCN(CCCCNC(=O)/N=N/c1ccc(F)c(F)c1)C1Cc2ccccc2C1,1
CCCN(CCCCNC(=O)/N=N/c1ccc(F)cc1)C1Cc2ccccc2C1,1
COc1ccccc1OCCNCC1COCC(c2ccccc2)(c2ccccc2)O1,1
Oc1ccccc1OCCNCC1COCC(c2ccccc2)(c2ccccc2)O1,1
COCOc1ccccc1OCCNCC1COCC(c2ccccc2)(c2ccccc2)O1,1
COc1cc(CCNCCc2ccc(O)c3c2OCC(=O)N3)ccc1OCCCc1ccccc1,1
COc1cc(CCNC[C@H](O)c2ccc(O)c3c2OCC(=O)N3)ccc1OCCCc1ccccc1,1
COc1cc(CCNC[C@@H](O)c2ccc(O)c3c2OCC(=O)N3)ccc1OCCCc1ccccc1,1
c1cc2c(c(N3CCN(CCCc4c[nH]c5ccccc45)CC3)c1)CCCN2,1
CC1CNc2cccc(N3CCN(CCCc4c[nH]c5ccccc45)CC3)c2C1,1
CN1CCCc2c1cccc2N1CCN(CCCc2c[nH]c3ccccc23)CC1,1
C#Cc1ccc(C(=O)NCCCCCN2CCN(c3cccc(Cl)c3Cl)CC2)cc1,1
C#Cc1cccc(C(=O)NCCCCCN2CCN(c3cccc(Cl)c3Cl)CC2)c1,1
COc1cccc(C(=O)NCCCCCN2CCN(c3ccccc3OC)CC2)c1,1
N#Cc1cccnc1N1CCN(CCCN2CCN(c3cccc(Cl)c3Cl)CC2)CC1,1
COc1ccccc1N1CCN(CCCN2CCN(c3ncccc3C#N)CC2)CC1,1
N#Cc1cccnc1N1CCN(CCCN2CCN(c3ccccc3)CC2)CC1,1
COc1ccccc1N1CCN(CCCOc2ccc3c(c2)C(=O)N(C)CC3)CC1,1
O=C1NCCc2ccc(OCCCN3CCN(c4cccc(Cl)c4Cl)CC3)cc21,1
CN1CCc2ccc(OCCCN3CCN(c4ccccc4F)CC3)cc2C1=O,1
O=c1n(CCCCCCN2CCN(c3cccc(Cl)c3Cl)CC2)nc2ccccn12,1
O=c1n(CCCCCCN2CCN(c3cccc(C(F)(F)F)c3)CC2)nc2ccccn12,1
O=c1n(CCCCCCN2CCN(c3cccc(Cl)c3)CC2)nc2ccccn12,1
Cc1c(S(=O)(=O)NCCCN2CCC(c3noc4cc(F)ccc34)CC2)sc2ccc(F)cc12,1
O=S(=O)(NCCCN1CCC(c2noc3cc(F)ccc23)CC1)c1cc2ccccc2s1,1
O=S(=O)(NCCCN1CCC(c2noc3cc(F)ccc23)CC1)c1cc2ccc(Cl)cc2s1,1
O=Cc1cnn2ccc(-n3cc(CCN4CCN(c5cccc(Cl)c5Cl)CC4)nn3)cc12,1
COc1ccccc1N1CCN(CCc2cn(-c3ccn4ncc(C=O)c4c3)nn2)CC1,1
Clc1cccc(N2CCN(CCc3cn(-c4ccn5nccc5c4)nn3)CC2)c1Cl,1
O=S(=O)(N[C@H]1CCN(CCOc2ccccc2-c2ccccc2)C1)c1ccc(Cl)s1,1
O=S(=O)(NC1CCN(CCOc2ccccc2-c2ccccc2)C1)c1cccs1,1
O=S(=O)(N[C@@H]1CCN(CCOc2ccccc2-c2ccccc2)C1)c1ccc(Cl)s1,1
Nc1nc(N)nc(NCCCCN2CCN(c3cccc(Cl)c3Cl)CC2)n1,1
COc1ccccc1N1CCN(CCCCNc2nc(N)nc(N)n2)CC1,1
Nc1nc(N)nc(NCCCCN2CCN(c3ccccc3)CC2)n1,1
COc1ccccc1N1CCN(CCCCNC(=O)/N=N/c2cc(F)c(F)c(F)c2)CC1,1
COc1ccccc1N1CCN(CCCCNC(=O)/N=N/c2ccc(F)c(F)c2)CC1,1
COc1ccccc1N1CCN(CCCCNC(=O)/N=N/c2ccc(F)cc2)CC1,1
CCc1cccc(N2CCN(CCCCCNC(=O)c3cc4ccccc4o3)CC2)c1Cl,1
CCc1cc(Cl)c(OC)c(N2CCN(CCCCCNC(=O)c3cc4ccccc4o3)CC2)c1,1
CCc1cccc(N2CCN(CCC(O)CCNC(=O)c3cc4ccccc4o3)CC2)c1Cl,1
CCCCCCNC[C@H]1CCc2ccc(O)cc2O1,1
CCCN(C/C=C/I)C1COc2c(O)cccc2C1,1
CCCN(CCC)C1COc2c(O)cccc2C1,1
COc1ccc2c(C(=O)NC/C=C/CN3CCN(c4ccccc4OCCF)CC3)c[nH]c2c1,1
COc1ccc2[nH]cc(C(=O)NC/C=C/CN3CCN(c4ccccc4OCCF)CC3)c2c1,1
COc1ccc2[nH]cc(C(=O)NC/C=C/CN3CCN(c4ccccc4OC)CC3)c2c1,1
CN(CCCCNC(=O)c1cc2ccccc2[nH]1)[C@@H]1Cc2cccc3[nH]c(=O)n(c23)C1,1
CCCN(CCCCNC(=O)c1cc2ccccc2[nH]1)[C@@H]1Cc2cccc3c2n(c(=O)n3CCC)C1,1
CCCn1c(=O)n2c3c(cccc31)C[C@@H](N(C)CCCCNC(=O)c1cc3ccccc3[nH]1)C2,1
CCCN(CCN1CCN(c2cccc3ncccc23)CC1)C1CCc2ccc(O)cc2C1,1
CCCN(CCN1CCN(c2ccc(O)c3ncccc23)CC1)C1CCc2c(O)cccc2C1,1
CCCN(CCN1CCN(c2ccc(O)c3ncccc23)CC1)C1CCc2ccc(O)cc2C1,1
CCCN(CCc1ccc(NC(=S)Nc2ccc3c(c2)C(=O)OC32c3ccc(O)cc3Oc3cc(O)ccc32)cc1)[C@H]1CCc2c(O)cccc2C1,1
CCCN(CCc1ccc(NC(=S)Nc2ccc3c(c2)C(=O)OC32c3ccc(O)cc3Oc3cc(O)ccc32)cc1)C1CCc2c(O)cccc2C1,1
CCCN(CCc1ccc(NC(=S)Nc2ccc3c(c2)C(=O)OC32c3ccc(O)cc3Oc3cc(O)ccc32)cc1)[C@@H]1CCc2c(O)cccc2C1,1
CCCN(CCc1ccc(N/C(S)=N/c2ccc3c(c2)C(=O)OC32c3ccc(O)cc3Oc3cc(O)ccc32)cc1)[C@H]1CCc2c(O)cccc2C1,1
CCCN(CCc1ccc(N/C(S)=N/c2ccc3c(c2)C(=O)OC32c3ccc(O)cc3Oc3cc(O)ccc32)cc1)C1CCc2c(O)cccc2C1,1
CCCN(CCc1ccc(N/C(S)=N/c2ccc3c(c2)C(=O)OC32c3ccc(O)cc3Oc3cc(O)ccc32)cc1)[C@@H]1CCc2c(O)cccc2C1,1
CCCN[C@H]1CCc2nc(N)sc2C1,1
CCCN(CCC)C1CCc2nc(N)sc2C1,1
CCCNC1CCc2nc(N)sc2C1,1
FC(F)(F)c1nc2c(N3CCN(Cc4ccccc4)CC3)cccc2[nH]1,1
Oc1nc2c(N3CCN(Cc4ccccc4)CC3)cccc2[nH]1,1
c1ccc(CN2CCN(c3cccc4[nH]cnc34)CC2)cc1,1
CCCN(CCNC(=O)/N=N/c1ccc(F)c(F)c1)C1Cc2ccccc2C1,1
CCCN(CCNC(=O)/N=N/c1ccc(F)cc1)C1Cc2ccccc2C1,1
CCCN(CCNC(=O)/N=N/c1cc(F)c(F)c(F)c1)C1Cc2ccccc2C1,1
O=Cc1cnn2ccc(-n3cc(CCCN4CCN(c5cccc(Cl)c5Cl)CC4)nn3)cc12,1
Clc1cccc(N2CCN(CCCc3cn(-c4ccn5nccc5c4)nn3)CC2)c1Cl,1
COc1ccccc1N1CCN(CCCc2cn(-c3ccn4nccc4c3)nn2)CC1,1
Clc1ccc2c(c1)C(N1CCNCC1)=Nc1ccccc1O2,1
CN1CCN(C2=Nc3ccccc3Oc3ccc(Cl)cc32)CC1,1
CN1CCN(C2=Nc3cc(Cl)ccc3Oc3ccccc32)CC1,1
FC(F)(F)Oc1cccc(CN2CCN(C3=Nc4cc(Cl)ccc4Nc4ccccc43)CC2)c1,1
Cc1ccc(CN2CCN(C3=Nc4cc(Cl)ccc4Nc4ccccc43)CC2)c(C)c1,1
Fc1ccc(CN2CCN(C3=Nc4cc(Cl)ccc4Nc4ccccc43)CC2)c(F)c1,1
O=c1[nH]c2ccc3c(c2[nH]1)O[C@@H](CNCc1ccccc1)CC3,1
O=c1[nH]c2ccc3c(c2[nH]1)OC(CNCc1ccccc1)CC3,1
O=c1[nH]c2ccc3c(c2[nH]1)O[C@H](CNCc1ccccc1)CC3,1
CCOCCOc1ccn2ncc(C(=O)NCCCCN3CCN(c4ccccc4OC)CC3)c2c1,1
CCOCCOCc1ccn2ncc(C(=O)NCCCCN3CCN(c4ccccc4OC)CC3)c2c1,1
COc1ccccc1N1CCN(CCCCNC(=O)c2cnn3ccccc23)CC1,1
OC1(c2ccc(Cl)cc2)CC2CCC(C1)N2CCCSc1ccc(F)cc1,1
OC1(c2ccc(Cl)cc2)CC2CCC(C1)N2CCCSc1ccccc1F,1
OC1(c2ccc(Cl)cc2)CC2CCC(C1)N2CCCSc1cccc(F)c1,1
COc1ccccc1N1CCN(CCCCOc2ccc3sc(N)nc3c2)CC1,1
COc1ccccc1N1CCN(CCCCOc2ccc3scnc3c2)CC1,1
Clc1cccc(N2CCN(CCCCOc3ccc4scnc4c3)CC2)c1Cl,1
CN1CCN(C2=Cc3ccccc3Oc3ccc(Cl)cc32)CC1,1
CN1CCN(C2=Cc3cc(Cl)ccc3Oc3ccccc32)CC1,1
CN1CCN(C2=Cc3ccccc3Oc3ccccc32)CC1,1
Oc1ccc2c(c1)O[C@@H](CN1CCc3ccccc3C1)CC2,1
Oc1ccc2c(c1)OC(CN1CCc3ccccc3C1)CC2,1
Oc1ccc2c(c1)O[C@H](CN1CCc3ccccc3C1)CC2,1
Cc1cc2c(s1)Nc1ccccc1N=C2N1CCN(C)CC1,1
Cc1cc2c(s1)Nc1ccccc1N=C2N1CCNCC1,1
CN1CCN(C2=Nc3ccccc3Nc3sc(CO)cc32)CC1,1
COc1ccc2[nH]cc(C(=O)NCCCCN3CCN(c4ccccc4OCCF)CC3)c2c1,1
O=C(NCCCCN1CCN(c2ccccc2OCCF)CC1)c1c[nH]c2ccccc12,1
O=C(NCCCCN1CCN(c2cccc(Cl)c2Cl)CC1)c1c[nH]c2ccccc12,1
FC(F)(F)c1nc2cccc(OCCNCc3ccccc3)c2[nH]1,1
Cc1nc2cccc(OCCNCc3ccccc3)c2[nH]1,1
c1ccc(CNCCOc2cccc3nc[nH]c23)cc1,1
CN(C)C[C@H]1CC2c3ccccc3Sc3ccc(F)cc3[C@H]2O1,1
CN(C)C[C@H]1C[C@@H]2c3ccccc3Sc3ccc(F)cc3[C@H]2O1,1
CN(C)C[C@@H]1CC2c3ccccc3Sc3ccc(F)cc3[C@H]2O1,1
CC(C)c1ccccc1N1CCN(CCCCCC(=O)N2CCc3ccccc3C2)CC1,1
COc1ccccc1N1CCN(CCCCCC(=O)N2CCc3ccccc3C2)CC1,1
CSc1ccccc1N1CCN(CCCCCC(=O)N2CCc3ccccc3C2)CC1,1
O=S(=O)(N[C@@H]1CCN(CCCc2noc3ccccc23)C1)c1cc2ccccc2o1,1
O=S(=O)(N[C@H]1CCN(CCCc2noc3ccccc23)C1)c1cc2ccccc2o1,1
C[C@H]1C[C@H](NS(=O)(=O)c2cc3ccccc3o2)CN1CCCc1noc2cc(F)ccc12,1
O/N=C/c1cnn2ccc(OCCCCN3CCN(c4ccc(O)c5c4OCCO5)CC3)cc12,1
O=Cc1cnn2ccc(OCCCCN3CCN(c4ccc(O)c5c4OCCO5)CC3)cc12,1
Oc1ccc(N2CCN(CCCCOc3ccn4nccc4c3)CC2)c2c1OCCO2,1
CN1CCN(C2=Cc3ccccc3Cc3ccc(Cl)cc32)CC1,1
CC1c2ccccc2C=C(N2CCN(C)CC2)c2ccccc21,1
CN1CCN(C2=Cc3cc(Cl)ccc3Cc3ccccc32)CC1,1
COc1ccccc1N1CCN(CCCCNc2nccc3ccccc23)CC1,1
FC(F)(F)c1cccc(N2CCN(CCCCNc3nccc4ccccc34)CC2)c1,1
Clc1cccc(N2CCN(CCCCNc3nccc4ccccc34)CC2)c1Cl,1
COc1ccc2c(c1)CCCN(CCCCN1CCN(c3ccccc3OC)CC1)C2=O,1
COc1ccccc1N1CCN(CCCCN2CCCc3ccccc3C2=O)CC1,1
O=C1c2ccccc2CCCN1CCCCN1CCN(c2cccc(Cl)c2Cl)CC1,1
O=S(=O)(NCCCN1CC=C(c2c[nH]c3ccc(F)cc23)CC1)c1ccc2ccccc2c1,1
O=S(=O)(NCCCN1CC=C(c2c[nH]c3ccc(Cl)cc23)CC1)c1ccc2ccccc2c1,1
Cc1[nH]c2ccc(Cl)cc2c1C1=CCN(CCCNS(=O)(=O)c2ccc3ccccc3c2)CC1,1
O=C1COc2c(N3CCN(CCCCOc4ccn5ncc(/C=N/O)c5c4)CC3)ccc(O)c2N1,1
O=Cc1cnn2ccc(OCCCCN3CCN(c4ccc(O)c5c4OCC(=O)N5)CC3)cc12,1
O=C1COc2c(N3CCN(CCCCOc4ccn5nccc5c4)CC3)ccc(O)c2N1,1
Clc1cccc(N2CCN(CCCCNc3ccc4ccccc4n3)CC2)c1Cl,1
FC(F)(F)c1cccc(N2CCN(CCCCNc3ccc4ccccc4n3)CC2)c1,1
COc1ccccc1N1CCN(CCCCNc2ccc3ccccc3n2)CC1,1
Clc1cccc(N2CCN(CCCCNc3ccc(-c4ccccc4)cn3)CC2)c1Cl,1
FC(F)(F)c1cccc(N2CCN(CCCCNc3ccc(-c4ccccc4)cn3)CC2)c1,1
Fc1ccccc1N1CCN(CCCCNc2ccc(-c3ccccc3)cn2)CC1,1
Clc1cccc(N2CCN(CCCCNc3cc(-c4ccccc4)ccn3)CC2)c1Cl,1
FC(F)(F)c1cccc(N2CCN(CCCCNc3cc(-c4ccccc4)ccn3)CC2)c1,1
Fc1ccccc1N1CCN(CCCCNc2cc(-c3ccccc3)ccn2)CC1,1
O=c1ccc2c(N3CCN(CCCCOc4ccn5ncc(/C=N/O)c5c4)CC3)ccc(O)c2[nH]1,1
O=Cc1cnn2ccc(OCCCCN3CCN(c4ccc(O)c5[nH]c(=O)ccc45)CC3)cc12,1
O=c1ccc2c(N3CCN(CCCCOc4ccn5nccc5c4)CC3)ccc(O)c2[nH]1,1
CC(C)C[C@H]1C(=O)N2CCC[C@H]2[C@]2(O)O[C@](NC(=O)[C@@H]3C=C4c5cccc6[nH]c(Br)c(c56)C[C@H]4N(C)C3)(C(C)C)C(=O)N12,1
CC(C)C[C@H]1C(=O)N2CCC[C@H]2[C@]2(O)O[C@](NC(=O)[C@@H]3C=C4c5cccc6[nH]cc(c56)C[C@H]4N(C)C3)(C(C)C)C(=O)N12,1
CC(C)[C@H]1C(=O)N2CCC[C@H]2[C@]2(O)O[C@](NC(=O)[C@@H]3C=C4c5cccc6[nH]cc(c56)C[C@H]4N(C)C3)(C(C)C)C(=O)N12,1
CC(C)[C@@]1(NC(=O)[C@@H]2C[C@@H]3c4cccc5[nH]cc(c45)C[C@H]3N(C)C2)O[C@@]2(O)[C@@H]3CCCN3C(=O)[C@H](Cc3ccccc3)N2C1=O,1
CN1C[C@H](C(=O)N[C@]2(C)O[C@@]3(O)[C@@H]4CCCN4C(=O)[C@H](Cc4ccccc4)N3C2=O)C[C@@H]2c3cccc4[nH]cc(c34)C[C@H]21,1
CN1CC(C(=O)N[C@]2(C)O[C@@]3(O)C4CCCN4C(=O)[C@H](Cc4ccccc4)N3C2=O)CC2c3cccc4[nH]cc(c34)CC21,1
O=C1NCCN1CCN1CCC(c2cn(-c3ccc(F)cc3)c3ccc(Cl)cc23)CC1,1
CC(=O)NCc1ccc2c(c1)c(C1CCN(CCN3CCNC3=O)CC1)cn2-c1ccc(F)cc1,1
NCc1ccc2c(c1)c(C1CCN(CCN3CCNC3=O)CC1)cn2-c1ccc(F)cc1,1
O=C(N[C@H]1CC[C@H](CCN2CCN(c3nsc4ccccc34)CC2)CC1)c1cc2ccccc2[nH]1,1
O=C(N[C@H]1CC[C@@H](CCN2CCN(c3nsc4ccccc34)CC2)CC1)c1cc2ccccc2[nH]1,1
O=C(N[C@H]1CC[C@H](CCN2CCN(c3nsc4ccccc34)CC2)CC1)c1cc2cc([N+](=O)[O-])ccc2[nH]1,1
O=C(N[C@H]1CC[C@H](CCN2CCN(c3nsc4ccccc34)CC2)CC1)c1cc2ccccc2o1,1
COc1ccc2oc(C(=O)N[C@H]3CC[C@H](CCN4CCN(c5nsc6ccccc56)CC4)CC3)cc2c1,1
O=C(N[C@H]1CC[C@@H](CCN2CCN(c3nsc4ccccc34)CC2)CC1)c1cc2ccccc2o1,1
CCCN(CCc1ccc(Nc2ccc([N+](=O)[O-])c3nonc23)cc1)[C@H]1CCc2c(O)cccc2C1,1
CCCN(CCc1ccc(Nc2ccc([N+](=O)[O-])c3nonc23)cc1)C1CCc2c(O)cccc2C1,1
CCCN(CCc1ccc(Nc2ccc([N+](=O)[O-])c3nonc23)cc1)[C@@H]1CCc2c(O)cccc2C1,1
OCCN1CCN(C2CC(c3ccc(F)cc3)c3ccc(C(F)(F)F)cc32)CC1,1
CN1CCN([C@@H]2C[C@@H](c3ccccc3)c3ccc(Cl)cc32)CC1(C)C,1
CC1(C)CN([C@@H]2C[C@@H](c3ccccc3)c3ccc(Cl)cc32)CCN1,1
O=S(=O)(NCCCCN1CC=C(c2c[nH]c3ccc(F)cc23)CC1)c1ccc2ccccc2c1,1
O=S(=O)(NCCCCN1CC=C(c2c[nH]c3ccc(Cl)cc23)CC1)c1ccc2ccccc2c1,1
Cc1[nH]c2ccc(Cl)cc2c1C1=CCN(CCCCNS(=O)(=O)c2ccc3ccccc3c2)CC1,1
O=C(N[C@H]1CC[C@H](CCN2CCN(c3nsc4ccccc34)CC2)CC1)c1ccc[nH]1,1
Cc1ccc(C(=O)N[C@H]2CC[C@H](CCN3CCN(c4nsc5ccccc45)CC3)CC2)[nH]1,1
O=C(N[C@H]1CC[C@@H](CCN2CCN(c3nsc4ccccc34)CC2)CC1)c1ccc[nH]1,1
O=c1ccc2ccc(OCCCCN3CCN(c4ccccc4OCCF)CC3)cc2[nH]1,1
O=c1ccc2ccc(OCCCCN3CCN(c4cccc(Cl)c4Cl)CC3)cc2[nH]1,1
CC(C)(C)[C@]1(O)CCN2C[C@H]3c4ccccc4CCc4cccc(c43)[C@@H]2C1,1
CC(C)(C)C1(O)CCN2CC3c4ccccc4CCc4cccc(c43)C2C1,1
CC(C)(C)[C@@]1(O)CCN2C[C@@H]3c4ccccc4CCc4cccc(c43)[C@H]2C1,1
COc1cc2c3c(c1OC)-c1cc4c(cc1CC3N(C)CC2)OCO4,1
COc1cc2c3c(c1OC)-c1cc4c(cc1C[C@@H]3N(C)CC2)OCO4,1
O=C(NCCCCN1CCO[C@@H]2c3ccccc3OC[C@H]21)c1ccco1,1
COc1ccc2c(c1)[C@H]1OCCN(CCCCNC(=O)c3ccco3)[C@@H]1CO2,1
O=C(NC1CCN(Cc2ccccc2)C1)c1ccc(-c2cccs2)cc1,1
O=C(N[C@H]1CCN(Cc2ccccc2)C1)c1ccc(-c2cccs2)cc1,1
Cn1cc(CC(=O)N[C@H]2CC[C@H](CCN3CCc4sc(OCC(C)(F)F)nc4C3)CC2)c(F)n1,1
Cn1ncc(CC(=O)N[C@H]2CC[C@H](CCN3CCc4sc(OCC(C)(F)F)nc4C3)CC2)c1F,1
CC(C)(C)c1nc(N2CCN(CCCCNC(=O)N3Cc4ccccc4C3)CC2)cc(C(F)(F)F)n1,1
COc1ccc2c(c1)CN(C(=O)NCCCCN1CCN(c3cc(C(F)(F)F)nc(C(C)(C)C)n3)CC1)C2,1
O=C1c2ccc(F)cc2CC1CCN1CCc2ccccc2C1,1
O=C1c2ccc(Cl)cc2CC1CCN1CCc2ccccc2C1,1
COc1ccc2c(c1)[C@H]1OCCN(CCCCNC(=O)c3cc4ccccc4[nH]3)[C@@H]1CO2,1
O=C(NCCCCN1CCO[C@@H]2c3ccccc3OC[C@H]21)c1cc2ccccc2[nH]1,1
COc1ccc2c(c1)[C@H]1OCCN(CCCCNC(=O)C3CCCCC3)[C@@H]1CO2,1
O=C(NCCCCN1CCO[C@@H]2c3ccccc3OC[C@H]21)C1CCCCC1,1
Cc1cc(N2CCN(CCCCNC(=O)N3CCC(n4c(=O)[nH]c5ccccc54)CC3)CC2)nc(C(C)(C)C)n1,1
CC(C)(C)c1nc(N2CCN(CCCCNC(=O)N3CCC(n4c(=O)[nH]c5ccccc54)CC3)CC2)cc(C(F)(F)F)n1,1
COc1cccnc1OCCNCC1(F)CCN(C(=O)c2ccc(F)c(Cl)c2)CC1,1
CNc1cccc(OCCNCC2(F)CCN(C(=O)c3ccc(F)c(Cl)c3)CC2)n1,1
Cc1ncc(OCC(=O)N[C@H]2CC[C@H](CCN3CCc4nc(OCC(F)(F)F)sc4CC3)OC2)cn1,1
Cc1ncc(OCC(=O)N[C@H]2CC[C@H](CCN3CCc4nc(OCC(C)(F)F)sc4CC3)OC2)cn1,1
Cc1ncc(CC(=O)N[C@H]2CC[C@H](CCN3CCc4sc(OCC(C)(F)F)nc4C3)CC2)o1,1
Cc1ncc(CC(=O)N[C@H]2CC[C@H](CCN3CCc4sc(CCC(F)(F)F)nc4C3)CC2)o1,1
Cn1c(SCCCN2CC[C@]3(CC3c3ccc(C(F)(F)F)cc3)C2)nnc1-c1ccc(=O)[nH]c1,1
Cn1c(SCCCN2CC[C@]3(C[C@@H]3c3ccc(C(F)(F)F)cc3)C2)nnc1-c1ccc(=O)n(C)c1,1
O=C1C(c2ccccc2)=COC12CCN(CC1CCCCC1)CC2,1
O=C1C(c2ccc(F)cc2)=COC12CCN(CC1CCCCC1)CC2,1
COc1ccc2c(c1)[C@H]1OCCN(CCCCNC(=O)c3ccc4ccccc4c3)[C@@H]1CO2,1
O=C(NCCCCN1CCO[C@@H]2c3ccccc3OC[C@H]21)c1ccc2ccccc2c1,1
Cc1cc2occc2c(N2CCN(CC[C@H]3CC[C@H](NC(=O)CC4CCOCC4)CC3)CC2)n1,1
O=C(CC1CCOCC1)N[C@H]1CC[C@H](CCN2CCN(c3nccc4occc34)CC2)CC1,1
Cn1cc2c(C(=O)NN3CCC(F)(CCN4CCc5sc(OCC(F)(F)F)nc5C4)CC3)cccc2n1,1
Cn1cc2c(C(=O)NN3CCC(CCN4CCc5sc(OCC(F)(F)F)nc5C4)CC3)ccc(F)c2n1,1
Cc1ccc2c(c1)C(N1CCN(CCc3ccccc3)CC1)=Nc1cccnc1N2,1
Clc1ccc2c(c1)C(N1CCN(CCc3ccccc3)CC1)=Nc1cccnc1N2,1
CCCN(CCC)C1CCc2cc(CN(C(C)=O)c3ccc(OC)cc3)ccc2C1,1
CCCN(CCC)C1CCc2cc(CN(C(=O)OC)c3ccc(OC)cc3)ccc2C1,1
O=C(/C=C/c1c[nH]c2ccccc12)NCCCCN1CCc2ccc(OS(=O)(=O)C(F)(F)F)cc2C1,1
N#Cc1ccc2c(c1)CN(CCCCNC(=O)/C=C/c1c[nH]c3ccccc13)CC2,1
COCCC(=O)NC1CCC(CCN2C[C@H]3CCN(c4ccc(C(F)(F)F)cc4)[C@H]3C2)CC1,1
COCCC(=O)NC1CCC(CCN2C[C@@H]3CCN(c4ccc(C(F)(F)F)cc4)[C@@H]3C2)CC1,1
CCCN1CCc2cccc3c2[C@@H]1Cc1cccc(OCCCn2cc(CCN4CCN(c5ccccc5OC)CC4)nn2)c1-3,1
CCCN1CCc2cccc3c2[C@H]1Cc1cccc(OCCCn2cc(CCN4CCN(c5ccccc5OC)CC4)nn2)c1-3,1
CCCN(CCC)C1COc2c(cccc2-c2ccccc2)C1,1
CCCN(CCC)C1COc2c(cccc2-c2ccc(C(F)(F)F)cc2)C1,1
Fc1ccccc1N1CCN(CCCCc2cc(/C=C/c3ccccc3)no2)CC1,1
COc1ccccc1N1CCN(CCCCc2cc(/C=C/c3ccccc3)no2)CC1,1
COc1ccc(CCC(=O)NN2c3ccc(Cl)cc3N=C(N3CCN(C)CC3)c3ccccc32)cc1Cl,1
CN1CCN(C2=Nc3cc(Cl)ccc3N(NC(=O)CCc3ccccc3)c3ccccc32)CC1,1
Cc1ncc(OCC(=O)N[C@H]2CC[C@](F)(CCN3CCc4nc(OCC(F)(F)F)sc4CC3)CC2)cn1,1
Cc1ncc(OCC(=O)N[C@H]2CC[C@](F)(CCN3CCc4nc(OCC(C)(F)F)sc4CC3)CC2)cn1,1
O=C(NCCCCN1CCO[C@@H]2c3ccccc3OC[C@H]21)c1cccc2ccccc12,1
COc1ccc2c(c1)[C@H]1OCCN(CCCCNC(=O)c3cccc4ccccc34)[C@@H]1CO2,1
O=C1c2ccccc2C(=O)N1CCCCN1CCN(C(c2ccccc2)c2ccc(Cl)cc2)CC1,1
O=C1c2ccccc2C(=O)N1CCCCN1CCN(C(c2ccccc2)c2ccccc2)CC1,1
O=C(N[C@H]1CC[C@H](CCN2CCN(c3nccc4c3CCO4)CC2)CC1)C1CCC1,1
O=C(N[C@H]1CC[C@H](CCN2CCN(c3nccc4c3CCO4)CC2)CC1)C1(O)CCC1,1
Cn1c(SCCCN2CC[C@]3(C[C@@H]3c3ccc(C(F)(F)F)cc3)C2)nnc1C1CC2CCC(C1)O2,1
Cn1c(SCCCN2CC[C@]3(CC3c3ccc(C(F)(F)F)cc3)C2)nnc1C1CC2CCC(C1)O2,1
Clc1sc(Cl)c2c1CCCc1c[nH]nc1-2,1
Cc1sc(C)c2c1CCCc1cn(C)nc1-2,1
CC(C)(C)c1nc(N2CCN(CCCCNC(=O)N3CCN(Cc4ccccc4)CC3)CC2)cc(C(F)(F)F)n1,1
CC(C)(C)c1nc(N2CCN(CCCCNC(=O)N3CCN(Cc4cccc(C#N)c4)CC3)CC2)cc(C(F)(F)F)n1,1
CN(C)Cc1c(C(=O)NCCCCN2CCN(c3cc(C(F)(F)F)nc(C(C)(C)C)n3)CC2)[nH]c2ccccc12,1
CC(C)(C)c1nc(N2CCN(CCCCNC(=O)c3cc4ccccc4[nH]3)CC2)cc(C(F)(F)F)n1,1
COc1cc(CC(=O)N[C@H]2CC[C@H](CCN3CCc4nc(OCC(F)(F)F)sc4CC3)OC2)on1,1
COc1cc(CC(=O)N[C@H]2CC[C@H](CCN3CCc4nc(OCC(C)(F)F)sc4CC3)OC2)on1,1
O=C(NCCCN1CCN(c2cccc(Cl)c2Cl)CC1)c1cccc2c1-c1ccccc1C2=O,1
O=C(NCCCN1CCN(c2ccccc2)CC1)c1cccc2c1-c1ccccc1C2=O,1
CN1CCN(c2nc(N)nc(C[Se]c3ccccc3)n2)CC1,1
CC([Se]c1ccccc1)c1nc(N)nc(N2CCN(C)CC2)n1,1
CCCN1CCO[C@H]2c3cc4c(cc3CC[C@@H]21)CNC4=O,1
CCCN1CCO[C@@H]2c3cc4c(cc3CC[C@H]21)CNC4=O,1
Fc1ccc2c([C@@H]3CNCC[C@H]3F)c(-c3ccc4ccccc4c3)[nH]c2c1,1
Fc1ccc2c(C3CNCC[C@H]3F)c(-c3ccc4ccccc4c3)[nH]c2c1,1
CC(=O)Nc1ccc(OCCCN2CCN(c3ncccn3)CC2)cc1,1
Fc1ccc(OCCCN2CCN(c3ncccn3)CC2)cc1,1
COc1ccccc1N1CCN(CC(O)CN2C(=O)NC(c3ccccc3)(c3ccccc3)C2=O)CC1,1
N#Cc1ccccc1N1CCN(CC(O)CN2C(=O)NC(c3ccccc3)(c3ccccc3)C2=O)CC1,1
Cc1ccc(CC(C)CNC(=O)/N=C(\N)NCCCc2cnc(N)s2)cc1,1
Cc1ccc(CC(C)CNC(=O)/N=C(\N)NCCCc2sc(N)nc2C)cc1,1
O=c1c2cnccc2ccn1CCN1CCC(c2noc3ccccc23)CC1,1
O=c1c2cnc(C(F)(F)F)cc2ccn1CCN1CCC(c2noc3ccccc23)CC1,1
CC(C)(C)c1nc(N2CCN(CCCCNC(=O)c3sc4ncccc4c3N)CC2)cc(C(F)(F)F)n1,1
CC(C)(C)c1nc(N2CCN(CCCCNC(=O)c3cc4cccnc4s3)CC2)cc(C(F)(F)F)n1,1
C[C@]1(O)CC[C@@H](C(=O)N[C@H]2CC[C@H](CCN3CCN(c4nccc5c4CCO5)CC3)CC2)CC1,1
C[C@]1(O)CC[C@H](C(=O)N[C@H]2CC[C@H](CCN3CCN(c4nccc5c4CCO5)CC3)CC2)CC1,1
COc1ccc(NS(=O)(=O)c2sc3ccc(Cl)cc3c2C)cc1N1CCNCC1,1
COc1ccc(NS(=O)(=O)c2sc3ccc(Cl)cc3c2C)cc1N1CCN(C)CC1,1
COc1ccccc1N1CCN(Cc2cn(CCCCCCF)nn2)CC1,1
COc1ccccc1N1CCN(Cc2cn(CCOCCF)nn2)CC1,1
CCCc1ccc2c(n1)CN[C@@H]1CCc3cc(O)c(O)cc3[C@@H]21,1
COc1ccc2c(n1)CN[C@@H]1CCc3cc(O)c(O)cc3[C@@H]21,1
COc1ccccc1N1CCN(C[C@H]2CN=C3c4ccccc4N=C(SC)N32)CC1,1
COc1ccccc1N1CCN(CC2CN=C3c4ccccc4N=C(SC)N32)CC1,1
CCCCCNC(=O)/N=C(\N)NCCCc1sc(N)nc1C,1
CCCCCCNC(=O)/N=C(\N)NCCCc1sc(N)nc1C,1
OC1(c2ccc(Cl)c(Cl)c2)CCN(Cc2n[nH]c3ccccc23)CC1,1
OC1(c2ccc(Cl)cc2)CCN(Cc2n[nH]c3ccccc23)CC1,1
Cc1ncc(CC(=O)N[C@H]2CC[C@H](CCN3CCc4ccc(OCC(F)F)nc4CC3)CC2)s1,1
Cc1ncc(CC(=O)N[C@H]2CC[C@H](CCN3CCc4ccc(CCC(F)(F)F)nc4CC3)CC2)s1,1
COc1ccc(N(CCCCN2CCC(O)(c3ccc(Cl)c(C(F)(F)F)c3)CC2)c2ccc(OC)cc2)cc1,1
OC1(c2ccc(Cl)c(C(F)(F)F)c2)CCN(CCCCN(c2ccc(F)cc2)c2ccc(F)cc2)CC1,1
Cn1nccc1-c1nnc(SCCCN2C[C@@H]3CCN(c4ccccc4C(F)(F)F)[C@@H]3C2)n1C,1
Cn1nccc1-c1nnc(SCCCN2CC3CCN(c4ccccc4C(F)(F)F)C3C2)n1C,1
O=C(NCCCCN1CCO[C@@H]2c3ccccc3OC[C@H]21)c1cccs1,1
COc1ccc2c(c1)[C@H]1OCCN(CCCCNC(=O)c3cccs3)[C@@H]1CO2,1
O=C(NCCCN1CCN(c2cccc(Cl)c2Cl)CC1)C1c2ccccc2-c2ccccc21,1
O=C(NCCCN1CCN(c2ccccc2)CC1)C1c2ccccc2-c2ccccc21,1
O=C(CC1(O)CCC1)N[C@H]1CC[C@H](CCN2CCN(c3nccc4c3CCO4)CC2)CC1,1
O=C(CC1CCC1)N[C@H]1CC[C@H](CCN2CCN(c3nccc4c3CCO4)CC2)CC1,1
Cc1cncc2c1CN[C@@H]1CCc3cc(O)c(O)cc3[C@@H]21,1
Oc1cc2c(cc1O)[C@H]1c3cncc(F)c3CN[C@@H]1CC2,1
Cc1ncoc1-c1nnc(SCCCN2[C@@H]3CC[C@H]2C[C@@H](c2ccc(C(F)(F)F)cc2)C3)n1C,1
Cc1ncoc1-c1nnc(SCCCN2[C@@H]3CC[C@H]2C[C@@H](c2ccc(C(C)(C)C)cc2)C3)n1C,1
CCCCc1ccc(S(=O)(=O)Nc2ccc3c(c2)CN(C)CC3)cc1,1
CCCCc1ccc(S(=O)(=O)Nc2ccc3c(c2)CNCC3)cc1,1
CCCN1CCO[C@@H]2c3cc4c(cc3CC[C@H]21)CCO4,1
CN1CCO[C@@H]2c3cc4c(cc3CC[C@H]21)CCO4,1
Cc1ccc(CCCNCCCOc2ccccc2)cc1,1
c1ccc(CCCNCCCOc2ccccc2)cc1,1
O=C1c2ccc(F)cc2CC1CCN1CCCN(c2ccc(Cl)cn2)CC1,1
O=C1c2ccc(F)cc2CC1CCN1CCCN(c2ccccn2)CC1,1
CO[C@H]1CC[C@H](CC(=O)N[C@H]2CC[C@H](CCN3CCC(c4cccc5c4OCO5)CC3)CC2)CC1,1
O=C(CC1(O)CCCCC1)N[C@H]1CC[C@H](CCN2CCC(c3cccc4c3OCO4)CC2)CC1,1
CC(C)(C)c1nc(N2CCN(CCCCNC(=O)N3CCN(c4ccnc5cc(Cl)ccc45)CC3)CC2)cc(C(F)(F)F)n1,1
CC(C)(C)c1nc(N2CCN(CCCCNC(=O)N3CCN(c4ccnc5ccccc45)CC3)CC2)cc(C(F)(F)F)n1,1
Cc1ncoc1-c1nnc(SCCCN2CC[C@H]3CCN(c4ccc(C(F)(F)F)cc4)[C@H]3C2)n1C,1
Cc1ncoc1-c1nnc(SCCCN2CCC3CCN(c4ccc(C(F)(F)F)cc4)C3C2)n1C,1
Cc1cnc(CC(=O)N[C@H]2CC[C@H](CCN3C[C@@H]4C[C@]4(c4cc(C(C)(F)F)on4)C3)CC2)o1,1
CCc1cc([C@]23C[C@H]2CN(CC[C@H]2CC[C@H](NC(=O)Cc4ncc(C)o4)CC2)C3)no1,1
CCN(CCN1CCC(n2ncc3cc(F)ccc32)CC1)S(=O)(=O)C(C)CO,1
CCN(CCN1CCC(n2ncc3cc(F)ccc32)CC1)S(=O)(=O)CCO,1
O=C(CCOCCN1CCN(c2ccccc2-c2ccccc2)CC1)NCc1ccc(C(F)(F)F)cc1,1
N#Cc1ccc(CNC(=O)CCOCCN2CCN(c3ccccc3-c3ccccc3)CC2)cc1,1
CCCN(CCC)CCCOc1ccc(-c2nc3ccccc3n2C/C=C/Cn2c(-c3ccc(OCCCN(CCC)CCC)cc3)nc3ccccc32)cc1,1
CCCCN(CCCC)CCCOc1ccc(-c2nc3ccccc3n2C/C=C/Cn2c(-c3ccc(OCCCN(CCCC)CCCC)cc3)nc3ccccc32)cc1,1
Clc1cccc(CN2CC=C(c3nc4ccccc4s3)CC2)c1,1
C1=C(c2nc3ccccc3s2)CCN(Cc2ccccc2)C1,1
Cc1ncc(OCC(=O)N[C@H]2CC[C@H](CCN3C[C@@H]4C[C@]4(c4cc(C(C)(F)F)on4)C3)CC2)cn1,1
CCc1cc([C@]23C[C@H]2CN(CC[C@H]2CC[C@H](NC(=O)COc4cnc(C)nc4)CC2)C3)no1,1
C[C@@H](O)[C@@H]1NC(=O)[C@H](CCCCN)NC(=O)[C@@H](Cc2c[nH]c3ccccc23)NC(=O)[C@H](Cc2ccccc2)NC(=O)[C@H](Cc2ccccc2)NC(=O)[C@H](CCCNC(=N)N)NC(=O)[C@H](N(CCSC[C@@H]2C[C@@H]3c4cccc5[nH]cc(c45)C[C@H]3N(C)C2)CCSC[C@@H]2C[C@@H]3c4cccc5[nH]cc(c45)C[C@H]3N(C)C2)CCCCNC(=O)[C@H](Cc2ccc(F)cc2)NC1=O,1
C[C@@H](O)[C@@H]1NC(=O)[C@H](CCCCN)NC(=O)[C@@H](Cc2c[nH]c3ccccc23)NC(=O)[C@H](Cc2ccccc2)NC(=O)[C@H](Cc2ccccc2)NC(=O)[C@H](CCCNC(=N)N)NC(=O)[C@H](N(CCSC[C@@H]2C[C@@H]3c4cccc5[nH]cc(c45)C[C@H]3N(C)C2)CCSC[C@@H]2C[C@@H]3c4cccc5[nH]cc(c45)C[C@H]3N(C)C2)CCCCNC(=O)[C@H](Cc2ccccc2)NC1=O,1
O=C(C[C@@H]1CCCOC1)N[C@H]1CC[C@H](CCN2CCC(c3cccc4c3OCO4)CC2)CC1,1
O=C(C[C@H]1CCCOC1)N[C@H]1CC[C@H](CCN2CCC(c3cccc4c3OCO4)CC2)CC1,1
Cc1ncccc1-c1nnc(SCCCN2C[C@@H]3C[C@]3(c3ccc(C(F)(F)F)cc3)C2)n1C,1
Cc1ccc(-c2nnc(SCCCN3C[C@@H]4C[C@]4(c4ccc(C(F)(F)F)cc4)C3)n2C)cn1,1
Cn1c(SCCCN2CC3CCN(c4ccccc4C(F)(F)F)C3C2)nnc1-c1ccccn1,1
Cn1c(SCCCN2CC3CCN(c4ccc(C(F)(F)F)cc4)C3C2)nnc1-c1ccccn1,1
CS(=O)(=O)Oc1ccc2c(c1)CCN(CC[C@H]1CC[C@H](NC(=O)c3cccc4ccccc34)CC1)CC2,1
CS(=O)(=O)c1ccc2c(c1)CCN(CC[C@H]1CC[C@H](NC(=O)c3cccc4ccccc34)CC1)CC2,1
O=c1c2cnccc2ccn1CCN1CCN(c2nsc3ccccc23)CC1,1
O=c1c2cnc(C(F)(F)F)cc2ccn1CCN1CCN(c2nsc3ccccc23)CC1,1
CC1CCN(CC[C@H]2CCCN2S(=O)(=O)c2cccc(O)c2)CC1,1
CC1CCN(CC[C@H]2CCCN2S(=O)(=O)c2cccc(Br)c2)CC1,1
O=C(NCCCN1CCN(c2ncccn2)CC1)NN(Cc1ccc(F)cc1)c1ccccc1,1
O=C(NCCCN1CCN(c2ncccn2)CC1)NN(Cc1ccccc1)c1ccccc1,1
Cc1ncccc1C(=O)N[C@H]1CC[C@H](CCN2CCc3sc(OCC(C)(F)F)nc3C2)CC1,1
Cc1ncccc1C(=O)N[C@H]1CC[C@H](CCN2CCc3sc(OCC(F)(F)F)nc3C2)CC1,1
Cc1cc(-c2ccccc2)n(C2CCN(Cc3ccccc3)CC2)n1,1
c1ccc(CN2CCC(n3nccc3-c3ccccc3)CC2)cc1,1
CC(C)(C)c1cc(N2CCN(CCCCNC(=O)N3CCc4c([nH]c5ccccc45)C3)CC2)nc(C(C)(C)C)n1,1
CC(C)(C)c1nc(N2CCN(CCCCNC(=O)N3CCc4c([nH]c5ccccc45)C3)CC2)cc(C(F)(F)F)n1,1
O=C(CC1(O)CCOCC1)N[C@H]1CC[C@H](CCN2CCC(c3cccc4c3OCO4)CC2)CC1,1
O=C(CC1CCOCC1)N[C@H]1CC[C@H](CCN2CCC(c3cccc4c3OCO4)CC2)CC1,1
O=C(N[C@H]1CC[C@H](CCN2CCC(c3cccc4occc34)CC2)CC1)C1CCOCC1,1
O=C(N[C@H]1CC[C@H](CCN2CCC(c3ccc(F)c4occc34)CC2)CC1)C1CCOCC1,1
CO[C@H]1CC[C@H](CC(=O)N[C@H]2CC[C@H](CCN3CCN(c4nccc5sccc45)CC3)CC2)CC1,1
O=C(C[C@H]1CC[C@H](O)CC1)N[C@H]1CC[C@H](CCN2CCN(c3nccc4sccc34)CC2)CC1,1
Cc1c(-c2ccc(Cl)cc2)n[nH]c1C1CCN(CCc2ccccc2)CC1,1
Clc1ccc(-c2cc(C3CCN(CCc4ccccc4)CC3)[nH]n2)cc1,1
Cc1ccc(C2CCN(Cc3ccc4c(c3)OCC(=O)N4)CC2)cc1,1
Cc1ccc(C2CCN(Cc3ccc4c(c3)OCC(=O)N4)CC2)cc1C,1
CN1CCN(C2=Nc3cc(Cl)ccc3N(NC(=O)c3ccc4c(c3)OCO4)c3ccc(Cl)cc32)CC1,1
CN1CCN(C2=Nc3cc(Cl)ccc3N(NC(=O)c3ccc4c(c3)OCO4)c3ccccc32)CC1,1
CN1Cc2c(C(=O)N[C@H]3CC[C@H](CCN4CCc5nc(OCC(F)(F)F)sc5CC4)CC3)cccc2C1=O,1
CC(Oc1nc2c(s1)CCN(CC[C@H]1CC[C@H](NC(=O)c3cccc4c3CN(C)C4=O)CC1)CC2)C(F)(F)F,1
CC(=O)N(CCC(=O)N[C@@H](CN[C@@H]1CCCCNC(=O)[C@H](Cc2ccc(F)cc2)NC(=O)[C@H]([C@@H](C)O)NC(=O)[C@H](CCCCN)NC(=O)[C@@H](Cc2c[nH]c3ccccc23)NC(=O)[C@H](Cc2ccccc2)NC(=O)[C@H](Cc2ccccc2)NC(=O)[C@H](CCCNC(=N)N)NC1=O)Cc1ccc(O)cc1)C[C@@H]1C[C@@H]2c3cccc4[nH]cc(c34)C[C@H]2N(C)C1,1
C[C@@H](O)[C@@H]1NC(=O)[C@H](CCCCN)NC(=O)[C@@H](Cc2c[nH]c3ccccc23)NC(=O)[C@H](Cc2ccccc2)NC(=O)[C@H](Cc2ccccc2)NC(=O)[C@H](CCCNC(=N)N)NC(=O)[C@H](NC[C@H](Cc2ccc(O)cc2)NC(=O)CCN(C[C@@H]2C[C@@H]3c4cccc5[nH]cc(c45)C[C@H]3N(C)C2)S(C)(=O)=O)CCCCNC(=O)[C@H](Cc2ccc(F)cc2)NC1=O,1
Cc1ccc2c(C3CCN(CCn4ccc5cccnc5c4=O)CC3)noc2c1,1
O=c1c2ncccc2ccn1CCN1CCC(c2noc3cc(F)ccc23)CC1,1
Cc1cc2occc2c(N2CCN(CC[C@H]3CC[C@H](NC(=O)C4CCOCC4)CC3)CC2)n1,1
O=C(N[C@H]1CC[C@H](CCN2CCN(c3nccc4occc34)CC2)CC1)C1CCOCC1,1
CCOc1ccc2ccccc2c1C(=O)NN1c2ccc(Cl)cc2N=C(N2CCN(C)CC2)c2ccccc21,1
CN1CCN(C2=Nc3cc(Cl)ccc3N(NC(=O)c3cccc4ccccc34)c3ccccc32)CC1,1
CCN(CCc1ccccc1OC(F)(F)F)CCN1CCCC1,1
CN(CCc1ccccc1OC(F)(F)F)CCN1CCCC1,1
CCOc1ccccc1N1CCN(Cc2cccc3ccccc23)CC1,1
Clc1cccc(N2CCN(Cc3cccc4ccccc34)CC2)c1Cl,1
Cn1ccc2c1CCN(CCN1CCC(c3noc4ccccc34)CC1)C2=O,1
CC1CN(CCN2CCC(c3noc4ccccc34)CC2)C(=O)c2ccn(C)c21,1
COc1ccccc1N1CCN(CC(O)CN2C(=O)NC(C)(c3cccc4ccccc34)C2=O)CC1,1
CC1(c2cccc3ccccc23)NC(=O)N(CC(O)CN2CCN(c3ccccc3C#N)CC2)C1=O,1
CCOc1ccccc1N1CCN(Cc2cccnc2)CC1,1
Clc1cccc(N2CCN(Cc3cccnc3)CC2)c1Cl,1
CC(C)(C)c1nc(N2CCN(C/C=C/CN3C(=O)CCc4ccccc43)CC2)cc(C(F)(F)F)n1,1
C/C(=C\CN1CCN(c2cc(C(F)(F)F)nc(C(C)(C)C)n2)CC1)CN1C(=O)CCc2ccccc21,1
CCS(=O)(=O)c1ccc(OC)c(-c2ccc(CN3CCCC3)[nH]2)c1,1
CCS(=O)(=O)c1ccc(OC)c(-c2ccc(C(C)N3CCCC3)[nH]2)c1,1
CN1CCN(c2ccc(O)c3[nH]c(=O)ccc23)CC1,1
CCCN1CCN(c2ccc(O)c3[nH]c(=O)ccc23)CC1,1
CC(C)(C)c1nc(N2CCN(CCCCN3C(=O)CCC(=O)c4ccccc43)CC2)cc(C(F)(F)F)n1,1
COc1cc2c(cc1OC)N(CCCCN1CCN(c3cc(C(F)(F)F)nc(C(C)(C)C)n3)CC1)C(=O)CCC2=O,1
CCCN1CCN(c2ccc3c(c2)CCN3S(=O)(=O)c2ccccc2)CC1,1
CCN1CCN(c2ccc3c(c2)CCN3S(=O)(=O)c2ccccc2)CC1,1
Cc1ncc(CC(=O)N[C@H]2CC[C@H](CCN3C[C@@H]4C[C@]4(c4cc(C(C)(F)F)on4)C3)CC2)o1,1
CCc1cc([C@]23C[C@H]2CN(CC[C@H]2CC[C@H](NC(=O)Cc4cnc(C)o4)CC2)C3)no1,1
O=S(=O)(N[C@H]1CC[C@H](CCN2CCN(c3nccc4c3CCO4)CC2)CC1)c1ccc(F)cc1,1
O=S(=O)(N[C@H]1CC[C@H](CCN2CCN(c3nccc4c3CCO4)CC2)CC1)c1ccccc1,1
Cn1cc(CC(=O)N[C@H]2CC[C@](F)(CCN3CCc4ccc(OCC(C)(F)F)nc4CC3)CC2)cn1,1
Cn1cc(CC(=O)N[C@H]2CC[C@](F)(CCN3CCc4ccc(OCC(F)(F)F)nc4CC3)CC2)cn1,1
CNc1ncc2c(n1)CC(CN1CCC(C(=O)c3ccc(F)cc3)CC1)CC2=O,1
O=C1CC(CN2CCC(C(=O)c3ccc(F)cc3)CC2)Cc2ncncc21,1
CO[C@@H]1CC[C@@H](CC(=O)N[C@H]2CC[C@H](CCN3CCN(c4nccc5sccc45)CC3)CC2)C1,1
CO[C@H]1CC[C@H](CC(=O)N[C@H]2CC[C@H](CCN3CCN(c4nccc5sccc45)CC3)CC2)C1,1
CN1CCc2cccc3c2[C@H]1Cc1cccc(-c2ccccc2)c1-3,1
Cc1cccc(C#N)c1-c1cccc2c1-c1cccc3c1[C@@H](C2)N(C)CC3,1
COc1cc2c(cc1OC)C1=NO[C@@H](CN3CCN(C/C(C)=C/c4ccccc4)CC3)[C@@H]1CO2,1
COc1cc2c(cc1OC)C1=NO[C@@H](CN3CCN(C/C=C/c4ccccc4)CC3)[C@@H]1CO2,1
CC(=O)N[C@H]1CC[C@H](CCN2CCc3nc(OCC(C)(F)F)sc3CC2)CC1,1
CC(C)C(=O)N[C@H]1CC[C@H](CCN2CCc3nc(OCC(F)(F)F)sc3CC2)CC1,1
O=C1c2ncccc2CCN1CCN1CCN(c2nsc3cc(F)ccc23)CC1,1
O=C1c2ncccc2CCN1CCN1CCN(c2nsc3ccccc23)CC1,1
OC1(c2ccc(Cl)cc2)CC2CCC(C1)N2Cc1n[nH]c2ccccc12,1
O[C@@]1(c2ccc(Cl)cc2)C[C@H]2CC[C@@H](C1)N2Cc1n[nH]c2ccccc12,1
Cc1ccc(SCCNCCCOc2ccccc2)cc1,1
Clc1ccc(SCCNCCCOc2ccccc2)cc1,1
Cn1cc(OCC(=O)N[C@H]2CC[C@H](CCN3C[C@@H]4C[C@]4(c4cc(C(C)(F)F)on4)C3)CC2)cn1,1
CCc1cc([C@]23C[C@H]2CN(CC[C@H]2CC[C@H](NC(=O)COc4cnn(C)c4)CC2)C3)no1,1
O=C(C[C@@H]1CCCCO1)N[C@H]1CC[C@H](CCN2CCN(c3cccc4c3OCO4)CC2)CC1,1
O=C(C[C@H]1CCCCO1)N[C@H]1CC[C@H](CCN2CCN(c3cccc4c3OCO4)CC2)CC1,1
CCOc1ccccc1N1CCN(Cc2csc3ccccc23)CC1,1
Clc1cccc(N2CCN(Cc3csc4ccccc34)CC2)c1Cl,1
O=C(CC1CCOCC1)N[C@H]1CC[C@H](CCN2CCC(c3cccc4occc34)CC2)CC1,1
O=C(CC1CCOCC1)N[C@H]1CC[C@H](CCN2CCC(c3ccc(F)c4occc34)CC2)CC1,1
O=C1c2ccccc2CCCN1CCCN1CCN(c2cccc(Cl)c2Cl)CC1,1
COc1ccccc1N1CCN(CCCN2CCCc3ccccc3C2=O)CC1,1
O=C1C(c2ccc(F)cc2)=COC12CCN(CCc1ccccc1)CC2,1
O=C1C(c2ccccc2)=COC12CCN(CCc1ccccc1)CC2,1
Cn1c(=O)c2c(nc3n(CCCCCN4CCN(c5ccc(Cl)cc5)CC4)c(=O)ccn23)n(C)c1=O,1
Cn1c(=O)c2c(nc3n(CCCCCN4CCN(c5ccccc5O)CC4)c(=O)ccn23)n(C)c1=O,1
COc1ccc(Br)cc1-c1nc(CNCC2CCN(Cc3ccccc3)C2)co1,1
COc1ccc(Br)cc1-c1nc(CNC[C@@H]2CCN(Cc3ccccc3)C2)co1,1
O=C(NCCCCN1CCN(c2cccc(Cl)c2Cl)CC1)c1cccc(C#Cc2ccccc2)c1,1
COc1ccccc1N1CCN(CCCCNC(=O)c2cccc(C#Cc3ccccc3)c2)CC1,1
Cn1cc(-c2nnc(SCCCN3CC[C@]4(CC4c4ccc(C(F)(F)F)cc4)C3)n2C)cn1,1
Cn1cc(-c2nnc(SCCCN3CC[C@]4(C[C@@H]4c4ccc(C(F)(F)F)cc4)C3)n2C)cn1,1
C[C@@H](O)C1NC(=O)[C@H](CCCCN)NC(=O)[C@@H](Cc2c[nH]c3ccccc23)NC(=O)[C@H](Cc2ccccc2)NC(=O)[C@H](Cc2ccccc2)NC(=O)[C@H](CCCNC(=N)N)NC(=O)[C@H](NC(=O)CSC[C@@H]2C[C@@H]3c4cccc5[nH]cc(c45)C[C@H]3N(C)C2)CCCCNC(=O)[C@H](Cc2ccccc2)NC1=O,1
C[C@@H](O)[C@@H]1NC(=O)[C@H](CCCCN)NC(=O)[C@@H](Cc2c[nH]c3ccccc23)NC(=O)[C@H](Cc2ccccc2)NC(=O)[C@H](Cc2ccccc2)NC(=O)[C@H](CCCNC(=N)N)NC(=O)[C@H](NC(=O)CSC[C@@H]2C[C@@H]3c4cccc5[nH]cc(c45)C[C@H]3N(C)C2)CCCCNC(=O)[C@H](Cc2ccc(F)cc2)NC1=O,1
Cc1ncoc1-c1nnc(SCCCN[C@@H]2CC[C@]3(c4ccc(C(F)(F)F)cc4F)CC23)n1C,1
Cc1ncoc1-c1nnc(SCCCN[C@@H]2CC[C@]3(c4ccc(C(F)(F)F)cc4)CC23)n1C,1
Cc1ncc(-c2cccc(C(=O)N[C@H]3CC[C@H](CCN4CCc5ccc(OS(C)(=O)=O)cc5CC4)CC3)c2)o1,1
Cc1ncc(-c2cccc(C(=O)N[C@H]3CC[C@H](CCN4CCc5ccc(S(C)(=O)=O)cc5CC4)CC3)c2)o1,1
CCCCc1ccc(S(=O)(=O)Nc2ccc3c(c2)CN(C)C3)cc1,1
CCCCc1ccc(S(=O)(=O)Nc2ccc3c(c2)CNC3)cc1,1
COC1(C(=O)N[C@H]2CC[C@H](CCN3CCC(c4cccc5c4OCO5)CC3)CC2)CCCCC1,1
O=C(N[C@H]1CC[C@H](CCN2CCC(c3cccc4c3OCO4)CC2)CC1)C1(O)CCCCC1,1
OC1(c2ccc3ccccc3c2)CC2CCC(C1)N2Cc1c[nH]c2ccccc12,1
O[C@@]1(c2ccc3ccccc3c2)C[C@H]2CC[C@@H](C1)N2Cc1c[nH]c2ccccc12,1
CCOc1ccccc1N1CCN(CCCCc2cc(-c3cccs3)no2)CC1,1
COc1ccccc1N1CCN(CCCCc2cc(-c3cccs3)no2)CC1,1
COc1ccccc1N1CCN(CCCCNC(=O)c2ccc(C#Cc3ccccc3)cc2)CC1,1
O=C(NCCCCN1CCN(c2cccc(Cl)c2Cl)CC1)c1ccc(C#Cc2ccccc2)cc1,1
Cc1ncccc1C(=O)N[C@H]1CC[C@H](CCN2C[C@@H]3C[C@]3(c3cc(C(C)(F)F)on3)C2)CC1,1
CCc1cc([C@]23C[C@H]2CN(CC[C@H]2CC[C@H](NC(=O)c4cccnc4C)CC2)C3)no1,1
O=C(NCCCCN1CCN(C(c2ccccc2)c2ccc(Cl)cc2)CC1)C1CCCCC1,1
O=C(NCCCCN1CCN(C(c2ccccc2)c2ccccc2)CC1)C1CCCCC1,1
C#CCCCCN(CCC)C1Cc2ccccc2C1,1
CN(C)[C@@H]1CCc2c(O)cccc21,1
Clc1ccc2c(c1)C(NC1CCN(Cc3ccccc3)CC1)=Nc1cccnc1N2,1
Cc1ccc2c(c1)C(NC1CCN(Cc3ccccc3)CC1)=Nc1cccnc1N2,1
Cn1c(SCCCN2CC[C@]3(C[C@@H]3c3ccc(C(F)(F)F)cc3)C2)nnc1-c1nccs1,1
Cn1c(SCCCN2CC[C@]3(C[C@H]3c3ccc(C(F)(F)F)cc3)C2)nnc1-c1nccs1,1
CCCN1CCN(c2cccc3c2CN(S(=O)(=O)c2ccccc2)C3)CC1,1
CCN1CCN(c2cccc3c2CN(S(=O)(=O)c2ccccc2)C3)CC1,1
O=C(CCCCN1[C@@H]2CC[C@H]1CC(O)(c1ccc(Cl)cc1)C2)c1nc2ccccc2s1,1
O=C(CCCCN1C2CCC1CC(O)(c1ccc(Cl)cc1)C2)c1nc2ccccc2s1,1
C=CCN(NC(=O)NCCCN1CCN(c2ccccc2OC)CC1)c1ccc(OC)cc1,1
C=C(C)CN(NC(=O)NCCCN1CCN(c2ccccc2OC)CC1)c1ccc(OC)cc1,1
O=C(N[C@H]1CC[C@H](CCN2CCN(c3cccc4c3OCO4)CC2)CC1)C1(O)CCCCC1,1
COC1(C(=O)N[C@H]2CC[C@H](CCN3CCN(c4cccc5c4OCO5)CC3)CC2)CCCCC1,1
C[C@@H](O)[C@@H]1NC(=O)[C@H](CCCCN)NC(=O)[C@@H](Cc2c[nH]c3ccccc23)NC(=O)[C@H](Cc2ccncc2)NC(=O)[C@H](Cc2ccccc2)NC(=O)[C@H](CCCNC(=N)N)NC(=O)[C@H](NC(=O)CSC[C@@H]2C[C@@H]3c4cccc5[nH]cc(c45)C[C@H]3N(C)C2)CCCCNC(=O)[C@H](Cc2ccccc2)NC1=O,1
C[C@@H](O)[C@@H]1NC(=O)[C@H](CCCCN)NC(=O)[C@@H](Cc2c[nH]c3ccccc23)NC(=O)[C@H](Cc2ccncc2)NC(=O)[C@H](Cc2ccccc2)NC(=O)[C@H](CCCNC(=N)N)NC(=O)[C@H](NC(=O)CSC[C@@H]2C[C@@H]3c4cccc5[nH]cc(c45)C[C@H]3N(C)C2)CCCCNC(=O)[C@H](Cc2ccc(O)cc2)NC1=O,1
O=C(CCCCN1CCN(c2ccccc2F)CC1)Nc1nc2ccccc2s1,1
COc1ccc2nc(NC(=O)CCCCN3CCN(c4ccc(Cl)cc4)CC3)sc2c1,1
COc1ccc2c(c1)CCCN(C)CCCc1ccccc1C2,1
CN1CCCc2ccccc2Cc2ccc(O)cc2CCC1,1
C#CC1=CCC(N(CCC)CCCCn2cc(-c3ccc(-c4ccccc4)cc3)nn2)CC1,1
CCCN(CCCCn1cc(-c2ccc(-c3ccccc3)cc2)nn1)C1CC=C(C#C[Si](C)(C)C)CC1,1
CCCN(CCCN1CCN(c2ccccc2)CC1)C1CCc2ccc(O)cc2C1,1
N#CCCCN(CCCN1CCN(c2ccccc2)CC1)C1CCc2ccc(O)cc2C1,1
O=C(NCCCCN1CCN(C(c2ccccc2)c2ccc(Cl)cc2)CC1)c1cccs1,1
O=C(NCCCCN1CCN(C(c2ccccc2)c2ccccc2)CC1)c1cccs1,1
COc1ccc(N2CCN(Cc3c(C)nc4cc(C)nc(C)n34)CC2)cc1,1
COc1ccccc1N1CCN(Cc2cnc3cc(C)nc(C)n23)CC1,1
CCCN1C[C@H](c2ccc(O)cc2)C[C@@H]2c3cc(O)c(O)cc3CC[C@H]21,1
Oc1ccc([C@H]2CN[C@@H]3CCc4cc(O)c(O)cc4[C@H]3C2)cc1,1
O=C(CC1(O)CCCCC1)N[C@H]1CC[C@H](CCN2CCN(c3cccc4c3OCO4)CC2)CC1,1
CO[C@H]1CC[C@H](CC(=O)N[C@H]2CC[C@H](CCN3CCN(c4cccc5c4OCO5)CC3)CC2)CC1,1
Cc1cc(-c2cccc(C(=O)N[C@H]3CC[C@H](CCN4CCc5ccc(OS(C)(=O)=O)cc5CC4)CC3)c2)on1,1
Cc1cc(-c2cccc(C(=O)N[C@H]3CC[C@H](CCN4CCc5ccc(S(C)(=O)=O)cc5CC4)CC3)c2)on1,1
CCS(=O)(=O)c1ccc(OC)c(-c2ccc(CN3CCCCC3)[nH]2)c1,1
CCS(=O)(=O)c1ccc(OC)c(-c2ccc(C(C)N3CCCCC3)[nH]2)c1,1
Cn1c(SCCCN2CC3CCN(c4ccc(C(F)(F)F)cc4)C3C2)nnc1C1CCCC1,1
Cn1c(SCCCN2C[C@H]3CCN(c4ccc(C(F)(F)F)cc4)[C@H]3C2)nnc1C1CCCC1,1
O=C(/C=C/c1ccc2nc(O)ccc2c1)NCCCCN1CCc2ccc(OS(=O)(=O)C(F)(F)F)cc2C1,1
O=C(/C=C/c1ccc2ncccc2c1)NCCCCN1CCc2ccc(OS(=O)(=O)C(F)(F)F)cc2C1,1
COc1ccc2c(c1)OCCN(C)CCc1ccccc1C2,1
CN1CCOc2cc(O)ccc2Cc2ccccc2CC1,1
COc1ccccc1N1CCN(CC(O)CN2C(=O)NC(C)(c3ccc4ccccc4c3)C2=O)CC1,1
CC1(c2ccc3ccccc3c2)NC(=O)N(CC(O)CN2CCN(c3ccccc3C#N)CC2)C1=O,1
Brc1cccc(N2CCN(Cc3cnn4ccccc34)CC2)n1,1
Fc1cccc(N2CCN(Cc3cnn4ccccc34)CC2)n1,1
CN(CCc1ccccc1OC(F)(F)F)CCN1CCCCC1,1
CCN(CCc1ccccc1OC(F)(F)F)CCN1CCCCC1,1
O=C1CCc2ccc(OCCCCN3CCC(n4c(=O)[nH]c5ccccc54)CC3)cc2N1,1
O=C1CCc2ccc(OCCCCN3CCC(n4c(=O)[nH]c5cc(Cl)ccc54)CC3)cc2N1,1
O=C1CCc2ccc(OC[C@H]3CC[C@H](CN4CCN(c5cccc(Cl)c5Cl)CC4)CC3)cc2N1,1
O=C1CCc2ccc(OCC3CCC(CN4CCN(c5cccc(Cl)c5Cl)CC4)CC3)cc2N1,1
O=C(N[C@H]1CC[C@H](CCN2CCC(c3cccc4c3CCO4)CC2)CC1)C1CCC1,1
O=C(N[C@H]1CC[C@H](CCN2CCC(c3cccc4c3CCO4)CC2)CC1)C1(O)CCC1,1
CN1CCc2cc(Cl)c(O)cc2[C@@H]1Cc1ccccc1,1
CN1CCc2cc(O)c(O)cc2C1Cc1ccccc1Br,1
COc1ccc2[nH]cc(C3=CCN(Cc4ccco4)CC3)c2c1,1
C1=C(c2c[nH]c3ccccc23)CCN(Cc2ccco2)C1,1
CC(C)(C)c1nc(N2CCN(CCCCn3c(=O)cc(O)c4ccccc43)CC2)cc(C(F)(F)F)n1,1
CC(C)(C)c1nc(N2CCN(CCCCn3c(=O)ccc4ccccc43)CC2)cc(C(F)(F)F)n1,1
CCN(CCN1CCC(c2noc3cc(F)ccc23)CC1)C(=O)C1CN(C(C)=O)CCC1O,1
CCN(CCN1CCC(c2noc3cc(F)ccc23)CC1)C(=O)C1CN(C)CCC1O,1
CC(C)(C)c1nc(N2CCN(CCCCNC(=O)NCc3ccccc3)CC2)cc(C(F)(F)F)n1,1
CCN(Cc1ccccc1)C(=O)NCCCCN1CCN(c2cc(C(F)(F)F)nc(C(C)(C)C)n2)CC1,1
O=C(C[C@@H]1CCCOC1)N[C@H]1CC[C@H](CCN2CCN(c3cccc4c3OCO4)CC2)CC1,1
O=C(C[C@H]1CCCOC1)N[C@H]1CC[C@H](CCN2CCN(c3cccc4c3OCO4)CC2)CC1,1
O=C(CCCCCN1CCN(c2ccccc2-c2ccccc2)CC1)NCc1ccc(OCCN2CCOCC2)cc1,1
COc1ccc(-c2ccccc2N2CCN(CCCCCC(=O)NCc3ccc(OCCN4CCOCC4)cc3)CC2)cc1,1
Clc1ccc2c(c1)C(NC1CC3CCC(C1)N3Cc1ccccc1)=Nc1cccnc1N2,1
Cc1ccc2c(c1)C(NC1CC3CCC(C1)N3Cc1ccccc1)=Nc1cccnc1N2,1
C[C@@H](O)[C@@H]1NC(=O)[C@H](CCCCN)NC(=O)[C@@H](Cc2c[nH]c3ccccc23)NC(=O)[C@H](Cc2ccncc2)NC(=O)[C@H](Cc2ccccc2)NC(=O)[C@H](CCCNC(=N)N)NC(=O)[C@H](N(CCSC[C@@H]2C[C@@H]3c4cccc5[nH]cc(c45)C[C@H]3N(C)C2)CCSC[C@@H]2C[C@@H]3c4cccc5[nH]cc(c45)C[C@H]3N(C)C2)CCCCNC(=O)[C@H](Cc2ccccc2)NC1=O,1
C[C@@H](O)[C@@H]1NC(=O)[C@H](CCCCN)NC(=O)[C@@H](Cc2c[nH]c3ccccc23)NC(=O)[C@H](Cc2ccncc2)NC(=O)[C@H](Cc2ccccc2)NC(=O)[C@H](CCCNC(=N)N)NC(=O)[C@H](N(CCSC[C@@H]2C[C@@H]3c4cccc5[nH]cc(c45)C[C@H]3N(C)C2)CCSC[C@@H]2C[C@@H]3c4cccc5[nH]cc(c45)C[C@H]3N(C)C2)CCCCNC(=O)[C@H](Cc2ccc(O)cc2)NC1=O,1
Fc1ccc(C(OC2CC3CCC(C2)N3Cc2ccccc2)c2ccc(F)cc2)cc1,1
Fc1ccc(C(OC2CC3CCC(C2)N3Cc2ccc(Cl)c(Cl)c2)c2ccc(F)cc2)cc1,1
Cn1nc(C(=O)N2CCN(CCN3CCN(c4cccc(Cl)c4Cl)CC3)CC2)c2ccccc21,1
COc1ccccc1N1CCN(CCN2CCN(C(=O)c3nn(C)c4ccccc34)CC2)CC1,1
COc1ccccc1N1CCN(CCN2CCN(c3ncccc3C#N)CC2)CC1,1
N#Cc1cccnc1N1CCN(CCN2CCN(c3cccc(Cl)c3Cl)CC2)CC1,1
Cn1ccc2c1CCCN(CCN1CCC(c3noc4ccccc34)CC1)C2=O,1
Cc1cc2c(n1C)CCCN(CCN1CCC(c3noc4ccccc34)CC1)C2=O,1
Nc1nc2c(s1)CC(CCCNCCC/C=C/c1ccc(O)c(O)c1)CC2,1
COc1cc(/C=C/CCCNCCCC2CCc3nc(N)sc3C2)ccc1O,1
O=C(c1ccccc1)N1CCN(CCCN2CCN(c3cccc(Cl)c3Cl)CC2)CC1,1
COc1ccccc1N1CCN(CCCN2CCN(C(=O)c3ccccc3)CC2)CC1,1
O=C(NC1CCN(Cc2ccccc2)C1)c1ccc(-c2ccc(F)cc2)cc1,1
O=C(NC1CCN(Cc2ccccc2)C1)c1ccc(-c2ccccc2)cc1,1
O=C(/C=C(\O)c1ccc(Cl)cc1)C1CCN(Cc2ccccc2)CC1,1
CC1(C(=O)/C=C(\O)c2ccc(Cl)cc2)CCN(Cc2ccccc2)CC1,1
Cc1nn2c(N3CCN(Cc4ccccc4)CC3)cccc2c1CN1CCN(c2ccc(Cl)cc2)CC1,1
Clc1ccc(N2CCN(Cc3cnn4c(N5CCN(Cc6ccccc6)CC5)cccc34)CC2)cc1,1
COc1ccccc1N1CCCN(CCCCNC(=O)c2ccc(Cl)nc2)CC1,1
COc1ccccc1N1CCCN(CCCCNC(=O)c2ccc(Br)nc2)CC1,1
CCCN(CCCCN1CCN(c2ccccc2OC)CC1)Cc1ccc2ccccc2c1,1
CCCN(CCCCN1CCN(c2cccc(Cl)c2Cl)CC1)Cc1ccc2ccccc2c1,1
Cc1ccc(OCCNCCCSc2ccccc2)cc1,1
Clc1ccc(OCCNCCCSc2ccccc2)cc1,1
Cn1c(SCCCN2CC[C@]3(C[C@H]3c3ccc(C(F)(F)F)cc3)C2)nnc1-c1csnn1,1
Cn1c(SCCCN2CC[C@]3(C[C@@H]3c3ccc(C(F)(F)F)cc3)C2)nnc1-c1csnn1,1
Fc1ccc(C(c2ccc(F)cc2)N2CCN(C/C=C/c3ccccc3)CC2)cc1,1
C(=C/c1ccccc1)\CN1CCN(C(c2ccccc2)c2ccccc2)CC1,1
COC(CN1CCc2sc(OCC(C)(F)F)nc2C1)C1CC2(CC(NC(=O)c3cccc4nn(C)cc34)C2)C1,1
Cn1cc2c(C(=O)NC3CC4(CC(CCN5CCc6sc(OCC(C)(F)F)nc6C5)C4)C3)cccc2n1,1
COc1ccccc1N1CCCN(CCCCNC(=O)c2ccc(-c3ccccc3)s2)CC1,1
COc1ccccc1N1CCCN(CCCCNC(=O)c2ccc(-c3ccc(F)cc3)s2)CC1,1
Cc1ccc(S(=O)(=O)N(CCCCCCN2CCN(c3nsc4ccccc34)CC2)c2ccccc2)cc1,1
O=S(=O)(c1ccccc1)N(CCCCCCN1CCN(c2nsc3ccccc23)CC1)c1cccc(C(F)(F)F)c1,1
CCN(CCN1CCC(c2n[nH]c3cc(F)ccc23)CC1)C(=O)C(C)O,1
CCCN1CCC(c2n[nH]c3ccccc23)CC1,1
O=S(=O)(N[C@H]1CC[C@H](CCN2CCC(c3cccc4c3CCO4)CC2)CC1)c1ccc(F)cc1,1
O=S(=O)(N[C@H]1CC[C@H](CCN2CCC(c3cccc4c3CCO4)CC2)CC1)c1ccccc1,1
Cn1ncc2c1C(=O)N(CCN1CCC(c3noc4ccccc34)CC1)CC2,1
O=C1c2[nH]ncc2CCN1CCN1CCC(c2noc3ccccc23)CC1,1
O=C(N[C@H]1CC[C@H](CCN2CCC(c3cccc4c3OCO4)CC2)CC1)C1CCC1,1
O=C(N[C@H]1CC[C@H](CCN2CCC(c3cccc4c3OCO4)CC2)CC1)C1CC(Cl)C1,1
Cc1ncoc1-c1nnc(SCCCN2CCC3CC3(c3ccc(C(F)(F)F)cc3)CC2)n1C,1
Cc1nc(C)c(-c2nnc(SCCCN3CCC4CC4(c4ccc(C(F)(F)F)cc4)CC3)n2C)o1,1
N#Cc1ccc2c(c1)CN(CC[C@H]1CC[C@H](NC(=O)c3cc4ccccc4[nH]3)CC1)CC2,1
N#Cc1ccc2c(c1)CCN(CC[C@H]1CC[C@H](NC(=O)c3cc4ccccc4[nH]3)CC1)C2,1
COc1ccccc1N1CCN(CCCc2ccc3nc[nH]c3c2)CC1,1
c1ccc(N2CCN(CCCc3ccc4nc[nH]c4c3)CC2)cc1,1
CCOc1ccccc1N1CCN(CCCCc2cc(-c3cccc([N+](=O)[O-])c3)[n-][o+]2)CC1,1
COc1ccccc1N1CCN(CCCCc2cc(-c3cccc([N+](=O)[O-])c3)[n-][o+]2)CC1,1
O=C(CC1(O)CCC1)N[C@H]1CC[C@H](CCN2CCN(c3cccc4c3OCO4)CC2)CC1,1
O=C(C[C@H]1C[C@H](CO)C1)N[C@H]1CC[C@H](CCN2CCN(c3cccc4c3OCO4)CC2)CC1,1
COc1ccc(Br)cc1-c1nc(CNCC2CCN(Cc3ccccc3)C2)cs1,1
COc1ccc(Br)cc1-c1nc(CNC[C@@H]2CCN(Cc3ccccc3)C2)cs1,1
Nc1ccc2c(c1)C(O)C(CCN1CCC(c3noc4cc(F)ccc34)CC1)CC2,1
O=[N+]([O-])c1ccc2c(c1)C(O)C(CCN1CCC(c3noc4cc(F)ccc34)CC1)CC2,1
Nc1ncc(-c2cn(S(=O)(=O)c3ccccc3)c3ccccc23)[nH]1,1
Cc1nc(N)[nH]c1-c1cn(S(=O)(=O)c2ccccc2)c2ccccc12,1
C[C@H]1CO[C@@H](c2ccc(N)nc2)CN1CC[C@H]1CC[C@H](NC(=O)c2cc3ccccc3[nH]2)CC1,1
C[C@H]1CO[C@@H](c2ccc(N)nc2)CN1CC[C@H]1CC[C@@H](NC(=O)c2cc3ccccc3[nH]2)CC1,1
O=C(c1ccccn1)N1CCN(CCCN2CCN(c3cccc(Cl)c3Cl)CC2)CC1,1
COc1ccccc1N1CCN(CCCN2CCN(C(=O)c3ccccn3)CC2)CC1,1
Fc1ccc(C(OC2CC3CCC(C2)N3CCCCc2ccccc2)c2ccc(F)cc2)cc1,1
Fc1ccc(C(O[C@H]2C[C@H]3CC[C@@H](C2)N3CCCCc2ccccc2)c2ccc(F)cc2)cc1,1
COc1ccc(C2=NO[C@H](CCCN3CCN(C(c4ccc(F)cc4)c4ccc(F)cc4)CC3)C2)cc1OC,1
COc1ccc(C2=NO[C@@H](CCCN3CCN(C(c4ccc(F)cc4)c4ccc(F)cc4)CC3)C2)cc1OC,1
COc1ccccc1N1CCN(Cc2cn3nc(Cl)ccc3n2)CC1,1
Clc1ccc2nc(CN3CCN(c4ccc(Cl)c(Cl)c4)CC3)cn2n1,1
CCS(=O)(=O)c1ccc(OC)c(-c2ccc(C(C)N3CCCCCC3)[nH]2)c1,1
CCS(=O)(=O)c1ccc(OC)c(-c2ccc(CN3CCCCCC3)[nH]2)c1,1
COc1ccccc1C(=O)CCCCCN1CCN(c2noc3ccccc23)CC1,1
O=C(CCCCCN1CCN(c2noc3ccccc23)CC1)c1ccccc1O,1
CN(C)CCCN1c2ccccc2CCc2ccc(Cl)cc21,1
CN(C)CCCN1c2ccccc2CCc2ccccc21,1
O=C(N[C@H]1CC[C@H](CCN2CCC(c3coc4ccccc34)CC2)CC1)C1CCC(C(F)(F)F)CC1,1
CC(C)(C)C1CCC(C(=O)N[C@H]2CC[C@H](CCN3CCC(c4coc5ccccc45)CC3)CC2)CC1,1
Cc1cc2c(n1C)CCCN(CCN1CCN(c3nsc4ccccc34)CC1)C2=O,1
Cn1ccc2c1CCCN(CCN1CCN(c3nsc4ccccc34)CC1)C2=O,1
O=C1CCc2ccc(OC/C=C/CN3CCN4c5cccc6[nH]cc(c56)CC4C3)cc2N1,1
Cn1cc2c3c(cccc31)N1CCN(C/C=C/COc3ccc4c(c3)NC(=O)CC4)CC1C2,1
O=C(N[C@H]1CCN(Cc2ccccc2)C1)c1cccc(-c2ccsc2)c1,1
O=C(N[C@@H]1CCN(Cc2ccccc2)C1)c1cccc(-c2ccsc2)c1,1
CCCN(CCCCN1CCN(c2ccccc2OC)CC1)Cc1csc2ccccc12,1
CCCN(CCCCN1CCN(c2cccc(Cl)c2Cl)CC1)Cc1csc2ccccc12,1
COc1ccccc1N1CCN(CCCCn2cc(-c3ccc(-c4ccccc4)cc3)nn2)CC1,1
COc1ccccc1N1CCN(CC(O)CCn2cc(-c3ccc(-c4ccccc4)cc3)nn2)CC1,1
Cc1ncc(CC(=O)N[C@H]2CC[C@H](CCN3CCN(c4nocc4C(C)(F)F)C(C)C3)CC2)s1,1
Cc1ncc(CC(=O)N[C@H]2CC[C@H](CCN3CCN(c4nocc4C(C)(F)F)CC3)CC2)s1,1
O=S(=O)(N[C@H]1CC[C@@H](N2CCC(c3ccccc3OC3CC3)CC2)CC1)c1ccc2c(c1)OCO2,1
O=S(=O)(N[C@H]1CC[C@H](N2CCC(c3ccccc3OC3CC3)CC2)CC1)c1ccc2c(c1)OCO2,1
CCCN(CCc1ccccc1)CCc1cccc(O)c1,1
CCCCCCN(CCc1ccccc1)CCc1cccc(O)c1,1
O=C(CCCCCN1CCN(c2ccccc2-c2ccccc2)CC1)NCc1ccc(OCCCN2CCOCC2)cc1,1
COc1ccc(-c2ccccc2N2CCN(CCCCCC(=O)NCc3ccc(OCCCN4CCOCC4)cc3)CC2)cc1,1
O=S(=O)(N[C@H]1CC[C@H](CCN2CCC(c3cccc4c3OCO4)CC2)CC1)c1ccccc1,1
O=S(=O)(N[C@H]1CC[C@H](CCN2CCC(c3cccc4c3OCO4)CC2)CC1)c1ccc(F)cc1,1
Cc1ccccc1S(=O)(=O)N1c2ccc(Cl)cc2N=C(N2CCN(C)CC2)c2ccccc21,1
Cc1ccc(S(=O)(=O)N2c3ccc(Cl)cc3N=C(N3CCN(C)CC3)c3ccccc32)cc1,1
CCCCn1cc(COc2ccc(CN3CCN(c4ccccc4OC)CC3)cc2OC)nn1,1
CCOCCn1cc(COc2ccc(CN3CCN(c4ccccc4OC)CC3)cc2OC)nn1,1
COc1cc(CCNCCc2ccc(O)c(O)c2)ccc1OCCCc1ccccc1,1
COc1cc(CCNC[C@H](O)c2ccc(O)c(O)c2)ccc1OCCCc1ccccc1,1
CN(C)CCc1cn(S(=O)(=O)c2ccccc2)c2ccccc12,1
COc1ccc2c(c1)c(CCN(C)C)cn2S(=O)(=O)c1ccccc1,1
Cc1nc(Cl)c(Sc2ccc(Cl)cc2)c(N2CCN(C)CC2)n1,1
CNc1nc(Cl)c(Sc2ccccc2)c(N2CCN(C)CC2)n1,1
CN(C)C[C@H]1CC2c3ccccc3Cc3ccccc3[C@H]2O1,1
CN(C)C[C@H]1C[C@@H]2c3ccccc3Cc3ccccc3[C@H]2O1,1
Cc1ccc2c(c1)N=C(C1CCN(CC(C)(C)C(=O)O)CC1)c1cc(C)ccc1O2,1
Cc1ccc2c(c1)Oc1ccc(C)cc1C(C1CCN(CC(C)(C)C(=O)O)CC1)=N2,1
O=S(=O)(NC1CCN(CCOc2cccc3c2CCCC3)C1)c1cc(F)ccc1F,1
O=S(=O)(NC1CCN(CCOc2cccc3c2CCCC3)C1)c1ccc(F)cc1,1
CC(C)c1cccc(OCCN2C3CCC2CC(NS(=O)(=O)c2ccc(F)cc2)C3)c1,1
CC(C)c1cccc(OCCN2C3CCC2CC(NS(=O)(=O)c2cccc(F)c2)C3)c1,1
Cc1ccc(S(=O)(=O)N[C@H]2CC[C@H](CCN3CCC(c4coc5ccccc45)CC3)CC2)cc1,1
CC(C)(C)c1ccc(S(=O)(=O)N[C@H]2CC[C@H](CCN3CCC(c4coc5ccccc45)CC3)CC2)cc1,1
O=C(NCCCCN1CCN(c2cccc3ccccc23)CC1)c1ccccc1,1
COc1cccc(C(=O)NCCCCN2CCN(c3cccc4ccccc34)CC2)c1,1
CN1CCOc2c(C(=O)NC[C@H]3CCCN3CCc3ccccc3)cc(Cl)cc21,1
CN1CCOc2c(C(=O)NC[C@@H]3CCCN3CCc3ccccc3)cc(Cl)cc21,1
COc1ccccc1N1CCN(CCCCc2cn(-c3ccc4c(c3)Cc3ccccc3-4)nn2)CC1,1
Clc1cccc(N2CCN(CCCCc3cn(-c4ccc5c(c4)Cc4ccccc4-5)nn3)CC2)c1Cl,1
COc1ccccc1N1CCN(CCCNC(=O)Cc2ccc3ccccc3c2)CC1,1
COc1ccc2cc([C@H](C)C(=O)NCCCN3CCN(c4ccccc4OC)CC3)ccc2c1,1
O=C(NC(c1ccc(F)cc1)c1ccc(Cl)cc1)C1CCN(CCOc2ccccc2)CC1,1
O=C(NC(c1ccc(Cl)cc1)c1ccccc1F)C1CCN(CCOc2ccccc2)CC1,1
CCCN[C@@H]1Cc2cccc3c2n(c(=O)n3CCCCCCOCCCCc2ccccc2)C1,1
O=C(NCCC(O)CN1CCN(c2cccc(Cl)c2Cl)CC1)c1ccc2c(c1)-c1ccccc1C2,1
O=C(NCCCCN1CCN(c2cccc(Cl)c2Cl)CC1)c1ccc2c(c1)-c1ccccc1C2,1
O=C1c2cccnc2CCN1CCN1CCC(c2noc3cc(F)ccc23)CC1,1
O=C1c2cccnc2CCN1CCN1CCC(c2noc3ccccc23)CC1,1
O=C(CCCN1CCN(c2ccccn2)CC1)c1ccc(F)cc1,1
O=C(CCCN1CCN(c2ccc(Cl)cn2)CC1)c1ccc(F)cc1,1
O=[N+]([O-])c1ccc(CCN2CCN(c3ccccc3)CC2)cc1[N+](=O)[O-],1
c1ccc(CCN2CCN(c3ccccc3)CC2)cc1,1
COc1cccc(CCN(C)CCN2CCN(c3cccc(Cl)c3)C2=O)c1,1
COc1ccc(CCN(C)CCN2CCN(c3cccc(Cl)c3)C2=O)cc1OC,1
COc1ccccc1N1CCN(C/C=C/CNC(=O)c2ccc3c(c2)Cc2ccccc2-3)CC1,1
O=C(NC/C=C/CN1CCN(c2cccc(Cl)c2Cl)CC1)c1ccc2c(c1)Cc1ccccc1-2,1
COc1ccccc1N1CCN(CCCCN2C(=O)c3ccccc3C2=O)CC1,1
O=C1c2ccccc2C(=O)N1CCCCN1CCN(c2cccc(Cl)c2Cl)CC1,1
Clc1cccc(N2CCN(CCCCc3cn(-c4ccc5[nH]ccc5c4)nn3)CC2)c1Cl,1
COc1ccccc1N1CCN(CCCCc2cn(-c3ccc4[nH]ccc4c3)nn2)CC1,1
O=S(=O)(N[C@H]1CC[C@H](CCN2CCN(c3cccc4c3OCO4)CC2)CC1)c1ccc(F)cc1,1
O=S(=O)(N[C@H]1CC[C@H](CCN2CCN(c3cccc4c3OCO4)CC2)CC1)c1ccccc1,1
CCOc1ccccc1N1CCN(CCC[C@@H]2CC(c3ccc(OC)c(OC)c3)=NO2)CC1,1
CCOc1ccccc1N1CCN(CCC[C@H]2CC(c3ccc(OC)c(OC)c3)=NO2)CC1,1
Cc1c(S(=O)(=O)NCCCCN2CCN(c3noc4ccccc34)CC2)sc2ccc(F)cc12,1
O=S(=O)(NCCCCN1CCN(c2noc3ccccc23)CC1)c1cc2ccc(Cl)cc2s1,1
FCCOc1ccccc1N1CCN(Cc2cc3ccccn3n2)CC1,1
COc1ccccc1N1CCN(Cc2cc3ccccn3n2)CC1,1
Cn1cc(/C=C/C(=O)N[C@H]2CC[C@H](CCN3CCc4nc(OCC(F)(F)F)sc4CC3)CC2)cn1,1
Cn1cc(/C=C/C(=O)N[C@H]2CC[C@](F)(CCN3CCc4nc(OCC(C)(F)F)sc4CC3)CC2)cn1,1
c1ccc(OC[C@@H]2CC[C@H]3CN(c4ccccc4)CCN3C2)cc1,1
Fc1ccc(OC[C@@H]2CC[C@H]3CN(c4ccc(F)cc4)CCN3C2)cc1,1
O=C(NCCCCN1CCN(c2cccc(Cl)c2Cl)CC1)c1cccc(F)n1,1
COc1ccccc1N1CCN(CCCCNC(=O)c2cccc(F)n2)CC1,1
OC1(c2ccc(Cl)cc2)CC2CCC(C1)N2CCCCc1nc2ccccc2s1,1
OC1(c2ccc(Cl)cc2)C[C@H]2CC[C@@H](C1)N2CCCCc1nc2ccccc2s1,1
COc1ccccc1N1CCCN(CCCCNC(=O)c2ccc(Br)s2)CC1,1
COc1ccccc1N1CCCN(CCCCNC(=O)c2ccc(C)s2)CC1,1
COc1ccccc1N1CCN(CCCN2C(=O)COc3ccccc32)CC1,1
O=C1COc2ccccc2N1CCCN1CCN(c2cccc(Cl)c2Cl)CC1,1
O=c1[nH]c2ccc(N3CCN(Cc4ccc(-c5ccccc5)cc4)CC3)cc2[nH]1,1
O=c1[nH]c2ccc(N3CCN(Cc4ccc(-c5ccc(F)cc5)cc4)CC3)cc2[nH]1,1
Cn1c(SCCCN2CC[C@]3(C[C@@H]3c3ccc(C(F)(F)F)cc3)C2)nnc1N1CCOCC1,1
Cn1c(SCCCN2CC[C@]3(CC3c3ccc(C(F)(F)F)cc3)C2)nnc1N1CCOCC1,1
COc1ccccc1N1CCN(CCC2CCc3ccc([N+](=O)[O-])cc3C2=O)CC1,1
COc1ccccc1N1CCN(CCC2CCc3ccc(N)cc3C2=O)CC1,1
CCCN(CCC)[C@H]1CCn2c(C=O)ccc2C1,1
CCCN(CCC)[C@H]1CCn2c(C#N)ccc2C1,1
O=C(CCCN1CCCN(c2ccc(Cl)cn2)CC1)c1ccc(F)cc1,1
O=C(CCCN1CCCN(c2ccccn2)CC1)c1ccc(F)cc1,1
c1ccc2c(N3CCN(CCCCOc4ccc5c(c4)CNC5)CC3)cccc2c1,1
Fc1ccc2cccc(N3CCN(CCCCOc4ccc5c(c4)CNC5)CC3)c2c1,1
CCN1[C@H](c2ccccc2)CC[C@H]1c1ccc(-c2cc(S(=O)(=O)CC)ccc2OC)[nH]1,1
CCN1[C@@H](c2ccc(-c3cc(S(=O)(=O)CC)ccc3OC)[nH]2)CC[C@H]1c1ccccc1,1
C[C@@H](O)[C@@H]1NC(=O)[C@H](CCCCN)NC(=O)[C@@H](Cc2c[nH]c3ccccc23)NC(=O)[C@H](Cc2ccncc2)NC(=O)[C@H](Cc2ccccc2)NC(=O)[C@H](CCCNC(=N)N)NC(=O)[C@H](NC[C@H](CCCCNC(=O)CSC[C@@H]2C[C@@H]3c4cccc5[nH]cc(c45)C[C@H]3N(C)C2)NC(=O)CSC[C@@H]2C[C@@H]3c4cccc5[nH]cc(c45)C[C@H]3N(C)C2)CCCCNC(=O)[C@H](Cc2ccccc2)NC1=O,1
C[C@@H](O)[C@@H]1NC(=O)[C@H](CCCCN)NC(=O)[C@@H](Cc2c[nH]c3ccccc23)NC(=O)[C@H](Cc2ccncc2)NC(=O)[C@H](Cc2ccccc2)NC(=O)[C@H](CCCNC(=N)N)NC(=O)[C@H](NC[C@H](CCCCNC(=O)CSC[C@@H]2C[C@@H]3c4cccc5[nH]cc(c45)C[C@H]3N(C)C2)NC(=O)CSC[C@@H]2C[C@@H]3c4cccc5[nH]cc(c45)C[C@H]3N(C)C2)CCCCNC(=O)[C@H](Cc2ccc(O)cc2)NC1=O,1
COc1ccccc1N1CCN(CCCn2cc(CCCN3CCc4cc(O)c(O)cc4C(c4cccc(C)c4)C3)nn2)CC1,1
COc1ccccc1N1CCN(CCCCNC(=O)c2cc3ccccc3[te]2)CC1,1
O=C(NCCCCN1CCN(c2cccc(Cl)c2Cl)CC1)c1cc2ccccc2[te]1,1
O=S(=O)(NCCCCN1CCN(c2cccc(Cl)c2Cl)CC1)c1ccc(F)cc1,1
COc1ccccc1N1CCN(CCCCNS(=O)(=O)c2ccc(F)cc2)CC1,1
CN(C)CCc1cc(O)c(O)c2c1CCc1ccccc1-2,1
COc1cc(CCN(C)C)c2c(c1OC)-c1ccccc1CC2,1
OC1(c2ccc(Cl)c(C(F)(F)F)c2)CCN(CCCC(c2ccccc2)c2ccccc2)CC1,1
OC1(c2ccc(Cl)c(C(F)(F)F)c2)CCN(CCCC(c2ccc(F)cc2)c2ccc(F)cc2)CC1,1
CN1CCN(C2=c3ccccc3=Nc3ccc(Cl)cc3N2)CC1,1
Clc1ccc2c(c1)NC(N1CCNCC1)=c1ccccc1=N2,1
O=C1c2cc([N+](=O)[O-])ccc2CCC1CCN1CCC(c2noc3cc(F)ccc23)CC1,1
Nc1ccc2c(c1)C(=O)C(CCN1CCC(c3noc4cc(F)ccc34)CC1)CC2,1
CCCN[C@@H]1Cc2cccc3c2n(c(=O)n3CCCCOCCCCc2ccccc2)C1,1
CN[C@@H]1Cc2cccc3c2n(c(=O)n3CCCCOCCCCc2ccccc2)C1,1
CCCCc1cc(-c2ccoc2)nc(N2CCN(C)CC2)n1,1
CCc1cc(-c2ccoc2)nc(N2CCN(C)CC2)n1,1
CCCN1CCN(c2ccc(O)c3c2OCC(=O)N3)CC1,1
CN1CCN(c2ccc(O)c3c2OCC(=O)N3)CC1,1
Oc1cccc(C2CCN(Cc3ccccc3)CC2)c1,1
CS(=O)(=O)c1cccc(C2CCN(Cc3ccccc3)CC2)c1,1
C[C@H]1CO[C@@H](c2ccc(N)nc2)CN1CCCCOc1ccc2c(c1)NC(=O)CC2,1
C[C@H]1COC(c2ccc(N)nc2)CN1CCCCOc1ccc2c(c1)NC(=O)CC2,1
O=c1[nH]c2ccc(C3CCN(Cc4ccc(-c5ccc(F)cc5)cc4)CC3)cc2[nH]1,1
O=c1[nH]c2ccc(C3CCN(Cc4ccc(-c5ccccc5)cc4)CC3)cc2[nH]1,1
C[C@@H](O)[C@@H]1NC(=O)[C@H](CCCCN)NC(=O)[C@@H](Cc2c[nH]c3ccccc23)NC(=O)[C@H](Cc2ccncc2)NC(=O)[C@H](Cc2ccccc2)NC(=O)[C@H](CCCNC(=N)N)NC(=O)[C@H](NCCSC[C@@H]2C[C@@H]3c4cccc5[nH]cc(c45)C[C@H]3N(C)C2)CCCCNC(=O)[C@H](Cc2ccc(O)cc2)NC1=O,1
C[C@@H](O)[C@@H]1NC(=O)[C@H](CCCCN)NC(=O)[C@@H](Cc2c[nH]c3ccccc23)NC(=O)[C@H](Cc2ccncc2)NC(=O)[C@H](Cc2ccccc2)NC(=O)[C@H](CCCNC(=N)N)NC(=O)[C@H](NCCSC[C@@H]2C[C@@H]3c4cccc5[nH]cc(c45)C[C@H]3N(C)C2)CCCCNC(=O)[C@H](Cc2ccccc2)NC1=O,1
O=c1ccc2ccc(OC/C=C/CN3CCN4c5cccc6[nH]cc(c56)CC4C3)cc2[nH]1,1
Cn1cc2c3c(cccc31)N1CCN(C/C=C/COc3ccc4ccc(=O)[nH]c4c3)CC1C2,1
OC1(c2ccc(Cl)cc2)C[C@H]2CC[C@@H](C1)N2CCCCc1ccc(F)cc1,1
OC1(c2ccc(Cl)cc2)CC2CCC(C1)N2CCCCc1ccc(F)cc1,1
O=C(N[C@H]1CC[C@H](CCN2CCC(c3nocc3-c3ccccc3)CC2)CC1)c1cccc2ncccc12,1
O=C(N[C@H]1CC[C@H](CCN2CCC(c3nocc3-c3cccc(F)c3)CC2)CC1)c1cccc2ncccc12,1
O=C(NCCCCN1CCN(c2cccc(Cl)c2Cl)CC1)c1ccc(I)s1,1
COc1ccccc1N1CCN(CCCCNC(=O)c2ccc(I)s2)CC1,1
CCCCc1ccc(S(=O)(=O)Nc2ccc3c(c2)CCN(C)CC3)cc1,1
CCCCc1ccc(S(=O)(=O)Nc2ccc3c(c2)CCNCC3)cc1,1
CC1(C)[C@H]2CC[C@]1(C)CN(CCN1CCN(c3cccc(Cl)c3)C1=O)C2,1
COCC1[C@@H]2CC[C@H]1CN(CCN1CCN(c3cccc(Cl)c3)C1=O)C2,1
C[C@@H](O)[C@@H]1NC(=O)[C@H](CCCCN)NC(=O)[C@@H](Cc2c[nH]c3ccccc23)NC(=O)[C@H](Cc2ccncc2)NC(=O)[C@H](Cc2ccccc2)NC(=O)[C@H](CCCNC(=N)N)NC(=O)[C@H](NCC[S@@+]([O-])C[C@@H]2C[C@@H]3c4cccc5[nH]cc(c45)C[C@H]3N(C)C2)CCCCNC(=O)[C@H](Cc2ccc(O)cc2)NC1=O,1
C[C@@H](O)[C@@H]1NC(=O)[C@H](CCCCN)NC(=O)[C@@H](Cc2c[nH]c3ccccc23)NC(=O)[C@H](Cc2ccncc2)NC(=O)[C@H](Cc2ccccc2)NC(=O)[C@H](CCCNC(=N)N)NC(=O)[C@H](NCC[S@+]([O-])C[C@@H]2C[C@@H]3c4cccc5[nH]cc(c45)C[C@H]3N(C)C2)CCCCNC(=O)[C@H](Cc2ccc(O)cc2)NC1=O,1
COc1ccccc1N1CCN(CCCCc2cn(-c3ccc4ccccc4c3)nn2)CC1,1
Clc1cccc(N2CCN(CCCCc3cn(-c4ccc5ccccc5c4)nn3)CC2)c1Cl,1
COc1ccccc1N1CCN(Cc2cnn(-c3ccccn3)c2)CC1,1
c1ccc(N2CCN(Cc3cnn(-c4ccccn4)c3)CC2)cc1,1
COc1ccccc1C1CCN(CNC(=O)c2cccc(C)c2)CC1,1
Cc1cccc(C(=O)NCN2CCC(c3ccccc3)CC2)c1,1
CCCN(CCC)C1Cc2cc3nc(N)sc3cc2C1,1
CCN[C@@H]1Cc2cc3nc(N)sc3cc2C1,1
Fc1ccc2cccc(N3CCN(CCCOc4ccc5c(c4)CNC5)CC3)c2c1,1
c1ccc2c(N3CCN(CCCOc4ccc5c(c4)CNC5)CC3)cccc2c1,1
CC(C)Oc1ccccc1N1CCN([C@H]2CC[C@@H](NS(=O)(=O)Cc3ccccc3)CC2)CC1,1
CC(C)Oc1ccccc1N1CCN([C@H]2CC[C@H](NS(=O)(=O)Cc3ccccc3)CC2)CC1,1
O=Cc1cnn2cccc(OCCCCN3CCN(c4cccc(Cl)c4Cl)CC3)c12,1
Clc1cccc(N2CCN(CCCCOc3cccn4nccc34)CC2)c1Cl,1
O=S(=O)(N[C@H]1CC[C@H](N2CCC(c3ccccc3OCC(F)(F)F)CC2)CC1)c1ccc2c(c1)OCCO2,1
O=S(=O)(N[C@H]1CC[C@@H](N2CCC(c3ccccc3OCC(F)(F)F)CC2)CC1)c1ccc2c(c1)OCCO2,1
C[C@@H](O)[C@@H]1NC(=O)[C@H](CCCCN)NC(=O)[C@@H](Cc2c[nH]c3ccccc23)NC(=O)[C@H](Cc2ccncc2)NC(=O)[C@H](Cc2ccccc2)NC(=O)[C@H](CCCNC(=N)N)NC(=O)[C@H](NC[C@H](CCCCNC(=O)C[S+]([O-])C[C@@H]2C[C@@H]3c4cccc5[nH]cc(c45)C[C@H]3N(C)C2)NC(=O)C[S+]([O-])C[C@@H]2C[C@@H]3c4cccc5[nH]cc(c45)C[C@H]3N(C)C2)CCCCNC(=O)[C@H](Cc2ccc(O)cc2)NC1=O,1
C[C@@H](O)[C@@H]1NC(=O)[C@H](CCCCN)NC(=O)[C@@H](Cc2c[nH]c3ccccc23)NC(=O)[C@H](Cc2ccncc2)NC(=O)[C@H](Cc2ccccc2)NC(=O)[C@H](CCCNC(=N)N)NC(=O)[C@H](NC[C@H](CCCCNC(=O)C[S+]([O-])C[C@@H]2C[C@@H]3c4cccc5[nH]cc(c45)C[C@H]3N(C)C2)NC(=O)C[S+]([O-])C[C@@H]2C[C@@H]3c4cccc5[nH]cc(c45)C[C@H]3N(C)C2)CCCCNC(=O)[C@H](Cc2ccccc2)NC1=O,1
N#Cc1cccc([C@@H]2CCCN(CCc3ccccc3)C2)c1,1
O=S(=O)(Oc1cccc([C@@H]2CCCN(CCc3ccccc3)C2)c1)C(F)(F)F,1
OC1(c2ccc(Cl)cc2)C[C@H]2CC[C@@H](C1)N2CCCOc1ccc(F)cc1,1
OC1(c2ccc(Cl)cc2)CC2CCC(C1)N2CCCOc1ccc(F)cc1,1
OC1(c2ccc(Cl)cc2)CCN(CCCCCc2ccc(F)cc2)CC1,1
OC1(c2ccc(Cl)c(C(F)(F)F)c2)CCN(CCCCCc2ccc(F)cc2)CC1,1
CCN1C(=O)C(N2CCN(Cc3ccc(Cl)cc3)CC2)Cc2ccccc21,1
CN1C(=O)C(N2CCN(Cc3ccc(Cl)cc3)CC2)Cc2ccccc21,1
O=C(NCCCCN1CCN(c2cccc(Cl)c2Cl)CC1)c1ccc(F)nc1,1
COc1ccccc1N1CCN(CCCCNC(=O)c2ccc(F)nc2)CC1,1
CCCN(CCC)C1CCc2sccc2C1,1
CCCN(CCC)C1CCc2ccsc2C1,1
O=C(NCCN1CCC(c2cccc(C(F)(F)F)n2)CC1)C1CCOC1,1
Cc1cccc(C2CCN(CCNC(=O)C3CCOC3)CC2)n1,1
O=S(=O)(N[C@@H]1CCN(CCCc2noc3ccccc23)C1)c1cccc2ccccc12,1
O=S(=O)(N[C@H]1CCN(CCCc2noc3ccccc23)C1)c1cccc2ccccc12,1
CO/N=C(/CCN1CCC(c2ccccn2)CC1)c1ccc(Cl)cc1,1
CO/N=C(\CCN1CCC(c2ccccn2)CC1)c1ccc(Cl)cc1,1
O=S(=O)(c1cncc2ccccc12)N1CCC[C@H]1CCN1CCN(c2cccc3c2OCCO3)CC1,1
O=S(=O)(c1cncc2ccccc12)N1CCC[C@@H]1CCN1CCN(c2cccc3c2OCCO3)CC1,1
COc1ccccc1N1CCN(CCC2CCc3ccc([N+](=O)[O-])cc3C2O)CC1,1
COc1ccccc1N1CCN(CCC2CCc3ccc(N)cc3C2O)CC1,1
O=c1[nH]c2ccc(C3CCN(Cc4cncc(-c5ccccc5)c4)CC3)cc2[nH]1,1
O=c1[nH]c2ccc(C3CCN(Cc4cncc(-c5ccc(F)cc5)c4)CC3)cc2[nH]1,1
CCCN[C@@H]1Cc2cccc3c2n(c(=O)n3CCCCNC(=O)c2cc3ccccc3[nH]2)C1,1
CCCN(CCC)[C@@H]1Cc2cccc3c2n(c(=O)n3CCCCNC(=O)c2cc3ccccc3[nH]2)C1,1
CC(C)c1ccccc1OCCN1CCC(N(CC2CC2)S(=O)(=O)c2cnn(C)c2)CC1,1
Cn1cc(S(=O)(=O)N(CC2CC2)C2CCN(CCOc3ccccc3C(C)(C)C)CC2)cn1,1
COc1ccccc1N1CCN(CCCCNC(=O)c2cccc3c2-c2ccccc2C3=O)CC1,1
O=C(NCCCCN1CCN(c2cccc(Cl)c2Cl)CC1)c1cccc2c1-c1ccccc1C2=O,1
O=C1NCN(c2ccccc2)C12CCN(CCCCc1nc3cc(Cl)ccc3s1)CC2,1
O=C1NCN(c2ccccc2)C12CCN(CCCCc1nc3ccccc3s1)CC2,1
O=C(NCCCCN1CCN(c2ccccc2OCCF)CC1)c1ccc2nonc2c1,1
COc1ccccc1N1CCN(CCCCNC(=O)c2ccc3nonc3c2)CC1,1
CC(=O)N1CCC(C)c2c(C)ccc(CCN3CCN(c4noc5ccccc45)CC3)c21,1
CC(=O)N1CCC(C)c2cc(F)cc(CCN3CCN(c4noc5ccccc45)CC3)c21,1
COc1ccccc1N1CCN(Cc2cc(CN3CCN(c4ccccc4OC)CC3)c3cccccc2-3)CC1,1
COc1ccccc1N1CCN(Cc2cc(CN3CCN(c4ccc(Cl)cc4)CC3)c3cccccc2-3)CC1,1
O=C(CCCN1CCC(c2cc3ccc2CCc2ccc(cc2)CC3)CC1)c1cc2ccc1CCc1ccc(cc1)CC2,1
O=C(CCCN1CCC(O)(c2cc3ccc2CCc2ccc(cc2)CC3)CC1)c1cc2ccc1CCc1ccc(cc1)CC2,1
O=C(NCCCCN1CCN(c2cccc(Cl)c2Cl)CC1)c1cn(-c2ccc([N+](=O)[O-])cc2)nn1,1
COc1ccc(-n2cc(C(=O)NCCCCN3CCN(c4cccc(Cl)c4Cl)CC3)nn2)cc1,1
O=C(NCCCCN1CCN(c2cccc3ccccc23)CC1)c1cnc2ccccc2c1,1
O=C(NCCC(O)CN1CCN(c2cccc3ccccc23)CC1)c1cnc2ccccc2c1,1
CN1CCc2ccc(OCCCN3CCN(c4cccc5sccc45)CC3)cc2C1=O,1
O=C1NCCc2ccc(OCCCN3CCN(c4cccc5sccc45)CC3)cc21,1
O=S(=O)(NCCCCN1CCN(c2noc3ccccc23)CC1)c1ccc2ccccc2c1,1
O=S(=O)(NCCCCN1CCN(c2noc3ccccc23)CC1)c1ccc2cc(Cl)ccc2c1,1
O=Cc1cnn2c(OCCCCN3CCN(c4cccc(Cl)c4Cl)CC3)cccc12,1
Clc1cccc(N2CCN(CCCCOc3cccc4ccnn34)CC2)c1Cl,1
O=S(=O)(NCCCN1CCN(c2noc3ccccc23)CC1)c1cc2ccccc2s1,1
O=S(=O)(NCCCN1CCN(c2noc3ccccc23)CC1)c1cc2ccc(Cl)cc2s1,1
OC1(c2ccc(I)cc2)CCN(Cc2cc3ccccc3o2)CC1,1
OC1(c2ccc(Br)cc2)CCN(Cc2cc3ccccc3o2)CC1,1
Cc1ccc(C)c(N2CCN(CCCC(=O)c3ccc(F)cc3)CC2)c1,1
O=C(CCCN1CCN(c2ccc(Cl)cc2)CC1)c1ccc(F)cc1,1
O=C(NCCCCN1CCN(c2cccc3ccccc23)CC1)c1cc2ccccc2[nH]1,1
COc1ccc2[nH]c(C(=O)NCCCCN3CCN(c4cccc5ccccc45)CC3)cc2c1,1
CN1CCC2C=C(O)C(O)=C3C(c4ccccc4)CC1C32,1
C=CCN1CCC2C=C(O)C(O)=C3C(c4ccccc4)CC1C32,1
O=c1[nH]c2ccc(N3CCN(Cc4cncc(-c5ccccc5)c4)CC3)cc2[nH]1,1
O=c1[nH]c2ccc(N3CCN(Cc4cncc(-c5ccc(F)cc5)c4)CC3)cc2[nH]1,1
COc1ccc2[nH]cc(CN3CCC(n4c(=O)[nH]c5ccccc54)CC3)c2c1,1
COc1cccc2[nH]cc(CN3CCC(n4c(=O)[nH]c5ccccc54)CC3)c12,1
O=S(=O)(c1cncc2ccccc12)N1CCC[C@@H]1CCN1CC=C(c2c[nH]c3ccc(Cl)cc23)CC1,1
O=S(=O)(c1cncc2ccccc12)N1CCC[C@H]1CCN1CC=C(c2c[nH]c3ccc(Cl)cc23)CC1,1
O=S(=O)(c1cccc2ncccc12)N1CCC[C@@H]1CCN1CCN(c2cccc3c2OCCO3)CC1,1
O=S(=O)(c1cccc2ncccc12)N1CCC[C@H]1CCN1CCN(c2cccc3c2OCCO3)CC1,1
COc1ccccc1N1CCN(CCCCNC(=O)c2ccc(-c3ccc(F)nc3)cc2)CC1,1
O=C(NCCCCN1CCN(c2cccc(Cl)c2Cl)CC1)c1ccc(-c2cccnc2)cc1,1
CCCCn1cc(CCCOc2ccc(CN3CCN(c4ccccc4OC)CC3)cc2OC)nn1,1
CCOCCn1cc(CCCOc2ccc(CN3CCN(c4ccccc4OC)CC3)cc2OC)nn1,1
CCCCN1CCC[C@H]1CNC(=O)c1cc(Cl)cc2c1OCCN2C,1
CCCCN1CCC[C@@H]1CNC(=O)c1cc(Cl)cc2c1OCCN2C,1
OC1(c2ccc(Cl)cc2)CC2CCC(C1)N2Cc1coc2ccc3ccccc3c12,1
O[C@@]1(c2ccc(Cl)cc2)C[C@H]2CC[C@@H](C1)N2Cc1coc2ccc3ccccc3c12,1
OC1(c2ccc(Cl)cc2)CCN(CC/C=C/c2ccc(F)cc2)CC1,1
OC1(c2ccc(Cl)cc2)CCN(CC/C=C\c2ccc(F)cc2)CC1,1
O=S(=O)(c1cccc2ncccc12)N1CCC[C@H]1CCN1CC=C(c2c[nH]c3ccc(Cl)cc23)CC1,1
O=S(=O)(c1cccc2ncccc12)N1CCC[C@@H]1CCN1CC=C(c2c[nH]c3ccc(Cl)cc23)CC1,1
OC(CCCN1CCN2c3cccc4[nH]cc(c34)CC2C1)c1ccc(F)cc1,1
Cn1cc2c3c(cccc31)N1CCN(CCCC(O)c3ccc(F)cc3)CC1C2,1
CN(C[C@@H]1C[C@H]1CCNC(=O)c1cc2ccccc2[nH]1)[C@@H]1Cc2cccc3[nH]c(=O)n(c23)C1,1
CN(C[C@H]1C[C@@H]1CCNC(=O)c1cc2ccccc2[nH]1)[C@@H]1Cc2cccc3[nH]c(=O)n(c23)C1,1
Clc1cccc(N2CCN(CCCCOc3cc4ccccn4n3)CC2)c1Cl,1
O=Cc1c(OCCCCN2CCN(c3cccc(Cl)c3Cl)CC2)nn2ccccc12,1
Cn1ccc2c(S(=O)(=O)N[C@@H]3CCN(CCCc4noc5ccccc45)C3)cccc21,1
Cn1ccc2c(S(=O)(=O)N[C@H]3CCN(CCCc4noc5ccccc45)C3)cccc21,1
CS(=O)(=O)Nc1cccc(OCCN2CCC(Cc3ccc4c(c3)NC(=O)CC4)CC2)c1,1
CS(=O)(=O)Nc1cc(OCCN2CCC(Cc3ccc4c(c3)NC(=O)CC4)CC2)ccc1F,1
CS(=O)(=O)Nc1cc(OCCN2CCC(Oc3ccc4c(c3)NC(=O)CC4)CC2)ccc1F,1
CS(=O)(=O)Nc1cccc(OCCN2CCC(Oc3ccc4c(c3)NC(=O)CC4)CC2)c1,1
Cn1c(=O)c2c(nc3n(CCCCCN4CCN(c5ccc(Cl)cc5)CC4)c(-c4ccccc4)cn23)n(C)c1=O,1
Cn1c(=O)c2c(nc3n(CCCCCN4CCN(c5ccccc5O)CC4)c(-c4ccccc4)cn23)n(C)c1=O,1
Cc1c(S(=O)(=O)NCCCN2CCN(c3nsc4ccccc34)CC2)sc2ccc(F)cc12,1
O=S(=O)(NCCCN1CCN(c2nsc3ccccc23)CC1)c1cc2ccccc2s1,1
O=S(=O)(c1cccc2ncccc12)N1CCC[C@@H]1CCN1CCN(c2cccc3[nH]ccc23)CC1,1
O=S(=O)(c1cccc2ncccc12)N1CCC[C@H]1CCN1CCN(c2cccc3[nH]ccc23)CC1,1
FC1(F)Oc2cccc(CN3CCN(C4=Nc5cc(Cl)ccc5Nc5ccccc54)CC3)c2O1,1
Clc1ccc2c(c1)N=C(N1CCN(Cc3cccc4c3OCO4)CC1)c1ccccc1N2,1
O=C1Cc2c(cccc2N2CCN(Cc3ccccc3)CC2)N1,1
O=C1Cc2c(ccc(Cl)c2N2CCN(Cc3ccccc3)CC2)N1,1
Nc1nc(N)nc(NCCCCCN2CCN(c3cccc(Cl)c3Cl)CC2)n1,1
COc1ccccc1N1CCN(CCCCCNc2nc(N)nc(N)n2)CC1,1
O=C(CCCN1CCC(C(O)c2ccc(Cl)cc2)CC1)c1ccc(F)cc1,1
O=C(CCCN1CCC(O)(Cc2ccc(Cl)cc2)CC1)c1ccc(F)cc1,1
CC1CCN(CCc2ccc(OCCCN3CCC(c4noc5cc(F)ccc45)CC3)cc2)CC1,1
Fc1ccc2c(C3CCN(CCCOc4ccc(CCN5CCCCC5)cc4)CC3)noc2c1,1
Clc1cccc(N2CCN(CCCCc3cn(-c4ccn5nccc5c4)nn3)CC2)c1Cl,1
O=Cc1cnn2ccc(-n3cc(CCCCN4CCN(c5cccc(Cl)c5Cl)CC4)nn3)cc12,1
C=CCN1CCC[C@H]1CNC(=O)c1cc(CCCSC2CC(=O)N(CCCCCC(=O)NCCOCCOCCOCCOCCC(N)=O)C2=O)cc(OC)c1OC,1
C=CCN1CCC[C@H]1CNC(=O)c1cc(CCCSC2CC(=O)N(CCCCCC(=O)N[C@@H](CCCNC(=N)N)C(=O)N[C@@H](CCCCN)C(=O)N[C@@H](CCCCN)C(=O)N[C@@H](CCCNC(=N)N)C(=O)N[C@@H](CCCNC(=N)N)C(=O)N[C@@H](CCC(N)=O)C(=O)N[C@@H](CCCNC(=N)N)C(=O)N[C@@H](CCCNC(=N)N)C(=O)N[C@@H](CCCNC(=N)N)C(=O)O)C2=O)cc(OC)c1OC,1
Cc1cccc(C2CCN(CCNC(=O)C3CC4CCC3O4)CC2)n1,1
O=C(NCCN1CCC(c2cccc(C(F)(F)F)n2)CC1)[C@H]1C[C@@H]2CC[C@H]1O2,1
CN1CN(c2ccccc2)C2(CCN(Cc3coc4ccccc34)CC2)C1=O,1
O=C1N(CCF)CN(c2ccccc2)C12CCN(Cc1coc3ccccc13)CC2,1
CS(=O)(=O)Nc1cc(OCCN2CC3CCC(C2)C3Cc2ccc3c(c2)NC(=O)CC3)ccc1F,1
CS(=O)(=O)Nc1cccc(OCCN2CC3CCC(C2)C3Cc2ccc3c(c2)NC(=O)CC3)c1,1
CSc1cc2c(c(C(=O)NC[C@H]3CCCN3CCc3ccccc3)c1)OCC2,1
COc1cc2c(c(C(=O)NC[C@@H]3CCCN3CCc3ccccc3)c1)OCC2,1
O=S(=O)(c1cncc2ccccc12)N1CCC[C@@H]1CCN1CCN(c2cccc3sccc23)CC1,1
O=S(=O)(c1cncc2ccccc12)N1CCC[C@H]1CCN1CCN(c2cccc3sccc23)CC1,1
CCc1cccc(N2CCN(CCCCCNC(=O)c3cn4ccccc4n3)CC2)c1Cl,1
CCc1cccc(N2CCN(CCC(O)CCNC(=O)c3cn4ccccc4n3)CC2)c1Cl,1
O[C@@]1(c2ccc(Cl)cc2)C[C@H]2CC[C@@H](C1)N2Cc1coc2c1ccc1ccccc12,1
OC1(c2ccc(Cl)cc2)CC2CCC(C1)N2Cc1coc2c1ccc1ccccc12,1
Cc1ncoc1-c1nnc(SCCCN2CCC[C@]3(C[C@H]3c3ccc(C(F)(F)F)cc3)C2)n1C,1
Cc1ncoc1-c1nnc(SCCCN2CCC[C@@]3(C[C@@H]3c3ccc(C(F)(F)F)cc3)C2)n1C,1
COc1ccccc1N1CCN(CCc2ccc3[nH]nnc3c2)CC1,1
Cc1cccc(N2CCN(CCc3ccc4[nH]nnc4c3)CC2)c1C,1
Oc1ccc2c(c1)O[C@@H](CNCCN1CCN(c3ccc(OCCF)cc3)CC1)CC2,1
Oc1ccc2c(c1)O[C@@H](CNCCN1CCN(c3ccc(I)cc3)CC1)CC2,1
CCCN(CCC)C1CCc2nc(N)ccc2C1,1
CCCN(CCC)C1CCc2ncccc2C1,1
O=c1[nH]c2c(N3CCN(CC[C@@H]4CCCN4S(=O)(=O)c4cncc5ccccc45)CC3)cccc2o1,1
O=c1[nH]c2c(N3CCN(CC[C@H]4CCCN4S(=O)(=O)c4cncc5ccccc45)CC3)cccc2o1,1
O=S(=O)(c1cccc2cnccc12)N1CCC[C@H]1CCN1CCN(c2cccc3sccc23)CC1,1
O=S(=O)(c1cccc2cnccc12)N1CCC[C@@H]1CCN1CCN(c2cccc3sccc23)CC1,1
Nc1nc(N)nc(NCCCCCCN2CCN(c3cccc(Cl)c3Cl)CC2)n1,1
COc1ccccc1N1CCN(CCCCCCNc2nc(N)nc(N)n2)CC1,1
CCCN(CCCCN1C(=O)CC2(CCCC2)CC1=O)[C@@H]1CCc2c(F)cccc2C1,1
O=C1CC2(CCCC2)CC(=O)N1CCCCN[C@@H]1CCc2c(F)cccc2C1,1
COc1ccccc1N1CCN(CCCOc2ccc3c(c2)NC(=O)CC3)CC1,1
O=C1CCc2ccc(OCCCN3CCN(c4cccc(Cl)c4Cl)CC3)cc2N1,1
O=C(N[C@H]1CC[C@H](CCN2CCN(c3cccc(Cl)c3Cl)CC2)CC1)c1ccccc1,1
O=C(NC1CCC(CCN2CCN(c3cccc(Cl)c3Cl)CC2)CC1)c1ccccc1,1
COc1cccc(CC(=O)N2CCC(C)c3cccc(CCN4CCN(c5nsc6ccccc56)CC4)c32)c1,1
COc1cccc(OC)c1CC(=O)N1CCC(C)c2cccc(CCN3CCN(c4nsc5ccccc45)CC3)c21,1
O=S(=O)(c1cccc2ncccc12)N1CCC[C@@H]1CCN1CCN(c2cccc3sccc23)CC1,1
O=S(=O)(c1cccc2ncccc12)N1CCC[C@H]1CCN1CCN(c2cccc3sccc23)CC1,1
Cn1c(=O)c2c(nc3n(CCCCN4CCN(c5ccccc5O)CC4)c(-c4ccccc4)cn23)n(C)c1=O,1
Cn1c(=O)c2c(nc3n(CCCCN4CCN(c5ccc(Cl)cc5)CC4)c(-c4ccccc4)cn23)n(C)c1=O,1
C#CC1=CC[C@@H](N(CCC)CCCCNC(=O)c2cc3ccccn3n2)CC1,1
C#CC1=CC[C@H](N(CCC)CCCCNC(=O)c2cc3ccccn3n2)CC1,1
CCCN[C@H]1CCC2N=C(N)SC2C1,1
CCCN[C@@H]1CCC2N=C(N)SC2C1,1
CN1CCc2cc(-c3ccc(O)cc3)cc3c2[C@H]1Cc1ccc(O)c(O)c1-3,1
CN1CCc2cc(-c3ccccc3)cc3c2[C@H]1Cc1ccc(O)c(O)c1-3,1
CC1CCN(CCCC(=O)c2ccc(F)cc2)CC1,1
CCCCC1CCN(CCCC(=O)c2ccccc2C)CC1,1
S=c1[nH]c2cccc(OCCNCc3ccccc3)c2[nH]1,1
S=c1[nH]c2cc(Cl)cc(OCCNCc3ccccc3)c2[nH]1,1
O=S(=O)(c1cncc2ccccc12)N1CCC[C@@H]1CCN1CCN(c2cccc3[nH]ccc23)CC1,1
O=S(=O)(c1cncc2ccccc12)N1CCC[C@H]1CCN1CCN(c2cccc3[nH]ccc23)CC1,1
CN(C)CC/C=C1/c2ccccc2Sc2ccc(Cl)cc21,1
CN(C)CC/C=C1\c2ccccc2Sc2ccc(Cl)cc21,1
C[C@H]1CN(CC[C@H]2CC[C@H](NC(=O)Nc3ccccc3)CC2)CCc2ccc(Cl)cc21,1
C[C@H]1CN(CC[C@H]2CC[C@H](NC(=O)N(C)c3ccccc3)CC2)CCc2ccc(Cl)cc21,1
O=c1[nH]c2cc(Cl)cc(OCCNCc3ccccc3)c2[nH]1,1
O=c1[nH]c2cccc(OCCNCc3ccccc3)c2[nH]1,1
O=S(=O)(NCCCN1CCN(c2nsc3ccccc23)CC1)c1ccc2ccccc2c1,1
O=S(=O)(NCCCN1CCN(c2nsc3ccccc23)CC1)c1ccc2cc(Cl)ccc2c1,1
O=C(NC[C@H]1CC[C@H](CN2CCN(c3nsc4cc(Cl)ccc34)CC2)CC1)c1ccco1,1
O=C(NC[C@H]1CC[C@H](CN2CCN(c3nsc4ccccc34)CC2)CC1)c1ccco1,1
OC1(c2ccc(Cl)cc2)CCN(CCCSc2ccc(F)cc2)CC1,1
Fc1ccc(SCCCN2CCC(c3ccc(Cl)cc3)CC2)cc1,1
CN(CC[C@@H]1CC[C@H](CNC(=O)c2cc3ccccc3[nH]2)C1)[C@@H]1Cc2cccc3[nH]c(=O)n(c23)C1,1
CN(CC[C@@H]1CC[C@@H](CNC(=O)c2cc3ccccc3[nH]2)C1)[C@@H]1Cc2cccc3[nH]c(=O)n(c23)C1,1
C#CC1=CC[C@@H](N(CCC)CCCCNC(=O)c2cc3ccccc3s2)CC1,1
C#CC1=CC[C@H](N(CCC)CCCCNC(=O)c2cc3ccccc3s2)CC1,1
COc1ccccc1N1CCN(CCCCCCn2c(=O)n3c4c(cccc42)CCC3)CC1,1
O=c1n(CCCCCCN2CCN(c3cccc(Cl)c3)CC2)c2cccc3c2n1CCC3,1
CN1CC2c3ccccc3Oc3ccc(Cl)cc3C2C1,1
CN1C[C@@H]2c3ccccc3Oc3ccc(Cl)cc3[C@H]2C1,1
CCc1cc(Cl)c(OC)c(C(=O)NC[C@@H]2C[C@@H](OCCCCNC(=O)c3cc4ccccc4[nH]3)CN2CC)c1O,1
CCc1cc(Cl)c(OC)c(C(=O)NC[C@@H]2C[C@@H](OCCCCNC(=O)c3cc4ccccc4[nH]3)CN2)c1O,1
CCc1cc(Cl)c(OC)c(C(=O)NC[C@@H]2C[C@@H](OCCCCOc3ccc4c(c3)NC(=O)CC4)CN2)c1O,1
CCCN1C[C@H](OCCCCOc2ccc3c(c2)NC(=O)CC3)C[C@H]1CNC(=O)c1c(O)c(CC)cc(Cl)c1OC,1
O=S(=O)(c1cccc2ncccc12)N1CCC[C@H]1CCN1CCC(c2noc3cc(F)ccc23)CC1,1
O=S(=O)(c1cccc2ncccc12)N1CCC[C@@H]1CCN1CCC(c2noc3cc(F)ccc23)CC1,1
C#CC1=CC[C@@H](N(CCC)CCCCNC(=O)c2ccc(OCCCc3cn(CCCC)nn3)c(OC)c2)CO1,1
C#CC1=CC[C@H](N(CCC)CCCCNC(=O)c2ccc(OCCCc3cn(CCCC)nn3)c(OC)c2)CO1,1
OC1(c2ccc(Cl)cc2)CCN(CC[C@H]2C[C@@H]2c2ccc(F)cc2)CC1,1
OC1(c2ccc(Cl)cc2)CCN(CC[C@H]2C[C@H]2c2ccc(F)cc2)CC1,1
O=C1[C@@H]2[C@H]3CC[C@H](C3)[C@@H]2C(=O)N1C[C@@H]1CCCC[C@H]1CN1CCN(c2nsc3ccccc23)CC1,1
O=C1C2C3CCC(C3)C2C(=O)N1CC1CCCCC1CN1CCN(c2nsc3ccccc23)CC1,1
OC1(c2ccc(Cl)cc2)CCN(CCCOc2ccc(F)cc2)CC1,1
Fc1ccc(OCCCN2CCC(c3ccc(Cl)cc3)CC2)cc1,1
O=C(NCc1ccccc1)N[C@H]1CC[C@@H](CCN2CCN(c3nsc4ccccc34)CC2)CC1,1
O=C(NCc1ccccc1)N[C@H]1CC[C@H](CCN2CCN(c3nsc4ccccc34)CC2)CC1,1
O=S(=O)(NCCCN1CCC(c2noc3cc(F)ccc23)CC1)c1ccc2ccccc2c1,1
O=S(=O)(NCCCN1CCC(c2noc3cc(F)ccc23)CC1)c1ccc2cc(Cl)ccc2c1,1
O=S(=O)(NCCCCN1CCC(c2noc3cc(F)ccc23)CC1)c1ccc2cc(Cl)ccc2c1,1
O=S(=O)(NCCCCN1CCC(c2noc3cc(F)ccc23)CC1)c1ccc2ccccc2c1,1
COc1ccc(-n2cc(CCCC(=O)NCCCCN3CCN(c4cccc(Cl)c4Cl)CC3)nn2)cc1,1
O=C(CCCc1cn(-c2ccc([N+](=O)[O-])cc2)nn1)NCCCCN1CCN(c2cccc(Cl)c2Cl)CC1,1
O=C(N[C@H]1CC[C@@H](CCN2CCN(c3nsc4ccccc34)CC2)CC1)OCc1ccccc1,1
O=C(N[C@H]1CC[C@H](CCN2CCN(c3nsc4ccccc34)CC2)CC1)OCc1ccccc1,1
CCc1cc(Cl)c(OC)c(C(=O)NC[C@@H]2C[C@@H](OCCCCNC(=O)c3cc4ccccc4o3)CN2CC)c1O,1
CCc1cc(Cl)c(OC)c(C(=O)NC[C@@H]2C[C@@H](OCCCCNC(=O)c3cc4ccccc4o3)CN2)c1O,1
Cn1ccc2cc(S(=O)(=O)N[C@@H]3CCN(CCCc4noc5ccccc45)C3)ccc21,1
Cn1ccc2cc(S(=O)(=O)N[C@H]3CCN(CCCc4noc5ccccc45)C3)ccc21,1
O=S(=O)(NCCCCN1CCN(c2nsc3ccccc23)CC1)c1ccc2ccccc2c1,1
O=S(=O)(NCCCCN1CCN(c2nsc3ccccc23)CC1)c1ccc2cc(Cl)ccc2c1,1
O=C(Nc1ccco1)N[C@H]1CC[C@H](CCN2CCN(c3nsc4ccccc34)CC2)CC1,1
O=C(Nc1ccco1)N[C@H]1CC[C@@H](CCN2CCN(c3nsc4ccccc34)CC2)CC1,1
O=S(=O)(c1cccc2ncccc12)N1CCC[C@@H]1CCN1CCN(c2nsc3ccccc23)CC1,1
O=S(=O)(c1cccc2ncccc12)N1CCC[C@H]1CCN1CCN(c2nsc3ccccc23)CC1,1
COc1nc2sc(C(=O)NCCCCCCN3CCC(c4ccc(Cl)cc4)CC3)c(N)c2c(C)c1Cl,1
Cc1cc(C)c2c(N)c(C(=O)NCCCCCCN3CCC(O)(c4ccc(Cl)cc4)CC3)sc2n1,1
O=S(=O)(N[C@H]1CC[C@H](CCN2CCN(c3nsc4ccccc34)CC2)CC1)c1cc2ccccc2o1,1
O=S(=O)(N[C@H]1CC[C@@H](CCN2CCN(c3nsc4ccccc34)CC2)CC1)c1cc2ccccc2o1,1
C#CC1=CC[C@H](N(CCC)CCCCNC(=O)c2cnn3ccccc23)CC1,1
C#CC1=CC[C@@H](N(CCC)CCCCNC(=O)c2cnn3ccccc23)CC1,1
C#CC1=CC[C@@H](N(CCC)CCCCNC(=O)c2ccc(OCCCc3cnn(CCCC)n3)c(OC)c2)CC1,1
C#CC1=CC[C@H](N(CCC)CCCCNC(=O)c2ccc(OCCCc3cnn(CCCC)n3)c(OC)c2)CC1,1
CCCCn1cc(CCCOc2ccc(C(=O)NCCCCN(CCC)[C@H]3CCc4c(O)cccc4C3)cc2OC)nn1,1
CCCCn1cc(CCCOc2ccc(C(=O)NCCCCN(CCC)[C@@H]3CCc4c(O)cccc4C3)cc2OC)nn1,1
O=C1CCc2ccc(OCCCCN3CCN(c4cccc5c4OCC(=O)N5)CC3)cc2N1,1
O=C1CCc2ccc(OCCCCN3CCN(c4ccc(O)c5c4OCC(=O)N5)CC3)cc2N1,1
Cc1cccc(C2=CCN(CCNC(=O)C3CCOCC3)CC2)n1,1
O=C(NCCN1CC=C(c2cccc(C(F)(F)F)n2)CC1)C1CCOCC1,1
Cc1nc2n(c(=O)c1CCN1CCC(c3noc4cc(F)ccc34)CC1)CCCC2,1
Cc1nc2n(c(=O)c1CCN1CCC(c3noc4cc(F)ccc34)CC1)CCCC2O,1
O=S(=O)(c1cccc2cnccc12)N1CCC[C@@H]1CCN1CCN(c2nsc3ccccc23)CC1,1
O=S(=O)(c1cccc2cnccc12)N1CCC[C@H]1CCN1CCN(c2nsc3ccccc23)CC1,1
O=C1CCc2ccc(OCCCCN3CCN(c4cccc5c4OCCO5)CC3)cc2N1,1
O=C1CCc2ccc(OCCCCN3CCN(c4ccc(O)c5c4OCCO5)CC3)cc2N1,1
COc1ccccc1N1CCN(CCCCOc2ccc3c(c2)NC(=O)CO3)CC1,1
O=C1COc2ccc(OCCCCN3CCN(c4cccc(Cl)c4Cl)CC3)cc2N1,1
O=S(=O)(c1cncc2ccccc12)N1CCC[C@H]1CCN1CCN(c2nsc3ccccc23)CC1,1
O=S(=O)(c1cncc2ccccc12)N1CCC[C@@H]1CCN1CCN(c2nsc3ccccc23)CC1,1
Cc1cccc(C2=CCN(CCNC(=O)C3CCC(F)(F)CC3)CC2)n1,1
O=C(NCCN1CC=C(c2cccc(C(F)(F)F)n2)CC1)C1CCC(F)(F)CC1,1
O=C(CCCN1CCC2(CC1)C(=O)NCN2c1ccccc1)c1ccc(F)cc1,1
CN1CN(c2ccccc2)C2(CCN(CCCC(=O)c3ccc(F)cc3)CC2)C1=O,1
O=C(N[C@H]1CC[C@H](CCN2CCN(c3nccc4c3CCO4)CC2)CC1)c1ccc(N2CCOCC2)nc1,1
CC(C)(C)c1nc(N2CCN(CCCCNC(=O)N3CCN(C(=O)c4ccccc4)CC3)CC2)cc(C(F)(F)F)n1,1
[O-][S+](CCCN1CCC(c2ccc(Cl)cc2)CC1)c1ccc(F)cc1,1
O=S(=O)(c1ccccc1)c1cnc2c(N3CCNCC3)cccc2c1,1
Cc1nc2c(o1)CCN(CCN1CCN(c3nsc4ccccc34)CC1)C2=O,1
O=C(N[C@H]1CC[C@H](CCN2CCN(c3nccc4sccc34)CC2)CC1)C1CCOCC1,1
c1ccc2c(c1)CN(CCCCc1nc3ccccc3s1)C2,1
CC(C)(C)c1nc(N2CCN(CCCCNC(=O)N3CCN(C(c4ccccc4)c4ccc(Cl)cc4)CC3)CC2)cc(C(F)(F)F)n1,1
COc1ccc2c(c1)C(CCCN1CCN(c3ccc(Cl)cc3)CC1)CCC2,1
O=S1(=O)Cc2ccccc2N1CCCN1CCN(Cc2ccc(Cl)cc2)CC1,1
Cc1ncoc1-c1nnc(SCCCCN2CC[C@]3(C[C@@H]3c3ccc(C(F)(F)F)cc3)C2)n1C,1
COc1ccccc1C1CC1CNCC[C@H]1CC[C@H](NS(=O)(=O)c2ccccc2)CC1,1
N#CC(C#N)=Cc1cc(CN2CCN(c3ccccc3)CC2)c[nH]1,1
Clc1ccc(N2CCCN(Cc3c[nH]c4ncccc34)CC2)cc1,1
C#CCOc1ccc(-c2ccc(C(=O)NCCCCN(CCC)C3Cc4ccccc4C3)cc2)cc1,1
Cc1cc(N2CCN(CCCCNC(=O)C3CCN(c4ccc(C(F)(F)F)cn4)CC3)CC2)nc(C(C)(C)C)n1,1
COc1cc2c3c(c1OC1CC1)-c1cc(N)ccc1CC3N(C)CC2,1
O=c1c(-c2ccc(F)cc2)c2ccccn2c(=O)n1CCCCN1CCCC(c2c[nH]c3ccccc23)C1,1
CC(C)(C)c1nc(N2CCN(CCCCNC(=O)N3CCN(c4ccccc4)C(=O)C3)CC2)cc(C(F)(F)F)n1,1
Cc1ncc(OCC(=O)NC23CCC(CCN4CCc5nc(OCC(F)(F)F)sc5CC4)(CC2)CC3)cn1,1
Clc1ccc(-c2cc(C3CCCN(Cc4ccccc4)C3)[nH]n2)cc1,1
N/C(=N\C(=O)NCCCCCCNC(=O)/N=C(\N)NCCCc1nnc(N)s1)NCCCc1nnc(N)s1,1
Cc1nnc(CC(=O)N[C@H]2CC[C@H](CCN3CCc4sc(C5CC(F)(F)C5)nc4C3)OC2)o1,1
Cc1ncc(CC(=O)N[C@H]2CC[C@H](CCN3CCc4nc(OCC(C)(F)F)sc4CC3)OC2)s1,1
C(=C/c1ccccc1)\COCC1CCN(CCCc2ccccc2)CC1,1
CN1CCc2c([nH]c3ccccc23)CC(c2ccccc2)CC1,1
COc1cc(CCN2CCC(O)(c3ccc(Cl)cc3)CC2)ccc1OCCCSSCCN,1
O=C(NCCCCN1CCN(c2ccnc3cc(Cl)ccc23)CC1)N1CCN(c2ccccc2)CC1,1
CN1CCN(C2=Nc3cc(Cl)ccc3N(NC(=O)c3ccc4ccccc4n3)c3ccccc32)CC1,1
Fc1ccc(C(OCCN2C3CCC2CC(OC(c2ccc(F)cc2)c2ccc(F)cc2)C3)c2ccc(F)cc2)cc1,1
Cc1nc(CC(=O)N[C@H]2CC[C@](F)(CCN3CCc4nc(OCC(C)(F)F)sc4CC3)CC2)no1,1
CCCN(CCN1CCN(Cc2cc3ccccc3[nH]2)CC1)Cc1ccc(Br)cc1,1
O=C(N[C@H]1CC[C@H](CCN2CCC(c3cccc4c3CCO4)CC2)CC1)c1ccc(N2CCOCC2)nc1,1
Cn1cnc2c1C(=O)N(CCN1CCC(c3noc4ccccc34)CC1)CC2,1
Cn1c(OCCCN2CC3CCN(c4ccc(C(F)(F)F)cc4)C3C2)nnc1C1CCOCC1,1
O=C(N[C@H]1CC[C@H](CCN2CCc3ccccc3C2)CC1)Oc1ccccc1,1
O=C(c1ccc(Cl)c(Cl)c1)N1CCC(F)(CNCCOc2cccc3c2OCCO3)CC1,1
O=C1CCc2ccccc2N1CCCN1CCC(Cc2ccccc2)CC1,1
Cc1cnc(OCC(=O)N[C@H]2CC[C@H](CCN3CCc4ccc(CCC(F)(F)F)nc4CC3)CC2)cn1,1
Cc1cnc(CC(=O)N[C@H]2CC[C@H](CCN3CCc4nc(OCC(C)(F)F)sc4CC3)CC2)o1,1
CCN(CCN1CCC(c2noc3cc(F)ccc23)CC1)C(=O)[C@H]1NCC[C@H]1O,1
Cc1cc(CC(=O)N[C@H]2CC[C@H](CCN3CCc4ccc(OCC(F)F)nc4CC3)CC2)no1,1
Cc1cc(C)c2c(N)c(C(=O)NCCN3CCC(O)(c4ccc(Cl)cc4)CC3)sc2n1,1
CCc1nn(CCCN2CCN(c3cccc(Cl)c3)CC2)c(=O)n1CCOc1ccccc1,1
CN(CCC=C1c2ccccc2CCc2ccccc21)C(=O)Cc1ccc(OCCCN2CCCCC2)cc1,1
c1ccc2c(c1)OC[C@@H](CNCc1cccc3cccnc13)O2,1
O=C(N[C@@H]1CCN(Cc2ccccc2)C1)c1ccc(-c2ccsc2)cc1,1
c1ccc(CCN2CCC(c3cc(-c4cccnc4)[nH]n3)CC2)cc1,1
c1ccc(CCN2CCC(c3cc(-c4cccnc4)n[nH]3)CC2)cc1,1
CC(C)(CCCN1CC[C@@H]2CCCC[C@H]2C1)S(=O)(=O)c1ccccc1,1
COc1ccc(N2CCN(CCc3c[nH]c4ncccc34)CC2)cc1,1
O=c1c(-c2ccccc2Cl)c2n(c(=O)n1CCCCN1CCCC(c3c[nH]c4ccccc34)C1)CCCC2,1
CN1CCC(c2cn(-c3ccncc3)c3ccc(-c4ccnn4C)cc23)CC1,1
Cn1c(CCCCN2CC[C@]3(C[C@@H]3c3ccc(C(F)(F)F)cc3F)C2)nnc1C1CCOCC1,1
CN(C)CCSc1cccc(Br)n1,1
Cn1cc2c(C(=O)NN3CCC(CCN4C[C@@H]5C[C@]5(c5cc(C(C)(F)F)on5)C4)CC3)cccc2n1,1
COc1cc2c(cc1OC)CN(CCCCn1cc(-c3ccc(F)cc3)c3ccccc31)CC2,1
O=C(CC1CCOCC1)N[C@H]1CC[C@H](CCN2CCN(c3nccc4c3CCO4)CC2)CC1,1
O=C(N[C@H]1CC[C@H](CCN2CCN(c3nccc4c3CCO4)CC2)CC1)c1ccc(N2CCOCC2)cc1,1
O=C1c2cccc3cccc(c23)N1CCCCCCN1CCN(c2ccccn2)CC1,1
CC(C)(C)c1nc(N2CCN(CCCCNC(=O)N3CCN(C4CC4)CC3c3ccccc3)CC2)cc(C(F)(F)F)n1,1
c1ccc(CCN2CCC(c3cc(-c4ccccn4)[nH]n3)CC2)cc1,1
COc1cc2c(cc1O)CN(CCCCNC(=O)c1ccc(C(N)=O)cc1)CC2,1
c1ccc(CCN2CCC(c3cc(-c4ccccn4)n[nH]3)CC2)cc1,1
O=C(N[C@H]1CC2[C@@H](CCN3CCc4sc(OCC(F)F)nc4C3)[C@@H]2C1)c1cccc2ncccc12,1
Cn1ncc(CC(=O)N[C@H]2CC[C@H](CCN3C[C@@H]4C[C@]4(c4cc(C5CC5)on4)C3)CC2)n1,1
COc1ccccc1N1CCN(CCCNC(=O)c2cnccn2)CC1,1
O=C(N[C@H]1CC[C@H](CCN2CCC(c3conc3-c3ccccc3)CC2)CC1)c1cccc2ncccc12,1
O=C1c2oc(C3CC3)nc2CCN1CCN1CCC(c2noc3ccccc23)CC1,1
Cn1nccc1-c1nnc(SCCCN2CC[C@]3(C[C@@H]3c3ccc(C(F)(F)F)cc3)C2)n1C,1
CCCN1CCc2cccc3c2C1Cc1cccc(OC(=O)CSc2ccccc2)c1-3,1
Cn1cc2c(C(=O)NN3CCC(CCN4CCc5ccc(OCC(F)(F)F)nc5CC4)CC3)cccc2n1,1
Cn1cc(CC(=O)N[C@H]2CC[C@H](CCN3CCc4sc(OC5CCC(F)(F)C5)nc4C3)CC2)cn1,1
Cc1nc(CC(=O)N[C@H]2CC[C@](F)(CCN3CCc4ccc(O[C@H](C)C(F)(F)F)nc4CC3)CC2)nn1C,1
CCc1cc([C@]23C[C@H]2CN(CC[C@H]2CC[C@H](NC(=O)Cc4cc(C)no4)CC2)C3)no1,1
O=C(NCCCCN1CCC(=C2c3ccc(Cl)cc3CCc3cccnc32)CC1)c1cc2ccccc2s1,1
CN1CCN(C2=Nc3cc(Cl)ccc3N(NC(=O)c3ccco3)c3ccccc32)CC1,1
CCCCN1CCc2ccc(C#N)cc2C1,1
CN1CCc2c(c3cccc4c3n2-c2ccccc2CC4)C1,1
CN(C)C(=O)N[C@H]1CC[C@H](CCNCC2CC2c2cccc3ccccc23)CC1,1
O=C(Cc1ccccc1)NC1CCN(CCCN2C(=O)COc3ccccc32)CC1,1
Cn1c(C(=O)NC23CCC(CCN4CCc5nc(OCC(F)(F)F)sc5CC4)(CC2)CC3)cccc1=O,1
CN1CCC(c2cn(-c3ccncc3)c3ccc(-c4cncnc4)cc23)CC1,1
Cn1cc2c(n1)C(=O)N(CCN1CCN(c3nsc4ccccc34)CC1)CC2,1
O=C(NCCCN1CCN(c2ccccc2)CC1)c1ccc2c(c1)Cc1ccccc1-2,1
CC(C)c1nc2c(o1)C(=O)N(CCN1CCC(c3noc4ccccc34)CC1)CC2,1
C#CCN(C)Cc1ccc(OCCCCCN2CCN(c3cccc4c3ccn4S(=O)(=O)c3ccccc3)CC2)cc1,1
c1ccc2c(c1)CCN(CCCc1nc3ccccc3[nH]1)C2,1
Cc1cc(OCC(=O)N[C@H]2CC[C@H](CCN3CCc4sc(N5CC(F)(F)C5)nc4C3)CC2)no1,1
CC(C)(C)c1nc(N2CCN(CCCCNC(=O)C3CCN(c4ccccc4)CC3)CC2)cc(C(F)(F)F)n1,1
O=C(N[C@H]1CC[C@H](CCN2CCC(c3cccc4c3CCO4)CC2)CC1)c1ccc2c(c1)OCO2,1
O=C1c2ccccc2C(=O)N1CCCCN1CCN2c3ccccc3Cc3ccccc3C2C1,1
CCCN1CCC(c2coc3ccccc23)CC1,1
CCN(CC)CCCOc1ccc(-c2nc3ccccc3n2C/C=C/Cn2c(-c3ccc(OCCCN4CCN(c5ccccc5)CC4)cc3)nc3ccccc32)cc1,1
CO[C@@H]1CC[C@@H](CC(=O)N[C@H]2CC[C@H](CCN3CCN(c4nccc5occc45)CC3)CC2)C1,1
Clc1ccc(N2CCN(CCc3cc4cccnc4[nH]3)CC2)cc1,1
Clc1ccc(N2CCN(CCc3cc4ccc[nH]c-4n3)CC2)cc1,1
COC(=O)c1ccc(-c2nc3ccccc3n2Cc2ccc(Cl)cc2)cc1,1
Nc1nc2cc3c(cc2s1)CCN(CCO)CC3,1
Cc1ccc2c(N3CCN(CCc4cccc(N5CCOC5=O)c4)CC3)cccc2n1,1
CCCC1CC2=C(OCC=N2)C2(NC(=O)CC(=O)O)C=CCCC12,1
Cn1c(CN2CCC(c3ncc(C(F)(F)F)cc3Cl)CC2)nc2ccccc21,1
CC1(C(=O)NCCN2CCN(c3ccc(Cl)cc3)CC2)CCCCC1,1
CCCN(CCCCNC(=O)c1ccc(-c2ccccc2)cc1)C1CCc2c(cccc2OCC2CC2)C1,1
O=S(=O)(c1ccccc1)n1ccc2c3c(ccc21)[C@H]1CCNCC[C@@H]31,1
N#Cc1ccc2c(c1)CCN(CC[C@H]1CC[C@H](NC(=O)c3ccc4c(c3)NC(=O)CO4)CC1)CC2,1
CN(C)CCN(Cc1ccc(-c2ccc(CNCCc3ccccc3)cc2)cc1)C(=O)/C=C/c1ccccc1,1
CCc1cc([C@]23C[C@H]2CN(CC[C@H]2CC[C@H](NC(=O)Cc4noc(C)n4)CC2)C3)no1,1
COc1ccc(Br)cc1-c1nc(CN2CCN(Cc3ccccc3)CC2)co1,1
CC(C)(C)c1nc(C2CC2)cc(N2CCN(CCCCNC(=O)N3CCc4c([nH]c5ccccc45)C3)CC2)n1,1
CC(C)c1nc(C2CC2)cc(N2CCN(CCCCNC(=O)N3CCc4[nH]c5ccccc5c4C3)CC2)n1,1
O=C(NCCCCN(CCCN1CCN(c2ccccc2)CC1)C1CCc2ccc(O)cc2C1)c1ccccc1,1
Cc1nc(CC(=O)N[C@H]2CC[C@H](CCN3CCc4sc(C5CC(F)(F)C5)nc4C3)CC2)no1,1
O=C(Cc1ccccc1)Nc1cccc(C2CCN(CCCC(=O)c3ccc(Cl)cc3)CC2)c1,1
CCCN1CCO[C@@H]2c3cc4c(cc3CC[C@H]21)CCNC4=O,1
CC(C1CC1)N1CCC(C2CCc3ccccc3C2=O)CC1,1
Cc1cnc(CC(=O)N[C@H]2CC[C@H](CCN3CCc4sc(CCC(F)(F)F)nc4C3)CC2)o1,1
Cn1cc2c(C(=O)N[C@H]3CC[C@H](CCN4CCc5ccc(OC6CCC(F)(F)C6)nc5CC4)CC3)cccc2n1,1
Cn1cc2ccc(C(=O)N[C@H]3CC[C@H](CCN4CCc5nc(OCC(C)(F)F)sc5CC4)OC3)cc2n1,1
COc1ccccc1N1CCN(CCCCNC(=O)c2ccc(-c3cn(Cc4ccc(-c5ccc(Cn6cc(-c7ccc(C(=O)NCCCCN8CCN(c9ccccc9OC)CC8)cc7)nn6)cc5)cc4)nn3)cc2)CC1,1
COc1cccc(C(=O)NCCCCN2CCN(c3nccc4ccccc34)CC2)c1,1
O=C(N[C@H]1CC[C@H](CCN2CCN(c3nccc4c3CCO4)CC2)CC1)C1CCCOC1,1
Cc1cnc(CC(=O)NC23CCC(CCN4CCc5ccc(OCC(C)(F)F)nc5CC4)(CC2)CC3)o1,1
Cc1ncsc1-c1nnc(SCCCN2CC[C@]3(C[C@@H]3c3ccc(C(F)(F)F)cc3)C2)n1C,1
OC1(c2ccc(Cl)cc2)CCN(CCCc2nc3ccccc3s2)CC1,1
CN1CCc2cc(Cl)c(O)cc2[C@H]2c3cccc(-c4ccncc4)c3CC[C@@H]21,1
O=C(CC1COC1)N[C@H]1CC[C@H](CCN2CCN(c3nccc4c3CCO4)CC2)CC1,1
c1cc2c3c(c[nH]c3c1)CC1CN(CCCOc3ccc4c(c3)OCO4)CCN21,1
Fc1ccc(SCCCN2CCCN(c3ccc(Cl)cc3)CC2)cc1,1
CN(C)CCc1cccc2c1cc(C(=O)c1ccccc1)n2S(=O)(=O)c1ccccc1,1
Cc1noc2ccn(CCN3CCC(c4noc5ccccc45)CC3)c(=O)c12,1
COc1ccc2c(c1)[C@H]1OCCN(CCCCNC(=O)c3cccnc3)[C@@H]1CO2,1
Cn1cc2c(n1)C(=O)N(CCN1CCC(c3noc4ccccc34)CC1)CC2,1
O=S(=O)(c1cccc(Cl)c1)n1c(-c2ccccc2)nc2c(N3CCNCC3)nccc21,1
CC(C)(C)c1nc(N2CCN(CCCCNC(=O)N3CCN(c4ccccn4)CC3)CC2)cc(C(F)(F)F)n1,1
Cc1nn(C)c2c1C(=O)N(CCN1CCN(c3noc4ccccc34)CC1)CCC2,1
c1ccc2c(c1)CC(CN1CCN(c3ccc4c(c3)OCCO4)CC1)C2,1
Fc1ccc(C(OCCN2CCN(CCCc3ccccc3)CC2)c2ccc(F)cc2)cc1,1
Cn1cc(CC(=O)N[C@H]2CC[C@H](CCN3C[C@@H]4C[C@]4(c4cc(C5CC5)on4)C3)CC2)cn1,1
Cc1ncc(OCC(=O)N[C@H]2CC[C@H](CCN3C[C@@H]4C[C@]4(c4cc(C5CC5)on4)C3)CC2)cn1,1
Cn1c(N2CCOCC2)nc2c(CN3CCN(c4ccccc4)CC3)c[nH]c2c1=O,1
O=C(c1ccc(F)cc1)C1CCN(CCC2CCc3occc3C2=O)CC1,1
c1ccc(N2CCN(CCCn3ccc4ccccc43)CC2)cc1,1
Cc1ncsc1-c1nnc(SCCCN2CC3CCN(c4ccc(C(F)(F)F)cc4)C3C2)n1C,1
O=C(Cc1ccc2c(c1)OCO2)N[C@H]1CC[C@H](CCN2CCC(c3cccc4c3CCO4)CC2)CC1,1
Cn1ncc(CC(=O)N[C@H]2CC[C@H](CCN3CCc4sc(OCC(C)(F)F)nc4C3)CC2)n1,1
c1ccc(C2=N[C@@H](CN3CCN(c4ccccc4)CC3)CS2)cc1,1
O=c1[nH]c2cccc(OCC3CCN(CCC4CCc5[nH]c6ccc(F)cc6c5C4)CC3)c2o1,1
Cc1nc2c(o1)C(=O)N(CCN1CCC(c3noc4ccccc34)CC1)CCC2,1
O=C(N[C@H]1CC[C@H](CCN2CCC(c3cccc4c3CCO4)CC2)CC1)C1CCOCC1,1
Cc1nc2c(o1)C(=O)N(CCN1CCN(c3nsc4ccccc34)CC1)CCC2,1
CN1CCc2cc(Br)c(O)cc2C(c2ccc(Nc3ccc([N+](=O)[O-])c4nonc34)cc2)C1,1
CCOC(=O)[C@@H]1CCCN(CCCC(C)(C)S(=O)(=O)c2ccccc2)C1,1
CN1CCc2cc(Br)c(O)cc2C(c2ccc(Nc3ccc([N+](=O)[O-])c4n[o+][n-]c34)cc2)C1,1
Clc1ccc(N2CCN(Cc3cn4nc(N5CCCCC5)ccc4n3)CC2)cc1Cl,1
CCCc1cc2c(s1)CN[C@@H]1CCc3cc(O)c(O)cc3[C@@H]21,1
Cc1nc(N)[nH]c1-c1ccc2ccn(S(=O)(=O)c3ccccc3)c2c1,1
c1ccc(N2CCN(CCCN3CCCc4ccccc43)CC2)cc1,1
O=C(NCCCCN1CCC(N(Cc2ccccc2)c2ccccc2)CC1)c1ccc2ccccc2c1,1
COc1cc2c(cc1O)CN(CCCCNC(=O)c1ccc3ccccc3c1)CC2,1
Cn1cnc2c1C(=O)N(CCN1CCN(c3nsc4ccccc34)CC1)CCC2,1
N#Cc1ccc2c(c1)CN(C[C@@H]1C[C@H]1CNC(=O)c1cc3ccccc3[nH]1)CC2,1
CC(O)CN1CCN(CCSC(c2ccc(F)cc2)c2ccc(F)cc2)CC1,1
CC(=O)N1CCC(c2nnc(SCCCN3CC4CCN(c5ccc(C(F)(F)F)cc5)C4C3)n2C)CC1,1
O=C(CCCN1CCN(c2ccccn2)CC1)c1ccc2c(c1)CCC2,1
c1ccc(CCN2CCC3(CCc4c(-c5ccccc5)n[nH]c43)CC2)cc1,1
Cn1cc2c(C(=O)N[C@H]3CC[C@H](CCN4CCc5nc(OCC(C)(F)F)sc5CC4)OC3)cccc2n1,1
Cn1cc2c(n1)C(=O)N(CCN1CCN(c3nsc4ccccc34)CC1)CCC2,1
c1ccc(CCN2CCC3(CCc4c3n[nH]c4-c3ccccc3)CC2)cc1,1
COc1cc2c(cn1)CCN(CCN1CCN(c3nsc4ccccc34)CC1)C2=O,1
O=C(Cc1ccc2c(c1)OCO2)N[C@H]1CC[C@H](CCN2CCN(c3cccc4c3OCO4)CC2)CC1,1
CN1C2CCC1CC(OC1c3ccccc3Cc3ccccc31)C2,1
Cc1ncc(/C=C/C(=O)N[C@H]2CC[C@H](CCN3CCc4nc(OC5CC(F)(F)C5)sc4CC3)CC2)cn1,1
Cc1ncc(OCC(=O)N[C@H]2CC[C@H](CCN3CCc4sc(C5CC(F)(F)C5)nc4C3)CC2)cn1,1
CC(C)(C)c1nc(N2CCN(CCCCNC(=O)N3CCCC(c4ccccc4)CC3)CC2)cc(C(F)(F)F)n1,1
N#Cc1ccc2[nH]cc(CCCCN3CCN(c4ccc5oc(C(N)=O)cc5c4)CC3)c2c1,1
CNCCCC12CCC(c3ccccc31)c1ccccc12,1
O=C(NCCCCN1CCCN(C(c2ccccc2)c2ccccc2)CC1)c1cccs1,1
CC(C)(C)c1nc(N2CCN(CCCCNC(=O)c3cn4nc(Cl)ccc4n3)CC2)cc(C(F)(F)F)n1,1
Cn1cc(OCC(=O)N[C@H]2CC[C@H](CCN3CCc4nc(OCC(F)(F)F)sc4CC3)OC2)cn1,1
Fc1ccc(CCN2CCC3(C=Cc4cc(F)ccc4O3)CC2)c(F)c1,1
O=C(N[C@H]1CC[C@H](CCN2CCc3sc(OCC(F)(F)F)nc3C2)OC1)c1cccc2ncccc12,1
O=C1COc2ccccc2N1CCCN1CCC(n2c(=O)[nH]c3ncccc32)CC1,1
Cc1cc(C2CCN(Cc3ccccc3)CC2)[nH]n1,1
O=C(CC1CCOCC1)N[C@H]1CC[C@H](CCN2CCC(c3cccc4c3CCO4)CC2)CC1,1
CC(C)(C)c1nc(N2CCN(CCCCNC(=O)N3CCc4ccccc4CC3)CC2)cc(C(F)(F)F)n1,1
Nc1ccc2c(c1)C(O)C(CCN1CCC(C(=O)c3ccc(F)cc3O)CC1)CC2,1
O=C(CCCCN1CCC(c2ccccc2)CC1)c1nc2ccccc2s1,1
Fc1ccc(CCCCN2CCN(c3cccc(-c4ccccc4)n3)CC2)cc1,1
Cc1nc2c(o1)CCCN(CCN1CCC(c3noc4ccccc34)CC1)C2=O,1
Cc1cc(-c2cc(N3CCN(C)CC3)nc3c2ccn3S(=O)(=O)CC(C)C)c(C)s1,1
c1ccc(CN2CCC3(CCCc4ccccc43)CC2)cc1,1
c1ccc2c(c1)CCN(Cc1c[nH]c3ncccc13)C2,1
Cn1cc(CC(=O)N[C@H]2CC[C@H](CCN3CCc4ccc(OCC(F)(F)F)nc4CC3)OC2)cn1,1
O=C(NCCCCN1CCCN(C(c2ccccc2)c2ccccc2)CC1)c1cc2ccccc2s1,1
O=C(N[C@H]1CC[C@H](CCN2CCC(c3cccc4c3CCO4)CC2)CC1)C1CCCOC1,1
Cc1cc(C(=O)N[C@H]2CC[C@H](CCN3CCc4ccc(OS(C)(=O)=O)cc4CC3)CC2)c2ccccc2n1,1
Cn1c(SCCCN2CC3CCN(c4ccc(C(F)(F)F)cc4)C3C2)nnc1-c1ccnnc1,1
[O-][S+](CCCN1CCN(c2ccc(Cl)cc2)CC1)c1ccc(F)cc1,1
Cc1ccc2c(c1)c1c(n2CCc2ccc(C)nc2)CCN(C)C1,1
O=C1N(CCN2CCCCCC2)CCN1c1ccncc1,1
CC1CCN(CC[C@H]2CCCN2S(=O)(=O)c2cccc3ccccc23)CC1,1
Cc1cnc(-c2ccc3c(c2)CCN(CCCSc2nnc(-c4ccc5[nH]ccc5c4)n2C)CC3)o1,1
O=C(NCCCCN1CCN(c2ccc(Cl)cc2)CC1)C12CC3CC(CC(C3)C1)C2,1
O=c1n(CCCN2CCCCCC2)ccn1-c1cccc(Cl)c1,1
O=S(=O)(Nc1ccc2c(c1)CCN(Cc1cc[nH]n1)CC2)c1ccc(-c2ccccc2)cc1,1
O=C1N(CC2CCNCC2)CCN1c1cccc(Cl)c1,1
O=C1N(CC2CCCNC2)CCN1c1cccc(Cl)c1,1
COc1ccccc1N1CCN(C2CC3CC(N4CCN(c5ccccc5OC)CC4)CC3C2)CC1,1
CN1CCN(C2=Nc3cc(Cl)ccc3N(NC(=O)c3cccnc3Cl)c3ccccc32)CC1,1
CCCN1CCOC2c3ccsc3CCC21,1
COc1ccc(Br)cc1-c1nc(CNC2CCN(Cc3ccccc3)CC2)co1,1
Cc1cc(OCC(=O)N[C@H]2CC[C@H](CCN3CCc4nc(OCC(C)(F)F)sc4CC3)CC2)no1,1
CC(C)(C)c1nc(N2CCN(CCCCNC(=O)N3CCN(C4CC4)CC3Cc3ccccc3)CC2)cc(C(F)(F)F)n1,1
CC(C)(C)c1nc(N2CCN(CCCCNC(=O)N3CCN(c4ccc(-c5ccccc5)cc4)CC3)CC2)cc(C(F)(F)F)n1,1
Cc1cnc(CC(=O)N[C@H]2CC[C@H](CCN3CCc4sc(C5CC(F)(F)C5)nc4C3)CC2)o1,1
c1ccc(C(c2ccccc2)N2CCN(CCCCc3cc(-c4cccs4)no3)CC2)cc1,1
C(COCC1CCN(Cc2ccccc2)CC1)=C(c1ccccc1)c1ccccc1,1
C=CCN1CCc2nc(N)sc2CC1,1
CN1CN(c2ccccc2)C2(CCN(CCCCOc3ccc4c(c3)NC(=O)CC4)CC2)C1=O,1
O=C(N[C@H]1CC[C@H](CCN2CCN(c3nccc4c3CCO4)CC2)CC1)C1CCOC1,1
O=S(=O)(c1cccc2ccccc12)c1nn(Cc2ccccc2)c2ccc(N3CCNCC3)cc12,1
CC(C)(C)c1nc(N2CCN(CCCCNC(=O)N3CC(c4ccncc4)C3)CC2)cc(C(F)(F)F)n1,1
CC(C)(C)c1nc(N2CCN(CCCCNC(=O)N3CCC(Cc4ccccc4)CC3)CC2)cc(C(F)(F)F)n1,1
Cn1ccc2c1CCCN(CCN1CCN(c3noc4ccccc34)CC1)C2=O,1
c1c[nH]c2nc(CN3CCc4ccccc4C3)cc-2c1,1
c1ccc2c(c1)CCN(Cc1cc3cccnc3[nH]1)C2,1
O=C1CCc2cccnc2N1CCCN1CCC(n2c(=O)[nH]c3ccccc32)CC1,1
Fc1ccc2c(c1)CC(CCN1CCCN(c3ccccn3)CC1)C2,1
O=C(N[C@H]1CC[C@H](CCN2CCC(c3cccc4c3OCO4)CC2)CC1)c1ccc(N2CCOCC2)cc1,1
O=C1c2cccnc2CCN1CCN1CCN(c2nsc3ccccc23)CC1,1
COc1ccc(OC[C@H]2CN(C)CC[C@@H]2c2ccccc2)cc1,1
Cc1nc(N)sc1CCCN/C(N)=N/C(=O)NCC(C)CCCc1ccccc1,1
OC1(c2ccc(Cl)cc2)CC2CCC(C1)N2Cc1c[nH]c2ncccc12,1
O=C(CC1CC1)N[C@H]1CC[C@H](CCN2CCN(c3nccc4c3CCO4)CC2)CC1,1
COC(=O)[C@H]1[C@H]2C[C@@H]3c4[nH]c5cc(OC)ccc5c4CCN3C[C@H]2C[C@@H](OC(=O)c2cc(OC)c(OC)c(OC)c2)[C@@H]1OC,1
CC(C)(C)c1nc(N2CCN(CCCCNC(=O)N3CCN(CC=Cc4ccccc4)CC3)CC2)cc(C(F)(F)F)n1,1
COc1c(-c2ccco2)ccc2c1-c1cccc3c1[C@@H](C2)N(C)CC3,1
C#Cc1c[nH]c(CN2CCN(c3ccccc3)CC2)c1,1
Nc1nc2cc3c(cc2s1)CCN(Cc1cnc[nH]1)CC3,1
CCCN1CCC(c2cc3ccccc3s2)CC1,1
Cn1cc2c(n1)C(=O)N(CCN1CCC(c3noc4ccccc34)CC1)CCC2,1
O=C(N[C@H]1CC[C@H](CCN2CCN(c3cccc4c3OCO4)CC2)CC1)C1COc2ccccc2C1,1
O=C(NCCCCN1CCN(c2ccnc3ccccc23)CC1)c1cn2ccccc2n1,1
Clc1ccc2c(c1)C(N1CCN(C3CCCCC3)CC1)=Nc1cccnc1N2,1
CC(C)Oc1cccnc1N(C)C1CCN(Cc2ccc(I)cc2)CC1,1
CN1CCc2cc(Cl)c(O)cc2[C@H]2c3cccc(NC(=O)Nc4c(Cl)cccc4Cl)c3CC[C@@H]21,1
O=C(N[C@H]1CC[C@H](CCN2CCC(c3cccc4c3CCO4)CC2)CC1)c1ccnc2ccccc12,1
Clc1ccc(-c2cc(C3CCN(CCCc4ccccc4)CC3)[nH]n2)cc1,1
CN1CCC(C2=Cc3cc(Cl)ccc3Cc3ccccc32)CC1,1
O=c1n(CC2CCC(CN3CCN(c4cccc(Cl)c4)CC3)CC2)nc2ccccn12,1
COc1cccc(CCCN2CCN(Cc3cc4ccccc4o3)CC2)c1,1
c1ccc(CCCOCC2CCN(Cc3ccccc3)CC2)cc1,1
CN1CCc2cc(Cl)c(O)cc2[C@@H](c2ccc(CN(Cc3ccccc3)c3ccc(F)cc3F)cc2)C1,1
CC1(Oc2ccc(Cl)cc2)CCCN(CCOc2ccccc2)C1,1
CC1(Oc2ccc(Cl)cc2)CCCN(CCOc2ccc3scnc3c2)C1,1
CCc1cc([C@]23C[C@H]2CN(CC[C@H]2CC[C@H](NC(=O)Cc4nnc(C)s4)CC2)C3)no1,1
FC(F)(F)c1ccccc1OCCN1CCC(COC(c2ccc(Cl)cc2)c2ccccn2)CC1,1
FC(F)(F)c1ccccc1OCCN1CCC2(CC1)CC2c1ccccc1,1
CN(c1ccccc1)C1(C)CCN(CCOc2ccccc2C(F)(F)F)CC1,1
CC1(NC(=O)C2CC2)CCN(C[C@H]2COc3ccccc3O2)CC1,1
CC1(Oc2ccc(Cl)cc2)CCN(CCCCOc2ccccc2F)C1,1
CC1(C(=O)N2CCCC2)CCN(C[C@H]2COc3ccccc3O2)CC1,1
CC1(Oc2ccccc2)CC2CCC(C1)N2CCOc1ccccc1C(F)(F)F,1
CC1(C(=O)Nc2ccccc2)CCN(CC2COc3ccccc3O2)CC1,1
Cc1nc(CC(=O)N[C@H]2CC[C@H](CCN3CCc4ccc(OCC(C)(F)F)nc4CC3)CC2)no1,1
Clc1ccc2c(c1)CC1(CCN(CCOc3ccccc3)C1)O2,1
Cc1ncc(CC(=O)N[C@H]2CC[C@H](CCN3CCc4sc(OC5CC(F)(F)C5)nc4C3)CC2)o1,1
Brc1cccc(N2CCN(Cc3cc4ccccn4n3)CC2)n1,1
CCCN(CCCCNC(=O)c1ccc(-c2ccccn2)cc1)C[C@@H]1C[C@H]1c1cccc(Cl)c1Cl,1
COC(=O)c1ccc(C[S+]([O-])c2nc3ccccc3n2Cc2ccc(Cl)cc2)cc1,1
C(#Cc1c[nH]c(CN2CCN(c3ccccc3)CC2)c1)c1ccccc1,1
N/C(=N\C(=O)NCc1ccccc1)NC1CCc2nc(N)sc2C1,1
CC(C)(C)OC(=O)Nc1ccc(CCN2CCc3ccccc3C2)cc1,1
O=C(N[C@H]1CC[C@H](CCN2CCN(c3nccc4c3CCO4)CC2)CC1)c1ccnc2ccccc12,1
c1ccc(N2CCN(CCCCCNC3=Nc4ccccc4OC3)CC2)nc1,1
CN1CCc2ccc3c(=O)oc4cccc5c4c3c2[C@H]1C5,1
O=C(CCC(F)(F)F)N[C@H]1CC[C@H](CCN2CCc3sc(N4CC(F)(F)C4)nc3C2)CC1,1
Cc1cc(CC(=O)N[C@H]2CC[C@H](CCN3CCC(c4cccc5c4CCO5)CC3)CC2)on1,1
CCc1cc2c(cc1N1CCN(CC(O)CCCC(=O)c3cc4ccccc4[nH]3)CC1)OCO2,1
CCc1cc2c(cc1N1CCN(CC(O)CCNC(=O)c3cc4ccccc4[nH]3)CC1)OCO2,1
CCCN(CCC)C1COc2c(ccc3sc(N)nc23)C1,1
NC1CCc2cc(OC(=O)c3ccccc3)c(OC(=O)c3ccccc3)cc2C1,1
O=C(CCCN1CCC(c2ccccc2)CC1)c1nc2ccccc2s1,1
CC(C)(C)c1nc(N2CCN(CCCCn3ccc(-c4ccccc4)cc3=O)CC2)cc(C(F)(F)F)n1,1
CCC(CNC(=O)/N=C(\N)NCCCc1sc(N)nc1C)c1ccccc1,1
CCCN(CCC)C1CCc2[nH]ncc2C1,1
CCCN(CCC)C1CCc2n[nH]cc2C1,1
Cc1ncccc1C(=O)N[C@H]1CC[C@H](CCN2CCc3nc(OCC(F)(F)F)sc3CC2)OC1,1
COc1ccc2ccnc(N3CCN(CCCCNC(=O)c4cc5cccc(OC)c5o4)CC3)c2c1,1
N#Cc1cccc([C@@H]2CCCN(CC3CC3)C2)c1,1
C(=C/Cn1c(-c2ccc(OCCCN3CCCCC3)cc2)nc2ccccc21)\Cn1c(-c2ccc(OCCCN3CCCCC3)cc2)nc2ccccc21,1
CS(=O)(=O)c1ccc(C(=O)N[C@H]2CC[C@H](CCN3CCN(c4nccc5c4CCO5)CC3)CC2)s1,1
Cc1cc(CC(=O)N[C@H]2CC[C@H](CCN3CCC(c4cccc5c4OCO5)CC3)CC2)on1,1
CC(C)(C)c1nc(C2CC2)cc(N2CCN(CCCCNC(=O)N3CCN(c4ccccc4)CC3)CC2)n1,1
O=C1c2c(F)cc(F)cc2CCC12CCN(CCc1ccccc1)CC2,1
OC1c2ccc(F)cc2CC1CCN1CCN(c2ccccn2)CC1,1
O=C(N[C@H]1CC[C@H](CCN2CCN(c3cccc4c3OCO4)CC2)CC1)c1ccnc2ccccc12,1
CC(C)(C)c1nc(N2CCN(CCCCNC(=O)N3CCCN(c4ccccc4)CC3)CC2)cc(C(F)(F)F)n1,1
O=C(N[C@H]1CC[C@H](CCN2CCN(c3nccc4c3CCO4)CC2)CC1)c1cnc(N2CCOCC2)cn1,1
O=C(CCCCN1CCN(c2ncccn2)CC1)c1nc2ccccc2s1,1
Oc1ccc(-c2ccc(CNCCc3c[nH]c4ncc(F)cc34)o2)cc1,1
O=C(N[C@H]1CC[C@H](CCN2CCN(c3nccc4c3CCO4)CC2)CC1)C1CCOCC1,1
O=C(N[C@H]1CC[C@H](CCN2CCC(c3cccc4c3CCO4)CC2)CC1)c1ccc(-c2ccccc2)cc1,1
Cc1cc(-c2ccc3c(c2)CCN(CCCSc2nnc(-c4ccc(C(F)(F)F)cc4)n2C)CC3)n(C)n1,1
Cc1ccc(N2CCN(CCN3Cc4ccccc4C3)C2=O)s1,1
Cc1cnc(-c2nnc(SCCCN3C[C@@H]4C[C@]4(c4ccc(C(F)(F)F)cc4)C3)n2C)cn1,1
Cc1ccc2c(N3CCN(CCc4cccc(N5CCNC5=O)c4)CC3)cccc2n1,1
O=C1N(CCN2CCC(c3nnc(-c4ccccc4)o3)CC2)CCN1c1cccc(Cl)c1,1
Cn1nccc1-c1cccc(C(=O)N[C@H]2CC[C@H](CCN3CCc4ccc(S(C)(=O)=O)cc4CC3)CC2)c1,1
O=C1CCc2cc(CCCCN3CCN(c4ccccn4)CC3)ccc2N1,1
CCCN(CCCCNC(=O)c1ccc(-c2ccccc2)cc1)C1CCc2n[nH]cc2C1,1
Cn1c(SCCCN2CC[C@]3(C[C@@H]3c3ccc(C(F)(F)F)cc3)C2)nnc1-c1ccoc1,1
Cc1ccc2c(OCCN3CCC(Cc4cccc(N5CCCS5(=O)=O)c4)CC3)cccc2n1,1
CCCN1CCC[C@@H]2c3cc4c(cc3CC[C@H]21)CCO4,1
O=C(NCCCCN1CCc2ccc(OS(=O)(=O)C(F)(F)F)cc2C1)c1cccc(-c2ccccc2)c1,1
Cn1c(SCCCN2CC[C@]3(C[C@@H]3c3ccc(C(F)(F)F)cc3)C2)nnc1-c1cccc(-c2ncco2)c1,1
N#Cc1ccc2c(c1)CCN(CC[C@H]1CC[C@H](NC(=O)c3ccc4ccc(O)nc4c3)CC1)CC2,1
CCN(Cc1ccccc1)S(=O)(=O)c1ccc(OC)c(-c2ccc(CN3CCCCCC3c3ccccc3)[nH]2)c1,1
O=C(N[C@H]1CC[C@H](CCN2CCN(c3nccc4c3CCO4)CC2)CC1)c1ccc2ncccc2c1,1
Cc1cnc(OCC(=O)N[C@H]2CC[C@H](CCN3CCc4sc(OCC(C)(F)F)nc4C3)CC2)cn1,1
O=C1Cc2cccc(C(=O)N[C@H]3CC[C@H](CCN4CCc5nc(OCC(F)F)sc5CC4)CC3)c2N1,1
Cn1cc2c(C(=O)N[C@H]3CC[C@H](CCN4CCc5sc(N6CC(F)(F)C6)nc5C4)CC3)cccc2n1,1
Cn1c(-c2ccccc2)nc2c1CCN(CC[C@H]1CC[C@H](NC(=O)c3cccc4ncccc34)CC1)C2,1
CN1CCc2c([nH]c3ccccc23)CCCCC1c1ccccc1,1
Cn1cnc2ccc(OCCCCN3CCc4ccccc4C3)cc2c1=O,1
c1ccc(CCN2CCCC(c3c(-c4ccccc4)[nH]c4ccccc34)C2)cc1,1
CCCN(CCC)C1Cc2ccc3nc(N)sc3c2C1,1
Nc1nc2c(s1)CC(CCCNCCCc1ccc(O)c(O)c1)CC2,1
O=C(NCCCCN1CCN2c3ccccc3Cc3ccccc3C2C1)c1cccs1,1
Cn1cnc2c1C(=O)N(CCN1CCN(c3nsc4ccccc34)CC1)CC2,1
Cc1ccc(N2CCN(Cc3ccc4c(c3)NC(=O)CO4)CC2)cc1,1
C(=C/c1cc(CCCCN2CCN(C(c3ccccc3)c3ccccc3)CC2)on1)\c1ccccc1,1
Cc1ncc(CC(=O)N[C@H]2CC[C@H](CCN3CCc4ccc(OCC(F)(F)F)nc4CC3)OC2)o1,1
Nc1nc2cc3c(cc2s1)CCN(Cc1cscn1)CC3,1
CC(C)(C)c1nc(N2CCN(CCCCNC(=O)N3CCc4ccccc4C3)CC2)cc(C(F)(F)F)n1,1
c1ccc(-c2cc(CCCCN3CCN(C(c4ccccc4)c4ccccc4)CC3)on2)cc1,1
CN1CCN(C2=Nc3cc(Cl)ccc3N(NC(=O)c3nccc4ccccc34)c3ccccc32)CC1,1
O=C(Nc1ccccc1)Nc1ccc(CCN2CCN(c3ccccc3)CC2)cc1,1
COc1ccccc1N1CCN(CCCCNC(=O)N2CCOCC2)CC1,1
Cc1ncc(CC(=O)N[C@H]2CC[C@H](CCN3CCc4cc(C)c(OCC(F)F)nc4CC3)OC2)s1,1
COc1ccccc1N1CCN(CCNC(=O)c2cc3ccccn3n2)CC1,1
Cc1nc2c(o1)CCCN(CCN1CCN(c3nsc4ccccc34)CC1)C2=O,1
Cn1c(SCCCN2CC[C@]3(C[C@@H]3c3ccc(C(F)(F)F)cc3)C2)nnc1-c1ccco1,1
Cc1nc(N)sc1CCCN/C(N)=N/C(=O)NCC(C)CC1CCCCC1,1
O=C(N[C@H]1CC[C@H](CCN2CCN(c3nccc4c3CCO4)CC2)CC1)c1ccc(-n2cccn2)cc1,1
N#Cc1ccc2c(c1)CN(CC[C@@H]1C[C@H]1CNC(=O)c1cc3ccccc3[nH]1)CC2,1
O=C(NCCCN1CCN(c2ccccc2)CC1)c1cccc2c1Cc1ccccc1-2,1
O=C1c2cn(C3CC3)nc2CCN1CCN1CCC(c2noc3ccccc23)CC1,1
O=C(CCC(=O)N1CCC(O)(c2ccc(Cl)cc2)CC1)c1ccc(F)cc1,1
O=C(N[C@H]1CC[C@H](CCN2CCC(c3cccc4c3OCO4)CC2)CC1)C1CCCO1,1
CC(C)(C)c1nc(N2CCN(CCCCNC(=O)N3CCN(c4cnccn4)CC3)CC2)cc(C(F)(F)F)n1,1
Cc1sc(C)c2c1CCc1cnn(C)c1-2,1
O=C(N[C@H]1CC[C@H](CCN2CCN(c3nccc4occc34)CC2)CC1)c1ccnc2ccccc12,1
O=c1c2ncccc2ccn1CCN1CCN(c2nsc3ccccc23)CC1,1
Cc1nc(CC(=O)N[C@H]2CC[C@H](CCN3CCc4nc(OCC(F)(F)F)sc4CC3)OC2)no1,1
Cc1ncc(CC(=O)N[C@H]2CC[C@H](CCN3CCC(c4nscc4C(C)(F)F)CC3)CC2)s1,1
Cc1cnc(CC(=O)N[C@H]2CC[C@H](CCN3CCc4ccc(OCC(F)(F)F)nc4CC3)OC2)o1,1
CN1CCN(C2=Nc3cc(Cl)ccc3N(NC(=O)c3ccon3)c3ccccc32)CC1,1
c1ccc(CN2CCC(n3cc(-c4ccccc4)nn3)CC2)cc1,1
COc1ccc(SC)cc1C(=O)NC[C@@H]1CCCN1CCc1ccccc1,1
O=C1CCc2ccccc2N1CCCN1CCC(c2ccccc2)CC1,1
CC(C)(C)c1nc(N2CCN(CCCCNC(=O)N3CCN(c4cccnc4)CC3)CC2)cc(C(F)(F)F)n1,1
COc1ccccc1C1CC1CNC/C=C/COc1ccc2c(c1)NC(=O)CC2,1
Cc1nnc(CC(=O)N[C@H]2CC[C@H](CCN3CCc4sc(C5CC(F)(F)C5)nc4C3)CC2)s1,1
Oc1cccc(CCN(CCc2ccccc2)CC2CCC2)c1,1
CN(C)CCSc1cccc(-c2ccccc2)n1,1
CC(C)(C)c1nc(N2CCN(CCCCNC(=O)c3cn4ccncc4n3)CC2)cc(C(F)(F)F)n1,1
CC(CCCc1ccccc1)CNC(=O)/N=C(\N)NCCCc1nnc(N)s1,1
O=c1c2cccnc2ccn1CCN1CCN(c2nsc3ccccc23)CC1,1
COc1ccc(Br)cc1-c1nc(CN2CCN(c3ccccc3)CC2)cs1,1
O=C(CCCN1CCN(c2ccc(Cl)cc2)CC1)c1cc2ccc1CCc1ccc(cc1)CC2,1
CCCN(CCc1ccsc1)CCc1ccsc1,1
OC1(c2ccc(Cl)cc2)CCN(CCCCc2nc3ccccc3o2)CC1,1
O=C(c1ccc(Cl)c(Cl)c1)N1CCC(F)(CNCCOc2cccc3cccnc23)CC1,1
CC(C)(C)c1nc(N2CCN(CCCCNC(=O)c3cn4cccnc4n3)CC2)cc(C(F)(F)F)n1,1
CN1CCN(C2=Nc3cc(Cl)ccc3N(NC(=O)c3ccccc3Oc3ccccc3)c3ccccc32)CC1,1
O=C(NCCCCN1CCN(c2cccc(Cl)c2Cl)CC1)c1ccnc2ccccc12,1
O=C(/C=C/c1ccccc1)NCCCCN1CCN2c3ccccc3Cc3ccccc3C2C1,1
COc1cc(N2CC[C@@H]3CN(CCCSc4nnc(-c5cnncn5)n4C)C[C@@H]32)ccc1F,1
Cc1noc2c1C(=O)N(CCN1CCC(c3noc4ccccc34)CC1)CCC2,1
Fc1ccc(SCCCN2CCN(c3ncccn3)CC2)cc1,1
[O-][S+](CCCN1CCc2ccccc2C1)c1ccc(F)cc1,1
COc1c(C(=O)NC[C@@H]2CCN(Cc3ccccc3)C2)cc(Br)c2ccccc12,1
Nc1nc(NCCc2c[nH]c3ccccc23)nc(NCCN2CCN(c3ccccc3)CC2)n1,1
O=S(=O)(c1ccccc1)N1CCc2ccc(N3CCN(C4CCC4)CC3)cc21,1
Cc1ncc(CC(=O)N[C@H]2CC[C@H](CCN3CCc4ccc(O[C@H](C)C(F)(F)F)nc4CC3)CC2)cn1,1
O=C(N[C@H]1CC[C@H](CCN2CCC(c3coc4ccccc34)CC2)CC1)c1ccc(N2CCOCC2)cc1,1
O=C1CCc2ccc(OCCCN3CCN4c5cccc6[nH]cc(c56)CC4C3)cc2N1,1
O=C1c2ncccc2CCN1CCN1CCN(c2noc3cc(F)ccc23)CC1,1
O[C@@H](CN1CCN(c2nsc3ccccc23)CC1)c1cccs1,1
OCCN1CCN(CCOc2ccccc2-c2ccccc2)CC1,1
c1ccc(OCC2CN(Cc3c[nH]c4ccccc34)CCO2)cc1,1
CCCN1CCc2cccc3c2C1Cc1cccc(OCCCN(CCCN2CCN(c4ccccc4OC)CC2)S(C)(=O)=O)c1-3,1
N#Cc1ccc2c(c1)CCN(CC[C@H]1CC[C@H](NC(=O)c3cccc4ccccc34)CC1)C2,1
Cn1c(SCCCN2CCC3CC3(c3ccc(C(F)(F)F)cc3)CC2)nnc1-c1ccnnc1,1
Cc1ccc2c(N3CCN(CCc4cccc(-n5cccn5)c4)CC3)cccc2n1,1
Cc1ccc2c(N3CCN(CCc4cccc(NC(=O)c5ccccc5)c4)CC3)cccc2n1,1
CN1CCc2ccc(NS(=O)(=O)c3ccc(-c4ccc(Cl)cc4)s3)cc2CC1,1
O=C1CC(CN2CCC(C(=O)c3ccc(F)cc3)CC2)Cc2[nH]ncc21,1
O=c1n(CCN2CCCCCC2)ccn1-c1cccc(Cl)c1,1
CC1CCN(CC[C@H]2CCCCN2S(=O)(=O)c2cccc3ccccc23)CC1,1
CCc1nn(C)c2cc3c(cc12)CCN(CCCSc1nnc(-c2cccc4nc(C)ccc24)n1C)CC3,1
Cc1ccoc1-c1nnc(SCCCN2C[C@@H]3C[C@]3(c3ccc(C(F)(F)F)cc3)C2)n1C,1
Cn1c(CN2CCC(c3nc4ccccc4s3)CC2)nc2ccccc21,1
CC1CCN(CC[C@H]2CCCCC2S(=O)(=O)c2cccc3ccccc23)CC1,1
N#Cc1ccc2c(c1)CCN(CC[C@H]1CC[C@H](NC(=O)c3ccnc4ccccc34)CC1)C2,1
CC(C)(C)C(=O)NCCCCN1CCN2c3ccc(Cl)cc3CCC2C1,1
O=C1CC(CN2CCN(c3ccccn3)CC2)Cc2ccccc21,1
COc1cc2ccccc2cc1C(=O)CCC1CCN(Cc2ccccc2)CC1,1
CCCN(CCC)C1COc2c(cccc2-c2ccsc2)C1,1
COc1ccc(NS(=O)(=O)c2sc3ccc(Cl)cc3c2C)cc1N1CCN2CCCCC2C1,1
O=C(/C=C/c1ccc2ccccc2n1)NCCCCN1CCc2ccc(OS(=O)(=O)C(F)(F)F)cc2C1,1
O=C(NCCN1CCN(c2ccc(Cl)cc2)CC1)C12CC3CC(CC(C3)C1)C2,1
O=C(NNS(=O)(=O)c1ccccc1F)c1cc(F)cc(-c2ccccn2)c1,1
Cc1cc(C(=O)N[C@H]2CC[C@H](CCN3CCN(c4nccc5c4CCO5)CC3)CC2)on1,1
COc1cccc2c1C1CCN(CCc3ccccc3)[C@H]1CC2,1
O=C(c1ccc(OCCN2CCCCC2)cc1)c1c(-c2ccc(O)cc2)sc2cc(O)ccc12,1
CC(C)(C)c1ccc(CN2CCC3(CCc4ccccc4C3=O)CC2)cc1,1
CCCN(CC1CC1)[C@@H]1CCc2ccc3[nH]c(C(N)=O)cc3c2C1,1
CC(C)(C)c1ccc(C(=O)CCCN2CCC(OC(c3ccccc3)c3ccccc3)CC2)cc1,1
CC(C)CS(=O)(=O)n1ccc2c(-c3ccc4[nH]ccc4c3)cc(N3CCN(C)CC3)nc21,1
Cc1nnc2n1CCN(C(=O)NCCCCN1CCN(c3cc(C(F)(F)F)nc(C(C)(C)C)n3)CC1)C2,1
Cn1cc2c(C(=O)N[C@H]3CC[C@H](CCN4CC5CC5(c5cc(C6CC6)on5)C4)CC3)cccc2n1,1
CCc1cc([C@]23C[C@H]2CN(CC[C@H]2CC[C@H](NC(=O)/C=C/c4cnc(C)nc4)CC2)C3)no1,1
Cc1cc2c(C(=O)N[C@H]3CC[C@H](CCN4CCc5nc(OCC(F)(F)F)sc5CC4)OC3)cccn2n1,1
O=C1CCc2ccc(OCCCCNCC3CC3c3cccc4c3OCCO4)cc2N1,1
Cc1ncc(CC(=O)N[C@H]2CC[C@H](CCN3CCC(c4nocc4CC4CC4)CC3)CC2)s1,1
CCn1c(C(=O)N[C@H]2CC[C@H](CCN3CCc4sc(CCC(F)(F)F)nc4C3)CC2)cccc1=O,1
Fc1ccc(C(OC2CC3CCC(C2)N3Cc2cccc3ccccc23)c2ccc(F)cc2)cc1,1
OCCOCCN1CCN(C(c2ccccc2)c2ccc(Cl)cc2)CC1,1
O=C(CN1CCN(Cc2ccc(Cl)cc2)CC1)N1c2ccccc2[C@H]2CCCC[C@H]21,1
Cc1noc2c1C(=O)N(CCN1CCN(c3nsc4ccccc34)CC1)CCC2,1
CCCN1CC(c2ccccc2)OC2c3cc(O)ccc3CCC21,1
O=C(c1cccc(CN2CCc3c([nH]c4ccccc34)C2)c1)N1CCCCC1,1
O=C(N[C@H]1CC[C@H](CCN2CCC(c3cccc4c3CCO4)CC2)CC1)C1CCCO1,1
CCCN1CCC(n2c(=O)[nH]c3cc(Cl)ccc32)CC1,1
O=C(N[C@H]1CC[C@H](CCN2CCC(c3cccc4c3OCO4)CC2)CC1)c1ccnc2ccccc12,1
C[C@H](Nc1ccnc(NCCOc2ccc(F)cc2)c1)c1ccccc1,1
Cc1ncc(CC(=O)N[C@H]2CC[C@H](CCN3CCc4sc(OCC(F)F)nc4C3)CC2)s1,1
Cn1ncc2ccc(C(=O)N[C@H]3CC[C@H](CCN4CCc5nc(OCC(C)(F)F)sc5CC4)OC3)cc21,1
CN(C)[C@@H]1CCN(c2cc(-c3ccccc3)nc3ccnn23)C1,1
CN1CCCCC1CCN1c2ccc(Br)cc2[Se]c2cc(Br)ccc21,1
O=C(Nc1cccc(CCN2CCN(c3ccccc3)CC2)c1)Nc1ccccn1,1
Cn1c(SCCCN2CC[C@]3(C[C@@H]3c3ccc(C(F)(F)F)cc3)C2)nnc1-c1ccc(-c2ncco2)cc1,1
O=C(CCCCCN1CCN(c2ccccc2-c2ccccc2)CC1)N1CCc2ccccc2C1,1
CN(C)CC/C=C1/c2ccccc2COc2ccccc21,1
O=C(N[C@H]1CC[C@H](CCN2CCC(c3coc4ccccc34)CC2)CC1)c1ccc(C2CC2)cc1,1
O=S(=O)(c1ccccc1)N1CCc2c(N3CCN(C4CCC4)CC3)cccc21,1
CN1CCN(c2ccc3[nH]nc(S(=O)(=O)c4ccccc4)c3c2)CC1,1
Cc1nc(N)sc1CCCN/C(N)=N/C(=O)NCC(C)CCc1ccccc1,1
CC(C)(C)OC(=O)N[C@H]1CC[C@H](CN2CCc3ccccc3C2)CC1,1
CC(C)(C)c1nc(N2CCN(CCCCN3C(=O)COc4ccccc43)CC2)cc(C(F)(F)F)n1,1
O=C(NCCN(CCCN1CCN(c2ccccc2)CC1)C1CCc2ccc(O)cc2C1)c1ccccc1,1
CC(C)(C)c1nc(N2CCN(CCCSc3nccc(O)n3)CC2)cc(C(F)(F)F)n1,1
CC(C)(C)c1nc(N2CCN(CCCSc3nccc(=O)[nH]3)CC2)cc(C(F)(F)F)n1,1
c1ccc(CCN2CCC(c3c(-c4ccccc4)[nH]c4ccccc34)CC2)cc1,1
Cc1cc(CC(=O)N[C@H]2CC[C@H](CCN3CCC(c4nocc4C(C)(F)F)CC3)CC2)on1,1
CCCCn1cc(CCCOc2ccc(C(=O)NCCCN3CCCN(c4ccc(O)c5[nH]c(=O)ccc45)CC3)cc2OC)nn1,1
Cn1cc(OCC(=O)N[C@H]2CC[C@H](CCN3CCc4sc(OCC(C)(F)F)nc4C3)CC2)cn1,1
Cn1ccc(CN2CCc3cc4nc(N)sc4cc3CC2)n1,1
Cc1ncoc1-c1nnc(SCCCCN2CCC3CCN(c4ccc(C(F)(F)F)cc4)C3C2)n1C,1
O=C(N[C@H]1CC[C@H](CCN2CCC(c3cccc4c3OCO4)CC2)CC1)c1ccc2c(c1)OCCO2,1
O=C(N[C@H]1CC[C@H](CCN2CCC(c3coc4ccccc34)CC2)CC1)c1ccc(N2CCCCC2)cc1,1
CN(C)c1ccc(C(=O)NCCCCN2CCC(c3cccc(O)c3)C2)cc1,1
COc1ccc2[nH]cc(C3CCN(CCCN4C(=O)CC(c5c[nH]c6ccccc56)C4=O)CC3)c2c1,1
O=S(=O)(NC1CCN(CC(O)COc2ccccc2-c2ccccc2)CC1)c1cccc(Cl)c1,1
O=C1c2ccccc2CN1CC(CO)N1CCC(c2noc3cc(F)ccc23)CC1,1
CCCN1Cc2ccccc2C2c3cc(O)c(O)cc3OCC21,1
Cc1c(F)cccc1C(=O)N[C@H]1CC[C@H](CCN2CCc3nc(OCC(C)(F)F)sc3CC2)OC1,1
O=C(N[C@H]1CC[C@H](CCN2CCN(c3cccc(Cl)c3Cl)CC2)CC1)C12CC3CC(CC(C3)C1)C2,1
Cn1c(SCCCN2CC[C@]3(C[C@@H]3c3ccc(C(F)(F)F)cc3)C2)nnc1C1=CCC(=O)N=C1,1
CN[C@@H]1Cc2cccc3c2n(c(=O)n3CCCCOc2ccc3c(c2)NC(=O)CC3)C1,1
CC(C)(C)c1nc(N2CCN(CCCCNC(=O)C3CCN(Cc4ccccc4)CC3)CC2)cc(C(F)(F)F)n1,1
CC(C)(C)c1nc(N2CCN(CCCCNC(=O)c3nc4ccccc4[nH]3)CC2)cc(C(F)(F)F)n1,1
C[C@H](CNc1cncc(Cl)n1)N1CCN(c2ccccc2)CC1,1
CN1CCN(c2ccc3[nH]nc(S(=O)(=O)c4cccc5ccccc45)c3c2)CC1,1
CCC(F)(F)c1cc(N2CCC(S(C)(=O)=O)CC2)nc2sc(C(N)=O)c(N)c12,1
Cn1c(SCCCN2CC[C@]3(C[C@@H]3c3ccc(C(F)(F)F)cc3)C2)nnc1-c1ccsc1,1
CN1CCc2cc(Cl)c(O)cc2[C@@H](c2ccc(CN(C)S(=O)(=O)c3ccccc3)cc2)C1,1
CC(C)(C)c1nc(N2CCN(CCCCNC(=O)N3CCN(C4CC4)CC3)CC2)cc(C(F)(F)F)n1,1
CC1C(SCCCN2CC3CCN(c4ccccc4C(F)(F)F)C3C2)=NN=C1c1ccccc1,1
CO[C@@H]1CC[C@@H](CC(=O)N[C@H]2CC[C@H](CCN3CCC(c4cccc5c4OCO5)CC3)CC2)C1,1
CN(C)CCSC(C)(C)C,1
Cc1c(-c2ccccc2)[nH]c(=O)n1C1CCN(CCCc2ccccc2)CC1,1
COc1ccccc1N1CCN(CCCCN2C(=O)C=C(c3ccccc3)C2=O)CC1,1
Cc1c(-c2ccccc2)nc(O)n1C1CCN(CCCc2ccccc2)CC1,1
COc1ccc(Br)cc1-c1nc(CN2CCN(c3ccccc3)CC2)co1,1
Cc1cc2c(C(=O)N[C@H]3CC[C@H](CCN4CCc5ccc(OCC(F)(F)F)nc5CC4)OC3)cccn2n1,1
O=C(N[C@H]1CC[C@H](CCN2CCC(c3cccc4c3CCO4)CC2)CC1)c1ccc(N2CCS(=O)(=O)CC2)cc1,1
CC(C)c1ccccc1OCCCN1CCC(NS(=O)(=O)c2ccc(F)cc2)CC1,1
CN1CCc2c3c(cc4nc(N)sc24)-c2c(ccc(O)c2O)C[C@H]31,1
CN1CCc2ccc3ncc4cccc5c4c3c2[C@H]1C5,1
O=C(Cc1ccc2c(c1)OCO2)N[C@H]1CC[C@H](CCN2CCC(c3cccc4c3OCO4)CC2)CC1,1
CCCN1CCC(c2ccc3c(c2)N(S(=O)(=O)c2ccccc2)CC3)CC1,1
COc1ccccc1OCCNCC1OCCOC1(c1ccccc1)c1ccccc1,1
COc1ccccc1N1CCN(CCCCNC(=O)CC2CCCCC2)CC1,1
O=S(=O)(NC1CCN(CCOc2ccccc2C2CCCC2)CC1)c1cccc(F)c1,1
c1ccc(CN2CCC(n3cccc3-c3cnco3)CC2)cc1,1
Nc1nc2cc3c(cc2s1)CCN(Cc1cnco1)CC3,1
OC1(c2ccc(Cl)c(C(F)(F)F)c2)CCN(CCCC=C(c2ccc(F)cc2)c2ccc(F)cc2)CC1,1
CN1CCc2ccc3c4c2[C@H]1Cc1cccc(c1-4)C3=O,1
Cc1cc2c(-c3nnc(SCCCN4CCc5ccc(-c6cc(C)nn6C)cc5CC4)n3C)cccc2cn1,1
CCCN1CCC[C@@H]2Cc3nc(N)ncc3C[C@H]21,1
CC1(C)[C@@H]2CC[C@]13CCN(CCN1CCN(c4cccc(Cl)c4)C1=O)C3C2,1
Cc1ccc(-c2ccc(S(=O)(=O)Nc3ccc4c(c3)CCN(C)CC4)cc2)s1,1
Cc1ncoc1-c1nnc(SCCCN2CCC3(c4ccc(C(F)(F)F)cc4)CC3C2)n1C,1
Cc1ccc2c(-c3nnc(SCCCN4CCc5ccc(-c6cc(C)nn6C)cc5CC4)n3C)cccc2n1,1
Cc1ccc2c(N3CCN(CCc4ccc5c(c4)NC(=O)CO5)CC3)cccc2n1,1
CC(C)c1ccc(S(=O)(=O)Cc2ccc([C@]34CNC[C@H]3C4)cc2)cc1,1
Fc1ccc(CCCCN2CCc3ccccc3C2)cc1,1
Cn1c(SCCCN2CC3CCN(c4ccc(C(F)(F)F)cc4)C3C2)nnc1-c1cccnn1,1
COc1ccc(CCCN2CCC(CCC(=O)c3cc(Cl)c(N)c4c3OCCO4)CC2)cc1OC,1
Cn1c(=O)ccc2cc(/C=C/C(=O)NCCCCN3CCc4ccc(OS(=O)(=O)C(F)(F)F)cc4C3)ccc21,1
CCN(CC)Cc1ccc(-c2cc(S(=O)(=O)CC)ccc2OC)[nH]1,1
CCS(=O)(=O)c1ccc(OC)c(-c2ccc(CN3CCCCCCC3c3ccccc3)[nH]2)c1,1
CS(=O)(=O)Oc1ccc2c(c1)CCN(CC[C@H]1CC[C@H](NC(=O)c3cccc(-c4ncccn4)c3)CC1)CC2,1
O=C(/C=C/c1cnc2ccccc2c1)NCCCCN1CCc2ccc(OS(=O)(=O)C(F)(F)F)cc2C1,1
N#Cc1ccc2c(c1)CCN(CC[C@H]1CC[C@H](NC(=O)c3cc4ccccc4[nH]3)CC1)CC2,1
Cc1cc(CC(=O)N[C@H]2CC[C@H](CCN3CCN(c4cccc5c4OCO5)CC3)CC2)on1,1
Cc1ccc(C(=O)N[C@H]2CC[C@H](CCN3CCN(c4nccc5c4CCO5)CC3)CC2)cn1,1
Cn1cc2c(C(=O)N[C@H]3CC4(C3)C[C@](F)(CCN3CCc5nc(OCC(F)(F)F)sc5CC3)C4)cccc2n1,1
c1ccc(Cc2cc(C3CCN(Cc4ccccc4)CC3)[nH]n2)cc1,1
O=c1[nH]c2cccc(OC3CCN(CCC4CCc5[nH]c6ccc(F)cc6c5C4)CC3)c2o1,1
COc1cc2c(cc1O)CN(Cc1ccccc1CNC(=O)c1ccc3ccccc3c1)CC2,1
COc1ccccc1N1CCC2(CCN(CCCSc3nnc(-c4ccccc4)n3C)CC2)CC1,0
COc1ccccc1N1CCC2(CCN(CCCSc3nnc(-c4ccc(N(C)C)cc4)n3C)CC2)CC1,0
COc1ccccc1N1CCC2(CCN(CCCSc3nnc(-c4ccccc4)n3N)CC2)CC1,0
COc1ccccc1N1CCC2(CCN(CCCSc3nnc(-c4ccc(F)cc4)n3C)CC2)CC1,0
Cn1c(SCCCN2CCC3(CC2)CCN(c2ccccc2O)CC3)nnc1-c1ccccc1,0
COc1cc(F)ccc1N1CCC2(CCN(CCCSc3nnc(-c4ccccc4)n3C)CC2)CC1,0
COc1ccccc1N1CCC2(CCN(CCCSc3nnc(-c4ccccc4F)n3C)CC2)CC1,0
Cn1c(SCCCN2CCC3(CC2)CCN(c2ccc(C(F)(F)F)cc2F)CC3)nnc1-c1ccccc1,0
Cn1c(SCCCN2CCC3(CC2)CCN(c2ccccc2F)CC3)nnc1-c1ccccc1,0
Cn1c(SCCCN2CCC3(CC2)CCN(c2cccc(C#N)c2)CC3)nnc1-c1ccccc1,0
COc1ccc(N2CCC3(CCN(CCCSc4nnc(-c5ccccc5)n4C)CC3)CC2)c(OC)c1,0
COc1ccc(N2CCC3(CCN(CCCSc4nnc(-c5ccccc5)n4C)CC3)CC2)cc1,0
Cc1cccn2ncc(CN3CCN(c4ccc(Cl)cc4)CC3)c12,0
C#Cc1cccc2c(CN3CCN(c4ccc(Cl)cc4)CC3)c(C)nn12,0
OCc1ccc2c(CN3CCN(c4ccc(Cl)cc4)CC3)cnn2c1,0
N#Cc1cccc2c(CN3CCN(c4ccc(Cl)cc4)CC3)cnn12,0
OCc1cccn2ncc(CN3CCN(c4ccc(Cl)cc4)CC3)c12,0
Cc1nn2c(C#N)cccc2c1CN1CCN(c2ccc(Cl)cc2)CC1,0
FCCOc1ccc(N2CCN(Cc3cnn4ccccc34)CC2)cc1,0
Oc1ccc(N2CCN(Cc3cnn4ccccc34)CC2)cc1,0
O=C(NCCCCN1CCN(c2cccc(Cl)c2)CC1)c1ccc(-c2ccsc2)cc1,0
Cc1cccc(N2CCN(CCCCNC(=O)c3ccc(-c4ccsc4)cc3)CC2)c1,0
COc1ccc(N2CCN(CCCCNC(=O)c3ccc(-c4ccsc4)cc3)CC2)cc1,0
N#Cc1ccc(N2CCN(CCCCNC(=O)c3ccc(-c4ccsc4)cc3)CC2)cc1,0
Cc1ccc(N2CCN(CCCCNC(=O)c3ccc(-c4ccsc4)cc3)CC2)cc1,0
O=C(NCCCCN1CCN(c2ccc(Cl)cc2)CC1)c1ccc(-c2ccsc2)cc1,0
O=C(NCCCCN1CCN(c2ccc(C(F)(F)F)cc2)CC1)c1ccc(-c2ccsc2)cc1,0
Cn1c(SCCCN2CCOC(c3ccc(C(F)(F)F)cc3)C2)nnc1-c1ccc(C(N)=O)cc1,0
Cn1c(SCCCN2CCOC(c3ccc(C(F)(F)F)cc3)C2)nnc1-c1ccc(C#N)cc1,0
Cn1c(SCCCN2CCO[C@H](c3ccc(C(F)(F)F)cc3)C2)nnc1-c1ccc(C(N)=O)cc1,0
Cn1c(SCCCN2CCOC(c3ccc(C(F)(F)F)cc3F)C2)nnc1-c1ccc(C(N)=O)cc1,0
Cn1c(SCCCN2CCOC(c3ccc(C(F)(F)F)cc3)C2)nnc1-c1cccc(C(N)=O)c1,0
CC(=O)c1ccc(-c2nnc(SCCCN3CCOC(c4ccc(C(F)(F)F)cc4)C3)n2C)cc1,0
Cn1c(SCCCN2CCOC(c3ccc(C(F)(F)F)cc3)C2)nnc1-c1ccc(S(N)(=O)=O)cc1,0
CCc1cc(Cl)c(OC)c(N2CCN(C[C@H](O)CCNC(=O)c3cc4ccccc4[nH]3)CC2)c1,0
CCc1cc(Cl)c(OC)c(N2CCN(CC(O)CCNC(=O)c3cc4ccccc4[nH]3)CC2)c1,0
CCc1cc(Cl)c(OC)c(N2CCN(C[C@@H](O)CCNC(=O)c3cc4ccccc4[nH]3)CC2)c1,0
CCc1cc(Cl)c(OC)c(N2CCN(C[C@@H](F)CCNC(=O)c3cc4ccccc4[nH]3)CC2)c1,0
CCc1cc(Cl)c(OC)c(N2CCN(CC(F)CCNC(=O)c3cc4ccccc4[nH]3)CC2)c1,0
CCc1cc(Cl)c(OC)c(N2CCN(C[C@H](F)CCNC(=O)c3cc4ccccc4[nH]3)CC2)c1,0
O=C(NCCCCN1CCN(c2ccc(Cl)cc2Cl)CC1)c1cc2ccccc2[nH]1,0
CCCN(C(C)C)C1COc2cccc(C(C)=O)c2C1,0
CCCN(C(C)C)[C@@H]1COc2cccc(C(C)=O)c2C1,0
CCCN(C(C)C)[C@H]1COc2cccc(C(=O)NC(C)C)c2C1,0
CCCN(C(C)C)[C@@H]1COc2cccc(C(=O)NC(C)C)c2C1,0
CCCN(C(C)C)[C@H]1COc2cccc(C(N)=O)c2C1,0
CCCN(C(C)C)C1COc2cccc(C(N)=O)c2C1,0
CN(C)CCC(C#N)(c1ccccc1)c1ccccc1,0
CCC(=O)C(CCN(C)C)(c1ccccc1)c1ccccc1,0
CN(C)CCC(C(=O)N(C)C)(c1ccccc1)c1ccccc1,0
NC(=O)C[S+]([O-])C(c1ccccc1)c1ccccc1,0
CCC(=O)C(CC(C)N(C)C)(c1ccccc1)c1ccccc1,0
NC(=O)C[S@@+]([O-])C(c1ccccc1)c1ccccc1,0
COc1cccc(CCc2ccccc2OCCN2CCN(c3ccccc3OC)CC2)c1,0
COc1cccc(CCc2ccccc2OCCN2CCN(c3ccc(F)cc3)CC2)c1,0
COc1cccc(CCc2ccccc2OCCN2CCN(c3cccc(C(F)(F)F)c3)CC2)c1,0
COc1cccc(CCc2ccccc2OCCN2CCN(c3cccc(Cl)c3)CC2)c1,0
COc1cccc(CCc2ccccc2OCCCCN2CCN(c3ccccc3OC)CC2)c1,0
COc1cccc(CCc2ccccc2OCCCCN2CCN(c3cccc(C(F)(F)F)c3)CC2)c1,0
COc1cccc(CCc2ccccc2OCCCCN2CCN(c3cccc(Cl)c3)CC2)c1,0
COc1cccc(CCc2ccccc2OCCCCN2CCN(c3ccc(F)cc3)CC2)c1,0
CCCN(CCC)C1CCn2ncc(CO)c2C1,0
CCCN(CCC)[C@@H]1CCn2nccc2C1,0
CCCN(CCC)C1CCn2ncc(C(=O)OC)c2C1,0
CCCNC1CCn2ncc(C(=O)OC)c2C1,0
COc1cc(N(C)C(C)=O)c(Cl)cc1C(=O)NC[C@@H]1CCN(Cc2ccccc2)C1,0
COc1cc(NC(C)=O)c(Cl)cc1C(=O)NC[C@@H]1CCN(Cc2ccccc2)C1,0
COc1cc(NC(C)=O)c(Cl)cc1C(=O)NC[C@H]1CCN(Cc2ccccc2)C1,0
COc1cc(N(C)C(C)=O)c(Cl)cc1C(=O)NC[C@H]1CCN(Cc2ccccc2)C1,0
COc1ccc(Br)cc1C1=N[C@H](CN2CCN(c3ccccc3)CC2)CCN1,0
c1ccc(C2=N[C@@H](CN3CCN(c4ccccc4)CC3)CCN2)cc1,0
c1ccc(C2=N[C@H](CN3CCN(c4ccccc4)CC3)CCN2)cc1,0
COc1ccc(Br)cc1C1=N[C@@H](CN2CCN(c3ccccc3)CC2)CCN1,0
COc1ccc(Br)cc1C1=NCC[C@@H](CN2CCN(c3ccccc3)CC2)N1,0
c1ccc(C2=NCC[C@H](CN3CCN(c4ccccc4)CC3)N2)cc1,0
c1ccc(C2=NCC[C@@H](CN3CCN(c4ccccc4)CC3)N2)cc1,0
COc1ccc(Br)cc1C1=NCC[C@H](CN2CCN(c3ccccc3)CC2)N1,0
CCCC(CCC)NC(=O)c1cc2ccccc2[nH]1,0
CCCCNC(=O)c1cc2ccccc2[nH]1,0
CCCC(C)NC(=O)c1cc2ccccc2[nH]1,0
CC(C)NC(=O)c1cc2ccccc2[nH]1,0
CCCN(CCC)C1CCC(=C(C#C[Si](C)(C)C)C#C[Si](C)(C)C)CC1,0
C#CC(C#C)=C1CCC(N(CCC)CCC)CC1,0
CCCN(CCC)C1CCC(=C(C#N)C#N)CC1,0
CCCN(CCC)C1CCC(=CC#N)CC1,0
Cc1cc2nc(C)c(CN3CCN(c4ccccc4)CC3)n2c(C)n1,0
COc1ccc(N2CCN(Cc3c(C)nc4cc(C)ncn34)CC2)cc1,0
Cc1cc2nc(C)c(CN3CCN(c4ccc(Cl)cc4)CC3)n2c(C)n1,0
COc1ccccc1N1CCN(Cc2c(C)nc3cc(C)ncn23)CC1,0
Cc1ncoc1-c1nnc(SCCCN2CCOC(c3ccc(C(F)(F)F)cc3F)C2)n1C,0
Cc1ncoc1-c1nnc(SCCCN2CCO[C@H](c3ccc(C(F)(F)F)cc3)C2)n1C,0
Cc1ncoc1-c1nnc(SCCCN2CCOC(c3ccc(C(F)(F)F)cc3)C2)n1C,0
Cc1ncoc1-c1nnc(SCCCN2CCOC(c3ccc(Br)cc3)C2)n1C,0
COc1cccc(CCc2ccccc2OCCCCCN2CCN(c3ccc(F)cc3)CC2)c1,0
COc1cccc(CCc2ccccc2OCCCCCN2CCN(c3ccccc3OC)CC2)c1,0
COc1cccc(CCc2ccccc2OCCCCCN2CCN(c3cccc(Cl)c3)CC2)c1,0
COc1cccc(CCc2ccccc2OCCCN2CCN(c3cccc(Cl)c3)CC2)c1,0
COc1cccc(CCc2ccccc2OCCCN2CCN(c3ccc(F)cc3)CC2)c1,0
COc1cccc(CCc2ccccc2OCCCN2CCN(c3cccc(C(F)(F)F)c3)CC2)c1,0
c1ccc(CC[C@@H]2CN(Cc3nc4ccccc4[nH]3)CCO2)cc1,0
c1ccc(CCC2CN(Cc3nc4ccccc4[nH]3)CCO2)cc1,0
c1ccc(CC[C@H]2CN(Cc3nc4ccccc4[nH]3)CCO2)cc1,0
O=C(N[C@H]1CCN(Cc2ccc(F)c(F)c2)C1)c1ccc(-c2cccs2)cc1,0
O=C(N[C@H]1CCN(Cc2ccc(Cl)c(Cl)c2)C1)c1ccc(-c2cccs2)cc1,0
O=C(N[C@H]1CCN(Cc2ccccc2F)C1)c1ccc(-c2cccs2)cc1,0
Clc1ccc(N2CCN(Cc3cccn4nccc34)CC2)cc1,0
CCOC(=O)c1cnn2cccc(CN3CCN(c4ccc(Cl)cc4)CC3)c12,0
OCc1cnn2cccc(CN3CCN(c4ccc(Cl)cc4)CC3)c12,0
Cn1c(SCCCN2CCOC(c3ccc(C(F)(F)F)cc3)C2)nnc1-c1cccnc1,0
Cn1c(SCCCN2CCOC(c3ccc(C(F)(F)F)cc3)C2)nnc1-c1cncc(C(N)=O)c1,0
Cn1c(SCCCN2CCOC(c3ccc(C(F)(F)F)cc3)C2)nnc1-c1ccc(C(N)=O)nc1,0
Cc1nn2c(-c3ccc(F)cc3)cccc2c1CN1CCN(c2ccc(Cl)cc2)CC1,0
Fc1ccc(-c2cccc3c(CN4CCN(c5ccc(Cl)cc5)CC4)cnn23)cc1,0
Cc1nn2c(-c3ccccc3)cccc2c1CN1CCN(c2ccc(Cl)cc2)CC1,0
COc1cc2c(cc1OC)CN(/C=N/c1ccc3c(c1)C(OC(C)=O)CC3)CC2,0
COc1cc2c(cc1OC)CN(/C=N/c1ccc3c(c1)C(O)CC3)CC2,0
OC1CCc2ccc(/N=C/N3CCc4ccccc4C3)cc21,0
CC(C)NCC(O)c1ccc(O)c(O)c1,0
NCCc1ccc(O)cc1,0
NCCc1cccc(O)c1,0
N#CC(C#N)=Cc1cccn1C1CCN(Cc2ccccc2)CC1,0
N#CC(C#N)=Cc1ccn(C2CCN(Cc3ccccc3)CC2)c1,0
O=Cc1ccn(C2CCN(Cc3ccccc3)CC2)c1,0
N#CC(C#N)=Cc1cc(CN2CCN(c3ccc(Cl)cc3)CC2)c[nH]1,0
N#CC(C#N)=Cc1[nH]ccc1CN1CCN(c2ccccc2)CC1,0
N#CC(C#N)=Cc1[nH]ccc1CN1CCN(c2ccc(Cl)cc2)CC1,0
CC(C)(C)Oc1ccc(C(=O)N[C@H]2CC[C@H](CCN3CCC(c4cccc5c4CCO5)CC3)CC2)cc1,0
CC(C)(C)c1ccc(C(=O)N[C@H]2CC[C@H](CCN3CCC(c4cccc5c4CCO5)CC3)CC2)cc1,0
COc1cccc(CCc2ccccc2OCCN2CCc3cc(OC)c(OC)cc3C2)c1,0
COc1cccc(CCc2ccccc2OCCN2CCc3ccccc3C2)c1,0
COc1cccc(CCc2ccccc2OCCCCCN2CCc3ccccc3C2)c1,0
COc1cccc(CCc2ccccc2OCCCCCN2CCc3cc(OC)c(OC)cc3C2)c1,0
COc1cccc(CCc2ccccc2OCCCCN2CCc3cc(OC)c(OC)cc3C2)c1,0
COc1cccc(CCc2ccccc2OCCCCN2CCc3ccccc3C2)c1,0
COc1cccc(CCc2ccccc2OCCCN2CCc3ccccc3C2)c1,0
COc1cccc(CCc2ccccc2OCCCN2CCc3cc(OC)c(OC)cc3C2)c1,0
Cn1c(SCCCN2CC3(CCN3c3ccc(F)cc3)C2)nnc1-c1ccccc1,0
COc1ccccc1N1CCC12CN(CCCSc1nnc(-c3ccccc3)n1C)C2,0
CN1CCC2(CC1)CC(=O)C(c1ccccc1)=CO2,0
CN1CCC2(CC1)CC(=O)C(c1ccc(F)cc1)=CO2,0
Oc1cccc([C@]23CCC[C@H](NCC2)[C@H]3O)c1,0
Oc1cccc([C@]23CCC[C@H](NCC2)[C@@H]3O)c1,0
CN1CCC(c2ccccc2)(c2ccccc2)C1,0
CCC(=O)N1CCC(c2ccccc2)(c2ccccc2)C1,0
Oc1cccc(C2NCCc3c2[nH]c2ccccc32)c1,0
c1ccc(C2NCCc3c2[nH]c2ccccc32)cc1,0
CC[C@H](NC(C)C)[C@H](O)c1ccc(O)c2[nH]c(=O)ccc12,0
CCC(NC(C)C)C(O)c1ccc(O)c2[nH]c(=O)ccc12,0
Cn1c(SCCCN2CCC(C)(C)CC2)nnc1-c1ccccc1,0
Cn1c(SCCCN2CCCCC2)nnc1-c1ccccc1,0
O=C(CN1CCN(c2ccc(Cl)cn2)CC1)Nc1cncnc1,0
O=C(CN1CCN(c2ccccn2)CC1)Nc1cncnc1,0
O=C(CN1CCN(c2ccccn2)CC1)Nc1cccnc1,0
O=C(CN1CCN(c2ccc(Cl)cn2)CC1)Nc1cccnc1,0
N#CC(C#N)=Cc1ccc(CN2CCN(c3ccc(Cl)cc3)CC2)[nH]1,0
N#CC(C#N)=Cc1ccc(CN2CCN(c3ccccc3)CC2)[nH]1,0
CCc1cccc(NC(=O)CN2CCN(c3ccc(Cl)cn3)CC2)c1,0
Cc1cccc(NC(=O)CN2CCN(c3ccc(Cl)cn3)CC2)c1,0
Fc1ccc(CSc2nc3ccccc3n2Cc2ccc(Cl)cc2)cc1,0
CCOC(=O)c1cc(CSc2nc3ccccc3n2Cc2ccc(Cl)cc2)cc(C(=O)OCC)c1,0
FCCOc1ccc(N2CCN(Cc3cc4ccccn4n3)CC2)cc1,0
Clc1ccc(N2CCN(Cc3cc4ccccn4n3)CC2)cc1,0
CCCCN1CCC2(CC1)CCN(c1ccccc1OC)CC2,0
COc1ccccc1N1CCC2(CCNCC2)CC1,0
COc1cccc(C2=NCCc3c2[nH]c2ccc(OC)cc32)c1,0
COc1cccc(C2=NCCc3c2[nH]c2ccccc32)c1,0
COc1ccccc1N1CCN(Cc2cn([C@@H]3O[C@H](CO)[C@@H](O)[C@H](O)[C@H]3F)nn2)CC1,0
COc1ccccc1N1CCN(Cc2cn([C@@H]3O[C@H](CF)[C@@H](O)[C@H](O)[C@H]3O)nn2)CC1,0
CCOC(=O)c1[nH]c2ccc(F)cc2c1CN1CCN(c2ccccc2)CC1,0
N#Cc1ccc2[nH]cc(CN3CCN(c4ccccc4)CC3)c2c1,0
COc1ccc(N2CCN(CCCN3C(=O)CCc4ccccc43)CC2)cc1,0
O=C1CCc2ccccc2N1CCCN1CCN(c2ccc([N+](=O)[O-])cc2)CC1,0
N#Cc1ccc2[nH]c(CN3CCN(c4ccc(F)cc4)CC3)cc2c1,0
N#Cc1ccc2[nH]c(CN3CCN(c4ccc(Cl)c(Cl)c4)CC3)cc2c1,0
CCCN1CCC(c2cccc(S(C)(=O)=O)c2)CC1,0
CCCN1CCC(c2ccc(OC)cc2)CC1,0
C[C@H]1[C@H]2[C@@H](CN1Cc1ccccc1)[C@@H](CO)[C@@H]2N1CCCC1,0
C[C@@H]1[C@@H]2[C@H](CN1Cc1ccccc1)[C@H](CO)[C@H]2N1CCCC1,0
Cn1c(SCCCN2CCO[C@@H](c3ccc(C(F)(F)F)cc3)C2)nnc1-c1ccc(-c2ncco2)cc1,0
Cn1c(SCCCN2CCOC(c3ccc(C(F)(F)F)cc3)C2)nnc1-c1ccc(-c2ncco2)cc1,0
Clc1ccc(N2CCN(Cc3cn4ccccc4n3)CC2)cc1,0
Fc1ccc(N2CCN(Cc3cn4ccccc4n3)CC2)cc1,0
COC(=O)N1CCc2ccc(/N=C/N3CCc4cc(OC)c(OC)cc4C3)cc21,0
COc1cc2c(cc1OC)CN(/C=N/c1ccc3c(c1)N(C(=O)OC(C)(C)C)CC3)CC2,0
COc1ccc(C[C@@H](C)NC[C@H](O)c2ccc(O)c(NC=O)c2)cc1,0
COc1ccc(CC(C)NCC(O)c2ccc(O)c(NC=O)c2)cc1,0
Clc1ccc(N2CCN(Cc3cn4nc(Cl)ccc4n3)CC2)cc1,0
Fc1ccc(N2CCN(Cc3cn4nc(Cl)ccc4n3)CC2)cc1,0
CCN(CC)[C@H]1[C@H](CO)[C@@H]2CN(Cc3ccccc3)[C@@H](c3ccccn3)[C@@H]21,0
CCN(CC)[C@@H]1[C@@H](CO)[C@H]2CN(Cc3ccccc3)[C@H](c3ccccn3)[C@H]21,0
N#Cc1ccc2c(c1)CNCC2,0
N#Cc1ccc2c(c1)CCNC2,0
COc1ccc(-c2c(=O)n(CCCCN3CCCC(c4c[nH]c5ccc(OC)cc45)C3)c(=O)n3ccccc23)cc1,0
O=c1c(-c2ccccc2)c2ccccn2c(=O)n1CCCCN1CCCC(c2c[nH]c3ccccc23)C1,0
COc1cc2c(cc1OC)CN(/C=N/c1ccc3c(c1)C(OC(C)=O)CCC3)CC2,0
CCCOC1CCCc2ccc(/N=C/N3CCc4cc(OC)c(OC)cc4C3)cc21,0
COc1ccc(CC[C@@H](OC(=O)[C@@H]2CCCCN2C(=O)[C@H](c2cc(OC)c(OC)c(OC)c2)C2CCCCC2)c2cccc(OCCN3CCOCC3)c2)cc1OC,0
COc1cccc(CCc2ccccc2OCCCCCN2CCN(c3ncccn3)CC2)c1,0
COc1cccc(CCc2ccccc2OCCCCCN2CCN(C)CC2)c1,0
COc1cccc(CCc2ccccc2OCCCCN2CCN(C)CC2)c1,0
COc1cccc(CCc2ccccc2OCCCCN2CCN(c3ncccn3)CC2)c1,0
CN1CCc2c(Cl)c(O)c(O)c(Cl)c2C(c2ccccc2)C1,0
COc1cccc(CCc2ccccc2OCCN2CCN(c3ncccn3)CC2)c1,0
COc1cccc(CCc2ccccc2OCCCN2CCN(C)CC2)c1,0
Cn1c(SCCCN2CCC3(CCNCC3)CC2)nnc1-c1ccccc1,0
COc1ccc2[nH]c3c(c2c1)CCN=C3c1cc([N+](=O)[O-])cn1C,0
CCCSc1nnc(-c2ccccc2)n1C,0
COc1cccc(CCc2ccccc2OCCN2CCN(C)CC2)c1,0
O=C(c1ccc(F)cc1)N1CCC(NCC[S+]([O-])C(c2ccc(F)cc2)c2ccc(F)cc2)CC1,0
NC(=O)N1CCN(c2cccc(Cl)c2)CC1,0
O=C(NCCCCN1CCN(c2cc(C(F)(F)F)nc3ccccc23)CC1)N1CCC(c2ccccc2)CC1,0
CC(=O)Nc1c(F)cc(C(=O)N[C@H]2CC[C@H](O)CC2)cc1O[C@@H](C)c1ccccc1,0
COc1cc2c(cc1OC)CN(/C=N/c1ccc3c(c1)C1SCCSC1CC3)CC2,0
COc1ccc(N2CCN(CCCN3CCCc4ccccc4C3=O)CC2)cc1,0
COc1cc2c(cc1OC)CN(/C=N/c1ccc3c(c1)C1SCCSC1C3)CC2,0
O=C(NCC1CC1)c1cc2ccccc2[nH]1,0
CCOC(=O)/C=C1\[C@@H]2CCC[C@@]1(c1cccc(O)c1)CCN2,0
Cn1c(SCCCN2CCC3(CC2)CCN(c2ccccn2)CC3)nnc1-c1ccccc1,0
Clc1ccc(N2CCN(CCCCNc3noc(-c4ccccc4)n3)CC2)cc1,0
Cn1c(SCCCN2CCNCC2)nnc1-c1ccccc1,0
Cc1ccc(CNCC2(F)CCN(C(=O)c3cc(Br)cs3)CC2)nc1,0
CN(C)CCN1C(=O)c2ccccc2N(C)C(=O)c2ccccc21,0
Fc1ccc(N2CCN(Cc3cn4ccncc4n3)CC2)cc1,0
COc1ccccc1N1CCC2(CN(CCCSc3nnc(-c4ccccc4)n3C)C2)C1,0
CN(/C=N/c1ccc2c(c1)C(O)CC2)Cc1ccccc1,0
CCCN[C@@H]1CCc2ccc(OC)cc2C1,0
CN1CCN(c2nc(N)nc(CS(=O)(=O)c3ccccc3Cl)n2)CC1,0
Cc1ccc2c(c1)Oc1cc(C)ccc1C(N1CCN(CC(C)(C)C(=O)O)CC1)=N2,0
Cc1cccc(NC(=O)CN2CCC(c3ccc(Cl)cc3)CC2)c1,0
Cc1ccc(C2CCN(CC(=O)Nc3cccc(C)c3)CC2)nc1,0
Fc1ccc(N2CCN(Cc3cn4cccnc4n3)CC2)cc1,0
Cc1noc2c1C(=O)N(CCN1CCN(c3noc4ccccc34)CC1)CC2,0
COc1ccccc1N1CCC2(CCN(CCCSc3nnc(-c4cccnc4)n3C)CC2)CC1,0
O=C(c1ccccc1)N1CCN(CCN2CCc3ncsc3CC2)CC1,0
COc1ccc(N2CCN(CCCCCCN3C(=O)c4cccc5cccc(c45)C3=O)CC2)cc1,0
CCN(CC)[C@@H]1[C@@H](CO)[C@H]2CN(Cc3ccccc3)[C@H](C)[C@H]21,0
COc1ccccc1N1CC2(CCN(CCCSc3nnc(-c4ccccc4)n3C)CC2)C1,0
COc1ccccc1N1CCC2(CCN(CCCSc3ncc(-c4ccccc4)n3C)CC2)CC1,0
Cn1cnc2c1CCN(CCN1CCC(c3noc4ccccc34)CC1)C2=O,0
Cc1cc(CN2CCC3(CC2)OC=C(c2ccccc2)C3=O)on1,0
OCc1cc(C(O)CNCCCCCCOCCCCc2ccccc2)ccc1O,0
Clc1ccc(N2CCN(Cc3cccc4ccnn34)CC2)cc1,0
CN(C)CCN1C(=O)c2ccccc2N(C)c2ccccc21,0
COc1ccccc1N1CCC12CCN(CCCSc1nnc(-c3ccccc3)n1C)CC2,0
Fc1ccc(CN2CCN(c3ccc4c(c3)OCCO4)CC2)cn1,0
CN1CCN(C2=Nc3cc(Cl)ccc3N(NC(=O)c3ccncc3)c3ccccc32)CC1,0
Cc1ccc(CNCC2(F)CCN(C(=O)c3coc4ccccc34)CC2)nc1,0
CCCN1CCO[C@@H]2c3cc(OCCCCNC(=O)c4cc5cccnc5[nH]4)ccc3OC[C@H]21,0
CCCCN1CCC2(CCN(c3ccccc3OC)C2)C1,0
CCCCN1CCC2(CC1)CCN(c1ccccc1OC)C2,0
Cc1ccc(C2CN(CCCSc3nnc(-c4ccc(-c5noc(C)n5)cc4)n3C)CCO2)cc1,0
Cc1nc(N2CCN(CCCCNC(=O)c3cn4ccccc4n3)CC2)cc(C(F)(F)F)n1,0
C#CCN1CCC2(CC1)OC=C(c1ccccc1)C2=O,0
c1ccc(CN2CCN(Cc3coc(-c4ccccc4)n3)CC2)cc1,0
COc1ccccc1N1CC2(CN(CCCSc3nnc(-c4ccccc4)n3C)C2)C1,0
COc1ccccc1N1CCC2(CCN(CCCSc3nnc(-c4ccccc4)n3C)C2)CC1,0
CCCNCCCCNC(=O)c1ccc(-c2ccccc2)cc1,0
COc1cc(CN2CCN(c3ccc(Cl)cc3)CC2)ccc1OCCF,0
CCC(=O)N(c1ccccc1)C1CCN(CCc2ccccc2)CC1,0
CC1(c2ccc(F)cc2)NC(=O)N(CC(O)CN2CCN(Cc3ccccc3)CC2)C1=O,0
CC1(Oc2ccccn2)CCN(CCOc2ccc(C(F)(F)F)cc2)CC1,0
CC1(O)CCN(CC2COc3ccccc3O2)CC1,0
CC1(Oc2ccncc2)CCN(CCOc2ccccc2)C1,0
CC1(Oc2ccc(Cl)cc2)CCN(CCn2ccccc2=O)C1,0
O=C(NC(c1ccc(Cl)cc1)c1ccccn1)C1CCN(CCOc2ccc3cccnc3c2)CC1,0
O=C(NC(c1ccc(Cl)cc1)c1ccccn1)C1CCN(CCn2ccc(=O)cc2)CC1,0
O=C1C(c2ccccc2)=COC12CCN(Cc1ccccc1)C2,0
Cc1ccc(CNCC2(F)CCN(C(=O)c3csc4ccccc34)CC2)nc1,0
Cn1cc(-c2ccc3c(c2)c(C2CCN(CCN4CCNC4=O)CC2)cn3-c2ccc(F)cc2)nn1,1
CN1C(=O)c2ccccc2[S@+]([O-])c2ccc(C(=O)NCc3cccnc3)cc21,1
c1ccc(Cc2cc(C3CCN(Cc4ccccc4)CC3)n[nH]2)cc1,1
Cn1cnc2c1C(=O)N(CCN1CCC(c3noc4ccccc34)CC1)CCC2,1
Cc1noc(-c2ccc(CSc3nc4ccccc4n3Cc3ccc(Cl)cc3)cc2)n1,1
COc1ccc(Br)cc1-c1nc(CNCCC2CCN(Cc3ccccc3)C2)co1,1
Cc1nc(C)c2c(=O)n(CCN3CCC(c4noc5ccccc45)CC3)ccc2n1,1
CN[C@@H]1Cc2cccc3c2n(c(=O)n3CCOCCOCCOCCOc2ccc3c(c2)NC(=O)CC3)C1,1
O=C(CC1CC1)N[C@H]1CC[C@H](CCN2CCC(c3cccc4c3OCO4)CC2)CC1,1
COc1ccc(S(=O)(=O)n2cc(C)c3cc(Cl)ccc32)cc1NC1CCN(C)CC1,1
CC(C)(C)c1nc(N2CCN(CCCCn3ccc(C4CCCCC4)nc3=O)CC2)cc(C(F)(F)F)n1,1
COc1ccc2c(c1)c(C1=CCNCC1)cn2S(=O)(=O)c1cccc2ncccc12,1
O=C(CC1CCC1)N[C@H]1CC[C@H](CCN2CCC(c3cccc4c3CCO4)CC2)CC1,1
COc1ccccc1N1CCN(CCCN2C(=O)c3ccccc3C2=O)CC1,1
CN1CCN(c2nc(N)nc(C(C)(C)Sc3ccc4ccccc4c3)n2)CC1,1
Cn1ncc(CC(=O)N[C@H]2CC[C@H](CCN3C[C@@H]4C[C@]4(c4cc(C(C)(F)F)on4)C3)CC2)n1,1
Cc1ncc(CC(=O)NC2CC3CCC(C2)N3CCN2CCc3sc(OCC(F)(F)F)nc3C2)s1,1
O=C1CCc2ccc(OCCCCNCC3CC3c3cccc4ccccc34)cc2N1,1
CC(O)CN1CCN(CC[S+]([O-])C(c2ccc(F)cc2)c2ccc(F)cc2)CC1,1
c1ccc(-c2nc(CN3CCN(c4cccnc4)CC3)c[nH]2)cc1,1
c1ccc(-c2ncc(CN3CCN(c4cccnc4)CC3)[nH]2)cc1,1
CC1(c2ccc(F)cc2)NC(=O)N(CC(O)CN2CCN(c3cccc4ccccc34)CC2)C1=O,1
C[C@@H]1CN(c2cccc3cc(F)ccc23)CCN1CCC1OCCc2c1sc(C(N)=O)c2Cl,1
O=C1NCc2ccc(OCCCN3CCN(c4cccc5c4COCC5)CC3)cc21,1
Cc1c(C2CCN(CCc3ccccc3)CC2)n[nH]c1-c1ccc(Cl)cc1,1
CN1Cc2c(C(=O)N[C@H]3CC[C@H](CCN4CCc5sc(OC6CC(F)(F)C6)nc5C4)CC3)cccc2C1=O,1
COc1cc(/C=C/C(=O)N[C@H]2CC[C@H](CCN3CCc4ccc(OCC(F)F)nc4CC3)CC2)on1,1
Cc1nc(/C=C/C(=O)N[C@H]2CC[C@H](CCN3CCc4sc(N5CC(F)(F)C5)nc4C3)CC2)cs1,1
CCN1C(=O)c2ccccc2[S@+]([O-])c2ccc(C(=O)N[C@H](C)c3ccc4ccccc4c3)cc21,1
O=C1CCc2ccccc2N1CCCN1CCC(CCc2ccccc2)CC1,1
O=C1c2nc[nH]c2CCN1CCN1CCC(c2noc3ccccc23)CC1,1
Clc1ccc2c(c1)N=C(N1CCN(Cc3ccc(OCCCN4CCCCC4)cc3)CC1)c1ccccc1N2,1
CN[C@@H]1Cc2cccc3c2n(c(=O)n3CCCCCCCCCCCCOc2ccc3c(c2)NC(=O)CC3)C1,1
Fc1ccc(CCCCN2CCN(c3ccc(Cl)cc3)CC2)cc1,1
COc1cccc(NC(=O)CCN2CCN(c3ccc(Cl)cc3)CC2)c1,1
OC1(c2ccc(Cl)cc2)CCN(CC#Cc2ccc(F)cc2)CC1,1
O=C1CCc2ccccc2N1CCCCCN1CCN(c2ccccc2)CC1,1
CC(C)(C)c1nc(N2CCN(CCCCNC(=O)N3CCc4ccccc43)CC2)cc(C(F)(F)F)n1,1
Cc1[nH]c(=O)n(C2CCN(Cc3ccccc3)CC2)c1-c1ccccc1,1
COC(=O)[C@@H]1[C@H]2C[C@H]3c4[nH]c5ccccc5c4CCN3C[C@@H]2CC[C@@H]1O,1
C1=C(/C=C/c2ccccc2)CCN(CCc2c[nH]c3ncccc23)C1,1
COc1ccccc1N1CCN(CCCNC2=Nc3ccccc3OC2)CC1,1
O=C(CCCCCCCCCCCCCCCCCCCCC(=O)OC1(c2ccc(Cl)cc2)CCN(CCCC(=O)c2ccc(F)cc2)CC1)OC1(c2ccc(Cl)cc2)CCN(CCCC(=O)c2ccc(F)cc2)CC1,1
Cc1nc(O)n(C2CCN(Cc3ccccc3)CC2)c1-c1ccccc1,1
COc1ccccc1N1CCN(Cc2cn3c(-n4cccn4)cccc3n2)CC1,1
COc1ccccc1N1CCN(CCNC2=Nc3ccccc3OC2)CC1,1
COc1ccccc1N1CCN(Cc2cn3cc(C)cc(-n4cccn4)c3n2)CC1,1
O=C(Cc1ccccn1)Nc1cccc(CCN2CCN(c3ccccc3)CC2)c1,1
CC1(c2cccc3ccccc23)NC(=O)N(CC(O)CN2CCN(C(c3ccccc3)c3ccccc3)CC2)C1=O,1
CC(C)(C)c1nc(N2CCN(CCCCn3ccc(C4CCC4)nc3=O)CC2)cc(C(F)(F)F)n1,1
Cc1c(-c2ccccn2)nc(O)n1C1CCN(Cc2ccccc2)CC1,1
Cn1cc(CC(=O)N[C@H]2CC[C@H](CCN3C[C@@H]4C[C@]4(c4cc(C(C)(F)F)on4)C3)CC2)cn1,1
Cn1nnc2cccc(C(=O)N[C@H]3CC[C@H](CCN4CCc5nc(OCC(C)(F)F)sc5CC4)CC3)c21,1
CCCN(CCCCNC(=O)c1ccc(-c2ccc(OCc3cn(CCOCCOCCOCCn4cc(COc5ccc(-c6ccc(C(=O)NCCCCN(CCC)C7Cc8ccccc8C7)cc6)cc5)nn4)nn3)cc2)cc1)C1Cc2ccccc2C1,1
CCCN(CCN1CCN(c2ccc(-c3ccncc3)cc2)CC1)[C@H]1CCc2nc(N)sc2C1,1
NC(=O)c1ccccc1OCCCNCCc1cn(Cc2ccccc2)c2ccccc12,1
Cc1c(-c2ccccn2)[nH]c(=O)n1C1CCN(Cc2ccccc2)CC1,1
COc1cc(COCCOCCOCCOCCOCc2ccc(N3CCN(CCCCNC(=O)c4ccccc4)CC3)c(OC)c2)ccc1N1CCN(CCCCNC(=O)c2ccccc2)CC1,1
c1cnc(N2CCN(CCCOc3ccc(-c4nc5ccccc5[nH]4)cc3)CC2)nc1,1
Fc1ccc(CCCCN2CCN(c3ncccn3)CC2)cc1,1
CCCN(CCN1CCN(c2nccc3ccccc23)CC1)[C@H]1CCc2nc(N)sc2C1,1
O=C(CC1CC1)N[C@H]1CC[C@H](CCN2CCC(c3cccc4c3CCO4)CC2)CC1,1
CN1CCc2ccc3oc(=O)c4cccc5c4c3c2[C@H]1C5,1
CN1CCc2ccccc2Cc2ccn(C)c2CC1,1
CCCN(CCN1CCN(c2ccc(-c3ccccc3)cc2)CC1)[C@H]1CCc2nc(N)sc2C1,1
Cc1nc(N)sc1CCCN/C(N)=N/C(=O)NCC(C)C1CCCCC1,1
CN1Cc2cc(Cl)c(O)cc2[C@H](c2ccccc2)C1,1
O=C(CC1(O)CCC1)N[C@H]1CC[C@H](CCN2CCC(c3cccc4c3OCO4)CC2)CC1,1
COc1ccc2c(c1)C(NCCN1CCN(c3ccc(Cl)cc3)CC1)CCC2,1
O=C(NCCCCN1CCN(c2cccc(Cl)c2Cl)CC1)c1ccc2c(c1)-c1ccccc1-2,1
O=C(N[C@H]1CC[C@H](CCN2CCN(c3nccc4occc34)CC2)CC1)C1CC1,1
Cn1cc2c(C(=O)N[C@H]3CC[C@H](CCN4CCc5ccc(OCC(F)(F)F)nc5CC4)OC3)cccc2n1,1
CN1Cc2c(C(=O)N[C@H]3CC[C@H](CCN4CCc5sc(C6CC(F)(F)C6)nc5C4)CC3)cccc2C1=O,1
CN1CCC(c2cn(-c3ccncc3)c3ccc(-c4ccncc4)cc23)CC1,1
COc1ccccc1N1CCN(CCCSc2nnc(-c3ccccc3)n2C)CC1,1
Clc1ccc(N2CCCN(CCCCc3nc4ccccc4s3)CC2)cc1,1
O=C(CC1COC1)N[C@H]1CC[C@H](CCN2CCC(c3cccc4c3OCO4)CC2)CC1,1
O=C(NCCCCN1CCN2c3ccccc3Cc3ccccc3C2C1)C1CCCCC1,1
O=NC(CCN1CCN(c2ccccn2)CC1)c1ccccc1,1
CCO/N=C(\CCN1CCN(c2nccs2)CC1)c1ccccc1,1
COc1ccccc1C1CC1CNCCCCCOc1ccc2c(c1)NC(=O)CC2,1
CCOC(=O)C1CCN(CC2COc3ccc4[nH]c(C(=O)OC)cc4c3O2)CC1,1
c1ccc(-c2ncc(CN3CCN(c4ccccc4)CC3)[nH]2)cc1,1
c1ccc(-c2nc(CN3CCN(c4ccccc4)CC3)c[nH]2)cc1,1
COc1ccccc1N1CCN(CCCCCNC(=O)c2ccc3ccccc3c2)CC1,1
O=S1(=O)N(CCCCCCN2CCN(c3cccc(Cl)c3)CC2)c2cccc3c2N1CCC3,1
COc1cc(CN2CCN(c3ccccc3OC)CC2)ccc1OCc1cn(CCCCCCCCCCN(C)CCCCCNC(=O)COc2cccc(C#Cc3csc(C)n3)c2)nn1,1
O=C(NCCCCN1CCC(=C2c3ccc(Cl)cc3CCc3cccnc32)CC1)c1ccc2ccccc2c1,1
Cc1cc(-c2ccc3c(c2)CCN(CCCSc2nnc(C4CCCC4)n2C)CC3)no1,1
O=C1N(CCN2Cc3ccccc3C2)CCN1c1ccc2sccc2c1,1
Cc1nc(C)c(-c2nnc(SCCCN3C[C@@H]4C[C@]4(c4ccc(C(F)(F)F)cc4)C3)n2C)s1,1
Cc1cnc(-c2ccc3c(c2)CCN(CCCSc2nnc(-c4cccs4)n2C)CC3)o1,1
Cc1cc(-c2ccc3c(c2)CCN(CCCSc2nnc(-c4cccs4)n2C)CC3)no1,1
Cc1ncoc1-c1nnc(SCCCNC2CC3CC3(c3ccccc3)C2)n1C,1
O=C1N(CCN2CCC(c3ccc(Cl)cc3)CC2)CCN1c1cccc(Cl)c1,1
CS(=O)(=O)Oc1ccc2c(c1)CCN(CC[C@H]1CC[C@H](NC(=O)c3cccc(-n4cccc4)c3)CC1)CC2,1
Cc1cccc(NC(=O)CN2CCC(c3ccccn3)CC2)c1,1
CCCN(CCC)C1CCc2cc3c(cc2C1)OCC3,1
CC(=O)Nc1ccc(CCN(C)CC2Cc3ccc4c(ccn4S(=O)(=O)c4ccccc4)c32)cc1,1
COc1cc(CN2CCN(c3ccccc3OC)CC2)ccc1OCc1cn(CCOCCOCCOCCNC(=O)COc2cncc(C#Cc3csc(C)n3)c2)nn1,1
OC[C@@H]1[C@@H]2CN(Cc3ccccc3)[C@@H](c3ccccc3)[C@@H]2[C@H]1N1CCCC1,1
CCCN(CCCCNC(=O)c1ccc(-c2ccc(OCc3cn(CCOCCOCCOCCOCCn4cc(COc5ccc(-c6ccc(C(=O)NCCCCN(CCC)C7Cc8ccccc8C7)cc6)cc5)nn4)nn3)cc2)cc1)C1Cc2ccccc2C1,1
O=C(NCCN1CCN(c2ccc(Cl)c(Cl)c2)CC1)c1ccccn1,1
O=C(CCCCCCCCCCCCCCCCC(=O)NCCCN1CCN(C2=Nc3cc(Cl)ccc3Nc3ccccc32)CC1)NCCCN1CCN(C2=Nc3cc(Cl)ccc3Nc3ccccc32)CC1,1
O=C(NCCCCNC1COc2ccc(O)cc2C1=O)c1cc2ccccc2[nH]1,1
O=C(Cc1noc2ccccc12)N[C@H]1CC[C@H](CCN2CCC(c3coc4ccccc34)CC2)CC1,1
CC(C)(C)c1nc(N2CCN(CCCCNC(=O)CCc3ccccc3)CC2)cc(C(F)(F)F)n1,1
O=C(Cc1noc2ccccc12)N[C@H]1CC[C@H](CCN2CCC(c3cccc4c3CCO4)CC2)CC1,1
O=C(N[C@H]1CC[C@H](CCN2CCN(c3cccc4c3OCO4)CC2)CC1)N1CCc2ccccc21,1
CN1CCN(c2ccc3ccn(S(=O)(=O)c4ccccc4)c3c2)CC1,1
C(=C/c1ccccc1)\COCC1CCN(CCc2ccccc2)CC1,1
COc1cccc(OC)c1-c1cccc2c1CC[C@H](N(C)C)C2,1
COc1ccc2c(c1)c(C1=CCNCC1)cn2S(=O)(=O)c1ccc2cccnc2c1,1
C1=C(c2nc3ccccc3o2)CCN(Cc2ccccc2)C1,1
c1cnc(N[C@H]2CC[C@H](CCN3CCN(c4ncccn4)CC3)CC2)nc1,1
CCCN(CCCCNC(=O)c1ccc(-c2ccccc2)cc1)C1Cc2cccn3ncc(c23)C1,1
O=C(c1ccc(F)cc1)C1CCN(CCn2c(=O)[nH]c3ccccc3c2=O)CC1,1
Cc1ncc(/C=C/C(=O)NC23CCC(CCN4CCc5nc(OCC(F)(F)F)sc5CC4)(CC2)CC3)cn1,1
Cc1ncc(/C=C/C(=O)N[C@H]2CC[C@H](CCN3CCc4nc(OCC(C)(F)F)sc4CC3)CC2)cn1,1
c1c2c(cc3c1OCO3)CN1CCc3cc4c(cc3[C@@H]1C2)OCO4,1
O=C1c2ccccc2S(=O)(=O)N1CCCCCCN1CCN(c2ccccn2)CC1,1
O=C1c2cnc(C3CC3)nc2CCN1CCN1CCN(c2nsc3ccccc23)CC1,1
O=C1CCc2ccc(CO[C@@H]3C[C@H]3CN3CCN(c4cccc(Cl)c4Cl)CC3)cc2N1,1
CN1CCc2ccc(OCCCN3CCN(c4ccc5c(c4)OCO5)CC3)cc2C1=O,1
O=C1c2ccccc2CCCN1CCN1CCC(n2c(O)nc3cc(F)ccc32)CC1,1
CO[C@@H]1[C@@H](OC)[C@H](C)[C@@](O)(CC(=O)O)O[C@H]1[C@H](C)[C@H]1O[C@@]2(CC[C@@](C)([C@H]3CC[C@@](C)([C@@H]4O[C@@H]([C@H]5O[C@](C)(O)[C@H](C)C[C@@H]5C)C[C@@H]4O[C@@H]4C[C@H](OC)[C@@H](OC)[C@H](C)O4)O3)O2)C[C@H](O)[C@H]1C,1
O=C1c2ccccc2CCCN1CCN1CCC(n2c(=O)[nH]c3cc(F)ccc32)CC1,1
CC(C)(C)c1nc(N2CCN(CCCCNC(=O)NCCc3ccccc3)CC2)cc(C(F)(F)F)n1,1
CCc1cc([C@]23C[C@H]2CN(CC[C@H]2CC[C@H](NC(=O)c4cccn5nccc45)CC2)C3)no1,1
O=C1c2ncccc2CCC1CCN1CCC(c2noc3ccccc23)CC1,1
Cc1ncc(CC(=O)N[C@H]2CC[C@H](CCN3CCC(c4nocc4C4CC4)CC3)CC2)s1,1
O=S(=O)(N[C@H]1CC[C@H](CCN2CCC(c3cccc4c3OCO4)CC2)CC1)N1CCOCC1,1
O=C(N[C@H]1CC[C@H](CCN2CCC(c3cccc4c3OCO4)CC2)CC1)N1CCc2ccccc21,1
O=C1c2ccccc2CCCN1CCCCN1CCN(c2ccccn2)CC1,1
Fc1ccc(C(SCCNCCCc2ccccc2)c2ccc(F)cc2)cc1,1
Cc1nc(-c2ccc(C(=O)N[C@H]3CC[C@H](CCN4CCC(c5coc6ccccc56)CC4)CC3)cc2)no1,1
O=C1c2ccccc2C(=O)N1CCCCN1CCCN(C(c2ccccc2)c2ccc(Cl)cc2)CC1,1
CC1(C(=O)N[C@H]2CC[C@H](CCN3CCC(c4cccc5c4OCO5)CC3)CC2)COC1,1
O=C(CCCCCN1CCN(c2ccccc2-c2ccccc2)CC1)NC1CCCc2ccccc21,1
O=C1c2ncccc2CCN1CCN1CCC(c2nsc3ccccc23)CC1,1
O=C(N[C@H]1CC[C@H](CCN2CCN(c3nccc4c3CCO4)CC2)CC1)c1ccc(-c2cccnc2)cc1,1
Cc1c(-c2ccccc2)nc(O)n1C1CCN(CCc2ccccc2)CC1,1
CC(C)(CCCN1CCCC(c2ccccc2)C1)S(=O)(=O)c1ccccc1,1
Cc1c(-c2ccccc2)[nH]c(=O)n1C1CCN(CCc2ccccc2)CC1,1
O=c1[nH]c2cccc(N3CCN(CC4CCc5c([nH]c6ccc(F)cc56)C4)CC3)c2o1,1
CN1CCC(c2cn(-c3ccc(F)cc3)c3ccc(-c4ncn(C)n4)cc23)CC1,1
O=S(=O)(c1ccccc1)n1ccc2c(N3CCN(CCCOc4ccc5ccoc5c4)CC3)cccc21,1
Cn1cc2c(C(=O)N[C@H]3CC[C@H](CCN4CC=C(c5nocc5C(C)(F)F)CC4)CC3)cccc2n1,1
Clc1ccc(N2CCN(CCCCc3nc4ccccc4s3)CC2)cc1,1
O=C(CC1COCCO1)N[C@H]1CC[C@H](CCN2CCC(c3cccc4occc34)CC2)CC1,1
O=C(N[C@H]1CC[C@H](CCN2CCN(c3cccc4c3OCO4)CC2)CC1)C1CCOCC1,1
c1ccc(C2CCN(Cc3cn(-c4ccccc4)nn3)CC2)cc1,1
Fc1ccc(C(OC2CC3CCC(C2)N3Cc2cc3ccccc3[nH]2)c2ccc(F)cc2)cc1,1
COc1ccccc1C1CC1CNCCCCCOc1ccc2ccc(=O)[nH]c2c1,1
O=C(CCCCN1CCC(n2c(=O)[nH]c3cc(Cl)ccc32)CC1)c1nc2ccccc2s1,1
O=C1c2cnn(C3CC3)c2CCN1CCN1CCC(c2noc3ccccc23)CC1,1
COc1ccc(Cl)cc1C1CC1CN(CCCSc1nnc(-c2ccccc2)n1C)CC1CC1,1
CC(C)(C)c1nc(N2CCN(CCCCNC(=O)N3CCCc4ccccc43)CC2)cc(C(F)(F)F)n1,1
CN1CCN(C2=Nc3cc(Cl)ccc3N(NC(=O)c3ccccc3N3CCCCC3)c3ccccc32)CC1,1
CC(C)(C)c1nc(N2CCN(CCCCNC(=O)N3CCN(C4CCCCC4)CC3)CC2)cc(C(F)(F)F)n1,1
Cc1cc(C(N)=O)c(-c2cccc(OC(=O)NCCN3CCN(c4ccccc4)CC3)c2)s1,1
O=c1[nH]c2cc(Cl)ccc2n1C1CCN(CCCCc2nc3ccccc3s2)CC1,1
Fc1ccc(SCCCN2CCN(c3ccc(Cl)cc3)CC2)cc1,1
Cc1ncc(/C=C/C(=O)N[C@H]2CC[C@H](CCN3CCc4sc(C5CC(F)(F)C5)nc4C3)CC2)cn1,1
Cn1cc2c(C(=O)N[C@H]3CC[C@H](CCN4CCc5sc([C@H]6C[C@@H](F)C6)nc5C4)CC3)cccc2n1,1
O=C1c2cn(C3CC3)nc2CCN1CCN1CCN(c2nsc3ccccc23)CC1,1
CN1C(=O)c2ccccc2[S@+]([O-])c2ccc(C(=O)NCCN3CCCC3)cc21,1
COc1cccc(C(=O)NCCCCN2CCN(c3noc4ccccc34)CC2)c1,1
Cc1cccc(-c2c(O)c(O)cc3c2CCN(C)CC3c2cccc(C)c2)c1,1
O=C1c2ncccc2CCC1CCN1CCN(c2nsc3ccccc23)CC1,1
CCCN1CCc2cccc3c2C1Cc1cccc(OCCCn2cc(CCCCN4CCN(c5ccccc5OC)CC4)nn2)c1-3,1
CCc1cc(Cl)c(OC)c(C(=O)NC[C@@H]2CCCN2Cc2ccccc2)c1O,1
O=C1c2occc2CCN1CCN1CCC(c2noc3ccccc23)CC1,1
COc1ccccc1CNN1c2ccc(Cl)cc2N=C(N2CCN(C)CC2)c2ccccc21,1
O=C(Cc1ccncc1)Nc1cccc(CCN2CCN(c3ccccc3)CC2)c1,1
OC1(c2ccc(Cl)cc2)CCCN(Cc2c[nH]c3ccccc23)CC1,1
c1ccc(CCC2CCN(Cc3cc4ccc[nH]c-4n3)CC2)cc1,1
Cc1cccc(NC(=O)CN2CCN(c3cccc4ccccc34)CC2)c1,1
c1ccc(CCC2CCN(Cc3cc4cccnc4[nH]3)CC2)cc1,1
CCCCn1cc(CCCOc2ccc(C(=O)NCCCCN3CCCN(c4ccc(O)c5[nH]c(=O)ccc45)CC3)cc2OC)nn1,1
COc1ccccc1N1CCN(Cc2ccc(CNC(=O)c3ccc4ccccc4c3)cc2)CC1,1
CC(C)(C)c1nc(N2CCN(CCCCNC(=O)c3cc4ccccn4n3)CC2)cc(C(F)(F)F)n1,1
Cc1cccc(C2CN(CCCc3cn(CCCN4CCN(c5nsc6ccccc56)CC4)nn3)CCc3cc(O)c(O)cc32)c1,1
C1=C(c2c[nH]c3ccccc23)CCNC1,1
Nc1nc2cc3c(cc2s1)CCN(Cc1cccnc1)CC3,1
COc1ccccc1N1CCN(CCCCNC(=O)c2ccc(-c3ccc(Cl)cc3)o2)CC1,1
Cn1c(SCCCN2C[C@@H]3C[C@]3(c3ccc(C(F)(F)F)cc3)C2)nnc1-c1ccnnc1,1
O=S1(=O)N(CCN2CCCCCC2)CCN1c1cccc(Cl)c1,1
OC1(c2ccc(Cl)cc2)CCN(CCCCc2nc3ccccc3s2)CC1,1
O=C(/C=C/c1ccc2[nH]ccc2c1)NCCCCN1CCc2ccc(OS(=O)(=O)C(F)(F)F)cc2C1,1
Cc1ccc2c(N3CCN(CCc4cccc(NC(=O)c5cnccn5)c4)CC3)cccc2n1,1
CCCN(CCC)C1CCc2cc(CSc3ccc(OC)cc3)ccc2C1,1
O=C1CC(CN2CCC(c3noc4cc(F)ccc34)CC2)Cc2nc(N3CCCC3)sc21,1
c1ccc(-c2ccccc2CN2CCN3c4cccc5[nH]cc(c45)CC3C2)cc1,1
Cc1nc2c(o1)CC(CN1CCC(c3c[nH]c4cc(F)ccc34)CC1)CC2=O,1
COc1ccc(S(=O)(=O)N2CCc3ccccc3C2)cc1-c1ccc(CN2CCCCCC2c2ccccc2)[nH]1,1
Cc1nc(C)c(-c2nnc(SCCCN3CCC4CC4(c4ccc(C(F)(F)F)cc4)CC3)n2C)s1,1
CCCN(CCCCNC(=O)c1ccc(-c2ccccc2)cc1)C1CCc2nc(N)sc2C1,1
O=C(CCCCN1CCN(c2ccccc2)CC1)c1nc2ccccc2s1,1
COc1ccccc1N1C=CC2(CCN(CCCSc3nnc(-c4ccccc4)n3C)CC2)CC1,1
CCCN1CCOC2c3cc(O)ccc3[S+]([O-])CC21,1
O=C(CC1COC1)N[C@H]1CC[C@H](CCN2CCC(c3cccc4c3CCO4)CC2)CC1,1
CCOc1c(C(=O)NN2c3ccc(Cl)cc3N=C(N3CCN(C)CC3)c3ccccc32)sc2ccccc12,1
CN(C)CCC=C1c2ccccc2CCc2ccccc21,1
Fc1ccc(C(c2ccc(F)cc2)N2CCN(CCCCc3nc4ccccc4s3)CC2)cc1,1
CS(=O)(=O)c1ccc(C(=O)N[C@H]2CC[C@H](CCN3CCC(c4cccc5c4CCO5)CC3)CC2)s1,1
OC1(c2ccc(Cl)c(C(F)(F)F)c2)CCN(CCCCC(c2ccc(F)cc2)c2ccc(F)cc2)CC1,1
Cn1cc(-c2nnc(SCCCN3CC4CCN(c5ccc(C(F)(F)F)cc5)C4C3)n2C)cn1,1
CC(C)(C)c1nc(C2CC2)cc(N2CCN(CCCCNC(=O)c3cn4ccccc4n3)CC2)n1,1
O=C(Nc1ccccn1)NC1CCN(Cc2ccccc2)CC1,1
N#Cc1ccc2c(c1)CN(CC[C@@H]1C[C@H]1CNC(=O)c1cc3cccnc3[nH]1)CC2,1
O=C(CC1CCCO1)N[C@H]1CC[C@H](CCN2CCN(c3cccc4c3OCO4)CC2)CC1,1
O=C1c2cccc3cccc(c23)N1CCCCCCN1CCN(c2ncccn2)CC1,1
Cc1ncc2c(n1)CCC(CCN1CCC(c3noc4ccccc34)CC1)C2=O,1
c1ccc(OC[C@@H]2CC[C@H]3CN(c4ccccn4)CCN3C2)cc1,1
O=C(CN1CCN(Cc2ccc(Cl)cc2)CC1)N1c2ccccc2CC12CCCC2,1
CCOC(=O)/C=C1\[C@@H]2CCC[C@@]1(c1cccc(O)c1)CCN2CCc1ccccc1,1
NC(=O)c1ccn(-c2cccc(OC(=O)NCCN3CCN(c4ccccc4)CC3)c2)c1,1
COc1cc(CN2CCN(c3ccccc3OC)CC2)ccc1OCc1cn(CCOCCOCCOCCOCCOCCNC(=O)COc2cncc(C#Cc3csc(C)n3)c2)nn1,1
Fc1ccc(OCCCN2CCN(c3ccccn3)CC2)cc1,1
O=C(CCCCCN1CCN(c2ccccc2-c2ccccc2)CC1)NCc1ccncc1,1
CC(C)(C)c1nc(N2CCN(CCCCNC(=O)N3CCN(CC4CC4)CC3)CC2)cc(C(F)(F)F)n1,1
O=C(N[C@H]1CC[C@H](CCN2CCC(c3cccc4c3OCO4)CC2)CC1)C1CCOCC1,1
Fc1ccc(SCCCN2CCN(c3ccccn3)CC2)cc1,1
CO[C@@H]1CC[C@@H](CC(=O)N[C@H]2CC[C@H](CCN3CCN(c4cccc5c4OCO5)CC3)CC2)C1,1
C[C@@H](O)[C@@H]1NC(=O)[C@H](CCCCN)NC(=O)[C@@H](Cc2c[nH]c3ccccc23)NC(=O)[C@H](Cc2ccncc2)NC(=O)[C@H](Cc2ccccc2)NC(=O)[C@H](CCCNC(=N)N)NC(=O)[C@H](NC[C@H](Cc2ccc(O)cc2)NC(=O)CSC[C@@H]2C[C@@H]3c4cccc5[nH]cc(c45)C[C@H]3N(C)C2)CCCCNC(=O)[C@H](Cc2ccccc2)NC1=O,1
COc1ccccc1N1CCN(CCCCNC2=CC=CC3=[N+]4[N+](=Cc5cc6ccccc6n5[B-]4(F)F)[B-](F)(F)N23)CC1,1
N#Cc1ccc2c(c1)CN(C[C@@H]1C[C@H]1CCNC(=O)c1cc3ccccc3[nH]1)CC2,1
COc1ccccc1N1CCN(CCCCn2cc(-c3cccnc3)nn2)CC1,1
O=S1(=O)c2cccc3cccc(c23)N1CCCN1CCN(c2ccc(F)cc2)CC1,1
c1cnc(N[C@H]2CC[C@H](CCN3CCN(c4cnccn4)CC3)CC2)nc1,1
CCCN(CCCCn1cc(-c2ccc(-c3ccccc3)cc2)nn1)C1CC=C(C#Cc2ccccc2)CC1,1
COc1ccccc1N1CCN(CCCCNC(=O)c2cccn3nccc23)CC1,1
OC1CCc2c(c3ccccc3n2CCCN2CCN(c3ccccc3)CC2)C1,1
CCOc1csc(C(=O)NN2c3ccc(Cl)cc3N=C(N3CCN(C)CC3)c3ccccc32)c1,1
NC(=O)c1ccccc1OCCCNCCc1cn(S(=O)(=O)c2ccccc2)c2ccccc12,1
CN1CCN(c2ccc(C(=O)N[C@H]3CC[C@H](CCN4CCN(c5nccc6c5CCO6)CC4)CC3)cc2)CC1,1
C[C@@H](O)[C@@H]1NC(=O)[C@H](CCCCN)NC(=O)[C@@H](Cc2c[nH]c3ccccc23)NC(=O)[C@H](Cc2cccnc2)NC(=O)[C@H](Cc2ccccc2)NC(=O)[C@H](CCCNC(=N)N)NC(=O)[C@H](NC[C@H](Cc2ccc(O)cc2)NC(=O)CSC[C@@H]2C[C@@H]3c4cccc5[nH]cc(c45)C[C@H]3N(C)C2)CCCCNC(=O)[C@H](Cc2ccccc2)NC1=O,1
COc1ccccc1N1CCN(CCCCNC(=O)c2ccc3nccnc3c2)CC1,1
O=C(CCCN1C2CCC1CN(c1ccc(Cl)cc1)CC2)c1ccc(F)cc1,1
COc1ccccc1N1CCN(C2CC3CC(NC(=O)c4ccc5ccccc5c4)CC3C2)CC1,1
O=c1ccc2ccc(OCCCCNCC3CC3c3cccc4c3OCCO4)cc2[nH]1,1
COc1ccccc1N1CCN(CCCN2CCCc3ncsc3C2)CC1,1
CC(C)(C)c1nc(N2CCN(CCCCCC(=O)NCc3ccccc3)CC2)cc(C(F)(F)F)n1,1
Cc1nc2c(o1)CC(CN1CC=C(c3c[nH]c4cc(F)ccc34)CC1)CC2=O,1
CCc1cc(Cl)c(OC)c(C(=O)NC[C@@H]2CCCN2CCCCNC(=O)c2cc3ccccc3[nH]2)c1O,1
Fc1ccc(OCCCN2CCCN(c3ccc(Cl)cc3)CC2)cc1,1
O=C(N[C@H]1CC[C@H](CCN2CC[C@H]3CN(c4ccccc4)C[C@@H]3C2)CC1)c1cccc2ncccc12,1
O=C(CCCN1CC2CC1CN2c1ccc(Cl)cc1)c1ccc(F)cc1,1
O=C(CCCN1CC2CC1N(c1ccc(Cl)cc1)C2)c1ccc(F)cc1,1
O=S(=O)(NCCCCN1CCN(c2noc3ccccc23)CC1)c1cccc2scnc12,1
O=C1c2cnn(C3CC3)c2CCN1CCN1CCN(c2nsc3ccccc23)CC1,1
CN1CCc2ccc(Cc3ccc(O)c4ccccc34)c3c2[C@H]1Cc1ccc(O)c(O)c1-3,1
c1ccc(-c2c[nH]c(CN3CCN(c4ccccc4)CC3)c2)cc1,1
COc1ccccc1N1CCN(CCCCNC(=O)C2CCCCC2)CC1,1
CC(C)(C)c1nc(N2CCN(CCCCn3ccc(-c4ccccc4)nc3=O)CC2)cc(C(F)(F)F)n1,1
Fc1ccc(OCCCN2CCc3ccccc3C2)cc1,1
O=C(N[C@H]1CC[C@H](CCN2CCC(c3cccc4c3OCO4)CC2)CC1)C1CCOC1,1
O=C(N[C@H]1CC[C@H](CCN2CCN(c3nccc4c3CCO4)CC2)CC1)c1ccc(-n2cccc2)cc1,1
COc1ccccc1NC1CCN(CCCCNC(=O)c2ccc3ccccc3c2)CC1,1
Nc1nc2c(s1)CC(CCCNCCN1CCN(c3ccc(-c4ccc5c(c4)C(=O)C(=O)N5)cc3)CC1)CC2,1
CCOc1ccccc1N1CCN(Cc2cccs2)CC1,1
CCc1cc(Cl)c(OC)c(C(=O)NC[C@@H]2CCCN2CCCc2ccccc2)c1O,1
Cn1c(SCCCN2CC[C@]3(C[C@@H]3c3ccc(C(F)(F)F)cc3)C2)nnc1-c1cccs1,1
O=C(/C=C/c1ccccc1)NCCCCN1CCCN(C(c2ccccc2)c2ccccc2)CC1,1
c1ccc(N2CCN(C3CCC(Nc4ncccn4)CC3)CC2)cc1,1
NC(=O)c1ccccc1OCCCN1CC=C(c2cn(S(=O)(=O)c3ccccc3)c3ccccc23)CC1,1
O=C(N[C@H]1CC[C@H](CCN2CCC(c3nocc3C3CC3)CC2)CC1)c1cccc2ncccc12,1
Clc1ccc(N2CCN(CCCCCc3cc4ccccn4n3)CC2)cc1,1
CN1CCC(c2cn(-c3ccc(F)cc3)c3ccc(-c4ccn(C)n4)cc23)CC1,1
Clc1ccc(CN2CCC(c3cc(-c4ccc(Cl)cc4)on3)CC2)cc1,1
CC(=O)N(Cc1ccc([C@H]2CN(C)CCc3cc(Cl)c(O)cc32)cc1)C1CCC1,1
CC(C)(C)c1nc(N2CCN(CCCCNC(=O)NCC3CCCCC3)CC2)cc(C(F)(F)F)n1,1
O=C1CC(CN2CCC(c3c[nH]c4cc(F)ccc34)CC2)Cc2nc(N3CCCC3)sc21,1
Cc1cc(CN(C)CCN2CCN(c3cccc(Cl)c3)C2=O)on1,1
Cn1c(SCCCN2C[C@@H]3C[C@]3(c3ccc(C(F)(F)F)cc3)C2)nnc1-c1ccccc1,1
CCCN(CCCCNC(=O)c1ccc(-c2ccccc2)cc1)C1CCc2nc(N)ncc2C1,1
COc1cc(N)c(Cl)cc1C(=O)NC1CCN(CCCOc2ccc(F)cc2)CC1OC,1
COc1ccccc1N1CCN(CCCc2cn(-c3ccc(-c4ccsc4)cc3)nn2)CC1,1
COc1ccccc1N1CCN(CC2CN=C3c4ccccc4NC(=O)N32)CC1,1
c1ccc2c(c1)CCN(CCCCc1c[nH]c3ccccc13)C2,1
Fc1ccc(CN2CCC(Nc3ccc(C(F)(F)F)nn3)CC2)cc1F,1
O=C(CCCCN1CCN(C(c2ccc(F)cc2)c2ccc(F)cc2)CC1)c1nc2ccccc2s1,1
O=C(Nc1ccc(Cl)cc1)N[C@H]1CC[C@H](CCN2CCN(c3cccc4c3OCO4)CC2)CC1,1
O=C(CCCN1CC2CCC(C1)N2c1ccccc1)c1ccc(F)cc1,1
Cn1c(SCCCN2CC3CCN(c4ccc(C(F)(F)F)cc4)C3C2)nnc1-c1nccs1,1
CC(C)(C)c1nc(N2CCN(CCCCn3ccc(C4CC4)nc3=O)CC2)cc(C(F)(F)F)n1,1
CC(O)C(=O)N(CCN1CCC(c2noc3cc(F)ccc23)CC1)CC1CC1,1
O=C1C(c2ccccc2)=COC12CCN(CCc1ccsc1)CC2,1
CCCN(Cc1cccs1)[C@@H]1CCc2c(cccc2OC)C1,1
O=C(CCCN1CCCC2(C1)OC(c1ccccc1)=CC2=O)c1ccc(F)cc1,1
O=C1CC(CN2CCC(C(=O)c3ccc(F)cc3)CC2)Cc2occc21,1
O=C1c2ccccc2CCCN1CCCCN1CCN(c2ncccn2)CC1,1
COc1ccccc1N1CCN(CCN2CCc3ncsc3CC2)CC1,1
Cc1ccc(C(=O)N[C@H]2CC[C@H](CCN3CCC(c4cccc5c4CCO5)CC3)CC2)cn1,1
Cc1ncoc1-c1nnc(SCCCN2C[C@H]3CC[C@H](c4ccc(C(F)(F)F)cc4)[C@H]3C2)n1C,1
O=C(NC1CCN(Cc2ccccc2)C1)c1cccc(-c2ccccc2)c1,1
CN1CCC(c2cn(-c3ccc(F)cc3)c3ccc(-c4cnn(C)c4)cc23)CC1,1
CC(F)(F)COc1nc2c(s1)CCN(CC[C@H]1CC[C@H](NC(=O)c3cccc4ncccc34)CC1)C2,1
COc1ccccc1N1CCN(CCCNC(=O)c2cc3ccccn3n2)CC1,1
Cn1c(N2CCCC2)nc2c(CN3CCN(c4ccccn4)CC3)c[nH]c2c1=O,1
FCCOc1ccccc1N1CCN(Cc2cnn3ccccc23)CC1,1
O=C(CCCCCCCCCCCCCCCCC(=O)OC1(c2ccc(Cl)cc2)CCN(CCCC(=O)c2ccc(F)cc2)CC1)OC1(c2ccc(Cl)cc2)CCN(CCCC(=O)c2ccc(F)cc2)CC1,1
O=C(Nc1nccc2ccccc12)NC1CCN(Cc2ccccc2)CC1,1
CN1CCC(C(=O)N[C@H]2CC[C@H](CCN3CCC(c4cccc5c4OCO5)CC3)CC2)CC1,1
C[C@@H](O)[C@@H]1NC(=O)[C@H](CCCCN)NC(=O)[C@@H](Cc2c[nH]c3ccccc23)NC(=O)[C@H](Cc2ccncc2)NC(=O)[C@H](Cc2ccccc2)NC(=O)[C@H](CCCNC(=N)N)NC(=O)[C@H](NC[C@H](Cc2ccc(O)cc2)NC(=O)C[S+]([O-])C[C@@H]2C[C@@H]3c4cccc5[nH]cc(c45)C[C@H]3N(C)C2)CCCCNC(=O)[C@H](Cc2ccccc2)NC1=O,1
O=C(NC/C=C/CN1CCN(c2cccc(Cl)c2Cl)CC1)c1cc2ccccc2s1,1
Cn1ncc2c1CCC(CCN1CCC(c3noc4ccccc34)CC1)C2=O,1
OC1(c2ccc(Cl)c(C(F)(F)F)c2)CCN(CCCN(c2ccc(F)cc2)c2ccc(F)cc2)CC1,1
O=c1n(Cc2ccc(CN3CCN(c4cccc(Cl)c4)CC3)cc2)nc2ccccn12,1
CN1CCN(c2ccc(C(=O)N[C@H]3CC[C@H](CCN4CCC(c5cccc6c5CCO6)CC4)CC3)cc2)CC1,1
COc1c(O)ccc2c1CN1CCc3cc4c(cc3[C@@H]1C2)OCC4,1
CN(CCCC12CCC(c3ccccc31)c1ccccc12)Cc1ccc(OCCCN2CCCCC2)cc1,1
Cc1cc(-c2nnc(SCCCN3CC4CCN(c5ccc(C(F)(F)F)cc5)C4C3)n2C)on1,1
O=C1c2cn(-c3ccccc3)nc2CCN1CCN1CCN(c2nsc3ccccc23)CC1,1
COc1ccccc1N1CCN(CCCCN2C(=O)c3cc4ccccc4cc3C2=O)CC1,1
O=C(CC1CCOCC1)N[C@H]1CC[C@H](CCN2CCN(c3nccc4sccc34)CC2)CC1,1
Cn1ncc2c1CCC(CCN1CCN(c3nsc4ccccc34)CC1)C2=O,1
O=c1n(CCCCCCN2CCN(c3cccc4cccnc34)CC2)nc2ccccn12,1
CC(C)(C)c1nc(N2CCN(CCCCN3C(=O)CC(=O)c4ccccc43)CC2)cc(C(F)(F)F)n1,1
CCCN(CCc1ccc(NC(=O)CCc2cn(CCCCCCNC(=O)COc3cncc(C#Cc4csc(C)n4)c3)nn2)cc1)C1CCc2c(O)cccc2C1,1
O=C(CC1CC1)N[C@H]1CC[C@H](CCN2CCN(c3cccc4c3OCO4)CC2)CC1,1
COc1ccccc1N1CCN(CCCCNC(=O)c2ccc(N3CCOCC3)cc2)CC1,1
Cc1ncc(/C=C/C(=O)N[C@H]2CC[C@H](CCN3CCc4nc(OCC(F)F)sc4CC3)CC2)s1,1
O=c1[nH]c2cccc(OC3CCN(CC4CCc5[nH]c6ccc(F)cc6c5C4)CC3)c2o1,1
Cn1cc(/C=C/C(=O)N[C@H]2CC[C@H](CCN3CCc4nc(OCC(F)(F)F)sc4CC3)OC2)cn1,1
COc1ccccc1N1CCN(CCNC(=O)/N=N/c2ccc(F)cc2)CC1,1
CN1Cc2c(C(=O)N[C@H]3CC[C@H](CCN4CCc5ccc(OCC(C)(F)F)nc5CC4)CC3)cccc2C1=O,1
[N-]=[N+]=NCCSSCCn1cc(C(=O)CCCN2CCC(O)(c3ccc(Cl)cc3)CC2)nn1,1
O=C(CCCCCCCCCCCCCCC(=O)OC1(c2ccc(Cl)cc2)CCN(CCCC(=O)c2ccc(F)cc2)CC1)OC1(c2ccc(Cl)cc2)CCN(CCCC(=O)c2ccc(F)cc2)CC1,1
Cn1nnc(-c2ccc3c(c2)c(C2CCN(CCN4CCNC4=O)CC2)cn3-c2ccc(F)cc2)n1,1
Fc1ccc(CCCCN2CCCN(c3ccc(Cl)cc3)CC2)cc1,1
O=C(CC1CCOCC1)N[C@H]1CC[C@H](CCN2CCN(c3cccc4c3OCO4)CC2)CC1,1
Cc1cc(C(N)=O)c(-c2cccc(OC(=O)NCCN3CCN(c4ccccc4)CC3)c2)o1,1
COc1ccccc1N1CCCN(CCCCNC(=O)c2cc3ccccc3[nH]2)CC1,1
COc1ccccc1N1CCN(CCCCn2cc(-c3ccc(-c4cnco4)cc3)nn2)CC1,1
O=C(NCCCCN1CCCN(C(c2ccccc2)c2ccccc2)CC1)c1ccc2ccccc2c1,1
O=C(N[C@H]1CC[C@H](CCN2CCC(c3cccc4c3CCO4)CC2)CC1)C1CCOC1,1
CN1CCc2ccc(OCCCN3CCN(c4cccc5ccccc45)CC3)cc2C1=O,1
O=c1[nH]c2cc(Cl)ccc2n1C1CCN(CCCCc2c[nH]c3ccccc23)CC1,1
CCCN1CCC[C@@H](c2cccc(-c3ccsc3)c2)C1,1
Cc1ccc(C(=O)N[C@H]2CC[C@H](CCN3CCC(c4cccc5c4OCO5)CC3)CC2)cn1,1
COc1ccc(Cl)cc1OC[C@@H]1CN(Cc2ccc(Cl)cc2)CCO1,1
FC(F)(F)c1nc2ccc3c(c2[nH]1)OC(CNCc1ccccc1)CC3,1
COc1ccccc1N1CCN(CCCNS(=O)(=O)c2ccc3ccccc3c2)CC1,1
O=C(CCN1CCC(O)(c2ccc(Cl)cc2)CC1)c1ccc(F)cc1,1
c1cnc(N2CCN(Cc3ccc4c(c3)OCO4)CC2)nc1,1
O=C(NCCCCN1CCN(c2cccc3[nH]c(=O)[nH]c23)CC1)c1ccc2ccccc2c1,1
C(#Cc1ccccc1)COCCC1CCN(CCc2ccccc2)CC1,1
Cn1cc2c(n1)CCCN(CCN1CCC(c3noc4ccccc34)CC1)C2=O,1
COc1ccccc1N1CCN(CCCCNC(=O)c2cc(-c3ccco3)[nH]n2)CC1,1
COc1ccccc1N1CCN(Cc2cc3c(=O)[nH]c(N(C)C)nc3[nH]2)CC1,1
Cn1ncc2c1C(=O)N(CCN1CCN(c3nsc4ccccc34)CC1)CCC2,1
COc1ccccc1N1CCN(CCCCNC(=O)c2cc(-c3ccco3)n[nH]2)CC1,1
CN(C)CCSc1nc(-c2ccncc2)cs1,1
O=C(N[C@H]1CC[C@H](CCN2CCC(c3cccc4c3OCO4)CC2)CC1)C1CCS(=O)(=O)C1,1
CNc1cc(OC)c(C(=O)N[C@H]2CCCN(Cc3ccccc3)C2)cc1Cl,1
CCCN1CCc2nn3ccccc3c2C1,1
Clc1ccc(CN2CCC(c3cc(-c4ccc(Cl)cc4)no3)CC2)cc1,1
O=C(N[C@H]1CC[C@H](CCN2CCC(c3coc4ccccc34)CC2)CC1)C12CC3CC(CC(C3)C1)C2,1
c1ccc(CN2CCN3c4cccc5[nH]cc(c45)CC3C2)cc1,1
O=C(N[C@H]1CC[C@H](CCN2CCC(c3cccc4c3CCO4)CC2)CC1)c1ccc(N2CCOCC2)cc1,1
O=C1c2ccccc2C(=O)N1CCCCN1CCC(N(Cc2ccccc2)c2ccccc2)CC1,1
COc1ccccc1N1CCCN(CCCCNC(=O)c2ccc(-c3ccsc3)cc2)CC1,1
Cc1cccc(NC(=O)CN2CCC(c3ccccc3)CC2)c1,1
O=C(NCCCCN1CCc2ccc(OS(=O)(=O)C(F)(F)F)cc2C1)c1ccc(-c2ccc(N3CCCC3=O)cc2)cc1,1
COc1cc2ccccc2cc1C(=O)NCC1CCN(Cc2ccccc2)CC1,1
COc1ccccc1C1CC1CNC/C=C/COc1ccc2ccc(=O)[nH]c2c1,1
COc1ccc(S(=O)(=O)Cc2ccccc2)cc1-c1ccc(CN2CCCCCC2c2ccccc2)[nH]1,1
CN(C)C(=O)c1cccnc1NCCCN1CCN(c2ccccc2-c2ccccc2)CC1,1
CCCN1CC2COc3ccc(C#N)cc3C2C1,1
CN1CCC2C(C1)c1cccc3c1N2c1ccccc1CS3,1
Cc1cc(-c2ccc3c(c2)CCN(CCCSc2nnc(C4CCC(C)CC4)n2C)CC3)no1,1
N#Cc1ccc2c(c1)CN(CC[C@H]1CC[C@H](NC(=O)/C=C/c3c[nH]c4ccccc34)CC1)CC2,1
CN1CCC(N2CCN(C(=O)NCCCCN3CCN(c4cc(C(F)(F)F)nc(C(C)(C)C)n4)CC3)CC2)CC1,1
COc1ccccc1N1CCCN(CCCCNC(=O)c2cc3ccccc3o2)CC1,1
COc1ccccc1N1CCCN(CCCCNC(=O)c2cc3ccccc3s2)CC1,1
Cn1ncc2c1C(=O)N(CCN1CCN(c3nsc4ccccc34)CC1)CC2,1
Cc1cc(C(=O)N[C@H]2CC[C@H](CCN3CCC(c4cccc5c4CCO5)CC3)CC2)on1,1
CN1CCc2cc(Cl)c(O)cc2[C@H]2c3cccc(/C=N/Oc4ccccc4)c3CC[C@@H]21,1
CN[C@@H]1Cc2cccc3c2n(c(=O)n3CCCCCCCCCCCCOCCCCc2ccccc2)C1,1
O=C(N[C@H]1CC[C@H](CCN2CCN(c3cccc4c3OCO4)CC2)CC1)C1(O)CCCC1,1
Fc1ccc(SCCCN2CCc3ccccc3C2)cc1,1
Cn1ncc2c1CCCN(CCN1CCN(c3nsc4ccccc34)CC1)C2=O,1
COc1ccccc1N1CCN(CCCNC(=O)c2ccc(-n3ccnc3)cc2)CC1,1
COc1ccccc1N1CCN(CCCCCCNC(=O)c2ccc3ccccc3c2)CC1,1
c1ccc(-c2ccc(CN3CCN4c5cccc6[nH]cc(c56)CC4C3)cc2)cc1,1
Cc1noc2c1C(=O)CC(CN1CCC(c3noc4cc(F)ccc34)CC1)C2,1
CCN1Cc2c(C(=O)N[C@H]3CC[C@H](CCN4CCc5ccc(OCC(F)(F)F)nc5CC4)OC3)cccc2C1=O,1
Clc1ccc(-c2cc(C3CCN(Cc4ccccc4)C3)[nH]n2)cc1,1
OCC(CN1CCc2ccccc2C1)N1CCC(c2noc3cc(F)ccc23)CC1,1
CC(C)Oc1ccccc1N1CCN(C2CCC(NC(=O)NCc3cccc(F)c3)CC2)CC1,1
O=[N+]([O-])c1ccc2c(c1)C(O)C(CCN1CCC([c-]3n[o+]c4cc(F)ccc43)CC1)CC2,1
O=c1[nH]c2cccc(CN3CCN(CC4CCc5[nH]c6ccc(F)cc6c5C4)CC3)c2o1,1
Clc1ccc(-c2cc(C3CCN(CC4CCCCC4)CC3)[nH]n2)cc1,1
O=C1CCc2ccc(OCCCCNCCc3cn(S(=O)(=O)c4ccccc4)c4ccccc34)cc2N1,1
Fc1ccc2[nH]c(CN3CCN(c4ccccn4)CC3)cc2c1,1
CN1CCC(c2cn(-c3ccc(F)cc3)c3ccc(-c4cncnc4)cc23)CC1,1
Cc1cc2c(s1)Nc1ccccc1N=C2N1CC[N+](C)([O-])CC1,1
Cn1cc2c(n1)CCCN(CCN1CCN(c3nsc4ccccc34)CC1)C2=O,1
O=S1(=O)c2cccc3cccc(c23)N1CCCCCCN1CCN(c2ccccn2)CC1,1
CCCN(Cc1ccco1)[C@@H]1CCc2c(cccc2OC)C1,1
Oc1cccc(CCN(CCc2ccccc2)CC2CC2)c1,1
O=C(N[C@H]1CC[C@H](CCN2CCN(c3cccc4c3OCO4)CC2)CC1)C1CCCO1,1
O=C(N[C@H]1CC[C@H](CCN2CCN(c3nccc4c3CCO4)CC2)CC1)c1ccc(N2CCS(=O)(=O)CC2)cc1,1
COc1cc(CN2CCN(c3ccccc3OC)CC2)ccc1OCc1cn(CCCCCCCCCCN(C)CCCCCNC(=O)COc2cncc(C#Cc3csc(C)n3)c2)nn1,1
C[C@@H](O)[C@@H]1NC(=O)[C@H](CCCCN)NC(=O)[C@@H](Cc2c[nH]c3ccccc23)NC(=O)[C@H](Cc2ccncc2)NC(=O)[C@H](Cc2ccccc2)NC(=O)[C@H](CCCNC(=N)N)NC(=O)[C@H](NCCS(=O)(=O)C[C@@H]2C[C@@H]3c4cccc5[nH]cc(c45)C[C@H]3N(C)C2)CCCCNC(=O)[C@H](Cc2ccc(O)cc2)NC1=O,1
Cn1cnc(S(=O)(=O)N[C@H]2CC[C@H](CCN3CCC(c4cccc5c4OCO5)CC3)CC2)c1,1
Cn1ncc2c1C(=O)N(CCN1CCC(c3noc4ccccc34)CC1)CCC2,1
COc1ccccc1N1CCN(CCCCNC(=O)/C=C/c2cccc(Oc3ccccc3)c2)CC1,1
O=C1CCc2ccc(Oc3cccc(CN4CCN(c5cccc(Cl)c5Cl)CC4)c3)cc2N1,1
O=C1CC(CN2CCC(c3noc4cc(F)ccc34)CC2)Cc2[nH]ncc21,1
Nc1ccc2c(c1)C(=O)C(CCN1CCC(C(=O)c3ccc(F)cc3O)CC1)CC2,1
COc1ccccc1N1CCN(CC2COCC(c3ccccc3)(c3ccccc3)O2)CC1,1
Cc1sc(C)c2c1SCc1cnn(C)c1-2,1
CN[C@@H]1Cc2cccc3c2n(c(=O)n3CCOCCOCCCCc2ccccc2)C1,1
C1=C(c2ccccc2)CCN(Cc2cn(-c3ccccc3)nn2)C1,1
NC(=O)C1(N2CCCCC2)CCN(CCCC(=O)c2ccc(F)cc2)CC1,1
COc1cc(C(=O)NCCCCN2CCN(c3ccccc3OC)CC2)ccc1OCCCc1cn(CCCCCCCCn2cc(CCCOc3ccc(C(=O)NCCCCN4CCN(c5ccccc5OC)CC4)cc3OC)nn2)nn1,1
c1cnc(N[C@H]2CC[C@H](CCN3CCc4ccccc4C3)CC2)nc1,1
O=C1c2ccccc2S(=O)(=O)N1CCCCN1CCN(c2ncccn2)CC1,1
CCCN1CCC(n2ccc3ccccc32)CC1,1
COc1ccccc1N1CCN(CCCCCc2cn(-c3ccc(-c4ccsc4)cc3)nn2)CC1,1
CCCN(CCN1CCN(c2ccnc3ccccc23)CC1)[C@H]1CCc2nc(N)sc2C1,1
O=C1CCc2ccc(Oc3ccc(CN4CCN(c5cccc(Cl)c5Cl)CC4)cc3)cc2N1,1
c1ccc(CNC[C@H]2CCc3ccc4[nH]ccc4c3O2)cc1,1
O=C(NCCCCN1CCN(c2cccc(Cl)c2Cl)CC1)c1[nH]nc2ccccc12,1
O=C(CC1COC1)N[C@H]1CC[C@H](CCN2CCN(c3cccc4c3OCO4)CC2)CC1,1
O=C(N[C@H]1CC[C@H](CCN2CCC(c3coc4ccccc34)CC2)CC1)c1cnc(N2CCOCC2)cn1,1
COc1ccc(Br)cc1-c1nc(CNC2CCN(Cc3ccccc3)CC2)cs1,1
O=C1Nc2cccc3c2[C@]1(CCCCN1CC=C(c2ccccc2)CC1)CCC3,1
CC(C)c1ccccc1OCCN1CCC(NS(=O)(=O)c2cccc3ncccc23)CC1,1
Clc1cccc(N2CCN(CCCOc3ccc4cn[nH]c4c3)CC2)c1Cl,1
CN1CCN(CC(=O)N[C@H]2CC[C@H](CCN3CCC(c4cccc5c4OCO5)CC3)CC2)CC1,1
COc1ccccc1N1CCN(C2CC3CC(NC4CC5CC(N6CCN(c7ccccc7OC)CC6)CC5C4)CC3C2)CC1,1
Cn1ncc2c1CCCC(CCN1CCC(c3noc4ccccc34)CC1)C2=O,1
O=C(NC1CCC(CCN2CCC(c3coc4ccccc34)CC2)CC1)c1ccc2ncccc2c1,1
O=C(NCCCCN1CCN(c2cccc(Cl)c2Cl)CC1)N1CCC(c2ccccc2)CC1,1
CN(CCC=C1c2ccccc2CCc2ccccc21)Cc1ccc(OCCCN2CCCCC2)cc1,1
O=C1N(CCN2CCCCCC2)CCN1c1cccnc1,1
Cc1nnc(-c2ccc(-c3ccc(C(=O)NCCCCN4CCc5ccc(OS(=O)(=O)C(F)(F)F)cc5C4)cc3)cc2)o1,1
CN1CCc2c([nH]c3ccccc23)CCCC1c1ccccc1,1
COc1ccc(S(=O)(=O)N2CCOCC2)cc1-c1ccc(CN2CCCCCC2c2ccccc2)[nH]1,1
COc1ccccc1N1CCCN(CCCCNC(=O)c2cccc3c2-c2ccccc2C3=O)CC1,1
Cc1noc(C)c1-c1ccc(S(=O)(=O)Nc2ccc3c(c2)CCN(C)CC3)cc1,1
CCS(=O)(=O)c1ccc(OC)c(-c2ccc(CN3CCc4ccccc4C3)[nH]2)c1,1
CC1(C)C[C@@H]2C[C@@](C)(CN2CCN2CCN(c3cccc(Cl)c3)C2=O)C1,1
COc1ccccc1N1CCN(Cc2cn3cc(C)cc(N4CCOCC4)c3n2)CC1,1
O=C1Cc2c(ccc3c2OC[C@H](CNCC2CCc4c([nH]c5ccc(F)cc45)C2)O3)N1,1
O=C(N[C@H]1CCN(Cc2ccc(OC3CCNCC3)c(Br)c2)C1)c1ccc(Cl)c(Cl)c1,1
O=S(=O)(NCCCCN1CCN(c2noc3ccccc23)CC1)c1cnc2ccccn12,1
NC(=O)C1CCC(CN2CCC(=C(c3ccccc3)c3ccc(F)cc3)CC2)O1,1
O=C(N[C@H]1CC[C@H](CCN2CCC(c3cccc4c3CCO4)CC2)CC1)c1ccc(-c2cccnc2)cc1,1
C[C@H]1CN(CC[C@H]2CC[C@H](NC(=O)C3CCCCC3)CC2)CCc2ccc(Cl)cc21,1
Cn1ncc2c1CCCC(CCN1CCN(c3nsc4ccccc34)CC1)C2=O,1
COc1ccccc1N1CCN(CCCCCCNS(=O)(=O)c2ccc3ccccc3c2)CC1,1
OC1(c2ccc(-c3ccccc3)cc2)CCN(Cc2c[nH]c3ccccc23)CC1,1
O=C(CCCN1CCN(c2ncccn2)CC1)c1ccc(F)cc1,1
O=c1ccc2ccc(OCCCCNCC3CC3c3cccc4ccccc34)cc2[nH]1,1
Cc1cc(-c2nnc(SCCCN3CC[C@]4(C[C@@H]4c4ccc(C(F)(F)F)cc4)C3)n2C)on1,1
CC(C)(C)c1nc(N2CCN(CCCCNC(=O)N3CCN(c4ccncc4)CC3)CC2)cc(C(F)(F)F)n1,1
O=C(N[C@H]1CC[C@H](CCN2CCC(c3coc4ccccc34)CC2)CC1)c1ccnc2ccccc12,1
Cc1nc(-c2ccc(CSc3nc4ccccc4n3Cc3ccc(Cl)cc3)cc2)no1,1
O=C(NCCCCN1CCN(c2cccc3[nH]ccc23)CC1)c1ccc2ccccc2c1,1
O=c1[nH]c2cc(Cl)ccc2n1C1CCN(CCCCc2nc3ccccc3o2)CC1,1
c1ccc(N2CCN(CCCCCNC3=Nc4ccccc4OC3)CC2)cc1,1
O=S(=O)(NC1CC2CCC(C1)N2CCOc1cccc(-c2ccccc2)c1)c1cccc(Cl)c1,1
COc1cc(CN2CCN(c3ccccc3OC)CC2)ccc1OCc1cn(CCCCCCCCN(C)CCCCCNC(=O)COc2cccc(C#Cc3csc(C)n3)c2)nn1,1
COc1ccccc1N1CCN(CCCCc2cn(-c3ccc(-c4ccsc4)cc3)nn2)CC1,1
COc1ccccc1N1CCN(CCCCNC(=O)NN(Cc2ccccc2)c2ccc(F)cc2)CC1,1
C[C@H]1CN(CC[C@H]2CC[C@H](NC(=O)c3ccco3)CC2)CCc2ccc(Cl)cc21,1
CCc1cc(Cl)c(OC)c(C(=O)NCC2CCCN2CCCCNCCC(C(=O)N(C)C)(c2ccccc2)c2ccccc2)c1O,1
O=C1c2sccc2CCN1CCN1CCC(c2noc3ccccc23)CC1,1
O=C(CCCCCN1CCN(c2ccccc2-c2ccccc2)CC1)N1Cc2ccccc2C1,1
CN1CCc2cc(Cl)c(O)cc2[C@H]2c3cccc(-c4cccs4)c3CC[C@@H]21,1
O=C(Cc1ccc2c(c1)OCO2)N[C@H]1CC[C@H](CCN2CCC(c3coc4ccccc34)CC2)CC1,1
COc1ccccc1N1CCN(Cc2cc(CN3CCOCC3)c3cccccc2-3)CC1,1
O=C1c2ccccc2S(=O)(=O)N1CCCCCN1CCN(c2ccccn2)CC1,1
CC1CC(=O)Nc2c(CCN3CCN(c4n[s+]([O-])c5ccccc45)CC3)cc(F)cc21,1
CN1CCc2ccccc2Cc2ccsc2CC1,1
COC[C@@H]1CCCN1CCc1c(-c2ccccc2)[nH]c2ccccc12,1
CCn1c(C(=O)N[C@H]2CC[C@H](CCN3C[C@@H]4C[C@]4(c4cc(C(C)(F)F)on4)C3)CC2)cccc1=O,1
CCCN(CCN1CCN(c2ccccc2)CC1)C1CCc2ccc3c(c2C1)CC(=O)N3,1
Cc1c(-c2ccccc2)n[nH]c1C1=CCN(CCc2ccccc2)CC1,1
COc1ccccc1N1CCN(CCCNC(=O)c2ccc3nonc3c2)CC1,1
CC(C)(C)c1nc(N2CCN(CCCCn3ccc(N4CCCCC4)nc3=O)CC2)cc(C(F)(F)F)n1,1
O=C(NCCCCN1CCN(c2cccc(Cl)c2Cl)CC1)c1ccc2c(c1)C(=O)c1ccccc1-2,1
O=C(N[C@H]1CC[C@H](CCN2CCN(c3cccc4c3OCO4)CC2)CC1)c1cccnc1,1
O=c1[nH]c2cccc(N3CCN(Cc4ccccc4)CC3)c2[nH]1,1
CN1Cc2c(C(=O)N[C@H]3CC[C@H](CCN4C[C@@H]5C[C@]5(c5cc(C(C)(F)F)on5)C4)CC3)cccc2C1=O,1
CC(C)CS(=O)(=O)n1ccc2c(-c3ccc(OCc4ccccc4)cc3)cc(N3CCN(C)CC3)nc21,1
O=C(Nc1ccccc1)NC1CCN(Cc2ccccc2)CC1,1
O=C(CC1COCCO1)N[C@H]1CC[C@H](CCN2CCC(c3coc4ccccc34)CC2)CC1,1
Cc1ccc2c(c1)c1c(n2CCc2ccccc2)CCN(C)C1,1
O=C(N[C@H]1CC[C@H](CCN2CCC(c3cccc4c3CCO4)CC2)CC1)c1ccc(-n2cccc2)cc1,1
S=c1n(CCCCCCN2CCN(c3cccc(Cl)c3)CC2)c2cccc3c2n1CCC3,1
COc1ccc(Br)cc1-c1nc(CN2CCN(Cc3ccccc3)CC2)cs1,1
COc1ccccc1N1CCN(CCNC(=O)c2cnn3ccccc23)CC1,1
C[C@@H](O)[C@@H]1NC(=O)[C@H](CCCCN)NC(=O)[C@@H](Cc2c[nH]c3ccccc23)NC(=O)[C@H](Cc2ccccc2)NC(=O)[C@H](Cc2ccccc2)NC(=O)[C@H](CCCNC(=N)N)NC(=O)[C@H](NC[C@H](CCCCNC(=O)CSC[C@@H]2C[C@@H]3c4cccc5[nH]cc(c45)C[C@H]3N(C)C2)NC(=O)CSC[C@@H]2C[C@@H]3c4cccc5[nH]cc(c45)C[C@H]3N(C)C2)CCCCNC(=O)[C@H](Cc2ccc(F)cc2)NC1=O,1
COc1ccccc1N1CCN(CCCCNC(=O)c2ccc3ccnn3c2)CC1,1
COc1ccccc1N1CCN(CCCCNC(=O)c2cc3c4ccc(c3o2)CCc2ccc(cc2)CC4)CC1,1
O=S(=O)(NC1CCN(CCOc2ccccc2)CC1)c1cccs1,1
Cc1cc(CC(=O)N[C@H]2CC[C@H](CCN3CCC(c4coc5ccccc45)CC3)CC2)on1,1
Cc1c(-c2ccccc2)nc(O)n1C1CCN(CC2CCCCC2)CC1,1
COc1ccccc1N1CCN(CCCCc2cn(-c3ccc4cnccc4c3)nn2)CC1,1
CC(C)(C)c1nc(N2CCN(CCCCN3C(=O)CCSc4ccccc43)CC2)cc(C(F)(F)F)n1,1
O=C(NCCCCN1CCN(c2cc3ccc2CCc2ccc(cc2)CC3)CC1)c1cc2ccccc2s1,1
Cc1c(-c2ccccc2)[nH]c(=O)n1C1CCN(CC2CCCCC2)CC1,1
O=C(Cc1cccnc1)Nc1cccc(CCN2CCN(c3ccccc3)CC2)c1,1
CC(C)(C)c1nc(N2CCN(CCCCn3ccc(N4CCC4)nc3=O)CC2)cc(C(F)(F)F)n1,1
O=C1c2cccc3cccc(c23)N1CCCCCCN1CCN(c2cccc3cccnc23)CC1,1
CN1CCC(C2=Cc3ccccc3Oc3ccccc32)CC1,1
c1ccc(CNCCOc2cccc3[nH]ccc23)cc1,1
O=C(N[C@H]1CC[C@H](CCN2CCC(c3coc4ccccc34)CC2)CC1)C1CCCO1,1
CC1(C(=O)N[C@H]2CC[C@H](CCN3CCN(c4cccc5c4OCO5)CC3)CC2)COC1,1
N#Cc1cccnc1N1CCN(CCCOc2ccc3c(c2)NC(=O)CC3)CC1,1
COc1ccccc1N1CCN(CCCCNC(=O)C2CC2c2ccccc2)CC1,1
O=C1CC(c2c[nH]c3ccccc23)C(=O)N1CCN1CCC(c2c[nH]c3ccc(F)cc23)CC1,1
Cc1cccc(NC(=O)CCN2CCC(c3ccccn3)CC2)c1,1
COc1ccccc1N1CCN(CCCn2cc(CCCCN3CCc4cc(O)c(O)cc4C(c4cccc(C)c4)C3)nn2)CC1,1
c1ccc(CNCCOc2cccc3[nH]ncc23)cc1,1
Cn1c(CN2CCC(c3nsc4ccccc34)CC2)nc2ccccc21,1
Cc1ccc2c(N3CCN(CCc4cccc(NC(=O)Nc5ccccc5)c4)CC3)cccc2n1,1
COC[C@@H]1CCCN1N1CCN(c2cccc(Cl)c2)C1=O,1
O=C1N(CCN2CCCC(OCc3ccccc3)C2)CCN1c1cccc(Cl)c1,1
COc1ccccc1N1CCN(CCCc2cn(-c3cccc4cnccc34)nn2)CC1,1
CC(C)c1ccccc1OCCN1CCC(NC(=O)c2ccc3ccccc3n2)C1,1
COc1ccccc1N1CCN(CCN(C(=O)C2CCCCC2)c2ccccn2)CC1,1
CC(=O)Nc1ccc(OCCCN2CCN(c3nsc4ccccc34)CC2)cc1,1
CCCN(CCc1ccc(NC(=O)CCc2cn(CCCCCCCCCCN(C)CCCCCNC(=O)COc3cncc(C#Cc4csc(C)n4)c3)nn2)cc1)C1CCc2c(O)cccc2C1,1
CC(F)(F)COc1nc2c(s1)CCN(CC[C@H]1CC[C@H](NS(=O)(=O)c3cccc(F)c3)CC1)C2,1
[O-][S+](CCN1CCN(CC(O)Cc2ccccc2)CC1)C(c1ccc(F)cc1)c1ccc(F)cc1,1
CCN(CCCN1CCN(c2noc3cc(F)ccc23)CC1)S(=O)(=O)C(C)CO,1
CN1CCN(C2=Nc3cc(Cl)ccc3N(NC(=O)c3sccc3-c3ccccc3)c3ccccc32)CC1,1
CCN(C)CCc1c(-c2cccs2)[nH]c2ccccc12,1
O=C(CC1CCOCC1)N[C@H]1CC[C@H](CCN2CCC(c3coc4ccccc34)CC2)CC1,1
O=S(=O)(N[C@H]1CC[C@H](CCN2CCN3c4cccc5[nH]cc(c45)CC3C2)CC1)c1ccccc1,1
C[C@@H](O)[C@@H]1NC(=O)[C@H](CCCCN)NC(=O)[C@@H](Cc2c[nH]c3ccccc23)NC(=O)[C@H](Cc2ccccc2)NC(=O)[C@H](Cc2ccccc2)NC(=O)[C@H](CCCNC(=N)N)NC(=O)[C@H](NCC[S+]([O-])C[C@@H]2C[C@@H]3c4cccc5[nH]cc(c45)C[C@H]3N(C)C2)CCCCNC(=O)[C@H](Cc2ccc(F)cc2)NC1=O,1
O=C(NC/C=C/CN1CCN(c2cccc(Cl)c2Cl)CC1)c1cc2ccccc2o1,1
CN1CCC(c2cn(-c3ccc(F)cc3)c3ccc(-c4cccnc4)cc23)CC1,1
CCOc1ccccc1C(=O)NC1CCN(CCOc2cccc(F)c2)CC1,1
CN1C[C@H](CSc2ccccn2)C[C@@H]2Cc3c(O)cccc3C[C@H]21,1
Clc1cccc(C2CCN(CCCOc3ccc4scnc4c3)CC2)c1Cl,1
CCN(CCN1CCC(c2noc3cc(F)ccc23)CC1)C(=O)C1CC(O)C1,1
CCc1cc(Cl)c(OC)c(C(=O)NC[C@@H]2CCCN2CCc2c(C)nc3n(c2=O)CCCC3)c1O,1
OC1(c2ccc(Cl)cc2)CCN(CCC#Cc2ccc(F)cc2)CC1,1
CCCN(CCCCc1cn(CCOCCOCCOCCn2cc(CCCCN(CCC)C3Cc4ccccc4C3)nn2)nn1)C1Cc2ccccc2C1,1
O=C1CCc2ccc(OCCCCN3CC=C(c4cn(Cc5ccccc5)c5ccccc45)CC3)cc2N1,1
O=S(=O)(NC1CCN(CCOc2cccc3c2CCCC3)C1)c1cccs1,1
CC(=O)Nc1cc(OCCCCN2CCN(c3cccc(Cl)c3Cl)CC2)ccc1C,1
CN1CN(c2ccccc2)C2(CCN(Cc3csc4ccccc34)CC2)C1=O,1
O=C(N[C@H]1CC[C@H](CCN2CCN(c3ccccn3)CC2)CC1)c1cccs1,1
O=C(Cc1ccccn1)Nc1ccc(CCN2CCN(c3ccccc3)CC2)cc1,1
O=C(NC/C=C/CN1CCN(c2ccccc2OCCF)CC1)c1ccc(-c2ccsc2)cc1,1
O=C(CCCN1CCC2(CC1)OC=C(c1ccccc1)C2=O)c1ccc(F)cc1,1
O=C1CCc2ccc(OCCCCNCCc3cn(Cc4ccccc4)c4ccccc34)cc2N1,1
c1ccc(N2CCN(CCCOc3ccc(-c4nc5ccccc5[nH]4)cc3)CC2)nc1,1
O=C(Cc1cccnc1)Nc1ccc(CCN2CCN(c3ccccc3)CC2)cc1,1
CN1CCc2cc(Cl)c(O)cc2[C@H]2c3cccc(/C=N/OCc4ccccc4)c3CC[C@@H]21,1
CN1CCC(c2cn(-c3ccc(F)cc3)c3ccc(-c4nnn(C)n4)cc23)CC1,1
CCCCN1C2CCC1CC(OC(c1ccc(F)cc1)c1ccc(F)cc1)C2,1
Cn1c(=O)c2c(nc3n(CCCCN4CCN(c5ccc(Cl)cc5)CC4)c(=O)ccn23)n(C)c1=O,1
CO[C@H]1CC[C@H](CC(=O)N[C@H]2CC[C@H](CCN3CCC(c4coc5ccccc45)CC3)CC2)CC1,1
CCC(F)(F)c1conc1C1CCN(CC[C@H]2CC[C@H](NC(=O)Cc3nnc(C)s3)CC2)CC1,1
COc1ccccc1N1CCN(CCCNC(=O)c2ccc(COCCOCCOCCOCCOCCOCCOCCOCCOCc3ccc(C(=O)NCCCN4CCN(c5ccccc5OC)CC4)cc3)cc2)CC1,1
CCCN(CCCCc1cn(CCOCCOCCOCCOCCn2cc(CCCCN(CCC)C3Cc4ccccc4C3)nn2)nn1)C1Cc2ccccc2C1,1
Clc1cccc(N2CCN(CCCCOc3ccc4cn[nH]c4c3)CC2)c1Cl,1
NC(=O)c1ccn(-c2cccc(OC(=O)NCCCN3CCN(c4ccccc4)CC3)c2)c1,1
O=C(NC/C=C/CN1CCN(c2cccc(Cl)c2Cl)CC1)c1cnc2ccccc2n1,1
COc1ccccc1N1CCN(CCCCNC(=O)/C=C/c2ccc(Oc3ccccc3)cc2)CC1,1
COc1ccccc1N1CCN(Cc2cc(C#Cc3ccccc3)c3cccccc2-3)CC1,1
CC(C)(C)c1nc(N2CCN(CCCCN3CCC(=O)CCC3=O)CC2)cc(C(F)(F)F)n1,1
c1ccc(CCN2CCC(c3cc(-c4cccs4)n[nH]3)CC2)cc1,1
c1ccc(CCN2CCC(c3cc(-c4cccs4)[nH]n3)CC2)cc1,1
O=C(NCCCCN1CCN(c2cccc(Cl)c2Cl)CC1)c1csc2ccccc12,1
COc1ccccc1N1CCN(CCCN2CCc3ncsc3CC2)CC1,1
C=CCN1CCC[C@H]1CNC(=O)c1cc(CCCSC2CC(=O)N(CCCCCC(=O)N[C@H](C(=O)N[C@@H](Cc3ccccc3)C(=O)N[C@@H](Cc3ccccc3)C(=O)N[C@@H](Cc3ccc(O)cc3)C(=O)NCC(=O)NCC(=O)N[C@@H](CO)C(=O)N[C@@H](CCCNC(=N)N)C(=O)NCC(=O)N[C@@H](CCCCNC(=O)CN3CCN(CC(=O)O)CCN(CC(=O)O)CCN(CC(=O)O)CC3)C(=O)N[C@@H](CCCNC(=N)N)C(=O)N[C@@H](CC(N)=O)C(=O)N[C@@H](CC(N)=O)C(=O)N[C@@H](Cc3ccccc3)C(=O)N[C@@H](CCCC[n+]3c(C)cc(/C=C/C=C/c4ccc(N(C)C)cc4)cc3C)C(=O)N[C@H](C(=O)N[C@@H](CCC(=O)O)C(=O)N[C@@H](CCC(=O)O)C(=O)N[C@@H](Cc3ccc(O)cc3)C(=O)O)[C@@H](C)O)[C@@H](C)O)C2=O)cc(OC)c1OC,1
COc1cc(CCNCCc2ccc(O)c3[nH]c(=O)ccc23)ccc1OCCCc1ccccc1,1
Cc1noc2c1C(=O)CC(CN1CCC(c3c[nH]c4cc(F)ccc34)CC1)C2,1
O=[N+]([O-])c1ccccc1S(=O)(=O)NC[C@H]1CC[C@H](CNCC2CCc3ccccc3C2)CC1,1
COc1ccccc1N1CCN(CCCCNC(=O)c2ccc(C(=O)c3ccccc3)cc2)CC1,1
Cc1ccc2c(OCCN3CCC(Cc4cccc(NS(C)(=O)=O)c4)CC3)cccc2n1,1
O=S(=O)(NCCCN1CCN(c2noc3ccccc23)CC1)c1ccc(OC(F)(F)F)cc1,1
O=S(=O)(N[C@H]1CC[C@H](CCN2CCN(c3cccc4c3OCO4)CC2)CC1)N1CCOCC1,1
CN1CCC(C(=O)N[C@H]2CC[C@H](CCN3CCN(c4cccc5c4OCO5)CC3)CC2)CC1,1
O=C(NC/C=C/CN1CCN(c2cccc(Cl)c2Cl)CC1)c1cccc2c1-c1ccccc1C2,1
Cc1nc(Cl)c(Sc2ccc(Cl)cc2)c(NC2CCN(Cc3ccccc3)CC2)n1,1
O=C(CCCCCCCCCCCCC(=O)OC1(c2ccc(Cl)cc2)CCN(CCCC(=O)c2ccc(F)cc2)CC1)OC1(c2ccc(Cl)cc2)CCN(CCCC(=O)c2ccc(F)cc2)CC1,1
NC(=O)c1ccccc1OCCCN1CCC(c2cn(S(=O)(=O)c3ccccc3)c3ccccc23)CC1,1
c1cc2c(c(N3CCN(Cc4c[nH]c5ccccc45)CC3)c1)OCCO2,1
O=C(c1ccc(F)cc1)C1CCN(CCn2c(=S)[nH]c3ccccc3c2=O)CC1,1
Clc1ccc(N2CC3CC2CN3Cc2c[nH]c3ncccc23)cc1,1
OC1(c2ccc(Cl)cc2)CCN(CCCc2ccc(F)cc2)CC1,1
c1ccc(CCN2CCC(c3cc(C4CCCCC4)n[nH]3)CC2)cc1,1
CS(=O)(=O)c1ccc(C(=O)N[C@H]2CC[C@H](CCN3CCC(c4coc5ccccc45)CC3)CC2)s1,1
CN1CCN(C2=Nc3ccccc3Cc3ccccc32)CC1,1
O=c1n(CCCCCCN2CCN(c3cccc4c3OCCO4)CC2)nc2ccccn12,1
CC(C)(C)c1nc(N2CCN(CCCCNC(=O)N3CCC(N4CCCCC4)CC3)CC2)cc(C(F)(F)F)n1,1
CC(C)(C)c1nc(N2CCN(CCCCNC(=O)Nc3ccccc3)CC2)cc(C(F)(F)F)n1,1
Clc1cccc(C(OC2CC3CCC(C2)N3CCCc2ccccc2)c2ccccc2)c1,1
CCOC(=O)c1[nH]c2ccccc2c1CCN(C)C,1
CCCN(CCCCNC(=O)c1ccc(-c2ccc(OCc3cn(CCOCCOCCOCCOCCOCCn4cc(COc5ccc(-c6ccc(C(=O)NCCCCN(CCC)C7Cc8ccccc8C7)cc6)cc5)nn4)nn3)cc2)cc1)C1Cc2ccccc2C1,1
O=C1c2cccc3cccc(c23)C(=O)N1CCCCCCN1CCN(c2nsc3ccccc23)CC1,1
O=C(N[C@H]1CC[C@H](CCN2CCN(c3cccc4c3OCO4)CC2)CC1)C1CCS(=O)(=O)C1,1
O=C(CC1CCC1)N[C@H]1CC[C@H](CCN2CCC(c3coc4ccccc34)CC2)CC1,1
CC1(C)CC(=O)N(CCCCN2CCN(c3ncccn3)CC2)C(=O)C1,1
COc1ccccc1N1CCN(CCCCNC(=O)c2ccn3nccc3c2)CC1,1
COc1ccc2[nH]cc(C3=CCN(Cc4cc(=O)[nH]c5ccccc45)CC3)c2c1,1
CCCN(CCC)[C@@H]1Cc2cccc3c2N(C1)C(=O)NC3,1
CCCN(CCN1CCN(c2cccc3ncccc23)CC1)[C@H]1CCc2nc(N)sc2C1,1
Cn1c(SCCCN2CC3CCN(c4ccc(C(F)(F)F)cc4)C3C2)nc2ccccc21,1
COc1ccccc1N1CCN(Cc2cc(CN3CCN(C)CC3)c3cccccc2-3)CC1,1
COc1cccc2cc(C(=O)NCCCCN3CCN(c4[nH]nc5ccccc45)CC3)oc12,1
C[C@@H](O)[C@@H]1NC(=O)[C@H](CCCCN)NC(=O)[C@@H](Cc2c[nH]c3ccccc23)NC(=O)[C@H](Cc2ccccc2)NC(=O)[C@H](Cc2ccccc2)NC(=O)[C@H](CCCNC(=N)N)NC(=O)[C@H](NCCS(=O)(=O)C[C@@H]2C[C@@H]3c4cccc5[nH]cc(c45)C[C@H]3N(C)C2)CCCCNC(=O)[C@H](Cc2ccc(F)cc2)NC1=O,1
CCCN1CCCN(c2ccc(O)c3c2OCC(=O)N3)CC1,1
O=S(=O)(NCCCN1CCN(c2nsc3ccccc23)CC1)c1cccs1,1
COc1ccccc1N1CCN(CCCCNC(=O)C2(c3ccc(Cl)cc3)CCCC2)CC1,1
C(=C/Cn1c(-c2ccc(OCCCN3CCCC3)cc2)nc2ccccc21)\Cn1c(-c2ccc(OCCCN3CCCC3)cc2)nc2ccccc21,1
O=C1c2cccc3cccc(c23)N1CCCCCCN1CCN(c2nsc3ccccc23)CC1,1
Cn1c(C(N)=O)ccc1-c1cccc(OC(=O)NCCN2CCN(c3ccccc3)CC2)c1,1
C[C@H]1CO[C@@H](c2ccc(N)nc2)CN1C/C=C1\CCC(CNC(=O)c2cc3ccccc3[nH]2)C1,1
Cc1nc2n(c(=O)c1CCN1CCN3c4cccc5[nH]cc(c45)CC3C1)CCCC2,1
Cn1cnc(S(=O)(=O)N[C@H]2CC[C@H](CCN3CCN(c4cccc5c4OCO5)CC3)CC2)c1,1
CN1CCc2ccccc2Cc2c([nH]c3ccccc23)CC1,1
NC1CCc2ccc(OC(=O)c3ccccc3)c(OC(=O)c3ccccc3)c2C1,1
CCN(CCN1CCC(c2noc3cc(F)ccc23)CC1)C(=O)C1CCCCC1O,1
CN1CCC(=C2c3ccccc3C=Cc3ccccc32)CC1,1
O=S(=O)(NCCCN1CCN(c2noc3ccccc23)CC1)c1cccs1,1
O=C1CCc2ccccc2N1OCCN1CCC(n2c(=O)[nH]c3ccccc32)CC1,1
O=C1CC(CN2CC=C(c3c[nH]c4cc(F)ccc34)CC2)Cc2nc(N3CCCC3)sc21,1
CN1CCc2ccc3c(=O)[nH]c4cccc5c4c3c2[C@H]1C5,1
O=C(NC/C=C/CN1CCN(c2cccc(Cl)c2Cl)CC1)c1ccc(-c2cccnc2)cc1,1
COc1cc2c(cc1O)C1Cc3ccc(OCC4CC4)c(OC)c3CN1CC2,1
C=CCN1CCC[C@H]1CNC(=O)c1cc(CCCSC2CC(=O)N(CCCCCC(=O)NCCOCCOCCOCCOCCOCCOCCOCCOCCC(=O)N[C@@H](Cc3cnc[nH]3)C(=O)N[C@@H](C)C(=O)N[C@H](C(=O)N[C@@H](Cc3ccc(O)cc3)C(=O)N3CCC[C@H]3C(=O)N[C@@H](CCCNC(=N)N)C(=O)N[C@@H](Cc3cnc[nH]3)C(=O)O)[C@@H](C)CC)C2=O)cc(OC)c1OC,1
c1cc2c3c(c[nH]c3c1)CC1CN(CC3CCCCC3)CCN21,1
O=C(NC[C@H]1C[C@@H]1CN1CCN(c2cccc(Cl)c2Cl)CC1)c1ccc(-c2ccccn2)cc1,1
Clc1cncc(NCCCCN2CCN(c3ccccc3)CC2)n1,1
OC1(c2ccc(Cl)cc2)CC2CCC(C1)N2CCc1c[nH]c2ccccc12,1
O=C(N[C@H]1CC[C@H](CCN2CCC(c3coc4ccccc34)CC2)CC1)C1CCOC1,1
O=C(CC1CCCO1)N[C@H]1CC[C@H](CCN2CCC(c3coc4ccccc34)CC2)CC1,1
C=CCN1CCC[C@H]1CNC(=O)c1cc(CCCSC2CC(=O)N(CCCCCC(=O)NCCOCCOCCOCCOCCC(=O)N[C@@H](CCCCNC(=O)CN3CCN(CC(=O)O)CCN(CC(=O)O)CCN(CC(=O)O)CC3)C(=O)N[C@@H](Cc3cnc[nH]3)C(=O)N[C@@H](C)C(=O)N[C@H](C(=O)N[C@@H](Cc3ccc(O)cc3)C(=O)N3CCC[C@H]3C(=O)N[C@@H](CCCNC(=N)N)C(=O)N[C@@H](Cc3cnc[nH]3)C(=O)O)[C@@H](C)CC)C2=O)cc(OC)c1OC,1
Cn1cc2c(C(=O)N[C@H]3CC[C@H](CCN4CCN(c5nocc5C(C)(F)F)CC4)CC3)cccc2n1,1
COc1ccccc1N1CCN(CCCCN2CCc3c(cccc3-c3ccccc3)C2=O)CC1,1
CN(CC/C=C1\c2ccccc2Sc2ccc(Cl)cc21)Cc1ccc(OCCCN2CCCCC2)cc1,1
CCCCn1cc(CCCCOc2ccc(CN3CCN(c4ccccc4OC)CC3)cc2OC)nn1,1
O=C1Cc2c(cccc2N2CCN(CCCCNC(=O)c3ccc4ccccc4c3)CC2)N1,1
O=C(N[C@H]1CC[C@H](CCN2CCC(c3coc4ccccc34)CC2)CC1)c1ccc(N2CCOCC2)nc1,1
CCOC(=O)/C=C1\[C@@H]2CCC[C@@]1(c1cccc(O)c1)CCN2CCN1CCN(c2cccc(Cl)c2Cl)CC1,1
c1cc2c3c(c[nH]c3c1)CC1CN(CCCCOc3ccc4c(c3)OCC4)CCN21,1
Cc1cccc(N2CCN(CCc3ccc4nn[nH]c4c3)CC2)c1C,1
CN1CCc2cc(Cl)c(O)cc2[C@H]2c3cccc(-c4ccc5[nH]ccc5c4)c3CC[C@@H]21,1
COc1ccccc1N1CCN(CCCNC(=O)/N=N/c2ccc(F)cc2)CC1,1
O=C1c2ccccc2S(=O)(=O)N1CCCCCCN1CCN(c2ncccn2)CC1,1
CN(CCN1CCN(c2cccc(Cl)c2)C1=O)Cc1cc2ccccc2s1,1
CN1CCN(c2ccc(C(=O)N[C@H]3CC[C@H](CCN4CCC(c5coc6ccccc56)CC4)CC3)cc2)CC1,1
O=c1[nH]c2cccc(N3CCN(CCCC4CCc5c([nH]c6ccc(F)cc56)C4)CC3)c2o1,1
c1cc2c3c(c[nH]c3c1)CC1CN(CCCCOc3ccc4scnc4c3)CCN21,1
COc1ccccc1N1CCN(CCCCNC(=O)CCc2ccccc2)CC1,1
O=C(Nc1ccncc1)Nc1cccc(CCN2CCN(c3ccccc3)CC2)c1,1
O=C(Cc1ccncc1)Nc1ccc(CCN2CCN(c3ccccc3)CC2)cc1,1
CCCN(CCCCc1cn(CCOCCOCCOCCOCCOCCn2cc(CCCCN(CCC)C3Cc4ccccc4C3)nn2)nn1)C1Cc2ccccc2C1,1
COc1ccccc1N1CCN(CCNC(=O)c2sc3nc(OC)c(Cl)c(C)c3c2N)CC1,1
CCCN(CCN1CCN(C(=O)c2cc3ccccc3[nH]2)CC1)[C@H]1CCc2c(O)cccc2C1,1
CCCN(CCC)C1COc2c(cccc2-c2ccoc2)C1,1
COc1ccccc1N1CCN(CCCCNC(=O)c2coc3ccccc3c2=O)CC1,1
O=C1C(c2ccc(F)cc2)COC12CCN(Cc1ccccc1)CC2,1
Cc1ccc(C(=O)OC2(c3ccc(Cl)cc3)CCN(CCCC(=O)c3ccc(F)cc3)CC2)cc1,1
O=C(OCCN1CCN(CCCN2c3ccccc3Sc3ccc(C(F)(F)F)cc32)CC1)c1ccc(OCCCN2CCCCC2)cc1,1
CCCN(CCC)C1COc2ccc3nc(N)sc3c2C1,1
Cc1ccc(Cl)c(N2CCN(CCCCNC(=O)c3ccc4oc(=O)[nH]c4c3)CC2)c1,1
O=C(N[C@H]1CC[C@H](CCN2CCC(c3coc4ccccc34)CC2)CC1)c1ccc(-n2cccn2)cc1,1
OC1(c2ccccc2)CCN(Cc2cc3ccccc3s2)CC1,1
COc1ccccc1N1CCN(CCCCNS(=O)(=O)c2ccc3ccccc3c2)CC1,1
O=c1ccc2c(N3CCCN(CCCCOc4ccn5nccc5c4)CC3)ccc(O)c2[nH]1,1
O=S(=O)(NCCCCN1CCN(c2nsc3ccccc23)CC1)c1cnc2ccccn12,1
O=S(=O)(NCC1CCN(CCOc2ccccc2-c2ccccc2)CC1)c1ccc(F)cc1,1
O=C(CCCCCCCCCCC(=O)OC1(c2ccc(Cl)cc2)CCN(CCCC(=O)c2ccc(F)cc2)CC1)OC1(c2ccc(Cl)cc2)CCN(CCCC(=O)c2ccc(F)cc2)CC1,1
c1cnc(N[C@H]2CC[C@H](CCN3CCN(c4nccs4)CC3)CC2)nc1,1
O=C1c2ccoc2CCC1CCN1CCC(c2noc3cc(F)ccc23)CC1,1
O=C(NC/C=C/CN1CCN(c2cccc(Cl)c2Cl)CC1)c1ccc(-c2ncccn2)cc1,1
C[C@@H](O)[C@@H]1NC(=O)[C@H](CCCCN)NC(=O)[C@@H](Cc2c[nH]c3ccccc23)NC(=O)[C@H](Cc2ccccc2)NC(=O)[C@H](Cc2ccccc2)NC(=O)[C@H](CCCNC(=N)N)NC(=O)[C@H](NCCCCC[C@@H]2C[C@@H]3c4cccc5[nH]cc(c45)C[C@H]3N(C)C2)CCCCNC(=O)[C@H](Cc2ccc(F)cc2)NC1=O,1
CN1CCC[C@@H]1CCO[C@](C)(c1ccccc1)c1ccc(Cl)cc1,1
O=C1Cc2c(ccc3c2OC[C@H](CNCCCC2CCc4c([nH]c5ccc(F)cc45)C2)O3)N1,1
Cn1cc2c(C(=O)N[C@H]3CC[C@H](CCN4CCC(c5nocc5C(F)(F)C5CC5)CC4)CC3)cccc2n1,1
CN1CCc2ccccc2Cc2sccc2CC1,1
c1cc2c(c(N3CCN(CCc4c[nH]c5ccccc45)CC3)c1)OCCO2,1
COc1cc(CN2CCN(c3ccccc3OC)CC2)ccc1OCc1cn(CCCCCCCCN(C)CCCCCNC(=O)COc2cncc(C#Cc3csc(C)n3)c2)nn1,1
COc1ccccc1N1CCN(Cc2cccc(CNC(=O)c3ccc4ccccc4c3)c2)CC1,1
C=CCN1CCC[C@H]1CNC(=O)c1cc(CCCSC2CC(=O)N(CCCCCC(=O)NCCOCCOCCOCCOCCOCCOCCOCCOCCOCCOCCC(=O)N[C@H](C(=O)N[C@@H](Cc3ccccc3)C(=O)N[C@@H](Cc3ccccc3)C(=O)N[C@@H](Cc3ccc(O)cc3)C(=O)NCC(=O)NCC(=O)N[C@@H](CO)C(=O)N[C@@H](CCCNC(=N)N)C(=O)NCC(=O)N[C@@H](CCCCNC(=O)CN3CCN(CC(=O)O)CCN(CC(=O)O)CCN(CC(=O)O)CC3)C(=O)N[C@@H](CCCNC(=N)N)C(=O)N[C@@H](CC(N)=O)C(=O)N[C@@H](CC(N)=O)C(=O)N[C@@H](Cc3ccccc3)C(=O)N[C@@H](CCCCN)C(=O)N[C@H](C(=O)N[C@@H](CCC(=O)O)C(=O)N[C@@H](CCC(=O)O)C(=O)N[C@@H](Cc3ccc(O)cc3)C(=O)O)[C@@H](C)O)[C@@H](C)O)C2=O)cc(OC)c1OC,1
COc1ccccc1N1CCN(CCCNC(=O)Cc2cccc3ccccc23)CC1,1
C[C@H]1CN(CC[C@H]2CC[C@H](N3C(=O)[C@@H]4[C@H](C3=O)[C@@H]3C=C[C@H]4C3)CC2)CCc2ccc(Cl)cc21,1
O=C(NC/C=C/CN1CCN(c2cccc(Cl)c2Cl)CC1)c1ccc(-c2ccncc2)cc1,1
O=C(CCCN1CCCN(c2ccc(Cl)cc2)CC1)c1ccc(F)cc1,1
Cc1cccc(S(=O)(=O)NCCN2CCN(c3nsc4ccccc34)CC2)c1,1
C=CCN1CCC[C@H]1CNC(=O)c1cc(CCCSC2CC(=O)N(CCCCCC(=O)NCCOCCOCCOCCOCCOCCOCCOCCOCCC(=O)N[C@H](C(=O)N[C@@H](Cc3ccccc3)C(=O)N[C@@H](Cc3ccccc3)C(=O)N[C@@H](Cc3ccc(O)cc3)C(=O)NCC(=O)NCC(=O)N[C@@H](CO)C(=O)N[C@@H](CCCNC(=N)N)C(=O)NCC(=O)N[C@@H](CCCCNC(=O)CN3CCN(CC(=O)O)CCN(CC(=O)O)CCN(CC(=O)O)CC3)C(=O)N[C@@H](CCCNC(=N)N)C(=O)N[C@@H](CC(N)=O)C(=O)N[C@@H](CC(N)=O)C(=O)N[C@@H](Cc3ccccc3)C(=O)N[C@@H](CCCCN)C(=O)N[C@H](C(=O)N[C@@H](CCC(=O)O)C(=O)N[C@@H](CCC(=O)O)C(=O)N[C@@H](Cc3ccc(O)cc3)C(=O)O)[C@@H](C)O)[C@@H](C)O)C2=O)cc(OC)c1OC,1
CN(C)CCC(C(=O)NCCCCN1CCN(c2cccc(Cl)c2Cl)CC1)(c1ccccc1)c1ccccc1,1
O=C1CCc2ccccc2N1CCCN1CCC(c2ccc3[nH]ccc3c2)CC1,1
COc1ccccc1N1CCN(CCCNC(=O)NN(Cc2ccc(-c3ccccc3)cc2)c2ccc(F)cc2)CC1,1
COc1ccccc1N1CCN(CCCCc2cn(-c3cccc4cnccc34)nn2)CC1,1
CCCN1COC[C@@H]2c3cc(O)ccc3OC[C@H]21,1
Clc1cccc(C2CCN(CCCCOc3ccc4scnc4c3)CC2)c1Cl,1
O=C(NCCCc1ccccc1)c1cc2c3c(ccc2[nH]1)OCC(CNCCCc1ccccc1)O3,1
CCCN1CCC(c2cccc3ccccc23)CC1,1
CN(CCCN1c2ccccc2Sc2ccc(Cl)cc21)Cc1ccc(OCCCN2CCCCC2)cc1,1
O=C(N[C@H]1CC[C@H](CCN2CCN3c4cccc5[nH]cc(c45)CC3C2)CC1)c1ccccc1,1
CN(CCCCOc1ccc2c(c1)NC(=O)CC2)[C@@H]1Cc2cccc3[nH]c(=O)n(c23)C1,1
O=C(CCCN1CCC(CCc2c[nH]c3ccccc23)CC1)c1ccc(F)cc1,1
COc1ccccc1N1CCN(CCCCN2C(=O)c3cccc4cccc(c34)C2=O)CC1,1
O=C1CCc2ccc(OCCCCN3CC=C(c4cn(S(=O)(=O)c5ccccc5)c5ccccc45)CC3)cc2N1,1
CCS(=O)(=O)c1ccc(OC)c(-c2ccc(C3CCCN3Cc3ccccc3)[nH]2)c1,1
O=C1CCc2cc(OCCCCCCN3CCN(c4nsc5ccccc45)CC3)ccc2N1,1
CN(CCc1ccccc1)CC[C@H]1CC[C@H](Nc2ncccn2)CC1,1
CN[C@@H]1Cc2cccc3c2n(c(=O)n3CCCCCCCCOCCCCc2ccccc2)C1,1
CN1CCN(CC(=O)N[C@H]2CC[C@H](CCN3CCN(c4cccc5c4OCO5)CC3)CC2)CC1,1
O=C(N[C@H]1CC[C@H](CCN2CCC(c3coc4ccccc34)CC2)CC1)C1CCC1,1
c1ccc(C2CCN(Cc3cnn(-c4ccccc4)c3)CC2)cc1,1
CN1CCCc2c([nH]c3ccccc23)Cc2ccccc2CC1,1
Nc1nc2cc3c(cc2s1)CCN(Cc1ccncc1)CC3,1
COC(=O)c1ccc(/C=C/c2nc3ccccc3n2Cc2ccc(Cl)cc2)cc1,1
O=c1[nH]c2ccccc2n1C1CCN(Cc2csc3ccccc23)CC1,1
O=C(N[C@H]1CC[C@H](CCN2CCC(c3coc4ccccc34)CC2)CC1)C1CCOCC1,1
Cc1noc2cc(OCCCCN3CCN4c5cccc6[nH]cc(c56)CC4C3)ccc12,1
O=C(N[C@H]1CC[C@H](CCN2CCC(c3coc4ccccc34)CC2)CC1)C1CCCOC1,1
COc1ccccc1N1CCN(CCCCNC(=O)/C=C/c2ccc(-c3ccccc3)cc2)CC1,1
Cn1c(=O)cnn(CCCCN2CCN(c3ccccc3OCCF)CC2)c1=O,1
COc1ccccc1N1CCN(Cc2cc(CN3CCCCC3)c3cccccc2-3)CC1,1
O=C1CCc2ccc(OCCCCN3CCCN(c4ccc(O)c5oc(=O)ccc45)CC3)cc2N1,1
O=S(=O)(c1ccc(F)cc1)N(CC1CC1)C1CCN(CCOc2ccccc2-c2ccccc2)CC1,1
O=S(=O)(NCCN1CC=C(c2c[nH]c3ccc(Cl)cc23)CC1)c1cccc2ccccc12,1
Fc1ccccc1N1CCN(CCCNc2cncc(Cl)n2)CC1,1
Cc1cc(C(=O)N[C@H]2CC[C@H](CCN3CCC(c4coc5ccccc45)CC3)CC2)on1,1
O=C1Cc2c(ccc3c2OC[C@H](CNCCC2CCc4c([nH]c5ccc(F)cc45)C2)O3)N1,1
O=S(=O)(NCCCN1CCC(c2noc3cc(F)ccc23)CC1)c1csc2ccccc12,1
C=CCN1CCC[C@H]1CNC(=O)c1cc(CCCSC2CC(=O)N(CCCCCC(=O)NCCOCCOCCOCCOCCOCCOCCC(=O)N[C@H](C(=O)N[C@@H](Cc3ccccc3)C(=O)N[C@@H](Cc3ccccc3)C(=O)N[C@@H](Cc3ccc(O)cc3)C(=O)NCC(=O)NCC(=O)N[C@@H](CO)C(=O)N[C@@H](CCCNC(=N)N)C(=O)NCC(=O)N[C@@H](CCCCNC(=O)CN3CCN(CC(=O)O)CCN(CC(=O)O)CCN(CC(=O)O)CC3)C(=O)N[C@@H](CCCNC(=N)N)C(=O)N[C@@H](CC(N)=O)C(=O)N[C@@H](CC(N)=O)C(=O)N[C@@H](Cc3ccccc3)C(=O)N[C@@H](CCCCN)C(=O)N[C@H](C(=O)N[C@@H](CCC(=O)O)C(=O)N[C@@H](CCC(=O)O)C(=O)N[C@@H](Cc3ccc(O)cc3)C(=O)O)[C@@H](C)O)[C@@H](C)O)C2=O)cc(OC)c1OC,1
COc1ccccc1N1CCN(CCCCNC(=O)Cc2ccc3ccccc3c2)CC1,1
Cc1cc(CCN2CCN(c3noc4ccccc34)CC2)c2c(c1)C(C)CC(=O)N2,1
CCCN(CCC)[C@H]1CCc2nn3ccccc3c2C1,1
CC1CC(C)(C)N(C(=O)CN2CCN(Cc3ccc(Cl)cc3)CC2)c2ccccc21,1
COc1ccccc1N1CCN(CCCCCNC(=O)c2cc3ccccn3n2)CC1,1
CN(C1CCN(CCOc2ccccc2-c2ccccc2)CC1)S(=O)(=O)c1cnn(C)c1,1
CN[C@@H]1Cc2cccc3c2n(c(=O)n3CCOCCOCCOCCCCc2ccccc2)C1,1
Cc1ccc2c(c1)c1c(n2/C=C\c2ccccc2)CCN(C)C1,1
O=C(N[C@H]1CC[C@H](CCN2CCC(c3coc4ccccc34)CC2)CC1)c1ccc(-n2cccc2)cc1,1
O=C(CC1COC1)N[C@H]1CC[C@H](CCN2CCC(c3coc4ccccc34)CC2)CC1,1
COc1cc2c(cc1O)[C@@H]1Cc3sc(CC4CCC4)cc3CN1CC2,1
COc1ccccc1N1CCN(CCCCNC(=O)c2cccc3ccnn23)CC1,1
COc1ccccc1N1CCN(CCCCCOc2ccc3ccccc3c2)CC1,1
O=C1CC(CN2CCC(c3noc4cc(F)ccc34)CC2)Cc2nc(-c3ccccc3)ncc21,1
O=C(CC1CC1)N[C@H]1CC[C@H](CCN2CCC(c3coc4ccccc34)CC2)CC1,1
O=C1CCc2ccc(OCCCCN3CCN4c5cccc6[nH]cc(c56)CC4C3)cc2N1,1
c1ccc2oc(SCCCCCCN3CCN(c4nsc5ccccc45)CC3)nc2c1,1
c1ccc(N2CCN(Cc3cnn(-c4cc5ccc4CCc4ccc(cc4)CC5)c3)CC2)cc1,1
O=C(CCc1ccccc1)NC1CCc2ccc(CCN3CCN(c4nsc5ccccc45)CC3)cc21,1
CN1CCc2ccc(OCCCN3CCC(C(=O)c4ccc(F)cc4)CC3)cc2C1=O,1
C[C@@H](O)[C@@H]1NC(=O)[C@H](CCCCN)NC(=O)[C@@H](Cc2c[nH]c3ccccc23)NC(=O)[C@H](Cc2ccccc2)NC(=O)[C@H](Cc2ccccc2)NC(=O)[C@H](CCCNC(=N)N)NC(=O)[C@H](NC[C@H](Cc2ccc(O)cc2)NC(=O)C[S+]([O-])C[C@@H]2C[C@@H]3c4cccc5[nH]cc(c45)C[C@H]3N(C)C2)CCCCNC(=O)[C@H](Cc2ccc(F)cc2)NC1=O,1
O=C(CCCN1CCN2c3cccc4[nH]cc(c34)CC2C1)c1ccc(F)cc1,1
Cc1nc2c(o1)CC(CN1CCC(c3noc4cc(F)ccc34)CC1)CC2=O,1
O=c1n(CCCCCCN2CCN(c3cccc4ccccc34)CC2)nc2ccccn12,1
COc1ccccc1N1CCN(CCCCNC(=O)/C=C/c2ccc3ccccc3c2)CC1,1
O=S(=O)(NCC1CCN(CCOc2ccccc2-c2ccccc2)CC1)c1ccc(Cl)s1,1
COc1cc2c(cc1O)[C@@H]1Cc3cc4c(cc3CN1CC2)OCO4,1
COc1ccccc1N1CCN(CCCNC(=O)c2ccc(COCCOCCOCCOCCOCCOCc3ccc(C(=O)NCCCN4CCN(c5ccccc5OC)CC4)cc3)cc2)CC1,1
COc1ccccc1N1CCN(CCn2c(=O)[nH]c3ccccc3c2=O)CC1,1
COc1ccccc1N1CCN(CCCCNC(=O)/C=C/c2ccc(OCc3ccccc3)cc2)CC1,1
CCCc1cn(CCCCCCCCn2cc(CCCOc3ccc(CN4CCN(c5ccccc5OC)CC4)cc3OC)nn2)nn1,1
O=C(NCCCCN1CCN(c2cc3ccc2CCc2ccc(cc2)CC3)CC1)c1cc2ccc1CCc1ccc(cc1)CC2,1
c1ccc(-c2nc3cc(CCN4CCN(c5ccccc5)CC4)ccc3[nH]2)cc1,1
C[C@H]1CN(CC[C@H]2CC[C@H](N3C(=O)[C@@H]4[C@@H]5CC[C@@H](C5)[C@@H]4C3=O)CC2)CCc2ccc(Cl)cc21,1
O=C(NC/C=C/CN1CCN(c2cccc(Cl)c2Cl)CC1)c1ccncc1,1
NC(=O)c1ccccc1OCCCN1CC=C(c2cn(Cc3ccccc3)c3ccccc23)CC1,1
CN1CCN(c2nc3ccccc3c(Cl)c2Sc2ccccc2)CC1,1
CN1CCN(c2cccc3c2ccn3S(=O)(=O)c2ccccc2)CC1,1
O=S(=O)(NCCCCCCN1CCN(c2nsc3ccccc23)CC1)c1cccc2ccccc12,1
O=S(=O)(NCCCCCCN1CCN(c2nsc3ccccc23)CC1)c1ccccc1,1
Cc1nc2cc(OCCCCN3CCN4c5cccc6[nH]cc(c56)CC4C3)ccc2o1,1
C=CCN1CCC[C@H]1CNC(=O)c1cc(CCCSC2CC(=O)N(CCCCCC(=O)NCCOCCOCC(=O)N[C@@H](Cc3cnc[nH]3)C(=O)N[C@@H](C)C(=O)N[C@H](C(=O)N[C@@H](Cc3ccc(O)cc3)C(=O)N3CCC[C@H]3C(=O)N[C@@H](CCCNC(=N)N)C(=O)N[C@@H](Cc3cnc[nH]3)C(=O)O)[C@@H](C)CC)C2=O)cc(OC)c1OC,1
Clc1cccc(N2CCN(CCCOc3ccc4scnc4c3)CC2)c1Cl,1
O=C(Nc1cccnc1)Nc1cccc(CCN2CCN(c3ccccc3)CC2)c1,1
O=C(NCCCCN1CCN(c2cccc(Cl)c2Cl)CC1)c1cnc2ccccc2n1,1
NC(=O)c1ccccc1OCCCN1CCC(c2cn(Cc3ccccc3)c3ccccc23)CC1,1
Clc1ccc2c(c1)N=C(N1CCN(Cc3ccc4c(c3)OCCO4)CC1)c1ccccc1N2,1
Cc1cccc(C2CN(C)CCc3c2cc(O)c(O)c3-c2ccc3ccccc3c2)c1,1
O=S(=O)(c1cncc2ccccc12)N1CC[C@@H]1CCN1CCN(c2cccc3sccc23)CC1,1
Cc1cc(C(N)=O)c(-c2cccc(OC(=O)NCCCN3CCN(c4ccccc4)CC3)c2)o1,1
N#Cc1cccc([C@@H]2CCCN(CCCc3ccccc3)C2)c1,1
O=C(N[C@H]1CC[C@H](CCN2CCC(c3coc4ccccc34)CC2)CC1)c1ccc2c(c1)OCO2,1
COc1ccccc1N1CCN(Cc2ccccc2CNC(=O)c2ccc3ccccc3c2)CC1,1
Oc1nc2cc(CCN3CCN(c4cccc(C(F)(F)F)c4)CC3)ccc2[nH]1,1
Cc1ccc(C(=O)N[C@H]2CC[C@H](CCN3CCC(c4coc5ccccc45)CC3)CC2)cn1,1
O=c1[nH]c2ccc(CCN3CCN(c4cccc(C(F)(F)F)c4)CC3)cc2[nH]c1=O,1
Cc1oc(C)c2c1CCCc1cnn(C)c1-2,1
C=CCN1CCC[C@H]1CNC(=O)c1cc(CCCSC2CC(=O)N(CCCCCC(=O)NCCCC(=O)N[C@@H](Cc3cnc[nH]3)C(=O)N[C@@H](C)C(=O)N[C@H](C(=O)N[C@@H](Cc3ccc(O)cc3)C(=O)N3CCC[C@H]3C(=O)N[C@@H](CCCNC(=N)N)C(=O)N[C@@H](Cc3cnc[nH]3)C(=O)O)[C@@H](C)CC)C2=O)cc(OC)c1OC,1
C1=C(c2ccccc2)CCN(Cc2cnn(-c3ccccc3)c2)C1,1
COc1ccccc1N1CCN(Cc2cn3cc(C)cc(-c4ccccc4)c3n2)CC1,1
c1ccc(-n2cc(CN3CCN(c4cc5ccc4CCc4ccc(cc4)CC5)CC3)cn2)cc1,1
O=C1[C@@H]2[C@H]3CC[C@H](C3)[C@@H]2C(=O)N1CCCCN1CCN(c2ncccn2)CC1,1
O=c1[nH]c2cccc(OCC3CCN(CC4CCc5[nH]c6ccc(F)cc6c5C4)CC3)c2o1,1
CCc1cc(Cl)c(OC)c(C(=O)NC[C@@H]2CCCN2CCCCNC(=O)c2cc3ccccc3o2)c1O,1
O=C(N[C@H]1CC[C@H](CCN2CCN3c4cccc5[nH]cc(c45)CC3C2)CC1)N1CCCCC1,1
Cc1cccc(C2CCN(CCNC(=O)C3CCCO3)CC2)n1,1
O=S(=O)(NCCCCCCN1CCN(c2nsc3ccccc23)CC1)c1ccc2ccccc2c1,1
CN1CCC(c2cn(-c3ccc(F)cc3)c3ccc(-c4ccncc4)cc23)CC1,1
C=CCN1CCC[C@H]1CNC(=O)c1cc(CCCSC2CC(=O)N(CCCCCC(=O)N[C@H](C(=O)N[C@@H](Cc3cnc[nH]3)C(=O)N[C@@H](CCCNC(=N)N)C(=O)N3CCC[C@H]3C(=O)N3CCC[C@H]3C(=O)N[C@@H](CCSC)C(=O)N[C@@H](Cc3c[nH]c4ccccc34)C(=O)N[C@@H](CO)C(=O)N3CCC[C@H]3C(=O)N[C@H](C(=O)N[C@@H](Cc3c[nH]c4ccccc34)C(=O)N3CCC[C@H]3C(=O)O)C(C)C)[C@@H](C)O)C2=O)cc(OC)c1OC,1
C=CCN1CCC[C@H]1CNC(=O)c1cc(CCCSC2CC(=O)N(CCCCCC(=O)NCCOCCOCCOCCOCCOCCOCCC(=O)N[C@@H](Cc3cnc[nH]3)C(=O)N[C@@H](C)C(=O)N[C@H](C(=O)N[C@@H](Cc3ccc(O)cc3)C(=O)N3CCC[C@H]3C(=O)N[C@@H](CCCNC(=N)N)C(=O)N[C@@H](Cc3cnc[nH]3)C(=O)O)[C@@H](C)CC)C2=O)cc(OC)c1OC,1
O=S(=O)(NCCCN1CCN(c2nsc3ccccc23)CC1)c1cccc2scnc12,1
COc1ccccc1N1CCN(CCCCCNC(=O)c2cccc(C#Cc3ccccc3)c2)CC1,1
CC1Cc2ccccc2N1C(=O)NCCCCN(C)[C@H]1Cc2cccc3[nH]c(=O)n(c23)C1,1
c1cnc(N2CCN(CCCCc3nc4ccccc4s3)CC2)nc1,1
O=S(=O)(NCCCN1CCN(c2nsc3ccccc23)CC1)c1cnc2ccccn12,1
C=CCN1CCC[C@H]1CNC(=O)c1cc(CCCSC2CC(=O)N(CCCCCC(=O)NCCOCCOCCOCCOCCC(=O)N[C@H](C(=O)N[C@@H](Cc3ccccc3)C(=O)N[C@@H](Cc3ccccc3)C(=O)N[C@@H](Cc3ccc(O)cc3)C(=O)NCC(=O)NCC(=O)N[C@@H](CO)C(=O)N[C@@H](CCCNC(=N)N)C(=O)NCC(=O)N[C@@H](CCCCNC(=O)CN3CCN(CC(=O)O)CCN(CC(=O)O)CCN(CC(=O)O)CC3)C(=O)N[C@@H](CCCNC(=N)N)C(=O)N[C@@H](CC(N)=O)C(=O)N[C@@H](CC(N)=O)C(=O)N[C@@H](Cc3ccccc3)C(=O)N[C@@H](CCCCN)C(=O)N[C@H](C(=O)N[C@@H](CCC(=O)O)C(=O)N[C@@H](CCC(=O)O)C(=O)N[C@@H](Cc3ccc(O)cc3)C(=O)O)[C@@H](C)O)[C@@H](C)O)C2=O)cc(OC)c1OC,1
O=C(Cc1ccccc1)NC1CCc2ccc(CCN3CCN(c4nsc5ccccc45)CC3)cc21,1
CN1CCc2cc(Cl)c(O)cc2[C@H]2c3cc(CN4CCCCC4)ccc3CC[C@@H]21,1
CCCN1CCC(c2csc3ccccc23)CC1,1
O=C(NC/C=C/CN1CCN(c2cccc(Cl)c2Cl)CC1)c1ccc(-c2cccc[n+]2[O-])cc1,1
Cn1c(=O)c2cc(OCCCN3CCN(c4cccc5sccc45)CC3)ccc2n(C)c1=O,1
C[C@@H](O)[C@@H]1NC(=O)[C@H](CCCCN)NC(=O)[C@@H](Cc2c[nH]c3ccccc23)NC(=O)[C@H](Cc2ccccc2)NC(=O)[C@H](Cc2ccccc2)NC(=O)[C@H](CCCNC(=N)N)NC(=O)[C@H](NC(=O)[C@@H](Cc2ccc(O)cc2)NC(=O)CSC[C@@H]2C[C@@H]3c4cccc5[nH]cc(c45)C[C@H]3N(C)C2)CCCCNC(=O)[C@H](Cc2ccccc2)NC1=O,1
O=C1N(CCN2C[C@H]3CC[C@H](CC3)C2)CCN1c1cccc(Cl)c1,1
O=C1N(CCN2C[C@@H]3CC[C@H]2Cc2ccccc2C3)CCN1c1cccc(Cl)c1,1
CCN(CC)CCN1CCN(c2cccc(Cl)c2)C1=O,1
COc1cccc(C2CCCN(CCN3CCN(c4cccc(Cl)c4)C3=O)C2)c1,1
CCN1CCCC1c1ccc(-c2cc(S(=O)(=O)CC)ccc2OC)[nH]1,1
c1cnc(N[C@H]2CC[C@H](CCN3CCN(c4cccnc4)CC3)CC2)nc1,1
C=CCN1CCC[C@H]1CNC(=O)c1cc(CCCSC2CC(=O)N(CCCCCC(=O)NCCOCCOCCOCCOCCOCCOCCOCCOCCOCCOCCOCCOCCC(=O)N[C@@H](Cc3cnc[nH]3)C(=O)N[C@@H](C)C(=O)N[C@H](C(=O)N[C@@H](Cc3ccc(O)cc3)C(=O)N3CCC[C@H]3C(=O)N[C@@H](CCCNC(=N)N)C(=O)N[C@@H](Cc3cnc[nH]3)C(=O)O)[C@@H](C)CC)C2=O)cc(OC)c1OC,1
CCc1cc(Cl)c(OC)c(C(=O)NC[C@@H]2CCCN2CCCCOc2ccc3c(c2)NC(=O)CC3)c1O,1
C[C@H]1CN(CC[C@H]2CC[C@H](NC(=O)[C@@H]3CCCN3)CC2)CCc2ccc(Cl)cc21,1
O=c1[nH]c2ccc(OCCCN3CCN(c4cccc(Cl)c4Cl)CC3)cc2[nH]1,1
CC1(C)Cc2cccc(OCCNCC3(F)CCN(C(=O)c4ccc(F)c(Cl)c4)CC3)c2O1,1
COc1ccccc1N1CCN(CCCCNC(=O)c2ccc(COCCOCCOCCOCCOCCOCCOCc3ccc(C(=O)NCCCCN4CCN(c5ccccc5OC)CC4)cc3)cc2)CC1,1
Oc1ccc(N2CCN(CCCCOc3ccn4nccc4c3)CC2)c2cccnc12,1
O=C(CCCN1CCC2(CCc3ccccc3C2=O)CC1)c1ccc(F)cc1,1
O=C(CCCCN1CCC2(CC1)C(=O)NCN2c1ccccc1)c1nc2ccccc2s1,1
O=C(CCCCCCCCCCCCCCCCCCC(=O)OC1(c2ccc(Cl)cc2)CCN(CCCC(=O)c2ccc(F)cc2)CC1)OC1(c2ccc(Cl)cc2)CCN(CCCC(=O)c2ccc(F)cc2)CC1,1
O=C1c2ccccc2C(=O)N1CCCCCCCN1CC=C(c2c[nH]c3ccc(F)cc23)CC1,1
O=S(=O)(NCCCCN1CCC(c2noc3cc(F)ccc23)CC1)c1cccc2scnc12,1
CC1CCN(C(=O)C2CCCCC2)c2c(CCN3CCN(c4nsc5ccccc45)CC3)cccc21,1
Cn1cnc2ccc(OCCCCN3CCN(c4cccc(C(F)(F)F)c4)CC3)cc2c1=O,1
Oc1ccc2c(c1)CC(N(CCc1cccs1)CCN1CCN(c3ccccc3)CC1)CC2,1
c1ccc2c(N3CCN(CCc4ccc5nn[nH]c5c4)CC3)cccc2c1,1
O=S(=O)(c1cccc2ncccc12)N1CC[C@@H]1CCN1CCN(c2cccc3sccc23)CC1,1
O=C1Cc2c(ccc3c2OC[C@H](CNCCC2CCc4[nH]c5ccc(F)cc5c4C2)O3)N1,1
CCCCn1cc(CCCOc2ccc(C(=O)NCCCCN(CCC)CCc3ccc(O)c4[nH]c(=O)ccc34)cc2OC)nn1,1
COC(=O)c1ccc(CCc2nc3ccccc3n2Cc2ccc(Cl)cc2)cc1,1
O=C(NC1CCN(CCOc2ccccc2-c2ccccc2)C1)c1ccc2ccccc2n1,1
c1ccc2c(N3CCN(CCc4ccc5[nH]nnc5c4)CC3)cccc2c1,1
CN[C@@H]1Cc2cccc3c2n(c(=O)n3CCCCCCCCCCOCCCCc2ccccc2)C1,1
C=CCN1CCC[C@H]1CNC(=O)c1cc(CCCSC2CC(=O)N(CCCCCC(=O)NCCCOCCOCCOCCC(=O)N[C@@H](Cc3cnc[nH]3)C(=O)N[C@@H](C)C(=O)N[C@H](C(=O)N[C@@H](Cc3ccc(O)cc3)C(=O)N3CCC[C@H]3C(=O)N[C@@H](CCCNC(=N)N)C(=O)N[C@@H](Cc3cnc[nH]3)C(=O)O)[C@@H](C)CC)C2=O)cc(OC)c1OC,1
O=C(NC/C=C/CN1CCN(c2cccc(Cl)c2Cl)CC1)c1ccc(-c2cccc(=O)[nH]2)cc1,1
O=C1CCc2ccc(OCCCN3CCN(c4cccc5c4ccn5S(=O)(=O)c4ccccc4)CC3)cc2N1,1
COc1ccccc1N1CCN(CCCCNC(=O)c2cc3ccccc3oc2=O)CC1,1
CC(C)Oc1ccccc1N1CCN(C[C@@H](O)CNC(=O)c2ccc3c(c2)C(=O)N(c2ccc(N(C)C)cc2)C3=O)CC1,1
O=S(=O)(c1cncc2ccccc12)N1CCCC[C@@H]1CCN1CCN(c2cccc3sccc23)CC1,1
O=C1NCc2ccc(OCCCCN3CCN(c4cccc5c4COCC5)CC3)cc21,1
O=C(N[C@H]1CC[C@H](CCN2CCN3c4cccc5[nH]cc(c45)CC3C2)CC1)N1CCCC1,1
O=C(N[C@H]1CC[C@H](CCN2CCC(c3coc4ccccc34)CC2)CC1)c1ccc(-c2ccccc2)cc1,1
COc1ccc2cccc(N3CCN(CCCCn4ncc(=O)n(C)c4=O)CC3)c2c1,1
O=C1NCN(c2ccccc2)C12CCN(CCCCc1c[nH]c3ccccc13)CC2,1
CCS(=O)(=O)Nc1cccc(N2CCN(CCCCn3c(O)c4n(c3=O)CCC4)CC2)c1,1
O=S(=O)(NCCCCN1CCC(c2noc3cc(F)ccc23)CC1)c1csc2ccccc12,1
CCS(=O)(=O)Nc1cccc(N2CCN(CCCCN3C(=O)C4CCCN4C3=O)CC2)c1,1
COc1cc(CN2CCN(c3ccccc3OC)CC2)ccc1OCCCc1cn(CCCCCCCCn2cc(CCCOc3ccc(CN4CCN(c5ccccc5OC)CC4)cc3OC)nn2)nn1,1
Cc1nc2ccc(OCCCN3CCN(c4cccc(C(F)(F)F)c4)CC3)cc2c(=O)n1C,1
CCCN(CCN1CCN(c2nccc3ccccc23)CC1)C1CCc2ccc(O)cc2C1,1
C=CCN1CCC[C@H]1CNC(=O)c1cc(CCCSC2CC(=O)N(CCCCCC(=O)NCC(=O)N[C@@H](CCCNC(=N)N)C(=O)N[C@@H](CCCCN)C(=O)N[C@@H](CCCCN)C(=O)N[C@@H](CCCNC(=N)N)C(=O)N[C@@H](CCCNC(=N)N)C(=O)N[C@@H](CCC(N)=O)C(=O)N[C@@H](CCCNC(=N)N)C(=O)N[C@@H](CCCNC(=N)N)C(=O)N[C@@H](CCCNC(=N)N)C(=O)N3CCC[C@H]3C(=O)N3CCC[C@H]3C(=O)N[C@@H](CCC(N)=O)C(=O)O)C2=O)cc(OC)c1OC,1
CCCN(CC[C@]1(O)C[C@H](NC(=O)c2ccc3ccccc3c2)C1)[C@H]1CCc2nc(N)sc2C1,1
C1=C(c2ccccc2)CCN(CCc2c[nH]c3ncccc23)C1,1
O=C(NC1CCc2ccc(CCN3CCN(c4nsc5ccccc45)CC3)cc21)C1CC1,1
CN1C[C@H](CNC(=O)OCc2ccccc2)C[C@@H]2c3cccc4c3c(cn4C)C[C@H]21,1
O=S(=O)(c1cccc2ncccc12)N1CCCC[C@@H]1CCN1CCN(c2cccc3sccc23)CC1,1
COc1ccccc1N1CCN(CCCCNC(=O)c2nccc3ccccc23)CC1,1
C[C@H]1CN(CC[C@H]2CC[C@H](NC(=O)[C@@H]3CCCO3)CC2)CCc2ccc(Cl)cc21,1
CCCN1CCO[C@@H]2c3cc(O)ccc3OC[C@H]21,1
COc1ccccc1N1CCN(CCCCCN2CCc3ccccc3C2=O)CC1,1
COc1ccccc1N1CCN(CCCNC(=O)c2ccc(COCCOCCOCCOCCOCCOCCOCc3ccc(C(=O)NCCCN4CCN(c5ccccc5OC)CC4)cc3)cc2)CC1,1
c1cc2c(c(N3CCN(CCCc4c[nH]c5ccccc45)CC3)c1)CCCO2,1
O=C1c2ccccc2C(=O)N1CCCN1CC=C(c2c[nH]c3ccc(F)cc23)CC1,1
Cc1cccc(S(=O)(=O)NCCN2CCC(c3noc4cc(F)ccc34)CC2)c1,1
Clc1cccc(N2CCCN(CCCOc3ccc4scnc4c3)CC2)c1Cl,1
O=C1c2ccccc2S(=O)(=O)N1CCCCCN1CCN(c2cccc3ccccc23)CC1,1
O=C1NCCc2ccc(OCCCCN3CCC(c4cccc(Cl)c4Cl)CC3)cc21,1
CC(=O)c1ccc(C(=O)Nc2ccc(CCN3CC4COc5ccc(C#N)cc5C4C3)cc2)cc1,1
O=C(NC[C@@H]1C[C@H]1CN1CCN(c2cccc(Cl)c2Cl)CC1)c1ccnc2ccccc12,1
COc1cccc2c1CC[C@H]1CN(CCn3c(=O)[nH]c4c(sc5cccnc54)c3=O)C[C@@H]21,1
O=C(NC/C=C/CN1CCN(c2cccc(Cl)c2Cl)CC1)c1cccnc1,1
COc1ccccc1N1CCN(CCCNC(=O)c2sc3nc(OC)c(Cl)c(C)c3c2N)CC1,1
C[C@@H](O)[C@@H]1NC(=O)[C@H](CCCCN)NC(=O)[C@@H](Cc2c[nH]c3ccccc23)NC(=O)[C@H](Cc2ccccc2)NC(=O)[C@H](Cc2ccccc2)NC(=O)[C@H](CCCNC(=N)N)NC(=O)[C@H](NCCCS(=O)(=O)C[C@@H]2C[C@@H]3c4cccc5[nH]cc(c45)C[C@H]3N(C)C2)CCCCNC(=O)[C@H](Cc2ccc(F)cc2)NC1=O,1
O=C(N[C@H]1CC[C@H](CCN2CCC(c3coc4ccccc34)CC2)CC1)c1ccc(N2CCS(=O)(=O)CC2)cc1,1
COc1ccccc1N1CCN(CCCc2cn(CCCN3CCc4cc(O)c(O)cc4C(c4ccccc4C)C3)nn2)CC1,1
COc1ccccc1N1CCN(CCCCNC(=O)/C=C/C=C/c2ccccc2)CC1,1
OC1(c2ccc(Cl)cc2)CCN(CCCC#Cc2ccc(F)cc2)CC1,1
O=C(CCCN1CCN(c2cc3ccc2CCc2ccc(cc2)CC3)CC1)c1ccc(F)cc1,1
O=c1ccc2c(N3CCN(CCCCOc4ccn5nccc5c4)CC3)ccc(O)c2o1,1
COc1ccccc1N1CCN(CCCNC(=O)c2ccc(COCCOCCOCCOCCOCc3ccc(C(=O)NCCCN4CCN(c5ccccc5OC)CC4)cc3)cc2)CC1,1
O=S1(=O)c2cccc3cccc(c23)N1CCCCCCN1CCN(c2nsc3ccccc23)CC1,1
Clc1cccc(N2CCCN(CCCCOc3ccc4scnc4c3)CC2)c1Cl,1
O=S(=O)(NCCN1CCN(c2nsc3ccccc23)CC1)c1ccc2ccccc2c1,1
COc1ccccc1N1CCN(Cc2ccccc2CNC(=O)/C=C/c2ccccc2)CC1,1
c1cc2c(c(N3CCN(CCCc4c[nH]c5ccccc45)CC3)c1)OCCN2,1
COc1ccccc1N1CCN(CCCCCc2cn(-c3cccc4cnccc34)nn2)CC1,1
O=C1COc2ccccc2N1CCCN1CCN(c2nsc3ccccc23)CC1,1
COc1cc(CN2CCN(c3ccccc3OC)CC2)ccc1OCCCc1cn(CCCCCCCCCCn2cc(CCCOc3ccc(CN4CCN(c5ccccc5OC)CC4)cc3OC)nn2)nn1,1
CCCN(CCCCNC(=O)c1ccc(OCCCc2cn(CCCCCCCCn3cc(CCCOc4ccc(C(=O)NCCCCN5CCN(c6ccccc6OC)CC5)cc4OC)nn3)nn2)c(OC)c1)C1Cc2ccccc2C1,1
O=S(=O)(NCCCCN1CCN(c2cccc(Cl)c2Cl)CC1)c1cc2ccccc2cn1,1
O=C1CC(CN2CCC(c3noc4cc(F)ccc34)CC2)Cc2cc(-c3ccccc3)ccc21,1
O=c1[nH]c2cccc(N3CCN(CC4CCc5[nH]c6ccc(F)cc6c5C4)CC3)c2o1,1
COc1cc(CN2CCN(c3ccccc3OC)CC2)ccc1OCCCc1cn(CCCCCCCCn2cc(CCCOc3ccc(CN4CCN(C5CCCCC5)CC4)cc3OC)nn2)nn1,1
O=C(NC/C=C/CN1CCN(c2cccc(Cl)c2Cl)CC1)c1ccccn1,1
O=C(N[C@H]1CC[C@H](CCN2CCC(c3coc4ccccc34)CC2)CC1)c1ccc(-c2cccnc2)cc1,1
O=C(N[C@H]1CC[C@H](CCN2CCN3c4cccc5[nH]cc(c45)CC3C2)CC1)c1cc2ccccc2[nH]1,1
CCc1cccc(N2CCN(C/C=C/CCNC(=O)C3N=CC(C)=N3)CC2)c1Cl,1
CCc1cccc(N2CCN(C/C=C/CNC(=O)c3nc(C)c[nH]3)CC2)c1Cl,1
CC(=O)Nc1ccc(OCCCN2CCN(c3cccc4ccsc34)CC2)cc1,1
COc1ccccc1N1CCN(CCCCNC(=O)c2ccc(COCCOCCOCCOCCOCCOCCOCCOCCOCc3ccc(C(=O)NCCCCN4CCN(c5ccccc5OC)CC4)cc3)cc2)CC1,1
COc1cc(CN2CCN(c3ccccc3OC)CC2)ccc1OCc1cn(CCCCCCCCn2cc(COc3ccc(CN4CCN(c5ccccc5OC)CC4)cc3OC)nn2)nn1,1
O=S(=O)(NCCCN1CCN(c2cccc(Cl)c2Cl)CC1)c1ccc2cccnc2c1,1
O=c1oc2ccccc2n1CCCCCCN1CCN(c2nsc3ccccc23)CC1,1
O=C1CCc2ccc(CC3CC4CCC(C3)N4C[C@@H]3COc4c(ccc5c4CC(=O)N5)O3)cc2N1,1
Cn1cc(S(=O)(=O)N(CC2CC2)C2CCN(CCOc3ccccc3-c3ccccc3)CC2)cn1,1
O=c1[nH]c2ccccc2n1CCCCCCN1CCN(c2nsc3ccccc23)CC1,1
O=S(=O)(NCCCCN1CCN(c2nsc3ccccc23)CC1)c1cccc2scnc12,1
CC1CCN(C(=O)c2ccccc2)c2c(CCN3CCN(c4nsc5ccccc45)CC3)cccc21,1
CCCN(CCCCNC(=O)c1ccc(OCCCc2cn(CCCCCCCCn3cc(CCCOc4ccc(C(=O)NCCCCN(CCC)C5Cc6ccccc6C5)cc4OC)nn3)nn2)c(OC)c1)C1Cc2ccccc2C1,1
COC(=O)c1cc2c3c(ccc2[nH]1)OCC(CNCCCc1ccccc1)O3,1
O=C(/C=C/c1ccc(Cl)c(Cl)c1)NCCCCCN1CCC(c2c[nH]c3ccc(O)cc23)CC1,1
CCS(=O)(=O)c1ccc(OC)c(-c2ccc(CN3CCCC3c3ccccc3)[nH]2)c1,1
Cc1ncoc1-c1nnc(SCCCN2CCc3ccc4oc(C(C)(F)F)nc4c3CC2)n1C,1
C[C@@]12CC(c3ccccc3)C[C@@H](C1)N(CCN1CCN(c3cccc(Cl)c3)C1=O)C2,1
O=C1c2ccccc2S(=O)(=O)N1CCCCCCN1CCN(c2cccc3cccnc23)CC1,1
O=C1Cc2c(cccc2N2CCN(CC3CCc4[nH]c5ccc(F)cc5c4C3)CC2)N1,1
O=C1CC(c2ccccc2)c2cccc(CCN3CCN(c4nsc5ccccc45)CC3)c2N1,1
O=C1Cc2c(cccc2N2CCN(CCC3CCc4[nH]c5ccc(F)cc5c4C3)CC2)N1,1
O=C(NC1CCN(CCOc2ccccc2-c2ccccc2)C1)c1cccc(F)c1F,1
O=C1CCc2ccc(OC/C=C/CN3CCN(c4cccc(Cl)c4Cl)CC3)cc2N1,1
O=S(=O)(NCCCN1CCC(c2noc3cc(F)ccc23)CC1)c1cnc2ccccn12,1
O=C(CCCCCCCCC(=O)OC1(c2ccc(Cl)cc2)CCN(CCCC(=O)c2ccc(F)cc2)CC1)OC1(c2ccc(Cl)cc2)CCN(CCCC(=O)c2ccc(F)cc2)CC1,1
Cn1cc(CN2CCc3cc4nc(N)sc4cc3CC2)cn1,1
O=c1[nH]c2ccc(OCCCCN3CCN(c4cccc(Cl)c4Cl)CC3)cc2[nH]1,1
CN1CCC(c2cn(-c3ccc(F)cc3)c3ccc(-c4ccnn4C)cc23)CC1,1
O=C(c1ccco1)N1CCC(CCN2CCN(c3nsc4ccccc34)CC2)CC1,1
COc1ccccc1N1CCN(CCCCN2CCc3cc(-c4ccccc4)ccc3C2=O)CC1,1
O=C(NCCCCN1CCN(c2cccc3ccccc23)CC1)c1cc2ccccc2o1,1
COc1ccccc1N1CCN(CCCCNC(=O)/C=C/c2cccnc2)CC1,1
O=C(Nc1ccc(CCN2CCN(c3ccccc3)CC2)cc1)Nc1ccccn1,1
N#Cc1ccc2c(c1)CN(C[C@@H]1C[C@H]1CCNC(=O)c1cc3cccnc3[nH]1)CC2,1
COc1ccccc1N1CCN(CCCCNC(=O)c2ccc(COCCOCCOCCOCCOCCOCc3ccc(C(=O)NCCCCN4CCN(c5ccccc5OC)CC4)cc3)cc2)CC1,1
CC(=O)N(CCCN[C@@H](CN[C@@H]1CCCCNC(=O)[C@H](Cc2ccc(F)cc2)NC(=O)[C@H]([C@@H](C)O)NC(=O)[C@H](CCCCN)NC(=O)[C@@H](Cc2c[nH]c3ccccc23)NC(=O)[C@H](Cc2ccccc2)NC(=O)[C@H](Cc2ccccc2)NC(=O)[C@H](CCCNC(=N)N)NC1=O)Cc1ccc(O)cc1)C[C@@H]1C[C@@H]2c3cccc4[nH]cc(c34)C[C@H]2N(C)C1,1
O=C1CCc2ccc(OCCCCN3CCC(c4cn(S(=O)(=O)c5ccccc5)c5ccccc45)CC3)cc2N1,1
O=C(NCCCCCCN1CCN(c2nsc3ccccc23)CC1)c1ccccc1,1
O=C(O)c1ccccc1C(=O)Nc1cccc2ccccc12,1
C[C@H]1CN(CC[C@H]2CC[C@H](N3C(=O)[C@H]4CCCC[C@H]4C3=O)CC2)CCc2ccc(Cl)cc21,1
CN1COc2ccc(OCCCN3CCC(c4noc5cc(F)ccc45)CC3)cc2C1=O,1
O=c1[nH]c2ccccc2n1C1CCN(Cc2coc3ccccc23)CC1,1
CCCN(CCN1CCN(c2cccc3ccccc23)CC1)C1CCc2ccc(O)cc2C1,1
COc1ccccc1N1CCC(CNCC2COc3ccc(Cl)cc3O2)CC1,1
O=C(CCCN1CCC(O)(c2ccc(Cl)cc2)CC1)c1cc2ccc1CCc1ccc(cc1)CC2,1
CN1CCN(CCc2ccc(OCCCN3CCC(c4noc5cc(F)ccc45)CC3)cc2)CC1,1
CN1CCN(C2=Cn3cccc3Sc3ccccc32)CC1,1
Cc1cccc(C2CCN(CCNC(=O)C3CCCOC3)CC2)n1,1
COCCC1(C(=O)NCCN2CCC(c3cccc(C(F)(F)F)n3)CC2)CC1,1
FC(F)(F)c1cccc(N2CCN(CCCCNc3nc(-c4ccccc4)cs3)CC2)c1,1
CCCN(CCc1ccc(NC(=O)CCc2cn(CCCCCCCCN(C)CCCCCNC(=O)COc3cncc(C#Cc4csc(C)n4)c3)nn2)cc1)C1CCc2c(O)cccc2C1,1
O=C1CC2(CCCC2)CC(=O)N1CCCCN1CCN(c2ncccn2)CC1,1
COc1ccccc1N1CCN(CCCCNC(=O)Nc2cccc(Cl)c2)CC1,1
CCCN(CCNC(=O)/C=C/c1ccc(F)cc1)C1Cc2ccccc2C1,1
COc1ccccc1N1CCN(CCCCNC(=O)/C=C/c2ccsc2)CC1,1
C=CCN1CCC[C@H]1CNC(=O)c1cc(CCCSC2CC(=O)N(CCCCCC(=O)N[C@H](C(=O)N[C@@H](CCC(N)=O)C(=O)N[C@@H](CCCNC(=N)N)C(=O)N[C@@H](CCCCN)C(=O)N[C@@H](CCCNC(=N)N)C(=O)N[C@@H](CCC(N)=O)C(=O)N[C@@H](CCCCN)C(=O)N[C@@H](CC(C)C)C(=O)N[C@@H](CCSC)C(=O)N3CCC[C@H]3C(=O)O)C(C)C)C2=O)cc(OC)c1OC,1
COc1ccccc1N1CCN(CCOc2ccc3nc[nH]c3c2)CC1,1
CCS(=O)(=O)c1ccc(OC)c(-c2ccc(CN3CCCCC3c3ccccc3)[nH]2)c1,1
CCN(Cc1ccc(-c2cc(S(=O)(=O)CC)ccc2OC)[nH]1)C1CCCc2ccccc21,1
CN1CCc2ccc(OCCCCN3CCC(c4noc5cc(F)ccc45)CC3)cc2C1=O,1
O=C1NCc2ccc(OCCCN3CCN(c4cccc5c4CCO5)CC3)cc21,1
O=C1CC(CN2CCC(c3noc4cc(F)ccc34)CC2)Cc2oc(-c3ccccc3)cc21,1
CCCCn1cc(CCCOc2ccc(C(=O)NCCCCN3CCN(c4ccccc4OC)CC3)cc2OC)nn1,1
O=c1[nH]c2cccc(N3C[C@H]4C[C@@H]3CN4CC3CCc4[nH]c5ccc(F)cc5c4C3)c2o1,1
O=C(CCCCN1CCC(O)(c2ccc(Cl)cc2)CC1)c1ccc(F)cc1,1
C[C@H]1CN(CC[C@H]2CC[C@H](N3C(=O)CC4(CCCC4)CC3=O)CC2)CCc2ccc(Cl)cc21,1
CC(=O)N1CCC(c2ccccc2)c2cccc(CCN3CCN(c4nsc5ccccc45)CC3)c21,1
O=C(N[C@H]1CC[C@H](CCN2CCN(c3cccc(Cl)c3Cl)CC2)CC1)C1CCCCCC1,1
C=CCN1CCC[C@H]1CNC(=O)c1cc(CCCSC2CC(=O)N(CCCCCC(=O)NCC(=O)N[C@@H](Cc3c[nH]c4ccccc34)C(=O)N[C@H](C(=O)N[C@@H](CC(C)C)C(=O)N[C@@H](CC(=O)O)C(=O)N[C@@H](CO)C(=O)N[C@@H](C)C(=O)NCC(=O)N[C@@H](Cc3ccc(O)cc3)C(=O)N[C@@H](CC(C)C)C(=O)N[C@@H](CC(C)C)C(=O)NCC(=O)N[C@@H](CCCCN)C(=O)N[C@H](C(=O)N[C@@H](CC(=O)O)C(=O)N[C@@H](CC(C)C)C(=O)N[C@@H](CCCCN)C(=O)N[C@@H](C)C(=O)N[C@@H](CC(C)C)C(=O)N[C@@H](C)C(=O)N[C@@H](C)C(=O)N[C@@H](CC(C)C)C(=O)N[C@@H](C)C(=O)N[C@@H](CCCCN)C(=O)N[C@@H](CCCCN)C(=O)N[C@H](C(=O)N[C@@H](CC(C)C)C(=O)O)[C@@H](C)CC)[C@@H](C)CC)[C@@H](C)O)C2=O)cc(OC)c1OC,1
c1ccc(N2CCN(CC[C@H]3CC[C@H](Nc4ncccn4)CC3)CC2)nc1,1
O=C(CCCC(=O)OC1(c2ccc(Cl)cc2)CCN(CCCC(=O)c2ccc(F)cc2)CC1)OC1(c2ccc(Cl)cc2)CCN(CCCC(=O)c2ccc(F)cc2)CC1,1
Cn1ccc2c(N3CCN(CCCCOc4ccc5c(c4)NC(=O)CC5)CC3)cccc21,1
CN1CCc2ccc(OCCCN3CCN(c4ncccn4)CC3)cc2C1=O,1
O=C(N[C@H]1CC[C@H](CCN2CCN(c3nsc4ccccc34)CC2)CC1)OC1CCCCC1,1
COc1cc2c(cc1O)[C@@H]1Cc3sc(CC4CC4)cc3CN1CC2,1
O=C1NCc2ccc(OCCCCN3CCN(c4cccc5c4CCOC5)CC3)cc21,1
COc1ccccc1N1CCN(CCCCNC(=O)/C=C/c2ccco2)CC1,1
O=C1c2ccccc2C(=O)N1CCCCCN1CCN(c2cccc(Cl)c2Cl)CC1,1
O=C1CCc2ccc(OCCCCN3CCC(c4cccc(Cl)c4Cl)CC3)cc2N1,1
CCc1sccc1N1CCC[C@@H](c2cccc(C#N)c2)C1,1
COc1ccccc1N1CCN(CCCCNC(=O)c2ccc(COCCOCCOCCOCCOCc3ccc(C(=O)NCCCCN4CCN(c5ccccc5OC)CC4)cc3)cc2)CC1,1
O=S(=O)(c1cccc2ncccc12)N1CC[C@@H]1CCN1CCN(c2nsc3ccccc23)CC1,1
O=S(=O)(NCCCCN1CCN(c2cccc(Cl)c2Cl)CC1)c1ccc2cccnc2c1,1
Nc1cccc(-c2ccc(CCN3CCN(c4cccc5cccnc45)CC3)cc2)n1,1
O=C1CCc2c(cccc2N2CCN(CCCc3c[nH]c4ccccc34)CC2)N1,1
Oc1cccc2c1CC[C@@H]1NCCC[C@@H]21,1
O=c1[nH]c2ccc(OCCCCN3CCC(c4cccc(Cl)c4Cl)CC3)cc2[nH]1,1
C[C@@H](O)[C@@H]1NC(=O)[C@H](CCCCN)NC(=O)[C@@H](Cc2c[nH]c3ccccc23)NC(=O)[C@H](Cc2ccccc2)NC(=O)[C@H](Cc2ccccc2)NC(=O)[C@H](CCCNC(=N)N)NC(=O)[C@H](NCCC[C@@H]2C[C@@H]3c4cccc5[nH]cc(c45)C[C@H]3N(C)C2)CCCCNC(=O)[C@H](Cc2ccc(F)cc2)NC1=O,1
Fc1ccc2c(C3CCN(CCCOc4ccc(CCN5CCOCC5)cc4)CC3)noc2c1,1
O=c1[nH]c2ccc(N3CCN(Cc4cccc(C5=CCCC5)c4)CC3)cc2[nH]1,1
COc1ccccc1N1CCN(CCCCNC(=O)/C=C/c2ccc3c(c2)OCO3)CC1,1
CC(C)(C)OC(=O)N[C@H]1CC[C@H](CCN2CCCN(c3cccc(Cl)c3Cl)CC2)CC1,1
N#Cc1ccc2c(c1)C1CN(Cc3ccccc3)CC1CC2,1
c1ccc(-c2cccc(CN3CCN(c4cccc5c4OCO5)CC3)c2)cc1,1
O=C(NCCCCN1CCN(c2cccc(Cl)c2Cl)CC1)C1c2ccccc2-c2ccccc21,1
CCOC(=O)N1CCC(CCN2CCN(c3nsc4ccccc34)CC2)CC1,1
O=C(NC1CCc2cc(CCN3CCN(c4nsc5ccccc45)CC3)ccc21)c1ccc(F)cc1,1
C=CCN1CCC[C@H]1CNC(=O)c1cc(CCCSC2CC(=O)N(CCCCCC(=O)N[C@@H](Cc3cnc[nH]3)C(=O)N[C@@H](C)C(=O)N[C@H](C(=O)N[C@@H](Cc3ccc(O)cc3)C(=O)N3CCC[C@H]3C(=O)N[C@@H](CCCNC(=N)N)C(=O)N[C@@H](Cc3cnc[nH]3)C(=O)O)[C@@H](C)CC)C2=O)cc(OC)c1OC,1
O=S(=O)(c1cccc2ncccc12)N1CCCCC[C@H]1CCN1CCN(c2cccc3sccc23)CC1,1
CC(C)c1ccccc1OCCN1CCC(NS(=O)(=O)c2cccc3cccnc23)C1,1
O=S(=O)(c1cncc2ccccc12)N1CC[C@@H]1CCN1CCN(c2nsc3ccccc23)CC1,1
O=C1NCN(c2ccccc2)C12CCN(CCCCc1nc3ccccc3o1)CC2,1
O=C(CCCN1CC=C(c2ccc(Cl)cc2)CC1)c1ccc(F)cc1,1
O=C1c2ccccc2C(=O)N1CCCCCCN1CCN(c2nsc3ccccc23)CC1,1
Cc1nc2sccn2c(=O)c1CCN1CCC(=C(c2ccc(F)cc2)c2ccc(F)cc2)CC1,1
C[C@H]1CN(CC[C@H]2CC[C@H](NC(=O)C3CC3)CC2)CCc2ccc(Cl)cc21,1
FC(F)(F)c1cccc(N2CCN(CCCCNc3ncc(-c4ccccc4)o3)CC2)c1,1
COc1ccccc1N1CCN(CCCCNC(=O)/C=C/c2cccs2)CC1,1
CCc1cc(Cl)c(OC)c(C(=O)NC[C@@H]2C[C@@H](OCCCCNCCC(C(=O)N(C)C)(c3ccccc3)c3ccccc3)CN2)c1O,1
O=C1Cc2c(ccc3c2O[C@@H](CNCc2ccccc2)CC3)N1,1
O=C(NCCc1ccccc1)N[C@H]1CC[C@H](CCN2CCN(c3nsc4ccccc34)CC2)CC1,1
c1cc2c(c(N3CCN(CCCCCc4c[nH]c5ccccc45)CC3)c1)OCCO2,1
O=S(=O)(NCCN1CCC(c2noc3cc(F)ccc23)CC1)c1cccc2ccccc12,1
CCCN(CCC)C1C=Cc2c(OC)cccc2C1C,1
O=C1c2ccccc2S(=O)(=O)N1CCCCCCN1CCN(c2nsc3ccccc23)CC1,1
CS(=O)(=O)Nc1cc(OCCNCc2cccs2)ccc1Cl,1
O=c1n(CCCCCCN2CCN(c3nsc4ccccc34)CC2)nc2ccccn12,1
O=S(=O)(NCCCCN1CCN(c2cccc(Cl)c2Cl)CC1)c1cnc2ccccc2c1,1
O=C1CCc2ccc(OCCCCN3CCN(C(=O)c4ccccn4)CC3)cc2N1,1
O=c1[nH]c2c(N3CCN(CC[C@@H]4CCCN4S(=O)(=O)c4cccc5ncccc45)CC3)cccc2o1,1
O=C(CCCN1CCCC(O)(c2ccc(Cl)cc2)CC1)c1ccc(F)cc1,1
CCCN(CCN1CCN(c2ccc3ccccc3c2)CC1)C1CCc2ccc(O)cc2C1,1
CCCN(CCCCNC(=O)c1ccc(OCCCc2cn(CCCCCCCCn3cc(CCCOc4ccc(CN5CCN(c6ccccc6OC)CC5)cc4OC)nn3)nn2)c(OC)c1)C1Cc2ccccc2C1,1
Cc1c(-c2ccccc2)n(-c2ccccc2)c(=O)n1C1CCN(Cc2ccccc2)CC1,1
NC(=O)C1(N2CCCCC2)CCN(CCCN2c3ccccc3CCc3ccccc32)CC1,1
O=S(=O)(NCCCN1CCC(c2noc3cc(F)ccc23)CC1)c1cccs1,1
Nc1nc(-c2ccc(Cl)cc2)cc(C2CCN(Cc3ccccc3)CC2)n1,1
O=C1CCc2ccc(OCCCN3CCN(c4cccc5[nH]c(=O)oc45)CC3)cc2N1,1
O=C1CCc2ccc(OCCN3CCN(c4cccc5[nH]c(=O)oc45)CC3)cc2N1,1
O=C(NC[C@@H]1C[C@H]1CN1CCN(c2cccc(Cl)c2Cl)CC1)c1cc2ccccc2[nH]1,1
O=C(NCCCCN1CCN(c2cccc3ccccc23)CC1)c1cc2ccccc2s1,1
O=C1CCc2ccc(OCCCN3CCCN(c4cccc(Cl)c4Cl)CC3)cc2N1,1
O=C1CCc2ccc(OCCCCN3CCN(c4cccc5[nH]c(=O)oc45)CC3)cc2N1,1
COc1cc(CN2CCN(c3ccccc3OC)CC2)ccc1OCCCCc1cn(CCCCCCCCCCn2cc(CCCCOc3ccc(CN4CCN(c5ccccc5OC)CC4)cc3OC)nn2)nn1,1
O=C(Nc1ccc(CCN2CCN(c3ccccc3)CC2)cc1)Nc1cccnc1,1
O=c1[nH]c2ccc(C3CCN(Cc4cccc(C5=CCCC5)c4)CC3)cc2[nH]1,1
C=CCN1CCC[C@H]1CNC(=O)c1cc(CCCSC2CC(=O)N(CCCCCC(=O)N[C@@H](CCCNC(=N)N)C(=O)N[C@@H](CCC(N)=O)C(=O)N[C@H](C(=O)N[C@@H](CCCCN)C(=O)N[C@H](C(=O)N[C@@H](Cc3c[nH]c4ccccc34)C(=O)N[C@@H](Cc3ccccc3)C(=O)N[C@@H](CCC(N)=O)C(=O)N[C@@H](CC(N)=O)C(=O)N[C@@H](CCCNC(=N)N)C(=O)N[C@@H](CCCNC(=N)N)C(=O)N[C@@H](CCSC)C(=O)N[C@@H](CCCCN)C(=O)N[C@@H](Cc3c[nH]c4ccccc34)C(=O)N[C@@H](CCCCN)C(=O)N[C@@H](CCCCN)C(=O)O)[C@@H](C)CC)[C@@H](C)CC)C2=O)cc(OC)c1OC,1
c1ccc(-c2cccc(CN3CCN(c4cccc5ccoc45)CC3)c2)cc1,1
O=S(=O)(NCCCCN1CCN(c2cccc(Cl)c2Cl)CC1)c1cncc2ccccc12,1
O=C(NC/C=C/CN1CCN(c2cccc(Cl)c2Cl)CC1)c1ccc(-c2ncc[nH]2)cc1,1
COc1ccccc1N1CCN(CCCCNC(=O)/C=C/c2cccc3c2OCO3)CC1,1
C=CCN1CCC[C@H]1CNC(=O)c1cc(CCCSC2CC(=O)N(CCCCCC(=O)N[C@H](C(=O)N[C@@H](Cc3ccccc3)C(=O)N[C@@H](Cc3ccccc3)C(=O)N[C@@H](Cc3ccc(O)cc3)C(=O)NCC(=O)NCC(=O)N[C@@H](CO)C(=O)N[C@@H](CCCNC(=N)N)C(=O)NCC(=O)N[C@@H](CCCCNC(=O)CN3CCN(CC(=O)O)CCN(CC(=O)O)CCN(CC(=O)O)CC3)C(=O)N[C@@H](CCCNC(=N)N)C(=O)N[C@@H](CC(N)=O)C(=O)N[C@@H](CC(N)=O)C(=O)N[C@@H](Cc3ccccc3)C(=O)N[C@@H](CCCCN)C(=O)N[C@H](C(=O)N[C@@H](CCC(=O)O)C(=O)N[C@@H](CCC(=O)O)C(=O)N[C@@H](Cc3ccc(O)cc3)C(=O)O)[C@@H](C)O)[C@@H](C)O)C2=O)cc(OC)c1OC,1
O=C1c2ccccc2S(=O)(=O)N1CCCCCCN1CCN(c2cccc3ccccc23)CC1,1
O=C1CCc2ccc(CC3CCN(C[C@@H]4COc5c(ccc6c5CC(=O)N6)O4)CC3)cc2N1,1
CCN1CCCCCC1c1ccc(-c2cc(S(=O)(=O)CC)ccc2OC)[nH]1,1
CCN1CCCCC1c1ccc(-c2cc(S(=O)(=O)CC)ccc2OC)[nH]1,1
Cc1c(-c2cccs2)[nH]c(=O)n1C1CCN(Cc2ccccc2)CC1,1
Cc1c(-c2cccs2)nc(O)n1C1CCN(Cc2ccccc2)CC1,1
CN(CCCC(=O)c1ccc(F)cc1)CCCC(O)c1ccc(Cl)cc1,1
CCc1cc(Cl)c(OC)c(C(=O)NC[C@@H]2C[C@@H](OCCCc3ccccc3)CN2)c1O,1
COc1ccccc1N1CCN(CCCCCOc2ccc3ccc(=O)[nH]c3c2)CC1,1
c1ccc(N2CCN(CCC[C@H]3CC[C@H](Nc4ncccn4)CC3)CC2)cc1,1
COc1ccccc1N1CCN(CCCCCOc2ccc3c(c2)NC(=O)CC3)CC1,1
Oc1ccc2ccc(OCCCCN3CCN(c4cccc(Cl)c4Cl)CC3)cc2n1,1
COc1cc(CN2CCN(C)CC2)ccc1OCCCc1cn(CCCCCCCCn2cc(CCCOc3ccc(CN4CCN(c5ccccc5OC)CC4)cc3OC)nn2)nn1,1
CCc1cc(Cl)c(OC)c(C(=O)NC[C@@H]2C[C@@H](OCCCCOCc3ccccc3)CN2)c1O,1
Oc1ccc2c(c1)O[C@@H](CNCc1ccccc1)CO2,1
COc1ccccc1N1CCN(CCCCNC(=O)/C=C/c2ccc(/C=C/C(=O)NCCCCN3CCN(c4ccccc4OC)CC3)cc2)CC1,1
COc1ccccc1N1CCN(CCCCN2CCc3cc(-c4ccncc4)ccc3C2=O)CC1,1
COc1ccccc1N1CCN(CCCCCNC(=O)c2cnn3ccccc23)CC1,1
O=S(=O)(c1cccc2ncccc12)N1CCCC[C@@H]1CCN1CCN(c2nsc3ccccc23)CC1,1
CN1CCc2ccc(OCCCN3CCN(c4nsc5ccccc45)CC3)cc2C1=O,1
COc1ccccc1N1CCN(CCCCN2CCc3cc(-c4cccs4)ccc3C2=O)CC1,1
C[C@@H](O)[C@@H]1NC(=O)[C@H](CCCCN)NC(=O)[C@@H](Cc2c[nH]c3ccccc23)NC(=O)[C@H](Cc2ccccc2)NC(=O)[C@H](Cc2ccccc2)NC(=O)[C@H](CCCNC(=N)N)NC(=O)[C@H](NCCCC[C@@H]2C[C@@H]3c4cccc5[nH]cc(c45)C[C@H]3N(C)C2)CCCCNC(=O)[C@H](Cc2ccc(F)cc2)NC1=O,1
Cc1cccc(C2CCN(CCNC(=O)C3CCCCO3)CC2)n1,1
O=C(Nc1cc2ccccc2s1)N[C@H]1CC[C@H](CCN2CCN(c3nsc4ccccc34)CC2)CC1,1
COC(=O)c1cc2c3c(ccc2[nH]1)OCC(CN1CCC(n2c(=O)[nH]c4ccccc42)CC1)O3,1
COC(=O)c1cc2c3c(ccc2[nH]1)OCC(CN1CCC(n2c(O)nc4ccccc42)CC1)O3,1
COc1ccccc1N1CCN(CCNC(=O)c2cn(-c3ccc([N+](=O)[O-])cc3)nn2)CC1,1
COc1ccccc1N1CCN(CCCNC(=O)c2cccc(OCCOCCOCCOCCOc3cccc(C(=O)NCCCN4CCN(c5ccccc5OC)CC4)c3)c2)CC1,1
C[C@H]1CN(CC[C@H]2CC[C@H](NC(=O)N3CCCC3)CC2)CCc2ccc(Cl)cc21,1
COc1ccccc1N1CCN(CCCCNC(=O)c2sc3nc(OC)c(Cl)c(C)c3c2N)CC1,1
O=C1CCc2ccc(CC3C4CCC3CN(C[C@@H]3COc5c(ccc6c5CC(=O)N6)O3)C4)cc2N1,1
O=C(NCCN1CC=C(c2cccc(C(F)(F)F)n2)CC1)C1CCCOC1,1
O=S(=O)(c1cncc2ccccc12)N1CCCCC[C@H]1CCN1CCN(c2cccc3sccc23)CC1,1
O=C(NC1CCc2ccc(CCN3CCN(c4nsc5ccccc45)CC3)cc21)c1cccnc1,1
C=CCN1CCC[C@H]1CNC(=O)c1cc(CCCSC2CC(=O)N(CCCCCC(=O)NCCOCCOCCOCCOCCC(=O)N[C@@H](CCCCNC(=O)O/N=C/c3ccc([Si](F)(C(C)(C)C)C(C)(C)C)cc3)C(=O)N[C@@H](Cc3cnc[nH]3)C(=O)N[C@@H](C)C(=O)N[C@H](C(=O)N[C@@H](Cc3ccc(O)cc3)C(=O)N3CCC[C@H]3C(=O)N[C@@H](CCCNC(=N)N)C(=O)N[C@@H](Cc3cnc[nH]3)C(=O)O)[C@@H](C)CC)C2=O)cc(OC)c1OC,1
CN1CCN(C2Cc3ccccc3Sc3ccc(-c4ncn(C)n4)cc32)CC1,1
O=C(OCc1ccccc1)c1cc2c3c(ccc2[nH]1)OCC(CN1CCC2(CC1)C(=O)NCN2c1ccccc1)O3,1
C[C@H]1CN(CC[C@H]2CC[C@H](N3C(=O)c4ccccc4C3=O)CC2)CCc2ccc(Cl)cc21,1
O=C(N[C@H]1CC[C@H](CCN2CCN(c3nsc4ccccc34)CC2)CC1)OCc1cc2ccccc2o1,1
O=C1NCCc2ccc(OCCCN3CCCN(c4cccc(Cl)c4Cl)CC3)cc21,1
c1ccc(N2CCN(C[C@H]3CC[C@H](Nc4ncccn4)CC3)CC2)cc1,1
CCCN1CCC[C@@H]2Cc3n[nH]cc3C[C@H]21,1
O=C1CCc2cc(OCCCN3CCC(C4=NOC5C=C(F)C=CC45)CC3)ccc2N1,1
O=C(CCCCCCCC(=O)OC1(c2ccc(Cl)cc2)CCN(CCCC(=O)c2ccc(F)cc2)CC1)OC1(c2ccc(Cl)cc2)CCN(CCCC(=O)c2ccc(F)cc2)CC1,1
O=Cc1ccc(-c2ccccc2OCF)cc1,1
O=c1[nH]c2ccccc2n1C1CCN(CCOc2ccccc2)CC1,1
CN(CCCCNC(=O)c1ccc2c(c1)Cc1ccccc1-2)[C@@H]1Cc2cccc3[nH]c(=O)n(c23)C1,1
CN(C)CCOC1=Cc2ccccc2Sc2ccc(Cl)cc21,1
O=C(CCC(=O)OC1(c2ccc(Cl)cc2)CCN(CCCC(=O)c2ccc(F)cc2)CC1)OC1(c2ccc(Cl)cc2)CCN(CCCC(=O)c2ccc(F)cc2)CC1,1
O=S(=O)(NCCCCN1CCN(c2noc3ccccc23)CC1)c1cccs1,1
O=S(=O)(NCCN1CCC(c2noc3cc(F)ccc23)CC1)c1ccc2ccccc2c1,1
O=S(=O)(CC1CCN(CCCc2noc3cc(F)ccc23)C1)c1ccc2ccccc2c1,1
c1cc2c(c(N3CCN(CCCCc4c[nH]c5ccccc45)CC3)c1)OCCO2,1
O=C1N(CCN2[C@@H]3CCC[C@H]2CC3)CCN1c1cccc(Cl)c1,1
O=S(=O)(c1ccnc2ccccc12)N1CCCC[C@@H]1CCN1CCN(c2nsc3ccccc23)CC1,1
O=C(N[C@H]1CC[C@H](CCN2CCN(c3cccc(Cl)c3Cl)CC2)CC1)c1ccsc1,1
O=C(NCCCCCN1CCN(c2cccc(Cl)c2Cl)CC1)c1cccc2c1-c1ccccc1C2=O,1
O=C(NC1CCc2ccc(CCN3CCN(c4nsc5ccccc45)CC3)cc21)c1ccco1,1
O=c1ccc(OCCCN2CCC(c3noc4cc(F)ccc34)CC2)nn1-c1c(F)cccc1F,1
O=C(NC1CCc2cc(CCN3CCN(c4nsc5ccccc45)CC3)ccc21)c1cccnc1,1
O=C(CCc1cn(CCCCCCCCCCn2cc(CCC(=O)OC3(c4ccc(Cl)cc4)CCN(CCCC(=O)c4ccc(F)cc4)CC3)nn2)nn1)OC1(c2ccc(Cl)cc2)CCN(CCCC(=O)c2ccc(F)cc2)CC1,1
COc1cc(CN2CCN(c3ccccc3OC)CC2)ccc1OCCCc1cn(CCOCCOCCOCCn2cc(CCCOc3ccc(CN4CCN(c5ccccc5OC)CC4)cc3OC)nn2)nn1,1
COc1ccccc1N1CCN(CCCCN2CCc3cc(-c4ccco4)ccc3C2=O)CC1,1
O=C1CCc2ccc(OCCCCN3CCC(c4cn(Cc5ccccc5)c5ccccc45)CC3)cc2N1,1
C1=C(c2ccccc2)CCN(CC[C@H]2CC[C@H](Nc3ncccn3)CC2)C1,1
NC(=O)c1ccc2c(c1)CCOC2CCN1CC=C(c2c[nH]c3cc(F)ccc23)CC1,1
CCc1cccc(N2CCN(CCCCCNC(=O)c3nc4sccn4c3C)CC2)c1Cl,1
CCc1cccc(N2CCN(CCCCNC(=O)c3nc4sccn4c3C)CC2)c1Cl,1
O=C(NCCN1CCN(c2cccc3[nH]c(=O)oc23)CC1)c1ccc(F)cc1,1
O=C1NCCc2ccc(OCCCCN3CCCN(c4cccc(Cl)c4Cl)CC3)cc21,1
O=C(NCCN1CCN(c2cccc3nc(O)oc23)CC1)c1ccc(F)cc1,1
CCCCc1nc2cc(S(=O)(=O)NC3CCCCC3)ccc2n1Cc1ccc(-c2ccccc2C(=O)O)cc1,1
COc1ccccc1N1CCN(CCCCNC(=O)c2cnn3ccc(COCCOCCOCCOCCOCc4ccn5ncc(C(=O)NCCCCN6CCN(c7ccccc7OC)CC6)c5c4)cc23)CC1,1
O=c1[nH]c2ccc(OCCCN3CCCN(c4cccc(Cl)c4Cl)CC3)cc2[nH]1,1
O=C1NCc2ccc(OCCCN3CCN(c4cccc5c4OCCC5)CC3)cc21,1
O=c1[nH]c2ccc(C3CCN(Cc4cncc(C5=CCCC5)c4)CC3)cc2[nH]1,1
COc1ccc2c(c1OC)CCN1CCc3cc4c(cc3C1C2)OCO4,1
O=C1Cc2c(cccc2OCCNCc2ccccc2)N1,1
CCCN(CCc1ccc(NC(=O)CCC(=O)NCCCCCC(=O)NCc2ccc(C(=O)NCCCCCC(=O)NCCCCCC(=O)NCc3ccc(C(=O)NCCCCCC(=O)NCCCCCCNC(=O)c4nn(-c5ccc(Cl)cc5Cl)c(-c5ccc(Cl)cc5)c4C)cc3)cc2)cc1)C1CCc2c(O)cccc2C1,1
CCCCn1cc(CCCOc2ccc(C(=O)NCCCCN(CCC)C3Cc4ccccc4C3)cc2OC)nn1,1
CN1CCc2ccccc2Cc2c[nH]c3cccc(c23)CC1,1
O=S(=O)(NCCCN1CCC(c2noc3cc(F)ccc23)CC1)c1cccc2ccccc12,1
O=S(=O)(c1cccc2ncccc12)N1CCC[C@H]1CCN1CCN(c2noc3ccccc23)CC1,1
c1ccc(-c2cccc(CN3CCN(c4cccc5c4CCCN5)CC3)c2)cc1,1
Nc1ccccc1C(=O)NCCCCN1CCN(c2nsc3ccccc23)CC1,1
O=S(=O)(c1cccc2ncccc12)N1CCCCC[C@H]1CCN1CCN(c2nsc3ccccc23)CC1,1
Fc1ccc(-c2cncc(CN3CCN(c4cccc5c4OCCO5)CC3)c2)cc1,1
O=C1N(CCN2C[C@H]3CC[C@@H]2C3)CCN1c1cccc(Cl)c1,1
CCN1CCCC1CNc1nncc2ccc(OC)c(OC)c12,1
COc1ccccc1N1CCN(CCCNC(=O)c2cnn3ccc(COCCOCCOCCOCCOCc4ccn5ncc(C(=O)NCCCN6CCN(c7ccccc7OC)CC6)c5c4)cc23)CC1,1
CCc1c(C)[nH]c2c1C(=O)C(CN1CCOCC1)CC2,1
CCCN(CCC)CCc1cccc2c1CC(=O)N2,1
O=S(=O)(N[C@H]1CC[C@H](CCN2CCN(c3nsc4ccccc34)CC2)CC1)c1c[nH]c2ccccc12,1
O=C(CCCN1CCC(O)(c2cc3ccc2CCc2ccc(cc2)CC3)CC1)c1ccc(F)cc1,1
O=C(Nc1ccncc1)Nc1ccc(CCN2CCN(c3ccccc3)CC2)cc1,1
CCCN(CCC)[C@@H]1Cc2cccc3ccc(=O)n(c23)C1,1
O=c1ccc2ccc(OCCCN3CCCN(c4cccc(Cl)c4Cl)CC3)cc2[nH]1,1
COc1cc(CN2CCN(c3ccccc3OC)CC2)ccc1OCc1cn(CCOCCOCCn2cc(COc3ccc(CN4CCN(c5ccccc5OC)CC4)cc3OC)nn2)nn1,1
O=C(N[C@H]1CC[C@H](CCN2CCN(c3nsc4ccccc34)CC2)CC1)OC1CC1,1
O=S(=O)(NCCCCN1CCN(c2nsc3ccccc23)CC1)c1cccs1,1
O=C1COc2ccccc2N1CCCN1CCC(c2noc3cc(F)ccc23)CC1,1
c1ccc(N2CCN(CC[C@H]3CC[C@H](Nc4ncnc5ccccc45)CC3)CC2)cc1,1
CC(C)C[C@H]1C(=O)N[C@@H](Cc2ccccc2)[C@]2(O)O[C@@](C)(NC(=O)[C@@H]3C=C4c5cccc6[nH]cc(c56)C[C@H]4N(C)C3)C(=O)N12,1
CCN(Cc1ccc2c(c1)OCO2)Cc1ccc(-c2cc(S(=O)(=O)CC)ccc2OC)[nH]1,1
O=C1c2ccccc2C(=O)N1CCCCN1CC=C(c2c[nH]c3ccc(F)cc23)CC1,1
O=C(CCCCC(=O)NCCCN1CCN(C2=Nc3cc(Cl)ccc3Nc3ccccc32)CC1)NCCCN1CCN(C2=Nc3cc(Cl)ccc3Nc3ccccc32)CC1,1
O=C1N(CCN2CCCc3sccc3C2)CCN1c1cccc(Cl)c1,1
O=c1[nH]c2ccc(N3CCN(Cc4cncc(C5=CCCC5)c4)CC3)cc2[nH]1,1
O=S(=O)(N[C@H]1CC[C@H](CCN2CCN(c3nsc4ccccc34)CC2)CC1)c1cc[nH]c1,1
O=C(NC1CCc2ccc(CCN3CCN(c4nsc5ccccc45)CC3)cc21)c1ccno1,1
Cc1cc2c(s1)=Nc1ccccc1NC=2N1CCN(C)CC1,1
O=c1[nH]c2cccc(N3CCN(Cc4cccc(-c5ccc(F)cc5)n4)CC3)c2o1,1
O=C(N[C@H]1CC[C@H](CCN2CCN(c3cccc(Cl)c3Cl)CC2)CC1)c1ccco1,1
O=S(=O)(NCCCCN1CCC(c2noc3cc(F)ccc23)CC1)c1cccc2ccccc12,1
Oc1nc2cccc(N3CCN(Cc4cccc(-c5ccc(F)cc5)n4)CC3)c2o1,1
O=C1NCN(c2ccccc2)C12CCN(CCCOc1ccc(F)cc1)CC2,1
O=S(=O)(c1cccc2cnccc12)N1CCC[C@H]1CCN1CCN(c2noc3ccccc23)CC1,1
O=S(=O)(c1ccnc2ccccc12)N1CCCCC[C@H]1CCN1CCN(c2nsc3ccccc23)CC1,1
O=C1Cc2c(ccc3c2OC[C@H](CNCC2CCc4[nH]c5ccc(F)cc5c4C2)O3)N1,1
O=S(=O)(c1cncc2ccccc12)N1CCC[C@H]1CCN1CCN(c2noc3ccccc23)CC1,1
O=S(=O)(N[C@H]1CC[C@@H](CCN2CCN(c3nsc4ccccc34)CC2)CC1)c1ccc[nH]1,1
O=c1[nH]c2cccc(N3CCN(Cc4ccnc(-c5ccc(F)cc5)c4)CC3)c2o1,1
Oc1nc2cccc(N3CCN(Cc4ccnc(-c5ccc(F)cc5)c4)CC3)c2o1,1
CCCN(CCCCNC(=O)/C=C/c1ccc(F)cc1)C1Cc2ccccc2C1,1
C[C@H]1CN(CC[C@H]2CC[C@H](NC(=O)N3CCOCC3)CC2)CCc2ccc(Cl)cc21,1
Cc1ccc(-c2ccc3c(c2)C(N2CCN(C)CC2)Cc2ccccc2S3)s1,1
O=C(CCCCN1CCC(c2noc3cc(F)ccc23)CC1)c1cc2c3c(c1)CCN3C(=O)CC2,1
O=C(CCCN1CCC(c2noc3cc(F)ccc23)CC1)c1cc2c3c(c1)CCN3C(=O)CC2,1
Oc1ccc2[nH]cc(CCCCN3CC=C(c4ccccc4)CC3)c2c1,1
O=S(=O)(NCCCN1CC=C(c2c[nH]c3ccc(Cl)cc23)CC1)c1cccc2ccccc12,1
COc1cc(CN2CCN(c3ccccc3OC)CC2)ccc1OCCCc1cn(CCOCCOCCn2cc(CCCOc3ccc(CN4CCN(c5ccccc5OC)CC4)cc3OC)nn2)nn1,1
Cn1nnc(Cc2ccc3c(c2)c(C2CCN(CCN4CCNC4=O)CC2)cn3-c2ccc(F)cc2)n1,1
CC1CCN(CCc2ccc(OCCCCN3CCC(c4noc5cc(F)ccc45)CC3)cc2)CC1,1
COc1ccccc1N1CCN(CCCNC(=O)c2cnn3ccc(OCCOCCOCCOCCOc4ccn5ncc(C(=O)NCCCN6CCN(c7ccccc7OC)CC6)c5c4)cc23)CC1,1
O=C1NCc2ccc(OCCCN3CCN(c4cccc5c4CCCC5)CC3)cc21,1
O=C(CCCCCC(=O)OC1(c2ccc(Cl)cc2)CCN(CCCC(=O)c2ccc(F)cc2)CC1)OC1(c2ccc(Cl)cc2)CCN(CCCC(=O)c2ccc(F)cc2)CC1,1
COc1ccccc1N1CCN(CCCOc2ccc3ccc(=O)[nH]c3c2)CC1,1
O=C1CCc2ccc(CCCCCN3CCN(c4cccc(Cl)c4Cl)CC3)nc2N1,1
Cc1cc(=O)oc2c(Cl)c(OCCCCN3CCC(c4noc5cc(F)ccc45)CC3)ccc12,1
O=C(N[C@H]1CC[C@H](CCN2CCN(c3nsc4ccccc34)CC2)CC1)OCc1cccs1,1
O=C(CCCCCCC(=O)OC1(c2ccc(Cl)cc2)CCN(CCCC(=O)c2ccc(F)cc2)CC1)OC1(c2ccc(Cl)cc2)CCN(CCCC(=O)c2ccc(F)cc2)CC1,1
O=C1CCc2ccc(OC3CCN(C[C@@H]4COc5c(ccc6c5CC(=O)N6)O4)CC3)cc2N1,1
O=C(CCCN1CCC(O)(c2ccccc2-c2ccccc2Cl)CC1)c1ccc(F)cc1,1
CN1CCC(=C2c3ccccc3CCc3sccc32)CC1,1
CCCN(CCc1ccc(NC(=O)CCC(=O)NCCOCCOCC(=O)NCCCC[C@H](NC(C)=O)C(=O)NCCCC[C@H](NC(C)=O)C(=O)NCCCCCCNC(=O)c2nn(-c3ccc(Cl)cc3Cl)c(-c3ccc(Cl)cc3)c2C)cc1)C1CCc2c(O)cccc2C1,1
O=C(CCCCC(=O)OC1(c2ccc(Cl)cc2)CCN(CCCC(=O)c2ccc(F)cc2)CC1)OC1(c2ccc(Cl)cc2)CCN(CCCC(=O)c2ccc(F)cc2)CC1,1
O=S(=O)(NCCCCN1CC=C(c2c[nH]c3ccc(Cl)cc23)CC1)c1cccc2ccccc12,1
CN1CCN(C2Cc3ccccc3Sc3ccc(-c4cnn(C)c4)cc32)CC1,1
Oc1nc2cccc(N3CCN(Cc4cccc(-c5cccs5)c4)CC3)c2o1,1
CN(CCC(=O)OC1(c2ccc(Cl)cc2)CCN(CCCC(=O)c2ccc(F)cc2)CC1)CCN(C)CCC(=O)OC1(c2ccc(Cl)cc2)CCN(CCCC(=O)c2ccc(F)cc2)CC1,1
O=C(N[C@H]1CC[C@H](CCN2CCN(c3nsc4ccccc34)CC2)CC1)N1CCOCC1,1
O=c1[nH]c2cccc(N3CCN(Cc4cccc(-c5cccs5)c4)CC3)c2o1,1
CCCN(CCc1ccc(NC(=O)CCC(=O)NCCCCCC(=O)NCc2ccc(C(=O)NCCCCCC(=O)NCCCCCCNC(=O)c3nn(-c4ccc(Cl)cc4Cl)c(-c4ccc(Cl)cc4)c3C)cc2)cc1)C1CCc2c(O)cccc2C1,1
CC(C)Oc1ccccc1N1CCN(Cc2cccc(C(=O)N3CCCCC3)c2)CC1,1
COc1ccccc1N1CCN(CCCCN2CCCc3cc(-c4cccs4)ccc3C2=O)CC1,1
O=C1NCc2ccc(OCCCCN3CCN(c4cccc5c4CCO5)CC3)cc21,1
COc1ccc2c(c1)CCC1(CCN(CCCC(=O)c3ccc(F)cc3)CC1)O2,1
O=C1N(Cc2cn(CCF)nn2)CN(c2ccccc2)C12CCN(Cc1coc3ccccc13)CC2,1
CN(C)C1C=CC2(CC1)c1ccccc1CCc1ccc(Cl)cc12,1
Fc1ccc2c(C3CCN(CCCCOc4ccc(CN5CCOCC5)cc4)CC3)noc2c1,1
COc1ccccc1N1CCN(Cc2ccc(CN3C(=O)c4ccccc4S3(=O)=O)cc2)CC1,1
O=C1CCc2ccc(OCCCCN3CCN(c4ccc(O)c5oc(=O)ccc45)CC3)cc2N1,1
O=c1ccc2cnc(OCCCCN3CCN(c4cccc(Cl)c4Cl)CC3)cc2[nH]1,1
CN1CCN(C2Cc3ccccc3Sc3ccc(-c4ccccn4)cc32)CC1,1
CN1CCN(Cc2ccc(OCCCCN3CCC(c4noc5cc(F)ccc45)CC3)cc2)CC1,1
CN1CCN(C2Cc3ccccc3Sc3ccc(Cc4nnnn4C)cc32)CC1,1
Oc1nc2cccc(N3CCN(Cc4cncc(-c5ccccc5)c4)CC3)c2o1,1
O=c1[nH]c2cccc(N3CCN(Cc4cncc(-c5ccccc5)c4)CC3)c2o1,1
COc1ccccc1N1CCN(CCCCNC(=O)c2cccc(OCCOCCOCCOCCOc3cccc(C(=O)NCCCCN4CCN(c5ccccc5OC)CC4)c3)c2)CC1,1
O=C(N[C@H]1CC[C@H](CCN2CCN(c3cccc(Cl)c3Cl)CC2)CC1)C1CCCC1,1
CN1CCN(Cc2ccc(OCCCN3CCC(c4noc5cc(F)ccc45)CC3)cc2)CC1,1
O=C1COc2ccccc2N1CCCN1CCN(c2cccc3[nH]c(=O)oc23)CC1,1
c1ccc(-c2cccc(CN3CCN(c4cccc5c4OCCO5)CC3)c2)cc1,1
c1ccc2c(N3CCN(CCc4ccc5[nH]cnc5c4)CC3)cccc2c1,1
c1ccc2c(N3CCN(CCc4ccc5c(c4)NCN5)CC3)cccc2c1,1
O=C(CCc1cn(CCOCCOCCOCCOCCn2cc(CCC(=O)OC3(c4ccc(Cl)cc4)CCN(CCCC(=O)c4ccc(F)cc4)CC3)nn2)nn1)OC1(c2ccc(Cl)cc2)CCN(CCCC(=O)c2ccc(F)cc2)CC1,1
O=C1CCc2ccc(OCCCCN3CCCN(c4ccc(O)c5c4OCC(=O)N5)CC3)cc2N1,1
CN1CCN(C2Cc3ccccc3Sc3ccc(-c4ccn(C)n4)cc32)CC1,1
O=C1NCc2ccc(OCCCCN3CCN(c4cccc5c4CCCC5)CC3)cc21,1
CN1CCCc2ccccc2Cc2[nH]c3ccccc3c2CC1,1
CN1CCc2ccccc2Cc2sc3ccccc3c2CC1,1
O=C1CCc2ccc(OCCCCN3CCN(c4ccc(O)c5ncccc45)CC3)cc2N1,1
COc1ccccc1N1CCN(CCOc2ccc3nn[nH]c3c2)CC1,1
C=CCN1CCC[C@H]1CNC(=O)c1cc(CCCSC2CC(=O)N(CCCCCC(=O)NCCOCCOCCOCCOCCC(=O)N[C@@H](Cc3cnc[nH]3)C(=O)N[C@@H](C)C(=O)N[C@H](C(=O)N[C@@H](Cc3ccc(O)cc3)C(=O)N3CCC[C@H]3C(=O)N[C@@H](CCCNC(=N)N)C(=O)N[C@@H](Cc3cnc[nH]3)C(=O)O)[C@@H](C)CC)C2=O)cc(OC)c1OC,1
CN1CCc2c(sc3ncn(CCN4CCN(c5ccnc6ccccc56)CC4)c(=O)c23)C1,1
CN1C[C@H](C(=O)N[C@]2(C)O[C@@]3(O)[C@@H]4CCCN4C(=O)[C@H](Cc4ccccc4)N3C2=O)C=C2c3cccc4[nH]cc(c34)C[C@H]21,1
O=C1CCc2ccc(OCCCCN3CCN(c4cccc5c4CCCC5)CC3)nc2N1,1
O=C(CCCCCCC(=O)NCCCN1CCN(C2=Nc3cc(Cl)ccc3Nc3ccccc32)CC1)NCCCN1CCN(C2=Nc3cc(Cl)ccc3Nc3ccccc32)CC1,1
Oc1nc2cccc(N3CCN(Cc4cccc(-c5ccsc5)c4)CC3)c2o1,1
CN1CCc2cc(Cl)c(O)cc2[C@H]2c3cc(CN4CCN(c5ccccn5)CC4)ccc3CC[C@@H]21,1
COc1ccccc1N1CCN(Cc2ccn(-c3ccccc3)c2)CC1,1
O=c1[nH]c2cccc(N3CCN(Cc4cccc(-c5ccsc5)c4)CC3)c2o1,1
O=C(CCc1cn(CCCCCCCCn2cc(CCC(=O)OC3(c4ccc(Cl)cc4)CCN(CCCC(=O)c4ccc(F)cc4)CC3)nn2)nn1)OC1(c2ccc(Cl)cc2)CCN(CCCC(=O)c2ccc(F)cc2)CC1,1
O=C1CCc2ccc(OCCCCN3CCN(c4cccc5c4ccn5S(=O)(=O)c4ccccc4)CC3)cc2N1,1
COc1nc(N)c(Cl)cc1C(=O)NC1CC2CCCC(C1)N2Cc1ccccc1,1
O=C(CCCCCCCCC(=O)NCCCN1CCN(C2=Nc3cc(Cl)ccc3Nc3ccccc32)CC1)NCCCN1CCN(C2=Nc3cc(Cl)ccc3Nc3ccccc32)CC1,1
CN1CCc2c(sc3ncn(CCN4CCN(c5cncc6ccccc56)CC4)c(=O)c23)C1,1
CN1CCN(C2Cc3ccccc3Sc3ccc(-c4ccncc4)cc32)CC1,1
O=C(CCN1CCN(CCC(=O)OC2(c3ccc(Cl)cc3)CCN(CCCC(=O)c3ccc(F)cc3)CC2)CC1)OC1(c2ccc(Cl)cc2)CCN(CCCC(=O)c2ccc(F)cc2)CC1,1
CCCN(CCc1ccc(NC(=O)CCC(=O)NCCOCCOCC(=O)NCCOCCOCC(=O)NCCCC[C@H](NC(C)=O)C(=O)NCCCC[C@H](NC(C)=O)C(=O)NCCCCCCNC(=O)c2nn(-c3ccc(Cl)cc3Cl)c(-c3ccc(Cl)cc3)c2C)cc1)C1CCc2c(O)cccc2C1,1
Cc1cccc(C2=CCN(CCNC(=O)[C@H]3C[C@@H]4CC[C@H]3O4)CC2)n1,1
O=S(=O)(N[C@H]1CC[C@@H](CCN2CCN(c3nsc4ccccc34)CC2)CC1)c1cc2ccccc2[nH]1,1
O=C1CCc2ccc(OCCCCN3CCN(c4cccc5c4CCC5)CC3)nc2N1,1
O=C1CCc2ccc(OCCCCN3CCN(c4cccc5c4CCCO5)CC3)nc2N1,1
O=C(NCCCCN1CCN(c2cnc3ccccc3c2)CC1)c1ccccc1,1
O=C(CCc1cn(CCOCCOCCOCCn2cc(CCC(=O)OC3(c4ccc(Cl)cc4)CCN(CCCC(=O)c4ccc(F)cc4)CC3)nn2)nn1)OC1(c2ccc(Cl)cc2)CCN(CCCC(=O)c2ccc(F)cc2)CC1,1
O=C1COc2c(cccc2N2CCN(Cc3cccc(-c4ccccc4)c3)CC2)N1,1
O=c1ccc2ccc(OCCCCN3CCN(c4cccc(Cl)c4Cl)CC3)nc2[nH]1,1
O=c1ccc2cnc(OCCCCN3CCN(c4cccc(Cl)c4Cl)CC3)nc2[nH]1,1
O=c1n(CCCCCCN2CCN(c3nsc4ccccc34)CC2)c2cccc3c2n1CCC3,1
O=C1[C@@H]2[C@H]3CC[C@H](C3)[C@@H]2C(=O)N1CCCCCCN1CCN(c2nsc3ccccc23)CC1,1
O=C(N[C@H]1CC[C@H](CCN2CCN(c3nsc4ccccc34)CC2)CC1)C1CCCCC1,1
c1ccc(-c2cccc(CN3CCN(c4cccc5c4OCCN5)CC3)c2)cc1,1
CN(C(=O)N[C@H]1CC[C@H](CCN2CCN(c3nsc4ccccc34)CC2)CC1)c1cccs1,1
O=C1CCc2ccc(OCCCCN3CCN(c4ccc(O)c5[nH]c(=O)ccc45)CC3)cc2N1,1
CN1CCN(C2Cc3ccccc3Sc3ccc(-c4ccnn4C)cc32)CC1,1
O=C(N[C@H]1CC[C@H](CCN2CCN(c3nsc4ccccc34)CC2)CC1)c1cccnc1,1
O=C(N[C@H]1CC[C@H](CCN2CCN(c3nsc4ccccc34)CC2)CC1)C1CC1,1
CCCN(CCc1ccc(NC(=O)CCC(=O)NCCCC[C@H](NC(C)=O)C(=O)NCCCC[C@H](NC(C)=O)C(=O)NCCCCCCNC(=O)c2nn(-c3ccc(Cl)cc3Cl)c(-c3ccc(Cl)cc3)c2C)cc1)C1CCc2c(O)cccc2C1,1
O=C1CCc2ccc(OCCCCN3CCCN(c4ccc(O)c5[nH]c(=O)ccc45)CC3)cc2N1,1
CCN(CC)C(=O)N[C@@H]1C[C@@H]2c3cccc4c3C(=CC4)C[C@H]2N(C)C1,1
O=C1Cc2cc(CCN3CCN(c4nsc5ccccc45)CC3)c(Cl)cc2N1,1
CCN(Cc1ccc(-c2cc(S(=O)(=O)CC)ccc2OC)[nH]1)C1CCc2ccccc21,1
CN1CCN(C2Cc3ccccc3Sc3ccc(-c4cncnc4)cc32)CC1,1
O=C1CCc2ccc(OCCCCN3CCN(c4cccc5c4OCCC5)CC3)nc2N1,1
O=C(CCCN1CCC2(CC1)C(=O)N(CCc1ccc(Nc3ccc([N+](=O)[O-])c4nonc34)cc1)CN2c1ccccc1)c1ccc(F)cc1,1
O=C(CCCN1CCC2(CC1)C(=O)N(CCc1ccc(Nc3ccc([N+](=O)[O-])c4n[o+][n-]c34)cc1)CN2c1ccccc1)c1ccc(F)cc1,1
CN(C)C1C=CC2(CC1)c1ccccc1C=Cc1ccc(Cl)cc12,1
CN1CCN(C2Cc3ccccc3Sc3ccc(-c4cccnc4)cc32)CC1,1
O=C1C2CCCCC2C(=O)N1CCCCN1CCN(c2nsc3ccccc23)CC1,1
CCCN(CCC)[C@@H]1Cc2cccc3[nH]c(=S)n(c23)C1,1
COc1ccccc1N1CCN(CCCCNC(=O)c2cnn3ccc(OCCOCCOCCOCCOc4ccn5ncc(C(=O)NCCCCN6CCN(c7ccccc7OC)CC6)c5c4)cc23)CC1,1
O=c1[nH]c2ccccc2n1CCCN1CCC(n2c(=O)[nH]c3cc(Cl)ccc32)CC1,1
O=C1NCc2ccc(OCCCCN3CCN(c4cccc5c4OCCC5)CC3)cc21,1
O=C1NCc2ccc(OCCCCN3CCN(c4cccc5c4COC5)CC3)cc21,1
O=C(CCCN1CC[Si](O)(c2ccc(Cl)cc2)CC1)c1ccc(F)cc1,1
O=C(Nc1cccnc1)N[C@H]1CC[C@H](CCN2CCN(c3nsc4ccccc34)CC2)CC1,1
O=c1[nH]c2ccccc2n1C1CCN(CCCOc2ccc(F)cc2)CC1,1
CCS(=O)(=O)c1cc(C(=O)NCC2CCCN2CC2CC2)c(OC)cc1I,1
O=c1ccc2ccc(OCCCN3CCN4c5cccc6[nH]cc(c56)CC4C3)cc2[nH]1,1
O=c1[nH]c2cccc(N3CCN(Cc4cc(-c5ccc(F)cc5)ccn4)CC3)c2o1,1
Oc1nc2cccc(N3CCN(Cc4cc(-c5ccc(F)cc5)ccn4)CC3)c2o1,1
O=C1CCc2ccc(OCCCCN3CCN(c4cccc5c4OCCO5)CC3)nc2N1,1
CN1CCN(C2Cc3ccccc3Sc3ccc(-c4nnn(C)n4)cc32)CC1,1
Fc1ccc(-c2ccc(CN3CCN(c4cccc5ccoc45)CC3)[nH]2)cc1,1
Cc1ccc(S(=O)(=O)N[C@H]2CC[C@H](CCN3CCN(c4nsc5ccccc45)CC3)CC2)cc1,1
O=c1ccc2ccc(OCCCCN3CCN(c4cccc5c4OCCO5)CC3)cc2[nH]1,1
O=c1[nH]c2ccccc2n1C1CCN(CCCC(c2ccc(F)cc2)c2ccc(F)cc2)CC1,1
O=S(=O)(N[C@H]1CC[C@H](CCN2CCN(c3nsc4ccccc34)CC2)CC1)c1cccnc1,1
CN1CCN(C2Cc3ccccc3Sc3ccc(Cc4nnn(C)n4)cc32)CC1,1
O=C(N[C@H]1CC[C@H](CCN2CCN(c3nsc4ccccc34)CC2)CC1)c1ccccc1,1
O=C1NCc2ccc(OCCCN3CCN(c4cccc5c4CCC5)CC3)cc21,1
O=c1ccc2ccc(OCCCCN3CCN(c4cccc5sccc45)CC3)cc2[nH]1,1
CCCN(CCc1ccc(Nc2ccc([N+](=O)[O-])c3n[o+][n-]c23)cc1)C1CCc2c(O)cccc2C1,1
O=C(Cc1cccs1)N[C@H]1CC[C@H](CCN2CCN(c3nsc4ccccc34)CC2)CC1,1
COc1cc(N)c(Cl)cc1C(=O)NC1CC2CCCC(C1)N2Cc1ccccc1,1
O=C(CCCN1CC=C(n2c(=O)[nH]c3ccccc32)CC1)c1ccc(F)cc1,1
O=C(Cc1coc2ccccc12)N[C@H]1CC[C@H](CCN2CCN(c3nsc4ccccc34)CC2)CC1,1
c1ccc(-c2cccc(CN3CCN4c5cccc6[nH]cc(c56)CC4C3)c2)cc1,1
O=C1NCN(c2ccccc2)C12CCN(CCCC(c1ccc(F)cc1)c1ccc(F)cc1)CC2,1
O=C(CCCN1CCC2(c3ccc(Cl)cc3)CC2C1)c1ccc(F)cc1,1
CCCN(CCc1ccsc1)C1CCc2c(O)cccc2C1,1
O=S(=O)(c1cncc2ccccc12)N1CCC[C@H]1CCN1CCC(c2noc3cc(F)ccc23)CC1,1
Cc1nc2c(C)cccn2c(=O)c1CCN1CCC(c2noc3cc(F)ccc23)CC1,1
O=C1NCc2ccc(OCCCCN3CCN(c4cccc5c4CCC5)CC3)cc21,1
NC(=O)[C@H]1CS[C@@H]2CC[C@]3(CCCN3C(=O)[C@@H]3CCCN3)C(=O)N12,1
CC(C)C[C@H](NC(=O)[C@@H]1CCCN1)C(=O)NCC(N)=O,1
NC(=O)C1CCS[C@@H]2C[C@]3(CCCN3C(=O)[C@@H]3CCCN3)C(=O)N12,1
O=C(CCCN1CCC(n2c(O)nc3ccccc32)CC1)c1ccc(F)cc1,1
O=C(CCCN1CCC(n2c(=O)[nH]c3ccccc32)CC1)c1ccc(F)cc1,1
COc1ccc2c3c(c(=O)oc2c1)CN(c1ccccc1)CC3,1
COc1cccc(CCc2ccccc2OCCCN2CCN(c3ncccn3)CC2)c1,0
CCCN(CCC)C1CC=C(C#N)CC1,0
c1ccc(CN2CCN(Cc3csc(-c4ccccc4)n3)CC2)cc1,0
CN1CCCN(C2=Nc3cccnc3Nc3ccc(Cl)cc32)CC1,0
O=C1c2ccccc2/C=C\c2ccccc2N1CCCN1CCOCC1,0
CN1CCc2cc(Cl)c(O)cc2[C@H]1c1ccccc1,0
CCOCCOCc1ccc(N2CCN(CCCCNC(=O)c3ccccc3)CC2)c(OC)c1,0
OC(CCn1cc(-c2ccc3ccccc3c2)nn1)CN1CCN(c2cccc(Cl)c2Cl)CC1,0
O=C1C[C@@H](CN2CCN(c3ccccc3)CC2)NC(c2ccccc2)=N1,0
O=C1C[C@@H](CN2CCN(c3ccccc3)CC2)N=C(c2ccccc2)N1,0
COc1ccc(Br)cc1C1=N[C@@H](CN2CCN(c3ccccc3)CC2)[C@@H](C)O1,0
COc1ccccc1N1CCN(Cc2cn(-c3ccc(OCCF)cc3)nn2)CC1,0
N#CC(CCNCCc1ccccc1)(c1ccccc1)c1ccccc1,0
COc1c(-c2nc(CNC[C@@H]3CCN(Cc4ccccc4)C3)co2)cc(Br)c2ccccc12,0
Cc1c(C2CCN(CCc3ccccc3)CC2)noc1-c1ccc(Cl)cc1,0
Cc1cc2nc(C)c(CN3CCN(c4ccccn4)CC3)n2c(C)n1,0
Cn1c(SCCCN2CCOC(c3ccc(C(F)(F)F)cc3)C2)nnc1-c1ccc(C(N)=O)cn1,0
COc1cc(CN2CCN(c3ccc4c(c3)OCCO4)CC2)ccc1F,0
Cc1cc(C(F)(F)F)nc(Nc2ccccc2-c2nnn[nH]2)n1,0
CN[C@@H]1c2cc3ccn(S(=O)(=O)c4ccccc4)c3cc2[C@H]1CCO,0
CN[C@H]1c2c(ccc3c2ccn3S(=O)(=O)c2ccccc2)[C@@H]1CCO,0
OC(CCn1cc(-c2ccc(-c3ccccc3)cc2)nn1)CN1CCN(c2cccc(Cl)c2Cl)CC1,0
Cc1ccc(CNCC2(F)CCN(C(=O)c3ccc(F)c(Cl)c3)CC2)nc1,0
CCCN(CCC)C1CC=C(C#Cc2ccccc2)CC1,0
COc1ccccc1N1CCN(CCCCNC(=O)c2cccc(-c3cn(Cc4ccc(-c5ccc(Cn6cc(-c7cccc(C(=O)NCCCCN8CCN(c9ccccc9OC)CC8)c7)nn6)cc5)cc4)nn3)c2)CC1,0
CCCN1CCN(c2ccc(O)c3c2OCCO3)CC1,0
c1ccc(C2=NC[C@@H](N3CCN(c4ccccc4)CC3)CCN2)cc1,0
c1ccc(-n2cc(CN3CCN(c4ncccn4)CC3)cn2)cc1,0
c1ccc(CN2CCC(NCc3coc(-c4ccccc4)n3)CC2)cc1,0
O=C1COc2c(N3CCCNCC3)ccc(O)c2N1,0
COc1cc2c(cc1OC)CN(/C=N/c1ccc3c(c1)C(OC(C)=O)CCCC3)CC2,0
O=C(NCCCCN1CCN(c2cc(C(F)(F)F)nc3ccccc23)CC1)c1cn2ccccc2n1,0
CCCCc1nc2cc(S(=O)(=O)NC(C)C)ccc2n1Cc1ccc(-c2ccccc2C(=O)O)cc1,0
C[C@H]1CO[C@@H](c2ccc(N)nc2)CN1CCn1cc(CNC(=O)c2cc3ccccc3[nH]2)nn1,0
c1ccc(CN2CCC(NCc3csc(-c4ccccc4)n3)CC2)cc1,0
CN(C)C(=O)N[C@H]1CC[C@@H](CCN2CCc3ccccc3C2)CC1,0
COc1ccccc1N1CCN(c2nc(N)nc(NCCc3c[nH]c4ccccc34)n2)CC1,0
COc1ccccc1N(C(C)=O)C1CCN(CCCCNC(=O)c2ccc3ccccc3c2)CC1,0
COc1ccccc1CCNc1nc(N)nc(NCCc2c[nH]c3ccccc23)n1,0
Clc1ccc(N2CCN(Cc3ccc4ccnn4c3)CC2)cc1,0
Cc1nc(N2CCN(CCCCNC(=O)N3CCN(c4ccccc4)CC3)CC2)cc(C(C)(C)C)n1,0
O=C1CCc2ccccc2N1CCN1CCN(c2ccccc2)CC1,0
CN1CCN(C2=Nc3cc(Cl)ccc3N(NC(=O)c3cccnc3)c3ccccc32)CC1,0
CCCN1CCO[C@@H]2c3cc4c(cc3OC[C@H]21)CCO4,0
COc1ccccc1N1CCC2(CCN(CCCSc3nnc(C4CCCCC4)n3C)CC2)CC1,0
[O-][S+](CCNC1CCN(Cc2ccc(F)cc2)CC1)C(c1ccc(F)cc1)c1ccc(F)cc1,0
CCc1cc(Cl)c(OC)c(C(=O)NC[C@@H]2CCCN2CCC(C#N)(c2ccccc2)c2ccccc2)c1O,0
Cn1c(SCCCN2CCOC(c3ccc(C(F)(F)F)cc3)C2)nnc1-c1ccc(-c2nnco2)cc1,0
CCCN1CCC(N2C(=O)C(=O)c3ccccc32)CC1,0
O=C(NCCCCN1CCN(c2ccc(Cl)cc2)CC1)c1ccc2ccccc2c1,0
c1ccc(N2CCN(CCCn3cnc4ccccc43)CC2)cc1,0
COC(=O)c1ccc(Cc2nc3ccccc3n2Cc2ccc(Cl)cc2)cc1,0
Cc1cnc2c(c1)[C@@H]1c3cc(O)c(O)cc3CC[C@H]1NC2,0
CCN(CC)[C@@H]1[C@@H](CO)[C@H]2CN(Cc3ccccc3)[C@H](c3ccccc3)[C@H]21,0
CC(O)CN1[C@H](C)CN(CCSC(c2ccc(F)cc2)c2ccc(F)cc2)C[C@@H]1C,0
Cn1c(SCCCN2CCOC(c3ccc(C(F)(F)F)cc3)C2)nnc1-c1ccncc1,0
CN(C)CCN1C(=O)c2ccccc2/C=C\c2ccccc21,0
OC[C@H]1O[C@H](Oc2ccc(CC3NCCc4cc(O)c(O)cc43)cc2)[C@H](O)[C@H](O)[C@H]1O,0
c1ccc(C2=N[C@@H](CN3CCN(c4ccccc4)CC3)CN2)cc1,0
c1ccc(C2=NC[C@H](CN3CCN(c4ccccc4)CC3)N2)cc1,0
CCCN1CCC(n2cnc3ccccc32)CC1,0
CCc1cc(Cl)c(OC)c(N2CCN(CC(F)CCNC(=O)c3cc4ccccc4o3)CC2)c1,0
Cc1nc(N2CCN(CCCCNC(=O)N3CCn4c(C)nnc4C3)CC2)cc(C(C)(C)C)n1,0
Cn1c(SCCCN2CCOC(c3ccc(C(F)(F)F)cc3)C2)nnc1-c1cnccn1,0
CCOC(=O)N1CCN(Cc2cnn(-c3ccc(Cl)cc3)c2)CC1,0
CCCN1CCO[C@@H]2c3cc(OCCCCOc4ccc5c(c4)NC(=O)CC5)ccc3OC[C@H]21,0
CC1(c2ccc(F)cc2)NC(=O)N(CC(O)CN2CCN(C(=O)c3ccccc3)CC2)C1=O,0
